k1	4ja	cr-4-a-1	ok	0.000	0.000	4	4ja
k2	4ja	cr-4-a-2	ok	0.000	0.000	3	4ja
k3	4ja	cr-4-a-3	ok	0.000	0.000	5	4ja
k4	4ja	cr-4-a-4	ok	0.000	0.000	3	4ja
k5	4ja	cr-4-a-5	ok	0.000	0.000	4	4ja
k6	4ja	cr-4-a-6	ok	0.000	0.000	3	4ja
k7	4ja	cr-4-a-7	ok	0.000	0.000	4	4ja
k8	4ja	cr-4-a-8	ok	0.000	0.000	3	4ja
k9	4ja	cr-4-a-9	ok	0.000	0.000	4	4ja
k10	4ja	cr-4-a-10	ok	0.000	0.000	4	4ja
k11	4ja	cr-4-a-11	ok	0.000	0.000	3	4ja
k12	4ja	cr-4-a-12	ok	0.000	0.000	5	4ja
k13	4ja	cr-4-a-13	ok	0.000	0.000	4	4ja
k14	4ja	cr-4-a-14	ok	0.000	0.000	4	4ja
k15	4ja	cr-4-a-15	ok	0.000	0.000	4	4ja
k16	4ja	cr-4-a-16	ok	0.000	0.000	4	4ja
k17	4ja	cr-4-a-17	ok	0.000	0.000	3	4ja
k18	4ja	cr-4-a-18	ok	0.000	0.000	3	4ja
k19	4ja	cr-4-a-19	ok	0.000	0.000	3	4ja
k20	4ja	cr-4-a-20	ok	0.000	0.000	3	4ja
k21	4ja	cr-4-a-21	ok	0.000	0.000	4	4ja
k22	4ja	cr-4-a-22	ok	0.000	0.000	3	4ja
k23	4ja	cr-4-a-23	ok	0.000	0.000	3	4ja
k24	4ja	cr-4-a-24	ok	0.000	0.000	3	4ja
k25	4ja	cr-4-a-25	ok	0.000	0.000	5	4ja
k26	4ja	cr-4-a-26	ok	0.000	0.000	4	4ja
k27	4ja	cr-4-a-27	ok	0.000	0.000	4	4ja
k28	4ja	cr-4-a-28	ok	0.000	0.000	4	4ja
k29	4ja	cr-4-a-29	ok	0.000	0.000	3	4ja
k30	4ja	cr-4-a-30	ok	0.000	0.000	3	4ja
k31	4ja	cr-4-a-31	ok	0.000	0.000	4	4ja
k32	4ja	cr-4-a-32	ok	0.000	0.000	4	4ja
k33	4ja	cr-4-a-33	ok	0.000	0.000	4	4ja
k34	4ja	cr-4-a-34	ok	0.000	0.000	5	4ja
k35	4ja	cr-4-a-35	ok	0.000	0.000	4	4ja
k36	4ja	cr-4-a-36	ok	0.000	0.000	4	4ja
k37	4ja	cr-4-a-37	ok	0.000	0.000	4	4ja
k38	4ja	cr-4-a-38	ok	0.000	0.000	4	4ja
k39	4ja	cr-4-a-39	ok	0.000	0.000	4	4ja
k40	4ja	cr-4-a-40	ok	0.000	0.000	4	4ja
k41	4ja	cr-4-a-41	ok	0.000	0.000	4	4ja
k42	4ja	cr-4-a-42	ok	0.000	0.000	4	4ja
k43	4ja	cr-4-a-43	ok	0.000	0.000	4	4ja
k44	4ja	cr-4-a-44	ok	0.000	0.000	5	4ja
k45	4ja	cr-4-a-45	ok	0.000	0.000	3	4ja
k46	4ja	cr-4-a-46	ok	0.000	0.000	3	4ja
k47	4ja	cr-4-a-47	ok	0.000	0.000	3	4ja
k48	4ja	cr-4-a-48	ok	0.000	0.000	3	4ja
k49	4ja	cr-4-a-49	ok	0.000	0.000	4	4ja
k50	4ja	cr-4-a-50	ok	0.000	0.000	5	4ja
k51	4ja	cr-4-a-51	ok	0.000	0.000	3	4ja
k52	4ja	cr-4-a-52	ok	0.000	0.000	4	4ja
k53	4ja	cr-4-a-53	ok	0.000	0.000	3	4ja
k54	4ja	cr-4-a-54	ok	0.000	0.000	4	4ja
k55	4ja	cr-4-a-55	ok	0.000	0.000	4	4ja
k56	4ja	cr-4-a-56	ok	0.000	0.000	4	4ja
k57	4ja	cr-4-a-57	ok	0.000	0.000	4	4ja
k58	4ja	cr-4-a-58	ok	0.000	0.000	4	4ja
k59	4ja	cr-4-a-59	ok	0.000	0.000	3	4ja
k60	4ja	cr-4-a-60	ok	0.000	0.000	3	4ja
k61	4ja	cr-4-a-61	ok	0.000	0.000	4	4ja
k62	4ja	cr-4-a-62	ok	0.000	0.000	5	4ja
k63	4ja	cr-4-a-63	ok	0.000	0.000	4	4ja
k64	4ja	cr-4-a-64	ok	0.000	0.000	5	4ja
k65	4ja	cr-4-a-65	ok	0.000	0.000	3	4ja
k66	4ja	cr-4-a-66	ok	0.000	0.000	3	4ja
k67	4ja	cr-4-a-67	ok	0.000	0.000	3	4ja
k68	4ja	cr-4-a-68	ok	0.000	0.000	4	4ja
k69	4ja	cr-4-a-69	ok	0.000	0.000	4	4ja
k70	4ja	cr-4-a-70	ok	0.000	0.000	4	4ja
k71	4ja	cr-4-a-71	ok	0.000	0.000	5	4ja
k72	4ja	cr-4-a-72	ok	0.000	0.000	4	4ja
k73	4ja	cr-4-a-73	ok	0.000	0.000	5	4ja
k74	4ja	cr-4-a-74	ok	0.000	0.000	3	4ja
k75	4ja	cr-4-a-75	ok	0.000	0.000	3	4ja
k76	4ja	cr-4-a-76	ok	0.000	0.000	4	4ja
k77	4ja	cr-4-a-77	ok	0.000	0.000	4	4ja
k78	4ja	cr-4-a-78	ok	0.000	0.000	4	4ja
k79	4ja	cr-4-a-79	ok	0.000	0.000	4	4ja
k80	4ja	cr-4-a-80	ok	0.000	0.000	4	4ja
k81	4ja	cr-4-a-81	ok	0.000	0.000	4	4ja
k82	4ja	cr-4-a-82	ok	0.000	0.000	4	4ja
k83	4ja	cr-4-a-83	ok	0.000	0.000	5	4ja
k84	4ja	cr-4-a-84	ok	0.000	0.000	4	4ja
k85	4ja	cr-4-a-85	ok	0.000	0.000	4	4ja
k86	4ja	cr-4-a-86	ok	0.000	0.000	4	4ja
k87	4ja	cr-4-a-87	ok	0.000	0.000	4	4ja
k88	4ja	cr-4-a-88	ok	0.000	0.000	4	4ja
k89	4ja	cr-4-a-89	ok	0.000	0.000	3	4ja
k90	4ja	cr-4-a-90	ok	0.000	0.000	4	4ja
k91	4ja	cr-4-a-91	ok	0.000	0.000	4	4ja
k92	4ja	cr-4-a-92	ok	0.000	0.000	4	4ja
k93	4ja	cr-4-a-93	ok	0.000	0.000	3	4ja
k94	4ja	cr-4-a-94	ok	0.000	0.000	4	4ja
k95	4ja	cr-4-a-95	ok	0.000	0.000	4	4ja
k96	4ja	cr-4-a-96	ok	0.000	0.000	4	4ja
k97	4ja	cr-4-a-97	ok	0.000	0.000	3	4ja
k98	4ja	cr-4-a-98	ok	0.000	0.000	3	4ja
k99	4ja	cr-4-a-99	ok	0.000	0.000	4	4ja
k100	4ja	cr-4-a-100	ok	0.000	0.000	4	4ja
k101	4ja	cr-4-a-101	ok	0.000	0.000	3	4ja
k102	4ja	cr-4-a-102	ok	0.000	0.000	4	4ja
k103	4ja	cr-4-a-103	ok	0.000	0.000	3	4ja
k104	4ja	cr-4-a-104	ok	0.000	0.000	4	4ja
k105	4ja	cr-4-a-105	ok	0.000	0.000	3	4ja
k106	4ja	cr-4-a-106	ok	0.000	0.000	4	4ja
k107	4ja	cr-4-a-107	ok	0.000	0.000	3	4ja
k108	4ja	cr-4-a-108	ok	0.000	0.000	4	4ja
k109	4ja	cr-4-a-109	ok	0.000	0.000	4	4ja
k110	4ja	cr-4-a-110	ok	0.000	0.000	4	4ja
k111	4ja	cr-4-a-111	ok	0.000	0.000	5	4ja
k112	4ja	cr-4-a-112	ok	0.000	0.000	4	4ja
k113	4ja	cr-4-a-113	ok	0.000	0.000	3	4ja
k114	4ja	cr-4-a-114	ok	0.000	0.000	4	4ja
k115	4ja	cr-4-a-115	ok	0.000	0.000	4	4ja
k116	4ja	cr-4-a-116	ok	0.000	0.000	4	4ja
k117	4ja	cr-4-a-117	ok	0.000	0.000	4	4ja
k118	4ja	cr-4-a-118	ok	0.000	0.000	4	4ja
k119	4ja	cr-4-a-119	ok	0.000	0.000	4	4ja
k120	4ja	cr-4-a-120	ok	0.000	0.000	3	4ja
k121	4ja	cr-4-a-121	ok	0.000	0.000	3	4ja
k122	4ja	cr-4-a-122	ok	0.000	0.000	5	4ja
k123	4ja	cr-4-a-123	ok	0.000	0.000	4	4ja
k124	4ja	cr-4-a-124	ok	0.000	0.000	3	4ja
k125	4ja	cr-4-a-125	ok	0.000	0.000	4	4ja
k126	4ja	cr-4-a-126	ok	0.000	0.000	4	4ja
k127	4ja	cr-4-a-127	ok	0.000	0.000	3	4ja
k128	4ja	cr-4-a-128	ok	0.000	0.000	3	4ja
k129	4ja	cr-4-a-129	ok	0.000	0.000	5	4ja
k130	4ja	cr-4-a-130	ok	0.000	0.000	4	4ja
k131	4ja	cr-4-a-131	ok	0.000	0.000	5	4ja
k132	4ja	cr-4-a-132	ok	0.000	0.000	3	4ja
k133	4ja	cr-4-a-133	ok	0.000	0.000	4	4ja
k134	4ja	cr-4-a-134	ok	0.000	0.000	4	4ja
k135	4ja	cr-4-a-135	ok	0.000	0.000	4	4ja
k136	4ja	cr-4-a-136	ok	0.000	0.000	4	4ja
k137	4ja	cr-4-a-137	ok	0.000	0.000	4	4ja
k138	4ja	cr-4-a-138	ok	0.000	0.000	4	4ja
k139	4ja	cr-4-a-139	ok	0.000	0.000	5	4ja
k140	4ja	cr-4-a-140	ok	0.000	0.000	3	4ja
k141	4ja	cr-4-a-141	ok	0.000	0.000	3	4ja
k142	4ja	cr-4-a-142	ok	0.000	0.000	4	4ja
k143	4ja	cr-4-a-143	ok	0.000	0.000	4	4ja
k144	4ja	cr-4-a-144	ok	0.000	0.000	4	4ja
k145	4ja	cr-4-a-145	ok	0.000	0.000	3	4ja
k146	4ja	cr-4-a-146	ok	0.000	0.000	5	4ja
k147	4ja	cr-4-a-147	ok	0.000	0.000	3	4ja
k148	4ja	cr-4-a-148	ok	0.000	0.000	3	4ja
k149	4ja	cr-4-a-149	ok	0.000	0.000	3	4ja
k150	4ja	cr-4-a-150	ok	0.000	0.000	4	4ja
k151	4ja	cr-4-a-151	ok	0.000	0.000	3	4ja
k152	4ja	cr-4-a-152	ok	0.000	0.000	4	4ja
k153	4ja	cr-4-a-153	ok	0.000	0.000	4	4ja
k154	4ja	cr-4-a-154	ok	0.000	0.000	3	4ja
k155	4ja	cr-4-a-155	ok	0.000	0.000	3	4ja
k156	4ja	cr-4-a-156	ok	0.000	0.000	4	4ja
k157	4ja	cr-4-a-157	ok	0.000	0.000	4	4ja
k158	4ja	cr-4-a-158	ok	0.000	0.000	3	4ja
k159	4ja	cr-4-a-159	ok	0.000	0.000	3	4ja
k160	4ja	cr-4-a-160	ok	0.000	0.000	4	4ja
k161	4ja	cr-4-a-161	ok	0.000	0.000	3	4ja
k162	4ja	cr-4-a-162	ok	0.000	0.000	4	4ja
k163	4ja	cr-4-a-163	ok	0.000	0.000	5	4ja
k164	4ja	cr-4-a-164	ok	0.000	0.000	4	4ja
k165	4ja	cr-4-a-165	ok	0.000	0.000	4	4ja
k166	4ja	cr-4-a-166	ok	0.000	0.000	3	4ja
k167	4ja	cr-4-a-167	ok	0.000	0.000	3	4ja
k168	4ja	cr-4-a-168	ok	0.000	0.000	4	4ja
k169	4ja	cr-4-a-169	ok	0.000	0.000	5	4ja
k170	4ja	cr-4-a-170	ok	0.000	0.000	4	4ja
k171	4ja	cr-4-a-171	ok	0.000	0.000	3	4ja
k172	4ja	cr-4-a-172	ok	0.000	0.000	4	4ja
k173	4ja	cr-4-a-173	ok	0.000	0.000	4	4ja
k174	4ja	cr-4-a-174	ok	0.000	0.000	3	4ja
k175	4ja	cr-4-a-175	ok	0.000	0.000	4	4ja
k176	4ja	cr-4-a-176	ok	0.000	0.000	4	4ja
k177	4ja	cr-4-a-177	ok	0.000	0.000	4	4ja
k178	4ja	cr-4-a-178	ok	0.000	0.000	3	4ja
k179	4ja	cr-4-a-179	ok	0.000	0.000	4	4ja
k180	4ja	cr-4-a-180	ok	0.000	0.000	4	4ja
k181	4ja	cr-4-a-181	ok	0.000	0.000	4	4ja
k182	4ja	cr-4-a-182	ok	0.000	0.000	5	4ja
k183	4ja	cr-4-a-183	ok	0.000	0.000	5	4ja
k184	4ja	cr-4-a-184	ok	0.000	0.000	3	4ja
k185	4ja	cr-4-a-185	ok	0.000	0.000	4	4ja
k186	4ja	cr-4-a-186	ok	0.000	0.000	4	4ja
k187	4ja	cr-4-a-187	ok	0.000	0.000	4	4ja
k188	4ja	cr-4-a-188	ok	0.000	0.000	3	4ja
k189	4ja	cr-4-a-189	ok	0.000	0.000	4	4ja
k190	4ja	cr-4-a-190	ok	0.000	0.000	3	4ja
k191	4ja	cr-4-a-191	ok	0.000	0.000	3	4ja
k192	4ja	cr-4-a-192	ok	0.000	0.000	4	4ja
k193	4ja	cr-4-a-193	ok	0.000	0.000	4	4ja
k194	4ja	cr-4-a-194	ok	0.000	0.000	4	4ja
k195	4ja	cr-4-a-195	ok	0.000	0.000	4	4ja
k196	4ja	cr-4-a-196	ok	0.000	0.000	4	4ja
k197	4ja	cr-4-a-197	ok	0.000	0.000	3	4ja
k198	4ja	cr-4-a-198	ok	0.000	0.000	4	4ja
k199	4ja	cr-4-a-199	ok	0.000	0.000	4	4ja
k200	4ja	cr-4-a-200	ok	0.000	0.000	3	4ja
k201	4jr2	cr-4-r2-1	ok	0.000	0.000	4	4j
k202	4jr2	cr-4-r2-2	ok	0.000	0.000	4	4j
k203	4jr2	cr-4-r2-3	ok	0.000	0.000	4	4j
k204	4jr2	cr-4-r2-4	ok	0.000	0.000	4	4j
k205	4jr2	cr-4-r2-5	ok	0.000	0.000	4	4j
k206	4jr2	cr-4-r2-6	ok	0.000	0.000	4	4j
k207	4jr2	cr-4-r2-7	ok	0.000	0.000	4	4j
k208	4jr2	cr-4-r2-8	ok	0.000	0.000	4	4j
k209	4jr2	cr-4-r2-9	ok	0.000	0.000	4	4j
k210	4jr2	cr-4-r2-10	ok	0.000	0.000	4	4j
k211	4jr2	cr-4-r2-11	ok	0.000	0.000	4	4j
k212	4jr2	cr-4-r2-12	ok	0.000	0.000	4	4j
k213	4jr2	cr-4-r2-13	ok	0.000	0.000	4	4j
k214	4jr2	cr-4-r2-14	ok	0.000	0.000	4	4j
k215	4jr2	cr-4-r2-15	ok	0.000	0.000	4	4j
k216	4jr2	cr-4-r2-16	ok	0.000	0.000	8	4j
k217	4jr2	cr-4-r2-17	ok	0.000	0.000	6	4j
k218	4jr2	cr-4-r2-18	ok	0.000	0.000	4	4j
k219	4jr2	cr-4-r2-19	ok	0.000	0.000	6	4j
k220	4jr2	cr-4-r2-20	ok	0.000	0.000	8	4j
k221	4jr2	cr-4-r2-21	ok	0.000	0.000	4	4j
k222	4jr2	cr-4-r2-22	ok	0.000	0.000	4	4j
k223	4jr2	cr-4-r2-23	ok	0.000	0.000	4	4j
k224	4jr2	cr-4-r2-24	ok	0.000	0.000	4	4j
k225	4jr2	cr-4-r2-25	ok	0.000	0.000	6	4j
k226	4jr2	cr-4-r2-26	ok	0.000	0.000	4	4j
k227	4jr2	cr-4-r2-27	ok	0.000	0.000	6	4j
k228	4jr2	cr-4-r2-28	ok	0.000	0.000	4	4j
k229	4jr2	cr-4-r2-29	ok	0.000	0.000	4	4j
k230	4jr2	cr-4-r2-30	ok	0.000	0.000	4	4j
k231	4jr2	cr-4-r2-31	ok	0.000	0.000	6	4j
k232	4jr2	cr-4-r2-32	ok	0.000	0.000	4	4j
k233	4jr2	cr-4-r2-33	ok	0.000	0.000	6	4j
k234	4jr2	cr-4-r2-34	ok	0.000	0.000	4	4j
k235	4jr2	cr-4-r2-35	ok	0.000	0.000	4	4j
k236	4jr2	cr-4-r2-36	ok	0.000	0.000	4	4j
k237	4jr2	cr-4-r2-37	ok	0.000	0.000	4	4j
k238	4jr2	cr-4-r2-38	ok	0.000	0.000	4	4j
k239	4jr2	cr-4-r2-39	ok	0.000	0.000	4	4j
k240	4jr2	cr-4-r2-40	ok	0.000	0.000	4	4j
k241	4jr2	cr-4-r2-41	ok	0.000	0.000	4	4j
k242	4jr2	cr-4-r2-42	ok	0.000	0.000	4	4j
k243	4jr2	cr-4-r2-43	ok	0.000	0.000	4	4j
k244	4jr2	cr-4-r2-44	ok	0.000	0.000	4	4j
k245	4jr2	cr-4-r2-45	ok	0.000	0.000	4	4j
k246	4jr2	cr-4-r2-46	ok	0.000	0.000	4	4j
k247	4jr2	cr-4-r2-47	ok	0.000	0.000	4	4j
k248	4jr2	cr-4-r2-48	ok	0.000	0.000	4	4j
k249	4jr2	cr-4-r2-49	ok	0.000	0.000	4	4j
k250	4jr2	cr-4-r2-50	ok	0.000	0.000	6	4j
k251	4jr2	cr-4-r2-51	ok	0.000	0.000	4	4j
k252	4jr2	cr-4-r2-52	ok	0.000	0.000	6	4j
k253	4jr2	cr-4-r2-53	ok	0.000	0.000	4	4j
k254	4jr2	cr-4-r2-54	ok	0.000	0.000	6	4j
k255	4jr2	cr-4-r2-55	ok	0.000	0.000	4	4j
k256	4jr2	cr-4-r2-56	ok	0.000	0.000	4	4j
k257	4jr2	cr-4-r2-57	ok	0.000	0.000	4	4j
k258	4jr2	cr-4-r2-58	ok	0.000	0.000	4	4j
k259	4jr2	cr-4-r2-59	ok	0.000	0.000	4	4j
k260	4jr2	cr-4-r2-60	ok	0.000	0.000	4	4j
k261	4jr2	cr-4-r2-61	ok	0.000	0.000	4	4j
k262	4jr2	cr-4-r2-62	ok	0.000	0.000	4	4j
k263	4jr2	cr-4-r2-63	ok	0.000	0.000	4	4j
k264	4jr2	cr-4-r2-64	ok	0.000	0.000	4	4j
k265	4jr2	cr-4-r2-65	ok	0.000	0.000	4	4j
k266	4jr2	cr-4-r2-66	ok	0.000	0.000	4	4j
k267	4jr2	cr-4-r2-67	ok	0.000	0.000	4	4j
k268	4jr2	cr-4-r2-68	ok	0.000	0.000	4	4j
k269	4jr2	cr-4-r2-69	ok	0.000	0.000	4	4j
k270	4jr2	cr-4-r2-70	ok	0.000	0.000	4	4j
k271	4jr2	cr-4-r2-71	ok	0.000	0.000	6	4j
k272	4jr2	cr-4-r2-72	ok	0.000	0.000	4	4j
k273	4jr2	cr-4-r2-73	ok	0.000	0.000	4	4j
k274	4jr2	cr-4-r2-74	ok	0.000	0.000	4	4j
k275	4jr2	cr-4-r2-75	ok	0.000	0.000	4	4j
k276	4jr2	cr-4-r2-76	ok	0.000	0.000	4	4j
k277	4jr2	cr-4-r2-77	ok	0.000	0.000	4	4j
k278	4jr2	cr-4-r2-78	ok	0.000	0.000	4	4j
k279	4jr2	cr-4-r2-79	ok	0.000	0.000	4	4j
k280	4jr2	cr-4-r2-80	ok	0.000	0.000	4	4j
k281	4jr2	cr-4-r2-81	ok	0.000	0.000	4	4j
k282	4jr2	cr-4-r2-82	ok	0.000	0.000	4	4j
k283	4jr2	cr-4-r2-83	ok	0.000	0.000	4	4j
k284	4jr2	cr-4-r2-84	ok	0.000	0.000	4	4j
k285	4jr2	cr-4-r2-85	ok	0.000	0.000	4	4j
k286	4jr2	cr-4-r2-86	ok	0.000	0.000	4	4j
k287	4jr2	cr-4-r2-87	ok	0.000	0.000	4	4j
k288	4jr2	cr-4-r2-88	ok	0.000	0.000	4	4j
k289	4jr2	cr-4-r2-89	ok	0.000	0.000	4	4j
k290	4jr2	cr-4-r2-90	ok	0.000	0.000	4	4j
k291	4jr2	cr-4-r2-91	ok	0.000	0.000	6	4j
k292	4jr2	cr-4-r2-92	ok	0.000	0.000	4	4j
k293	4jr2	cr-4-r2-93	ok	0.000	0.000	4	4j
k294	4jr2	cr-4-r2-94	ok	0.000	0.000	4	4j
k295	4jr2	cr-4-r2-95	ok	0.000	0.000	4	4j
k296	4jr2	cr-4-r2-96	ok	0.000	0.000	4	4j
k297	4jr2	cr-4-r2-97	ok	0.000	0.000	4	4j
k298	4jr2	cr-4-r2-98	ok	0.000	0.000	4	4j
k299	4jr2	cr-4-r2-99	ok	0.000	0.000	4	4j
k300	4jr2	cr-4-r2-100	ok	0.000	0.000	4	4j
k301	4jr2	cr-4-r2-101	ok	0.000	0.000	4	4j
k302	4jr2	cr-4-r2-102	ok	0.000	0.000	4	4j
k303	4jr2	cr-4-r2-103	ok	0.000	0.000	4	4j
k304	4jr2	cr-4-r2-104	ok	0.000	0.000	4	4j
k305	4jr2	cr-4-r2-105	ok	0.000	0.000	4	4j
k306	4jr2	cr-4-r2-106	ok	0.000	0.000	4	4j
k307	4jr2	cr-4-r2-107	ok	0.000	0.000	4	4j
k308	4jr2	cr-4-r2-108	ok	0.000	0.000	4	4j
k309	4jr2	cr-4-r2-109	ok	0.000	0.000	4	4j
k310	4jr2	cr-4-r2-110	ok	0.000	0.000	4	4j
k311	4jr2	cr-4-r2-111	ok	0.000	0.000	4	4j
k312	4jr2	cr-4-r2-112	ok	0.000	0.000	6	4j
k313	4jr2	cr-4-r2-113	ok	0.000	0.000	4	4j
k314	4jr2	cr-4-r2-114	ok	0.000	0.000	4	4j
k315	4jr2	cr-4-r2-115	ok	0.000	0.000	4	4j
k316	4jr2	cr-4-r2-116	ok	0.000	0.000	4	4j
k317	4jr2	cr-4-r2-117	ok	0.000	0.000	4	4j
k318	4jr2	cr-4-r2-118	ok	0.000	0.000	4	4j
k319	4jr2	cr-4-r2-119	ok	0.000	0.000	4	4j
k320	4jr2	cr-4-r2-120	ok	0.000	0.000	4	4j
k321	4jr2	cr-4-r2-121	ok	0.000	0.000	4	4j
k322	4jr2	cr-4-r2-122	ok	0.000	0.000	4	4j
k323	4jr2	cr-4-r2-123	ok	0.000	0.000	4	4j
k324	4jr2	cr-4-r2-124	ok	0.000	0.000	4	4j
k325	4jr2	cr-4-r2-125	ok	0.000	0.000	4	4j
k326	4jr2	cr-4-r2-126	ok	0.000	0.000	4	4j
k327	4jr2	cr-4-r2-127	ok	0.000	0.000	4	4j
k328	4jr2	cr-4-r2-128	ok	0.000	0.000	4	4j
k329	4jr2	cr-4-r2-129	ok	0.000	0.000	4	4j
k330	4jr2	cr-4-r2-130	ok	0.000	0.000	4	4j
k331	4jr2	cr-4-r2-131	ok	0.000	0.000	4	4j
k332	4jr2	cr-4-r2-132	ok	0.000	0.000	4	4j
k333	4jr2	cr-4-r2-133	ok	0.000	0.000	4	4j
k334	4jr2	cr-4-r2-134	ok	0.000	0.000	8	4j
k335	4jr2	cr-4-r2-135	ok	0.000	0.000	4	4j
k336	4jr2	cr-4-r2-136	ok	0.000	0.000	4	4j
k337	4jr2	cr-4-r2-137	ok	0.000	0.000	4	4j
k338	4jr2	cr-4-r2-138	ok	0.000	0.000	4	4j
k339	4jr2	cr-4-r2-139	ok	0.000	0.000	4	4j
k340	4jr2	cr-4-r2-140	ok	0.000	0.000	4	4j
k341	4jr2	cr-4-r2-141	ok	0.000	0.000	4	4j
k342	4jr2	cr-4-r2-142	ok	0.000	0.000	4	4j
k343	4jr2	cr-4-r2-143	ok	0.000	0.000	4	4j
k344	4jr2	cr-4-r2-144	ok	0.000	0.000	4	4j
k345	4jr2	cr-4-r2-145	ok	0.000	0.000	4	4j
k346	4jr2	cr-4-r2-146	ok	0.000	0.000	4	4j
k347	4jr2	cr-4-r2-147	ok	0.000	0.000	4	4j
k348	4jr2	cr-4-r2-148	ok	0.000	0.000	4	4j
k349	4jr2	cr-4-r2-149	ok	0.000	0.000	6	4j
k350	4jr2	cr-4-r2-150	ok	0.000	0.000	4	4j
k351	4jr2	cr-4-r2-151	ok	0.000	0.000	4	4j
k352	4jr2	cr-4-r2-152	ok	0.000	0.000	4	4j
k353	4jr2	cr-4-r2-153	ok	0.000	0.000	4	4j
k354	4jr2	cr-4-r2-154	ok	0.000	0.000	4	4j
k355	4jr2	cr-4-r2-155	ok	0.000	0.000	6	4j
k356	4jr2	cr-4-r2-156	ok	0.000	0.000	4	4j
k357	4jr2	cr-4-r2-157	ok	0.000	0.000	8	4j
k358	4jr2	cr-4-r2-158	ok	0.000	0.000	8	4j
k359	4jr2	cr-4-r2-159	ok	0.000	0.000	4	4j
k360	4jr2	cr-4-r2-160	ok	0.000	0.000	8	4j
k361	4jr2	cr-4-r2-161	ok	0.000	0.000	4	4j
k362	4jr2	cr-4-r2-162	ok	0.000	0.000	6	4j
k363	4jr2	cr-4-r2-163	ok	0.000	0.000	4	4j
k364	4jr2	cr-4-r2-164	ok	0.000	0.000	4	4j
k365	4jr2	cr-4-r2-165	ok	0.000	0.000	6	4j
k366	4jr2	cr-4-r2-166	ok	0.000	0.000	4	4j
k367	4jr2	cr-4-r2-167	ok	0.000	0.000	4	4j
k368	4jr2	cr-4-r2-168	ok	0.000	0.000	4	4j
k369	4jr2	cr-4-r2-169	ok	0.000	0.000	4	4j
k370	4jr2	cr-4-r2-170	ok	0.000	0.000	4	4j
k371	4jr2	cr-4-r2-171	ok	0.000	0.000	4	4j
k372	4jr2	cr-4-r2-172	ok	0.000	0.000	8	4j
k373	4jr2	cr-4-r2-173	ok	0.000	0.000	6	4j
k374	4jr2	cr-4-r2-174	ok	0.000	0.000	4	4j
k375	4jr2	cr-4-r2-175	ok	0.000	0.000	4	4j
k376	4jr2	cr-4-r2-176	ok	0.000	0.000	6	4j
k377	4jr2	cr-4-r2-177	ok	0.000	0.000	4	4j
k378	4jr2	cr-4-r2-178	ok	0.000	0.000	4	4j
k379	4jr2	cr-4-r2-179	ok	0.000	0.000	6	4j
k380	4jr2	cr-4-r2-180	ok	0.000	0.000	4	4j
k381	4jr2	cr-4-r2-181	ok	0.000	0.000	4	4j
k382	4jr2	cr-4-r2-182	ok	0.000	0.000	4	4j
k383	4jr2	cr-4-r2-183	ok	0.000	0.000	4	4j
k384	4jr2	cr-4-r2-184	ok	0.000	0.000	4	4j
k385	4jr2	cr-4-r2-185	ok	0.000	0.000	4	4j
k386	4jr2	cr-4-r2-186	ok	0.000	0.000	4	4j
k387	4jr2	cr-4-r2-187	ok	0.000	0.000	4	4j
k388	4jr2	cr-4-r2-188	ok	0.000	0.000	6	4j
k389	4jr2	cr-4-r2-189	ok	0.000	0.000	4	4j
k390	4jr2	cr-4-r2-190	ok	0.000	0.000	4	4j
k391	4jr2	cr-4-r2-191	ok	0.000	0.000	4	4j
k392	4jr2	cr-4-r2-192	ok	0.000	0.000	4	4j
k393	4jr2	cr-4-r2-193	ok	0.000	0.000	6	4j
k394	4jr2	cr-4-r2-194	ok	0.000	0.000	6	4j
k395	4jr2	cr-4-r2-195	ok	0.000	0.000	4	4j
k396	4jr2	cr-4-r2-196	ok	0.000	0.000	4	4j
k397	4jr2	cr-4-r2-197	ok	0.000	0.000	6	4j
k398	4jr2	cr-4-r2-198	ok	0.000	0.000	4	4j
k399	4jr2	cr-4-r2-199	ok	0.000	0.000	4	4j
k400	4jr2	cr-4-r2-200	ok	0.000	0.000	4	4j
k401	4jr4	cr-4-r4-1	ok	0.000	0.000	8	4jr4
k402	4jr4	cr-4-r4-2	ok	0.000	0.000	4	4jr4
k403	4jr4	cr-4-r4-3	ok	0.000	0.000	4	4jr4
k404	4jr4	cr-4-r4-4	ok	0.000	0.000	4	4jr4
k405	4jr4	cr-4-r4-5	ok	0.000	0.000	4	4jr4
k406	4jr4	cr-4-r4-6	ok	0.000	0.000	4	4jr4
k407	4jr4	cr-4-r4-7	ok	0.000	0.000	4	4jr4
k408	4jr4	cr-4-r4-8	ok	0.000	0.000	4	4jr4
k409	4jr4	cr-4-r4-9	ok	0.000	0.000	4	4jr4
k410	4jr4	cr-4-r4-10	ok	0.000	0.000	4	4jr4
k411	4jr4	cr-4-r4-11	ok	0.000	0.000	4	4jr4
k412	4jr4	cr-4-r4-12	ok	0.000	0.000	4	4jr4
k413	4jr4	cr-4-r4-13	ok	0.000	0.000	4	4jr4
k414	4jr4	cr-4-r4-14	ok	0.000	0.000	4	4jr4
k415	4jr4	cr-4-r4-15	ok	0.000	0.000	8	4jr4
k416	4jr4	cr-4-r4-16	ok	0.000	0.000	8	4jr4
k417	4jr4	cr-4-r4-17	ok	0.000	0.000	4	4jr4
k418	4jr4	cr-4-r4-18	ok	0.000	0.000	4	4jr4
k419	4jr4	cr-4-r4-19	ok	0.000	0.000	4	4jr4
k420	4jr4	cr-4-r4-20	ok	0.000	0.000	4	4jr4
k421	4jr4	cr-4-r4-21	ok	0.000	0.000	4	4jr4
k422	4jr4	cr-4-r4-22	ok	0.000	0.000	8	4jr4
k423	4jr4	cr-4-r4-23	ok	0.000	0.000	8	4jr4
k424	4jr4	cr-4-r4-24	ok	0.000	0.000	8	4jr4
k425	4jr4	cr-4-r4-25	ok	0.000	0.000	4	4jr4
k426	4jr4	cr-4-r4-26	ok	0.000	0.000	4	4jr4
k427	4jr4	cr-4-r4-27	ok	0.000	0.000	8	4jr4
k428	4jr4	cr-4-r4-28	ok	0.000	0.000	8	4jr4
k429	4jr4	cr-4-r4-29	ok	0.000	0.000	4	4jr4
k430	4jr4	cr-4-r4-30	ok	0.000	0.000	8	4jr4
k431	4jr4	cr-4-r4-31	ok	0.000	0.000	8	4jr4
k432	4jr4	cr-4-r4-32	ok	0.000	0.000	4	4jr4
k433	4jr4	cr-4-r4-33	ok	0.000	0.000	4	4jr4
k434	4jr4	cr-4-r4-34	ok	0.000	0.000	4	4jr4
k435	4jr4	cr-4-r4-35	ok	0.000	0.000	4	4jr4
k436	4jr4	cr-4-r4-36	ok	0.000	0.000	8	4jr4
k437	4jr4	cr-4-r4-37	ok	0.000	0.000	8	4jr4
k438	4jr4	cr-4-r4-38	ok	0.000	0.000	4	4jr4
k439	4jr4	cr-4-r4-39	ok	0.000	0.000	4	4jr4
k440	4jr4	cr-4-r4-40	ok	0.000	0.000	4	4jr4
k441	4jr4	cr-4-r4-41	ok	0.000	0.000	4	4jr4
k442	4jr4	cr-4-r4-42	ok	0.000	0.000	8	4jr4
k443	4jr4	cr-4-r4-43	ok	0.000	0.000	8	4jr4
k444	4jr4	cr-4-r4-44	ok	0.000	0.000	4	4jr4
k445	4jr4	cr-4-r4-45	ok	0.000	0.000	4	4jr4
k446	4jr4	cr-4-r4-46	ok	0.000	0.000	4	4jr4
k447	4jr4	cr-4-r4-47	ok	0.000	0.000	8	4jr4
k448	4jr4	cr-4-r4-48	ok	0.000	0.000	4	4jr4
k449	4jr4	cr-4-r4-49	ok	0.000	0.000	4	4jr4
k450	4jr4	cr-4-r4-50	ok	0.000	0.000	4	4jr4
k451	4jr4	cr-4-r4-51	ok	0.000	0.000	8	4jr4
k452	4jr4	cr-4-r4-52	crash	0.000	0.000	-1	4jr4
k453	4jr4	cr-4-r4-53	ok	0.000	0.000	4	4jr4
k454	4jr4	cr-4-r4-54	ok	0.000	0.000	8	4jr4
k455	4jr4	cr-4-r4-55	ok	0.000	0.000	4	4jr4
k456	4jr4	cr-4-r4-56	ok	0.000	0.000	4	4jr4
k457	4jr4	cr-4-r4-57	ok	0.000	0.000	8	4jr4
k458	4jr4	cr-4-r4-58	ok	0.000	0.000	4	4jr4
k459	4jr4	cr-4-r4-59	ok	0.000	0.000	4	4jr4
k460	4jr4	cr-4-r4-60	ok	0.000	0.000	4	4jr4
k461	4jr4	cr-4-r4-61	ok	0.000	0.000	8	4jr4
k462	4jr4	cr-4-r4-62	ok	0.000	0.000	8	4jr4
k463	4jr4	cr-4-r4-63	ok	0.000	0.000	8	4jr4
k464	4jr4	cr-4-r4-64	ok	0.000	0.000	4	4jr4
k465	4jr4	cr-4-r4-65	ok	0.000	0.000	4	4jr4
k466	4jr4	cr-4-r4-66	ok	0.000	0.000	4	4jr4
k467	4jr4	cr-4-r4-67	ok	0.000	0.000	4	4jr4
k468	4jr4	cr-4-r4-68	ok	0.000	0.000	4	4jr4
k469	4jr4	cr-4-r4-69	ok	0.000	0.000	4	4jr4
k470	4jr4	cr-4-r4-70	ok	0.000	0.000	4	4jr4
k471	4jr4	cr-4-r4-71	ok	0.000	0.000	4	4jr4
k472	4jr4	cr-4-r4-72	ok	0.000	0.000	4	4jr4
k473	4jr4	cr-4-r4-73	ok	0.000	0.000	4	4jr4
k474	4jr4	cr-4-r4-74	ok	0.000	0.000	4	4jr4
k475	4jr4	cr-4-r4-75	ok	0.000	0.000	4	4jr4
k476	4jr4	cr-4-r4-76	ok	0.000	0.000	4	4jr4
k477	4jr4	cr-4-r4-77	ok	0.000	0.000	8	4jr4
k478	4jr4	cr-4-r4-78	ok	0.000	0.000	8	4jr4
k479	4jr4	cr-4-r4-79	ok	0.000	0.000	4	4jr4
k480	4jr4	cr-4-r4-80	ok	0.000	0.000	8	4jr4
k481	4jr4	cr-4-r4-81	ok	0.000	0.000	8	4jr4
k482	4jr4	cr-4-r4-82	ok	0.000	0.000	4	4jr4
k483	4jr4	cr-4-r4-83	ok	0.000	0.000	4	4jr4
k484	4jr4	cr-4-r4-84	ok	0.000	0.000	4	4jr4
k485	4jr4	cr-4-r4-85	ok	0.000	0.000	4	4jr4
k486	4jr4	cr-4-r4-86	ok	0.000	0.000	4	4jr4
k487	4jr4	cr-4-r4-87	ok	0.000	0.000	4	4jr4
k488	4jr4	cr-4-r4-88	ok	0.000	0.000	4	4jr4
k489	4jr4	cr-4-r4-89	ok	0.000	0.000	8	4jr4
k490	4jr4	cr-4-r4-90	ok	0.000	0.000	4	4jr4
k491	4jr4	cr-4-r4-91	ok	0.000	0.000	8	4jr4
k492	4jr4	cr-4-r4-92	ok	0.000	0.000	4	4jr4
k493	4jr4	cr-4-r4-93	ok	0.000	0.000	8	4jr4
k494	4jr4	cr-4-r4-94	ok	0.000	0.000	8	4jr4
k495	4jr4	cr-4-r4-95	ok	0.000	0.000	4	4jr4
k496	4jr4	cr-4-r4-96	ok	0.000	0.000	4	4jr4
k497	4jr4	cr-4-r4-97	ok	0.000	0.000	4	4jr4
k498	4jr4	cr-4-r4-98	ok	0.000	0.000	4	4jr4
k499	4jr4	cr-4-r4-99	ok	0.000	0.000	8	4jr4
k500	4jr4	cr-4-r4-100	ok	0.000	0.000	4	4jr4
k501	4jr4	cr-4-r4-101	ok	0.000	0.000	4	4jr4
k502	4jr4	cr-4-r4-102	ok	0.000	0.000	4	4jr4
k503	4jr4	cr-4-r4-103	ok	0.000	0.000	4	4jr4
k504	4jr4	cr-4-r4-104	ok	0.000	0.000	4	4jr4
k505	4jr4	cr-4-r4-105	ok	0.000	0.000	4	4jr4
k506	4jr4	cr-4-r4-106	ok	0.000	0.000	4	4jr4
k507	4jr4	cr-4-r4-107	ok	0.000	0.000	4	4jr4
k508	4jr4	cr-4-r4-108	ok	0.000	0.000	4	4jr4
k509	4jr4	cr-4-r4-109	ok	0.000	0.000	4	4jr4
k510	4jr4	cr-4-r4-110	ok	0.000	0.000	8	4jr4
k511	4jr4	cr-4-r4-111	ok	0.000	0.000	8	4jr4
k512	4jr4	cr-4-r4-112	ok	0.000	0.000	4	4jr4
k513	4jr4	cr-4-r4-113	ok	0.000	0.000	8	4jr4
k514	4jr4	cr-4-r4-114	ok	0.000	0.000	4	4jr4
k515	4jr4	cr-4-r4-115	ok	0.000	0.000	4	4jr4
k516	4jr4	cr-4-r4-116	ok	0.000	0.000	4	4jr4
k517	4jr4	cr-4-r4-117	ok	0.000	0.000	4	4jr4
k518	4jr4	cr-4-r4-118	ok	0.000	0.000	4	4jr4
k519	4jr4	cr-4-r4-119	ok	0.000	0.000	4	4jr4
k520	4jr4	cr-4-r4-120	ok	0.000	0.000	8	4jr4
k521	4jr4	cr-4-r4-121	ok	0.000	0.000	4	4jr4
k522	4jr4	cr-4-r4-122	ok	0.000	0.000	4	4jr4
k523	4jr4	cr-4-r4-123	ok	0.000	0.000	8	4jr4
k524	4jr4	cr-4-r4-124	ok	0.000	0.000	4	4jr4
k525	4jr4	cr-4-r4-125	ok	0.000	0.000	4	4jr4
k526	4jr4	cr-4-r4-126	ok	0.000	0.000	4	4jr4
k527	4jr4	cr-4-r4-127	ok	0.000	0.000	8	4jr4
k528	4jr4	cr-4-r4-128	ok	0.000	0.000	8	4jr4
k529	4jr4	cr-4-r4-129	ok	0.000	0.000	4	4jr4
k530	4jr4	cr-4-r4-130	ok	0.000	0.000	8	4jr4
k531	4jr4	cr-4-r4-131	ok	0.000	0.000	8	4jr4
k532	4jr4	cr-4-r4-132	ok	0.000	0.000	4	4jr4
k533	4jr4	cr-4-r4-133	ok	0.000	0.000	4	4jr4
k534	4jr4	cr-4-r4-134	ok	0.000	0.000	8	4jr4
k535	4jr4	cr-4-r4-135	ok	0.000	0.000	4	4jr4
k536	4jr4	cr-4-r4-136	ok	0.000	0.000	4	4jr4
k537	4jr4	cr-4-r4-137	ok	0.000	0.000	4	4jr4
k538	4jr4	cr-4-r4-138	ok	0.000	0.000	8	4jr4
k539	4jr4	cr-4-r4-139	ok	0.000	0.000	4	4jr4
k540	4jr4	cr-4-r4-140	ok	0.000	0.000	4	4jr4
k541	4jr4	cr-4-r4-141	ok	0.000	0.000	8	4jr4
k542	4jr4	cr-4-r4-142	ok	0.000	0.000	8	4jr4
k543	4jr4	cr-4-r4-143	ok	0.000	0.000	8	4jr4
k544	4jr4	cr-4-r4-144	ok	0.000	0.000	4	4jr4
k545	4jr4	cr-4-r4-145	ok	0.000	0.000	4	4jr4
k546	4jr4	cr-4-r4-146	ok	0.000	0.000	4	4jr4
k547	4jr4	cr-4-r4-147	ok	0.000	0.000	8	4jr4
k548	4jr4	cr-4-r4-148	ok	0.000	0.000	8	4jr4
k549	4jr4	cr-4-r4-149	ok	0.000	0.000	4	4jr4
k550	4jr4	cr-4-r4-150	ok	0.000	0.000	4	4jr4
k551	4jr4	cr-4-r4-151	ok	0.000	0.000	8	4jr4
k552	4jr4	cr-4-r4-152	ok	0.000	0.000	4	4jr4
k553	4jr4	cr-4-r4-153	ok	0.000	0.000	4	4jr4
k554	4jr4	cr-4-r4-154	ok	0.000	0.000	4	4jr4
k555	4jr4	cr-4-r4-155	ok	0.000	0.000	8	4jr4
k556	4jr4	cr-4-r4-156	ok	0.000	0.000	4	4jr4
k557	4jr4	cr-4-r4-157	ok	0.000	0.000	4	4jr4
k558	4jr4	cr-4-r4-158	ok	0.000	0.000	8	4jr4
k559	4jr4	cr-4-r4-159	ok	0.000	0.000	4	4jr4
k560	4jr4	cr-4-r4-160	ok	0.000	0.000	8	4jr4
k561	4jr4	cr-4-r4-161	ok	0.000	0.000	4	4jr4
k562	4jr4	cr-4-r4-162	ok	0.000	0.000	8	4jr4
k563	4jr4	cr-4-r4-163	ok	0.000	0.000	4	4jr4
k564	4jr4	cr-4-r4-164	ok	0.000	0.000	8	4jr4
k565	4jr4	cr-4-r4-165	ok	0.000	0.000	8	4jr4
k566	4jr4	cr-4-r4-166	ok	0.000	0.000	4	4jr4
k567	4jr4	cr-4-r4-167	ok	0.000	0.000	4	4jr4
k568	4jr4	cr-4-r4-168	ok	0.000	0.000	8	4jr4
k569	4jr4	cr-4-r4-169	ok	0.000	0.000	8	4jr4
k570	4jr4	cr-4-r4-170	ok	0.000	0.000	8	4jr4
k571	4jr4	cr-4-r4-171	ok	0.000	0.000	8	4jr4
k572	4jr4	cr-4-r4-172	ok	0.000	0.000	4	4jr4
k573	4jr4	cr-4-r4-173	ok	0.000	0.000	4	4jr4
k574	4jr4	cr-4-r4-174	ok	0.000	0.000	8	4jr4
k575	4jr4	cr-4-r4-175	ok	0.000	0.000	8	4jr4
k576	4jr4	cr-4-r4-176	ok	0.000	0.000	4	4jr4
k577	4jr4	cr-4-r4-177	ok	0.000	0.000	8	4jr4
k578	4jr4	cr-4-r4-178	crash	0.000	0.000	-1	4jr4
k579	4jr4	cr-4-r4-179	ok	0.000	0.000	8	4jr4
k580	4jr4	cr-4-r4-180	ok	0.000	0.000	4	4jr4
k581	4jr4	cr-4-r4-181	ok	0.000	0.000	4	4jr4
k582	4jr4	cr-4-r4-182	ok	0.000	0.000	4	4jr4
k583	4jr4	cr-4-r4-183	ok	0.000	0.000	4	4jr4
k584	4jr4	cr-4-r4-184	ok	0.000	0.000	8	4jr4
k585	4jr4	cr-4-r4-185	ok	0.000	0.000	4	4jr4
k586	4jr4	cr-4-r4-186	ok	0.000	0.000	4	4jr4
k587	4jr4	cr-4-r4-187	ok	0.000	0.000	4	4jr4
k588	4jr4	cr-4-r4-188	ok	0.000	0.000	8	4jr4
k589	4jr4	cr-4-r4-189	ok	0.000	0.000	4	4jr4
k590	4jr4	cr-4-r4-190	ok	0.000	0.000	8	4jr4
k591	4jr4	cr-4-r4-191	ok	0.000	0.000	4	4jr4
k592	4jr4	cr-4-r4-192	ok	0.000	0.000	4	4jr4
k593	4jr4	cr-4-r4-193	ok	0.000	0.000	8	4jr4
k594	4jr4	cr-4-r4-194	ok	0.000	0.000	4	4jr4
k595	4jr4	cr-4-r4-195	ok	0.000	0.000	4	4jr4
k596	4jr4	cr-4-r4-196	ok	0.000	0.000	4	4jr4
k597	4jr4	cr-4-r4-197	ok	0.000	0.000	4	4jr4
k598	4jr4	cr-4-r4-198	ok	0.000	0.000	4	4jr4
k599	4jr4	cr-4-r4-199	ok	0.000	0.000	8	4jr4
k600	4jr4	cr-4-r4-200	ok	0.000	0.000	4	4jr4
k601	4jm2	cr-4-m2-1	ok	0.000	0.000	4	4jm2
k602	4jm2	cr-4-m2-2	ok	0.000	0.000	4	4jm2
k603	4jm2	cr-4-m2-3	ok	0.000	0.000	4	4jm2
k604	4jm2	cr-4-m2-4	ok	0.000	0.000	4	4jm2
k605	4jm2	cr-4-m2-5	ok	0.000	0.000	4	4jm2
k606	4jm2	cr-4-m2-6	ok	0.000	0.000	4	4jm2
k607	4jm2	cr-4-m2-7	ok	0.000	0.000	6	4jm2
k608	4jm2	cr-4-m2-8	ok	0.000	0.000	6	4jm2
k609	4jm2	cr-4-m2-9	ok	0.000	0.000	6	4jm2
k610	4jm2	cr-4-m2-10	ok	0.000	0.000	6	4jm2
k611	4jm2	cr-4-m2-11	ok	0.000	0.000	4	4jm2
k612	4jm2	cr-4-m2-12	ok	0.000	0.000	8	4jm2
k613	4jm2	cr-4-m2-13	ok	0.000	0.000	4	4jm2
k614	4jm2	cr-4-m2-14	ok	0.000	0.000	4	4jm2
k615	4jm2	cr-4-m2-15	ok	0.000	0.000	4	4jm2
k616	4jm2	cr-4-m2-16	ok	0.000	0.000	8	4jm2
k617	4jm2	cr-4-m2-17	ok	0.000	0.000	4	4jm2
k618	4jm2	cr-4-m2-18	ok	0.000	0.000	4	4jm2
k619	4jm2	cr-4-m2-19	ok	0.000	0.000	4	4jm2
k620	4jm2	cr-4-m2-20	ok	0.000	0.000	4	4jm2
k621	4jm2	cr-4-m2-21	ok	0.000	0.000	4	4jm2
k622	4jm2	cr-4-m2-22	ok	0.000	0.000	4	4jm2
k623	4jm2	cr-4-m2-23	ok	0.000	0.000	4	4jm2
k624	4jm2	cr-4-m2-24	ok	0.000	0.000	4	4jm2
k625	4jm2	cr-4-m2-25	ok	0.000	0.000	6	4jm2
k626	4jm2	cr-4-m2-26	ok	0.000	0.000	4	4jm2
k627	4jm2	cr-4-m2-27	ok	0.000	0.000	8	4jm2
k628	4jm2	cr-4-m2-28	ok	0.000	0.000	6	4jm2
k629	4jm2	cr-4-m2-29	ok	0.000	0.000	4	4jm2
k630	4jm2	cr-4-m2-30	ok	0.000	0.000	8	4jm2
k631	4jm2	cr-4-m2-31	ok	0.000	0.000	8	4jm2
k632	4jm2	cr-4-m2-32	ok	0.000	0.000	4	4jm2
k633	4jm2	cr-4-m2-33	ok	0.000	0.000	4	4jm2
k634	4jm2	cr-4-m2-34	ok	0.000	0.000	6	4jm2
k635	4jm2	cr-4-m2-35	ok	0.000	0.000	4	4jm2
k636	4jm2	cr-4-m2-36	ok	0.000	0.000	4	4jm2
k637	4jm2	cr-4-m2-37	ok	0.000	0.000	6	4jm2
k638	4jm2	cr-4-m2-38	ok	0.000	0.000	4	4jm2
k639	4jm2	cr-4-m2-39	ok	0.000	0.000	8	4jm2
k640	4jm2	cr-4-m2-40	ok	0.000	0.000	4	4jm2
k641	4jm2	cr-4-m2-41	ok	0.000	0.000	4	4jm2
k642	4jm2	cr-4-m2-42	ok	0.000	0.000	8	4jm2
k643	4jm2	cr-4-m2-43	ok	0.000	0.000	4	4jm2
k644	4jm2	cr-4-m2-44	ok	0.000	0.000	4	4jm2
k645	4jm2	cr-4-m2-45	ok	0.000	0.000	4	4jm2
k646	4jm2	cr-4-m2-46	ok	0.000	0.000	4	4jm2
k647	4jm2	cr-4-m2-47	ok	0.000	0.000	8	4jm2
k648	4jm2	cr-4-m2-48	ok	0.000	0.000	4	4jm2
k649	4jm2	cr-4-m2-49	ok	0.000	0.000	4	4jm2
k650	4jm2	cr-4-m2-50	ok	0.000	0.000	6	4jm2
k651	4jm2	cr-4-m2-51	ok	0.000	0.000	4	4jm2
k652	4jm2	cr-4-m2-52	ok	0.000	0.000	4	4jm2
k653	4jm2	cr-4-m2-53	ok	0.000	0.000	8	4jm2
k654	4jm2	cr-4-m2-54	ok	0.000	0.000	4	4jm2
k655	4jm2	cr-4-m2-55	ok	0.000	0.000	4	4jm2
k656	4jm2	cr-4-m2-56	ok	0.000	0.000	8	4jm2
k657	4jm2	cr-4-m2-57	ok	0.000	0.000	6	4jm2
k658	4jm2	cr-4-m2-58	ok	0.000	0.000	4	4jm2
k659	4jm2	cr-4-m2-59	ok	0.000	0.000	6	4jm2
k660	4jm2	cr-4-m2-60	ok	0.000	0.000	4	4jm2
k661	4jm2	cr-4-m2-61	ok	0.000	0.000	4	4jm2
k662	4jm2	cr-4-m2-62	ok	0.000	0.000	8	4jm2
k663	4jm2	cr-4-m2-63	ok	0.000	0.000	4	4jm2
k664	4jm2	cr-4-m2-64	ok	0.000	0.000	4	4jm2
k665	4jm2	cr-4-m2-65	ok	0.000	0.000	4	4jm2
k666	4jm2	cr-4-m2-66	ok	0.000	0.000	4	4jm2
k667	4jm2	cr-4-m2-67	ok	0.000	0.000	4	4jm2
k668	4jm2	cr-4-m2-68	ok	0.000	0.000	6	4jm2
k669	4jm2	cr-4-m2-69	ok	0.000	0.000	6	4jm2
k670	4jm2	cr-4-m2-70	ok	0.000	0.000	6	4jm2
k671	4jm2	cr-4-m2-71	ok	0.000	0.000	4	4jm2
k672	4jm2	cr-4-m2-72	ok	0.000	0.000	8	4jm2
k673	4jm2	cr-4-m2-73	ok	0.000	0.000	8	4jm2
k674	4jm2	cr-4-m2-74	ok	0.000	0.000	8	4jm2
k675	4jm2	cr-4-m2-75	ok	0.000	0.000	4	4jm2
k676	4jm2	cr-4-m2-76	ok	0.000	0.000	6	4jm2
k677	4jm2	cr-4-m2-77	ok	0.000	0.000	6	4jm2
k678	4jm2	cr-4-m2-78	ok	0.000	0.000	6	4jm2
k679	4jm2	cr-4-m2-79	ok	0.000	0.000	4	4jm2
k680	4jm2	cr-4-m2-80	ok	0.000	0.000	6	4jm2
k681	4jm2	cr-4-m2-81	ok	0.000	0.000	8	4jm2
k682	4jm2	cr-4-m2-82	ok	0.000	0.000	6	4jm2
k683	4jm2	cr-4-m2-83	ok	0.000	0.000	8	4jm2
k684	4jm2	cr-4-m2-84	ok	0.000	0.000	4	4jm2
k685	4jm2	cr-4-m2-85	ok	0.000	0.000	8	4jm2
k686	4jm2	cr-4-m2-86	ok	0.000	0.000	6	4jm2
k687	4jm2	cr-4-m2-87	ok	0.000	0.000	4	4jm2
k688	4jm2	cr-4-m2-88	ok	0.000	0.000	6	4jm2
k689	4jm2	cr-4-m2-89	ok	0.000	0.000	6	4jm2
k690	4jm2	cr-4-m2-90	ok	0.000	0.000	8	4jm2
k691	4jm2	cr-4-m2-91	ok	0.000	0.000	4	4jm2
k692	4jm2	cr-4-m2-92	ok	0.000	0.000	6	4jm2
k693	4jm2	cr-4-m2-93	ok	0.000	0.000	6	4jm2
k694	4jm2	cr-4-m2-94	ok	0.000	0.000	4	4jm2
k695	4jm2	cr-4-m2-95	ok	0.000	0.000	4	4jm2
k696	4jm2	cr-4-m2-96	ok	0.000	0.000	4	4jm2
k697	4jm2	cr-4-m2-97	ok	0.000	0.000	4	4jm2
k698	4jm2	cr-4-m2-98	ok	0.000	0.000	4	4jm2
k699	4jm2	cr-4-m2-99	ok	0.000	0.000	8	4jm2
k700	4jm2	cr-4-m2-100	ok	0.000	0.000	4	4jm2
k701	4jm2	cr-4-m2-101	ok	0.000	0.000	6	4jm2
k702	4jm2	cr-4-m2-102	ok	0.000	0.000	4	4jm2
k703	4jm2	cr-4-m2-103	ok	0.000	0.000	6	4jm2
k704	4jm2	cr-4-m2-104	ok	0.000	0.000	4	4jm2
k705	4jm2	cr-4-m2-105	ok	0.000	0.000	4	4jm2
k706	4jm2	cr-4-m2-106	ok	0.000	0.000	6	4jm2
k707	4jm2	cr-4-m2-107	ok	0.000	0.000	4	4jm2
k708	4jm2	cr-4-m2-108	ok	0.000	0.000	6	4jm2
k709	4jm2	cr-4-m2-109	ok	0.000	0.000	8	4jm2
k710	4jm2	cr-4-m2-110	ok	0.000	0.000	4	4jm2
k711	4jm2	cr-4-m2-111	ok	0.000	0.000	8	4jm2
k712	4jm2	cr-4-m2-112	ok	0.000	0.000	6	4jm2
k713	4jm2	cr-4-m2-113	ok	0.000	0.000	4	4jm2
k714	4jm2	cr-4-m2-114	ok	0.000	0.000	4	4jm2
k715	4jm2	cr-4-m2-115	ok	0.000	0.000	8	4jm2
k716	4jm2	cr-4-m2-116	ok	0.000	0.000	4	4jm2
k717	4jm2	cr-4-m2-117	ok	0.000	0.000	4	4jm2
k718	4jm2	cr-4-m2-118	ok	0.000	0.000	4	4jm2
k719	4jm2	cr-4-m2-119	ok	0.000	0.000	4	4jm2
k720	4jm2	cr-4-m2-120	ok	0.000	0.000	6	4jm2
k721	4jm2	cr-4-m2-121	ok	0.000	0.000	4	4jm2
k722	4jm2	cr-4-m2-122	ok	0.000	0.000	4	4jm2
k723	4jm2	cr-4-m2-123	ok	0.000	0.000	6	4jm2
k724	4jm2	cr-4-m2-124	ok	0.000	0.000	4	4jm2
k725	4jm2	cr-4-m2-125	ok	0.000	0.000	6	4jm2
k726	4jm2	cr-4-m2-126	ok	0.000	0.000	4	4jm2
k727	4jm2	cr-4-m2-127	ok	0.000	0.000	6	4jm2
k728	4jm2	cr-4-m2-128	ok	0.000	0.000	4	4jm2
k729	4jm2	cr-4-m2-129	ok	0.000	0.000	8	4jm2
k730	4jm2	cr-4-m2-130	ok	0.000	0.000	4	4jm2
k731	4jm2	cr-4-m2-131	ok	0.000	0.000	8	4jm2
k732	4jm2	cr-4-m2-132	ok	0.000	0.000	8	4jm2
k733	4jm2	cr-4-m2-133	ok	0.000	0.000	6	4jm2
k734	4jm2	cr-4-m2-134	ok	0.000	0.000	4	4jm2
k735	4jm2	cr-4-m2-135	ok	0.000	0.000	4	4jm2
k736	4jm2	cr-4-m2-136	ok	0.000	0.000	6	4jm2
k737	4jm2	cr-4-m2-137	ok	0.000	0.000	4	4jm2
k738	4jm2	cr-4-m2-138	ok	0.000	0.000	8	4jm2
k739	4jm2	cr-4-m2-139	ok	0.000	0.000	8	4jm2
k740	4jm2	cr-4-m2-140	ok	0.000	0.000	4	4jm2
k741	4jm2	cr-4-m2-141	ok	0.000	0.000	6	4jm2
k742	4jm2	cr-4-m2-142	ok	0.000	0.000	6	4jm2
k743	4jm2	cr-4-m2-143	ok	0.000	0.000	4	4jm2
k744	4jm2	cr-4-m2-144	ok	0.000	0.000	4	4jm2
k745	4jm2	cr-4-m2-145	ok	0.000	0.000	4	4jm2
k746	4jm2	cr-4-m2-146	ok	0.000	0.000	4	4jm2
k747	4jm2	cr-4-m2-147	ok	0.000	0.000	8	4jm2
k748	4jm2	cr-4-m2-148	ok	0.000	0.000	4	4jm2
k749	4jm2	cr-4-m2-149	ok	0.000	0.000	6	4jm2
k750	4jm2	cr-4-m2-150	ok	0.000	0.000	4	4jm2
k751	4jm2	cr-4-m2-151	ok	0.000	0.000	8	4jm2
k752	4jm2	cr-4-m2-152	ok	0.000	0.000	8	4jm2
k753	4jm2	cr-4-m2-153	ok	0.000	0.000	4	4jm2
k754	4jm2	cr-4-m2-154	ok	0.000	0.000	8	4jm2
k755	4jm2	cr-4-m2-155	ok	0.000	0.000	6	4jm2
k756	4jm2	cr-4-m2-156	ok	0.000	0.000	8	4jm2
k757	4jm2	cr-4-m2-157	ok	0.000	0.000	6	4jm2
k758	4jm2	cr-4-m2-158	ok	0.000	0.000	6	4jm2
k759	4jm2	cr-4-m2-159	ok	0.000	0.000	4	4jm2
k760	4jm2	cr-4-m2-160	ok	0.000	0.000	4	4jm2
k761	4jm2	cr-4-m2-161	ok	0.000	0.000	4	4jm2
k762	4jm2	cr-4-m2-162	ok	0.000	0.000	4	4jm2
k763	4jm2	cr-4-m2-163	ok	0.000	0.000	4	4jm2
k764	4jm2	cr-4-m2-164	ok	0.000	0.000	4	4jm2
k765	4jm2	cr-4-m2-165	ok	0.000	0.000	6	4jm2
k766	4jm2	cr-4-m2-166	ok	0.000	0.000	4	4jm2
k767	4jm2	cr-4-m2-167	ok	0.000	0.000	8	4jm2
k768	4jm2	cr-4-m2-168	ok	0.000	0.000	4	4jm2
k769	4jm2	cr-4-m2-169	ok	0.000	0.000	4	4jm2
k770	4jm2	cr-4-m2-170	ok	0.000	0.000	6	4jm2
k771	4jm2	cr-4-m2-171	ok	0.000	0.000	4	4jm2
k772	4jm2	cr-4-m2-172	ok	0.000	0.000	4	4jm2
k773	4jm2	cr-4-m2-173	ok	0.000	0.000	8	4jm2
k774	4jm2	cr-4-m2-174	ok	0.000	0.000	8	4jm2
k775	4jm2	cr-4-m2-175	ok	0.000	0.000	8	4jm2
k776	4jm2	cr-4-m2-176	ok	0.000	0.000	8	4jm2
k777	4jm2	cr-4-m2-177	ok	0.000	0.000	8	4jm2
k778	4jm2	cr-4-m2-178	ok	0.000	0.000	4	4jm2
k779	4jm2	cr-4-m2-179	ok	0.000	0.000	4	4jm2
k780	4jm2	cr-4-m2-180	ok	0.000	0.000	6	4jm2
k781	4jm2	cr-4-m2-181	ok	0.000	0.000	4	4jm2
k782	4jm2	cr-4-m2-182	ok	0.000	0.000	6	4jm2
k783	4jm2	cr-4-m2-183	ok	0.000	0.000	8	4jm2
k784	4jm2	cr-4-m2-184	ok	0.000	0.000	6	4jm2
k785	4jm2	cr-4-m2-185	ok	0.000	0.000	4	4jm2
k786	4jm2	cr-4-m2-186	ok	0.000	0.000	4	4jm2
k787	4jm2	cr-4-m2-187	ok	0.000	0.000	6	4jm2
k788	4jm2	cr-4-m2-188	ok	0.000	0.000	4	4jm2
k789	4jm2	cr-4-m2-189	ok	0.000	0.000	8	4jm2
k790	4jm2	cr-4-m2-190	ok	0.000	0.000	4	4jm2
k791	4jm2	cr-4-m2-191	ok	0.000	0.000	4	4jm2
k792	4jm2	cr-4-m2-192	ok	0.000	0.000	4	4jm2
k793	4jm2	cr-4-m2-193	ok	0.000	0.000	8	4jm2
k794	4jm2	cr-4-m2-194	ok	0.000	0.000	4	4jm2
k795	4jm2	cr-4-m2-195	ok	0.000	0.000	4	4jm2
k796	4jm2	cr-4-m2-196	ok	0.000	0.000	4	4jm2
k797	4jm2	cr-4-m2-197	ok	0.000	0.000	8	4jm2
k798	4jm2	cr-4-m2-198	ok	0.000	0.000	6	4jm2
k799	4jm2	cr-4-m2-199	ok	0.000	0.000	4	4jm2
k800	4jm2	cr-4-m2-200	ok	0.000	0.000	4	4jm2
k801	4jmd2	cr-4-md2-1	ok	0.000	0.000	4	4jmd2
k802	4jmd2	cr-4-md2-2	ok	0.000	0.000	4	4jmd2
k803	4jmd2	cr-4-md2-3	ok	0.000	0.000	4	4jmd2
k804	4jmd2	cr-4-md2-4	ok	0.000	0.000	5	4jmd2
k805	4jmd2	cr-4-md2-5	ok	0.000	0.000	4	4jmd2
k806	4jmd2	cr-4-md2-6	ok	0.000	0.000	4	4jmd2
k807	4jmd2	cr-4-md2-7	ok	0.000	0.000	5	4jmd2
k808	4jmd2	cr-4-md2-8	ok	0.000	0.000	4	4jmd2
k809	4jmd2	cr-4-md2-9	ok	0.000	0.000	4	4jmd2
k810	4jmd2	cr-4-md2-10	ok	0.000	0.000	6	4jmd2
k811	4jmd2	cr-4-md2-11	ok	0.000	0.000	4	4jmd2
k812	4jmd2	cr-4-md2-12	ok	0.000	0.000	4	4jmd2
k813	4jmd2	cr-4-md2-13	ok	0.000	0.000	4	4jmd2
k814	4jmd2	cr-4-md2-14	ok	0.000	0.000	5	4jmd2
k815	4jmd2	cr-4-md2-15	ok	0.000	0.000	5	4jmd2
k816	4jmd2	cr-4-md2-16	ok	0.000	0.000	4	4jmd2
k817	4jmd2	cr-4-md2-17	ok	0.000	0.000	3	4jmd2
k818	4jmd2	cr-4-md2-18	ok	0.000	0.000	4	4jmd2
k819	4jmd2	cr-4-md2-19	ok	0.000	0.000	4	4jmd2
k820	4jmd2	cr-4-md2-20	ok	0.000	0.000	4	4jmd2
k821	4jmd2	cr-4-md2-21	ok	0.000	0.000	5	4jmd2
k822	4jmd2	cr-4-md2-22	ok	0.000	0.000	4	4jmd2
k823	4jmd2	cr-4-md2-23	ok	0.000	0.000	5	4jmd2
k824	4jmd2	cr-4-md2-24	ok	0.000	0.000	6	4jmd2
k825	4jmd2	cr-4-md2-25	ok	0.000	0.000	4	4jmd2
k826	4jmd2	cr-4-md2-26	ok	0.000	0.000	3	4jmd2
k827	4jmd2	cr-4-md2-27	ok	0.000	0.000	4	4jmd2
k828	4jmd2	cr-4-md2-28	ok	0.000	0.000	5	4jmd2
k829	4jmd2	cr-4-md2-29	ok	0.000	0.000	6	4jmd2
k830	4jmd2	cr-4-md2-30	ok	0.000	0.000	4	4jmd2
k831	4jmd2	cr-4-md2-31	ok	0.000	0.000	3	4jmd2
k832	4jmd2	cr-4-md2-32	ok	0.000	0.000	5	4jmd2
k833	4jmd2	cr-4-md2-33	ok	0.000	0.000	5	4jmd2
k834	4jmd2	cr-4-md2-34	ok	0.000	0.000	4	4jmd2
k835	4jmd2	cr-4-md2-35	ok	0.000	0.000	5	4jmd2
k836	4jmd2	cr-4-md2-36	ok	0.000	0.000	4	4jmd2
k837	4jmd2	cr-4-md2-37	ok	0.000	0.000	4	4jmd2
k838	4jmd2	cr-4-md2-38	ok	0.000	0.000	5	4jmd2
k839	4jmd2	cr-4-md2-39	ok	0.000	0.000	4	4jmd2
k840	4jmd2	cr-4-md2-40	ok	0.000	0.000	5	4jmd2
k841	4jmd2	cr-4-md2-41	ok	0.000	0.000	4	4jmd2
k842	4jmd2	cr-4-md2-42	ok	0.000	0.000	5	4jmd2
k843	4jmd2	cr-4-md2-43	ok	0.000	0.000	3	4jmd2
k844	4jmd2	cr-4-md2-44	ok	0.000	0.000	5	4jmd2
k845	4jmd2	cr-4-md2-45	ok	0.000	0.000	4	4jmd2
k846	4jmd2	cr-4-md2-46	ok	0.000	0.000	4	4jmd2
k847	4jmd2	cr-4-md2-47	ok	0.000	0.000	6	4jmd2
k848	4jmd2	cr-4-md2-48	ok	0.000	0.000	4	4jmd2
k849	4jmd2	cr-4-md2-49	ok	0.000	0.000	4	4jmd2
k850	4jmd2	cr-4-md2-50	ok	0.000	0.000	4	4jmd2
k851	4jmd2	cr-4-md2-51	ok	0.000	0.000	5	4jmd2
k852	4jmd2	cr-4-md2-52	ok	0.000	0.000	5	4jmd2
k853	4jmd2	cr-4-md2-53	ok	0.000	0.000	4	4jmd2
k854	4jmd2	cr-4-md2-54	ok	0.000	0.000	5	4jmd2
k855	4jmd2	cr-4-md2-55	ok	0.000	0.000	4	4jmd2
k856	4jmd2	cr-4-md2-56	ok	0.000	0.000	6	4jmd2
k857	4jmd2	cr-4-md2-57	ok	0.000	0.000	5	4jmd2
k858	4jmd2	cr-4-md2-58	ok	0.000	0.000	4	4jmd2
k859	4jmd2	cr-4-md2-59	ok	0.000	0.000	5	4jmd2
k860	4jmd2	cr-4-md2-60	ok	0.000	0.000	4	4jmd2
k861	4jmd2	cr-4-md2-61	ok	0.000	0.000	5	4jmd2
k862	4jmd2	cr-4-md2-62	ok	0.000	0.000	5	4jmd2
k863	4jmd2	cr-4-md2-63	ok	0.000	0.000	4	4jmd2
k864	4jmd2	cr-4-md2-64	ok	0.000	0.000	6	4jmd2
k865	4jmd2	cr-4-md2-65	ok	0.000	0.000	6	4jmd2
k866	4jmd2	cr-4-md2-66	ok	0.000	0.000	6	4jmd2
k867	4jmd2	cr-4-md2-67	ok	0.000	0.000	4	4jmd2
k868	4jmd2	cr-4-md2-68	ok	0.000	0.000	4	4jmd2
k869	4jmd2	cr-4-md2-69	ok	0.000	0.000	6	4jmd2
k870	4jmd2	cr-4-md2-70	ok	0.000	0.000	4	4jmd2
k871	4jmd2	cr-4-md2-71	ok	0.000	0.000	5	4jmd2
k872	4jmd2	cr-4-md2-72	ok	0.000	0.000	4	4jmd2
k873	4jmd2	cr-4-md2-73	ok	0.000	0.000	6	4jmd2
k874	4jmd2	cr-4-md2-74	ok	0.000	0.000	4	4jmd2
k875	4jmd2	cr-4-md2-75	ok	0.000	0.000	4	4jmd2
k876	4jmd2	cr-4-md2-76	ok	0.000	0.000	5	4jmd2
k877	4jmd2	cr-4-md2-77	ok	0.000	0.000	5	4jmd2
k878	4jmd2	cr-4-md2-78	ok	0.000	0.000	6	4jmd2
k879	4jmd2	cr-4-md2-79	ok	0.000	0.000	3	4jmd2
k880	4jmd2	cr-4-md2-80	ok	0.000	0.000	4	4jmd2
k881	4jmd2	cr-4-md2-81	ok	0.000	0.000	4	4jmd2
k882	4jmd2	cr-4-md2-82	ok	0.000	0.000	5	4jmd2
k883	4jmd2	cr-4-md2-83	ok	0.000	0.000	3	4jmd2
k884	4jmd2	cr-4-md2-84	ok	0.000	0.000	4	4jmd2
k885	4jmd2	cr-4-md2-85	ok	0.000	0.000	4	4jmd2
k886	4jmd2	cr-4-md2-86	ok	0.000	0.000	3	4jmd2
k887	4jmd2	cr-4-md2-87	ok	0.000	0.000	5	4jmd2
k888	4jmd2	cr-4-md2-88	ok	0.000	0.000	5	4jmd2
k889	4jmd2	cr-4-md2-89	ok	0.000	0.000	4	4jmd2
k890	4jmd2	cr-4-md2-90	ok	0.000	0.000	4	4jmd2
k891	4jmd2	cr-4-md2-91	ok	0.000	0.000	5	4jmd2
k892	4jmd2	cr-4-md2-92	ok	0.000	0.000	5	4jmd2
k893	4jmd2	cr-4-md2-93	ok	0.000	0.000	4	4jmd2
k894	4jmd2	cr-4-md2-94	ok	0.000	0.000	4	4jmd2
k895	4jmd2	cr-4-md2-95	ok	0.000	0.000	4	4jmd2
k896	4jmd2	cr-4-md2-96	ok	0.000	0.000	4	4jmd2
k897	4jmd2	cr-4-md2-97	ok	0.000	0.000	4	4jmd2
k898	4jmd2	cr-4-md2-98	ok	0.000	0.000	5	4jmd2
k899	4jmd2	cr-4-md2-99	ok	0.000	0.000	6	4jmd2
k900	4jmd2	cr-4-md2-100	ok	0.000	0.000	6	4jmd2
k901	4jmd2	cr-4-md2-101	ok	0.000	0.000	5	4jmd2
k902	4jmd2	cr-4-md2-102	ok	0.000	0.000	4	4jmd2
k903	4jmd2	cr-4-md2-103	ok	0.000	0.000	6	4jmd2
k904	4jmd2	cr-4-md2-104	ok	0.000	0.000	6	4jmd2
k905	4jmd2	cr-4-md2-105	ok	0.000	0.000	5	4jmd2
k906	4jmd2	cr-4-md2-106	ok	0.000	0.000	6	4jmd2
k907	4jmd2	cr-4-md2-107	ok	0.000	0.000	4	4jmd2
k908	4jmd2	cr-4-md2-108	ok	0.000	0.000	5	4jmd2
k909	4jmd2	cr-4-md2-109	ok	0.000	0.000	6	4jmd2
k910	4jmd2	cr-4-md2-110	ok	0.000	0.000	4	4jmd2
k911	4jmd2	cr-4-md2-111	ok	0.000	0.000	4	4jmd2
k912	4jmd2	cr-4-md2-112	ok	0.000	0.000	6	4jmd2
k913	4jmd2	cr-4-md2-113	ok	0.000	0.000	3	4jmd2
k914	4jmd2	cr-4-md2-114	ok	0.000	0.000	4	4jmd2
k915	4jmd2	cr-4-md2-115	ok	0.000	0.000	5	4jmd2
k916	4jmd2	cr-4-md2-116	ok	0.000	0.000	4	4jmd2
k917	4jmd2	cr-4-md2-117	ok	0.000	0.000	4	4jmd2
k918	4jmd2	cr-4-md2-118	ok	0.000	0.000	4	4jmd2
k919	4jmd2	cr-4-md2-119	ok	0.000	0.000	5	4jmd2
k920	4jmd2	cr-4-md2-120	ok	0.000	0.000	5	4jmd2
k921	4jmd2	cr-4-md2-121	ok	0.000	0.000	5	4jmd2
k922	4jmd2	cr-4-md2-122	ok	0.000	0.000	5	4jmd2
k923	4jmd2	cr-4-md2-123	ok	0.000	0.000	3	4jmd2
k924	4jmd2	cr-4-md2-124	ok	0.000	0.000	6	4jmd2
k925	4jmd2	cr-4-md2-125	ok	0.000	0.000	5	4jmd2
k926	4jmd2	cr-4-md2-126	ok	0.000	0.000	5	4jmd2
k927	4jmd2	cr-4-md2-127	ok	0.000	0.000	5	4jmd2
k928	4jmd2	cr-4-md2-128	ok	0.000	0.000	4	4jmd2
k929	4jmd2	cr-4-md2-129	ok	0.000	0.000	3	4jmd2
k930	4jmd2	cr-4-md2-130	ok	0.000	0.000	4	4jmd2
k931	4jmd2	cr-4-md2-131	ok	0.000	0.000	4	4jmd2
k932	4jmd2	cr-4-md2-132	ok	0.000	0.000	4	4jmd2
k933	4jmd2	cr-4-md2-133	ok	0.000	0.000	5	4jmd2
k934	4jmd2	cr-4-md2-134	ok	0.000	0.000	5	4jmd2
k935	4jmd2	cr-4-md2-135	ok	0.000	0.000	5	4jmd2
k936	4jmd2	cr-4-md2-136	ok	0.000	0.000	5	4jmd2
k937	4jmd2	cr-4-md2-137	ok	0.000	0.000	5	4jmd2
k938	4jmd2	cr-4-md2-138	ok	0.000	0.000	5	4jmd2
k939	4jmd2	cr-4-md2-139	ok	0.000	0.000	5	4jmd2
k940	4jmd2	cr-4-md2-140	ok	0.000	0.000	5	4jmd2
k941	4jmd2	cr-4-md2-141	ok	0.000	0.000	3	4jmd2
k942	4jmd2	cr-4-md2-142	ok	0.000	0.000	5	4jmd2
k943	4jmd2	cr-4-md2-143	ok	0.000	0.000	5	4jmd2
k944	4jmd2	cr-4-md2-144	ok	0.000	0.000	4	4jmd2
k945	4jmd2	cr-4-md2-145	ok	0.000	0.000	4	4jmd2
k946	4jmd2	cr-4-md2-146	ok	0.000	0.000	4	4jmd2
k947	4jmd2	cr-4-md2-147	ok	0.000	0.000	4	4jmd2
k948	4jmd2	cr-4-md2-148	ok	0.000	0.000	5	4jmd2
k949	4jmd2	cr-4-md2-149	ok	0.000	0.000	8	4jmd2
k950	4jmd2	cr-4-md2-150	ok	0.000	0.000	4	4jmd2
k951	4jmd2	cr-4-md2-151	ok	0.000	0.000	4	4jmd2
k952	4jmd2	cr-4-md2-152	ok	0.000	0.000	4	4jmd2
k953	4jmd2	cr-4-md2-153	ok	0.000	0.000	4	4jmd2
k954	4jmd2	cr-4-md2-154	ok	0.000	0.000	5	4jmd2
k955	4jmd2	cr-4-md2-155	ok	0.000	0.000	5	4jmd2
k956	4jmd2	cr-4-md2-156	ok	0.000	0.000	4	4jmd2
k957	4jmd2	cr-4-md2-157	ok	0.000	0.000	4	4jmd2
k958	4jmd2	cr-4-md2-158	ok	0.000	0.000	3	4jmd2
k959	4jmd2	cr-4-md2-159	ok	0.000	0.000	6	4jmd2
k960	4jmd2	cr-4-md2-160	ok	0.000	0.000	3	4jmd2
k961	4jmd2	cr-4-md2-161	ok	0.000	0.000	6	4jmd2
k962	4jmd2	cr-4-md2-162	ok	0.000	0.000	6	4jmd2
k963	4jmd2	cr-4-md2-163	ok	0.000	0.000	4	4jmd2
k964	4jmd2	cr-4-md2-164	ok	0.000	0.000	4	4jmd2
k965	4jmd2	cr-4-md2-165	ok	0.000	0.000	4	4jmd2
k966	4jmd2	cr-4-md2-166	ok	0.000	0.000	5	4jmd2
k967	4jmd2	cr-4-md2-167	ok	0.000	0.000	5	4jmd2
k968	4jmd2	cr-4-md2-168	ok	0.000	0.000	5	4jmd2
k969	4jmd2	cr-4-md2-169	ok	0.000	0.000	5	4jmd2
k970	4jmd2	cr-4-md2-170	ok	0.000	0.000	4	4jmd2
k971	4jmd2	cr-4-md2-171	ok	0.000	0.000	4	4jmd2
k972	4jmd2	cr-4-md2-172	ok	0.000	0.000	5	4jmd2
k973	4jmd2	cr-4-md2-173	ok	0.000	0.000	4	4jmd2
k974	4jmd2	cr-4-md2-174	ok	0.000	0.000	4	4jmd2
k975	4jmd2	cr-4-md2-175	ok	0.000	0.000	5	4jmd2
k976	4jmd2	cr-4-md2-176	ok	0.000	0.000	3	4jmd2
k977	4jmd2	cr-4-md2-177	ok	0.000	0.000	5	4jmd2
k978	4jmd2	cr-4-md2-178	ok	0.000	0.000	5	4jmd2
k979	4jmd2	cr-4-md2-179	ok	0.000	0.000	5	4jmd2
k980	4jmd2	cr-4-md2-180	ok	0.000	0.000	3	4jmd2
k981	4jmd2	cr-4-md2-181	ok	0.000	0.000	4	4jmd2
k982	4jmd2	cr-4-md2-182	ok	0.000	0.000	3	4jmd2
k983	4jmd2	cr-4-md2-183	ok	0.000	0.000	5	4jmd2
k984	4jmd2	cr-4-md2-184	ok	0.000	0.000	6	4jmd2
k985	4jmd2	cr-4-md2-185	ok	0.000	0.000	6	4jmd2
k986	4jmd2	cr-4-md2-186	ok	0.000	0.000	6	4jmd2
k987	4jmd2	cr-4-md2-187	ok	0.000	0.000	6	4jmd2
k988	4jmd2	cr-4-md2-188	ok	0.000	0.000	4	4jmd2
k989	4jmd2	cr-4-md2-189	ok	0.000	0.000	5	4jmd2
k990	4jmd2	cr-4-md2-190	ok	0.000	0.000	5	4jmd2
k991	4jmd2	cr-4-md2-191	ok	0.000	0.000	5	4jmd2
k992	4jmd2	cr-4-md2-192	ok	0.000	0.000	4	4jmd2
k993	4jmd2	cr-4-md2-193	ok	0.000	0.000	5	4jmd2
k994	4jmd2	cr-4-md2-194	ok	0.000	0.000	6	4jmd2
k995	4jmd2	cr-4-md2-195	ok	0.000	0.000	4	4jmd2
k996	4jmd2	cr-4-md2-196	ok	0.000	0.000	5	4jmd2
k997	4jmd2	cr-4-md2-197	ok	0.000	0.000	4	4jmd2
k998	4jmd2	cr-4-md2-198	ok	0.000	0.000	6	4jmd2
k999	4jmd2	cr-4-md2-199	ok	0.000	0.000	4	4jmd2
k1000	4jmd2	cr-4-md2-200	ok	0.000	0.000	4	4jmd2
k1001	4jm4	cr-4-m4-1	ok	0.000	0.000	4	4jm4
k1002	4jm4	cr-4-m4-2	ok	0.001	0.000	8	4jm4
k1003	4jm4	cr-4-m4-3	ok	0.000	0.000	4	4jm4
k1004	4jm4	cr-4-m4-4	ok	0.000	0.000	8	4jm4
k1005	4jm4	cr-4-m4-5	ok	0.000	0.000	4	4jm4
k1006	4jm4	cr-4-m4-6	ok	0.000	0.000	4	4jm4
k1007	4jm4	cr-4-m4-7	ok	0.000	0.000	8	4jm4
k1008	4jm4	cr-4-m4-8	ok	0.000	0.000	4	4jm4
k1009	4jm4	cr-4-m4-9	ok	0.000	0.000	8	4jm4
k1010	4jm4	cr-4-m4-10	ok	0.000	0.000	8	4jm4
k1011	4jm4	cr-4-m4-11	ok	0.000	0.000	8	4jm4
k1012	4jm4	cr-4-m4-12	ok	0.000	0.000	4	4jm4
k1013	4jm4	cr-4-m4-13	ok	0.000	0.000	8	4jm4
k1014	4jm4	cr-4-m4-14	ok	0.000	0.000	4	4jm4
k1015	4jm4	cr-4-m4-15	crash	0.000	0.000	-1	4jm4
k1016	4jm4	cr-4-m4-16	ok	0.000	0.000	4	4jm4
k1017	4jm4	cr-4-m4-17	ok	0.000	0.000	4	4jm4
k1018	4jm4	cr-4-m4-18	ok	0.000	0.000	4	4jm4
k1019	4jm4	cr-4-m4-19	ok	0.000	0.000	8	4jm4
k1020	4jm4	cr-4-m4-20	ok	0.000	0.000	4	4jm4
k1021	4jm4	cr-4-m4-21	ok	0.000	0.000	8	4jm4
k1022	4jm4	cr-4-m4-22	ok	0.000	0.000	4	4jm4
k1023	4jm4	cr-4-m4-23	ok	0.000	0.000	8	4jm4
k1024	4jm4	cr-4-m4-24	ok	0.000	0.000	4	4jm4
k1025	4jm4	cr-4-m4-25	ok	0.000	0.000	4	4jm4
k1026	4jm4	cr-4-m4-26	ok	0.000	0.000	8	4jm4
k1027	4jm4	cr-4-m4-27	crash	0.000	0.000	-1	4jm4
k1028	4jm4	cr-4-m4-28	ok	0.000	0.000	8	4jm4
k1029	4jm4	cr-4-m4-29	ok	0.000	0.000	8	4jm4
k1030	4jm4	cr-4-m4-30	ok	0.000	0.000	8	4jm4
k1031	4jm4	cr-4-m4-31	ok	0.000	0.000	4	4jm4
k1032	4jm4	cr-4-m4-32	ok	0.000	0.000	8	4jm4
k1033	4jm4	cr-4-m4-33	crash	0.000	0.000	-1	4jm4
k1034	4jm4	cr-4-m4-34	ok	0.000	0.000	8	4jm4
k1035	4jm4	cr-4-m4-35	ok	0.000	0.000	8	4jm4
k1036	4jm4	cr-4-m4-36	ok	0.000	0.000	4	4jm4
k1037	4jm4	cr-4-m4-37	ok	0.000	0.000	8	4jm4
k1038	4jm4	cr-4-m4-38	ok	0.000	0.000	4	4jm4
k1039	4jm4	cr-4-m4-39	ok	0.000	0.000	8	4jm4
k1040	4jm4	cr-4-m4-40	ok	0.000	0.000	8	4jm4
k1041	4jm4	cr-4-m4-41	ok	0.000	0.000	8	4jm4
k1042	4jm4	cr-4-m4-42	ok	0.000	0.000	4	4jm4
k1043	4jm4	cr-4-m4-43	ok	0.000	0.000	8	4jm4
k1044	4jm4	cr-4-m4-44	ok	0.000	0.000	8	4jm4
k1045	4jm4	cr-4-m4-45	ok	0.000	0.000	4	4jm4
k1046	4jm4	cr-4-m4-46	ok	0.000	0.000	4	4jm4
k1047	4jm4	cr-4-m4-47	ok	0.000	0.000	8	4jm4
k1048	4jm4	cr-4-m4-48	crash	0.000	0.000	-1	4jm4
k1049	4jm4	cr-4-m4-49	ok	0.000	0.000	8	4jm4
k1050	4jm4	cr-4-m4-50	ok	0.000	0.000	8	4jm4
k1051	4jm4	cr-4-m4-51	ok	0.000	0.000	4	4jm4
k1052	4jm4	cr-4-m4-52	ok	0.000	0.000	4	4jm4
k1053	4jm4	cr-4-m4-53	ok	0.000	0.000	8	4jm4
k1054	4jm4	cr-4-m4-54	ok	0.000	0.000	8	4jm4
k1055	4jm4	cr-4-m4-55	ok	0.000	0.000	4	4jm4
k1056	4jm4	cr-4-m4-56	ok	0.000	0.000	4	4jm4
k1057	4jm4	cr-4-m4-57	ok	0.000	0.000	4	4jm4
k1058	4jm4	cr-4-m4-58	ok	0.000	0.000	8	4jm4
k1059	4jm4	cr-4-m4-59	ok	0.000	0.000	8	4jm4
k1060	4jm4	cr-4-m4-60	ok	0.000	0.000	4	4jm4
k1061	4jm4	cr-4-m4-61	ok	0.000	0.000	4	4jm4
k1062	4jm4	cr-4-m4-62	ok	0.000	0.000	4	4jm4
k1063	4jm4	cr-4-m4-63	crash	0.000	0.000	-1	4jm4
k1064	4jm4	cr-4-m4-64	ok	0.000	0.000	4	4jm4
k1065	4jm4	cr-4-m4-65	ok	0.000	0.000	8	4jm4
k1066	4jm4	cr-4-m4-66	ok	0.000	0.000	4	4jm4
k1067	4jm4	cr-4-m4-67	ok	0.000	0.000	8	4jm4
k1068	4jm4	cr-4-m4-68	ok	0.000	0.000	4	4jm4
k1069	4jm4	cr-4-m4-69	ok	0.000	0.000	4	4jm4
k1070	4jm4	cr-4-m4-70	ok	0.000	0.000	4	4jm4
k1071	4jm4	cr-4-m4-71	ok	0.000	0.000	8	4jm4
k1072	4jm4	cr-4-m4-72	ok	0.000	0.000	4	4jm4
k1073	4jm4	cr-4-m4-73	ok	0.000	0.000	4	4jm4
k1074	4jm4	cr-4-m4-74	ok	0.000	0.000	4	4jm4
k1075	4jm4	cr-4-m4-75	crash	0.000	0.000	-1	4jm4
k1076	4jm4	cr-4-m4-76	ok	0.000	0.000	4	4jm4
k1077	4jm4	cr-4-m4-77	crash	0.000	0.000	-1	4jm4
k1078	4jm4	cr-4-m4-78	ok	0.000	0.000	8	4jm4
k1079	4jm4	cr-4-m4-79	ok	0.000	0.000	4	4jm4
k1080	4jm4	cr-4-m4-80	crash	0.000	0.000	-1	4jm4
k1081	4jm4	cr-4-m4-81	ok	0.000	0.000	4	4jm4
k1082	4jm4	cr-4-m4-82	ok	0.000	0.000	8	4jm4
k1083	4jm4	cr-4-m4-83	crash	0.000	0.000	-1	4jm4
k1084	4jm4	cr-4-m4-84	ok	0.000	0.000	8	4jm4
k1085	4jm4	cr-4-m4-85	ok	0.000	0.000	8	4jm4
k1086	4jm4	cr-4-m4-86	ok	0.000	0.000	8	4jm4
k1087	4jm4	cr-4-m4-87	ok	0.000	0.000	4	4jm4
k1088	4jm4	cr-4-m4-88	ok	0.000	0.000	8	4jm4
k1089	4jm4	cr-4-m4-89	ok	0.000	0.000	4	4jm4
k1090	4jm4	cr-4-m4-90	ok	0.000	0.000	8	4jm4
k1091	4jm4	cr-4-m4-91	ok	0.000	0.000	8	4jm4
k1092	4jm4	cr-4-m4-92	ok	0.000	0.000	8	4jm4
k1093	4jm4	cr-4-m4-93	ok	0.000	0.000	4	4jm4
k1094	4jm4	cr-4-m4-94	ok	0.000	0.000	8	4jm4
k1095	4jm4	cr-4-m4-95	crash	0.000	0.000	-1	4jm4
k1096	4jm4	cr-4-m4-96	ok	0.000	0.000	4	4jm4
k1097	4jm4	cr-4-m4-97	ok	0.000	0.000	8	4jm4
k1098	4jm4	cr-4-m4-98	ok	0.000	0.000	4	4jm4
k1099	4jm4	cr-4-m4-99	ok	0.000	0.000	4	4jm4
k1100	4jm4	cr-4-m4-100	ok	0.000	0.000	8	4jm4
k1101	4jm4	cr-4-m4-101	ok	0.000	0.000	8	4jm4
k1102	4jm4	cr-4-m4-102	ok	0.000	0.000	8	4jm4
k1103	4jm4	cr-4-m4-103	ok	0.000	0.000	4	4jm4
k1104	4jm4	cr-4-m4-104	ok	0.000	0.000	8	4jm4
k1105	4jm4	cr-4-m4-105	ok	0.000	0.000	8	4jm4
k1106	4jm4	cr-4-m4-106	ok	0.000	0.000	4	4jm4
k1107	4jm4	cr-4-m4-107	ok	0.000	0.000	8	4jm4
k1108	4jm4	cr-4-m4-108	ok	0.000	0.000	4	4jm4
k1109	4jm4	cr-4-m4-109	ok	0.000	0.000	4	4jm4
k1110	4jm4	cr-4-m4-110	ok	0.000	0.000	8	4jm4
k1111	4jm4	cr-4-m4-111	ok	0.000	0.000	4	4jm4
k1112	4jm4	cr-4-m4-112	ok	0.000	0.000	4	4jm4
k1113	4jm4	cr-4-m4-113	ok	0.000	0.000	8	4jm4
k1114	4jm4	cr-4-m4-114	ok	0.000	0.000	8	4jm4
k1115	4jm4	cr-4-m4-115	ok	0.000	0.000	4	4jm4
k1116	4jm4	cr-4-m4-116	ok	0.000	0.000	4	4jm4
k1117	4jm4	cr-4-m4-117	ok	0.000	0.000	8	4jm4
k1118	4jm4	cr-4-m4-118	ok	0.000	0.000	8	4jm4
k1119	4jm4	cr-4-m4-119	ok	0.000	0.000	8	4jm4
k1120	4jm4	cr-4-m4-120	ok	0.000	0.000	4	4jm4
k1121	4jm4	cr-4-m4-121	ok	0.000	0.000	8	4jm4
k1122	4jm4	cr-4-m4-122	ok	0.000	0.000	4	4jm4
k1123	4jm4	cr-4-m4-123	ok	0.000	0.000	8	4jm4
k1124	4jm4	cr-4-m4-124	ok	0.000	0.000	4	4jm4
k1125	4jm4	cr-4-m4-125	ok	0.000	0.000	4	4jm4
k1126	4jm4	cr-4-m4-126	ok	0.000	0.000	8	4jm4
k1127	4jm4	cr-4-m4-127	ok	0.000	0.000	4	4jm4
k1128	4jm4	cr-4-m4-128	ok	0.000	0.000	8	4jm4
k1129	4jm4	cr-4-m4-129	ok	0.000	0.000	4	4jm4
k1130	4jm4	cr-4-m4-130	ok	0.000	0.000	8	4jm4
k1131	4jm4	cr-4-m4-131	ok	0.000	0.000	4	4jm4
k1132	4jm4	cr-4-m4-132	ok	0.000	0.000	4	4jm4
k1133	4jm4	cr-4-m4-133	ok	0.000	0.000	8	4jm4
k1134	4jm4	cr-4-m4-134	ok	0.000	0.000	8	4jm4
k1135	4jm4	cr-4-m4-135	ok	0.000	0.000	4	4jm4
k1136	4jm4	cr-4-m4-136	ok	0.000	0.000	4	4jm4
k1137	4jm4	cr-4-m4-137	ok	0.000	0.000	8	4jm4
k1138	4jm4	cr-4-m4-138	ok	0.000	0.000	8	4jm4
k1139	4jm4	cr-4-m4-139	ok	0.000	0.000	8	4jm4
k1140	4jm4	cr-4-m4-140	ok	0.000	0.000	8	4jm4
k1141	4jm4	cr-4-m4-141	ok	0.000	0.000	4	4jm4
k1142	4jm4	cr-4-m4-142	ok	0.000	0.000	4	4jm4
k1143	4jm4	cr-4-m4-143	ok	0.000	0.000	8	4jm4
k1144	4jm4	cr-4-m4-144	ok	0.000	0.000	8	4jm4
k1145	4jm4	cr-4-m4-145	ok	0.000	0.000	8	4jm4
k1146	4jm4	cr-4-m4-146	ok	0.000	0.000	8	4jm4
k1147	4jm4	cr-4-m4-147	ok	0.000	0.000	8	4jm4
k1148	4jm4	cr-4-m4-148	ok	0.000	0.000	8	4jm4
k1149	4jm4	cr-4-m4-149	ok	0.000	0.000	4	4jm4
k1150	4jm4	cr-4-m4-150	crash	0.000	0.000	-1	4jm4
k1151	4jm4	cr-4-m4-151	ok	0.000	0.000	8	4jm4
k1152	4jm4	cr-4-m4-152	ok	0.000	0.000	8	4jm4
k1153	4jm4	cr-4-m4-153	ok	0.000	0.000	4	4jm4
k1154	4jm4	cr-4-m4-154	crash	0.000	0.000	-1	4jm4
k1155	4jm4	cr-4-m4-155	crash	0.000	0.000	-1	4jm4
k1156	4jm4	cr-4-m4-156	ok	0.000	0.000	4	4jm4
k1157	4jm4	cr-4-m4-157	ok	0.000	0.000	8	4jm4
k1158	4jm4	cr-4-m4-158	ok	0.000	0.000	8	4jm4
k1159	4jm4	cr-4-m4-159	crash	0.000	0.000	-1	4jm4
k1160	4jm4	cr-4-m4-160	ok	0.000	0.000	8	4jm4
k1161	4jm4	cr-4-m4-161	ok	0.000	0.000	4	4jm4
k1162	4jm4	cr-4-m4-162	ok	0.000	0.000	8	4jm4
k1163	4jm4	cr-4-m4-163	ok	0.000	0.000	8	4jm4
k1164	4jm4	cr-4-m4-164	ok	0.000	0.000	4	4jm4
k1165	4jm4	cr-4-m4-165	ok	0.000	0.000	4	4jm4
k1166	4jm4	cr-4-m4-166	crash	0.000	0.000	-1	4jm4
k1167	4jm4	cr-4-m4-167	crash	0.000	0.000	-1	4jm4
k1168	4jm4	cr-4-m4-168	ok	0.000	0.000	8	4jm4
k1169	4jm4	cr-4-m4-169	ok	0.000	0.000	4	4jm4
k1170	4jm4	cr-4-m4-170	ok	0.000	0.000	8	4jm4
k1171	4jm4	cr-4-m4-171	ok	0.000	0.000	8	4jm4
k1172	4jm4	cr-4-m4-172	ok	0.000	0.000	8	4jm4
k1173	4jm4	cr-4-m4-173	ok	0.000	0.000	8	4jm4
k1174	4jm4	cr-4-m4-174	ok	0.000	0.000	8	4jm4
k1175	4jm4	cr-4-m4-175	ok	0.000	0.000	8	4jm4
k1176	4jm4	cr-4-m4-176	ok	0.000	0.000	8	4jm4
k1177	4jm4	cr-4-m4-177	ok	0.000	0.000	8	4jm4
k1178	4jm4	cr-4-m4-178	ok	0.000	0.000	8	4jm4
k1179	4jm4	cr-4-m4-179	ok	0.000	0.000	4	4jm4
k1180	4jm4	cr-4-m4-180	ok	0.000	0.000	8	4jm4
k1181	4jm4	cr-4-m4-181	ok	0.000	0.000	8	4jm4
k1182	4jm4	cr-4-m4-182	ok	0.000	0.000	8	4jm4
k1183	4jm4	cr-4-m4-183	ok	0.000	0.000	4	4jm4
k1184	4jm4	cr-4-m4-184	ok	0.000	0.000	4	4jm4
k1185	4jm4	cr-4-m4-185	crash	0.000	0.000	-1	4jm4
k1186	4jm4	cr-4-m4-186	ok	0.000	0.000	4	4jm4
k1187	4jm4	cr-4-m4-187	ok	0.000	0.000	8	4jm4
k1188	4jm4	cr-4-m4-188	ok	0.000	0.000	8	4jm4
k1189	4jm4	cr-4-m4-189	ok	0.000	0.000	8	4jm4
k1190	4jm4	cr-4-m4-190	ok	0.000	0.000	4	4jm4
k1191	4jm4	cr-4-m4-191	ok	0.000	0.000	8	4jm4
k1192	4jm4	cr-4-m4-192	ok	0.000	0.000	4	4jm4
k1193	4jm4	cr-4-m4-193	ok	0.000	0.000	4	4jm4
k1194	4jm4	cr-4-m4-194	ok	0.000	0.000	8	4jm4
k1195	4jm4	cr-4-m4-195	ok	0.000	0.000	8	4jm4
k1196	4jm4	cr-4-m4-196	ok	0.000	0.000	8	4jm4
k1197	4jm4	cr-4-m4-197	ok	0.000	0.000	4	4jm4
k1198	4jm4	cr-4-m4-198	ok	0.000	0.000	8	4jm4
k1199	4jm4	cr-4-m4-199	ok	0.000	0.000	8	4jm4
k1200	4jm4	cr-4-m4-200	ok	0.000	0.000	4	4jm4
k1201	4jmd4	cr-4-md4-1	ok	0.000	0.000	6	4jmd4
k1202	4jmd4	cr-4-md4-2	ok	0.000	0.000	6	4jmd4
k1203	4jmd4	cr-4-md4-3	ok	0.000	0.000	4	4jmd4
k1204	4jmd4	cr-4-md4-4	ok	0.000	0.000	4	4jmd4
k1205	4jmd4	cr-4-md4-5	ok	0.000	0.000	6	4jmd4
k1206	4jmd4	cr-4-md4-6	ok	0.000	0.000	4	4jmd4
k1207	4jmd4	cr-4-md4-7	ok	0.000	0.000	6	4jmd4
k1208	4jmd4	cr-4-md4-8	ok	0.000	0.000	4	4jmd4
k1209	4jmd4	cr-4-md4-9	ok	0.000	0.000	6	4jmd4
k1210	4jmd4	cr-4-md4-10	ok	0.000	0.000	8	4jmd4
k1211	4jmd4	cr-4-md4-11	ok	0.000	0.000	4	4jmd4
k1212	4jmd4	cr-4-md4-12	ok	0.000	0.000	4	4jmd4
k1213	4jmd4	cr-4-md4-13	ok	0.000	0.000	4	4jmd4
k1214	4jmd4	cr-4-md4-14	ok	0.000	0.000	6	4jmd4
k1215	4jmd4	cr-4-md4-15	ok	0.000	0.000	8	4jmd4
k1216	4jmd4	cr-4-md4-16	ok	0.000	0.000	4	4jmd4
k1217	4jmd4	cr-4-md4-17	ok	0.000	0.000	4	4jmd4
k1218	4jmd4	cr-4-md4-18	ok	0.000	0.000	6	4jmd4
k1219	4jmd4	cr-4-md4-19	ok	0.000	0.000	4	4jmd4
k1220	4jmd4	cr-4-md4-20	ok	0.000	0.000	4	4jmd4
k1221	4jmd4	cr-4-md4-21	ok	0.000	0.000	8	4jmd4
k1222	4jmd4	cr-4-md4-22	ok	0.000	0.000	4	4jmd4
k1223	4jmd4	cr-4-md4-23	ok	0.000	0.000	4	4jmd4
k1224	4jmd4	cr-4-md4-24	ok	0.000	0.000	4	4jmd4
k1225	4jmd4	cr-4-md4-25	ok	0.000	0.000	6	4jmd4
k1226	4jmd4	cr-4-md4-26	ok	0.000	0.000	8	4jmd4
k1227	4jmd4	cr-4-md4-27	ok	0.000	0.000	4	4jmd4
k1228	4jmd4	cr-4-md4-28	crash	0.000	0.000	-1	4jmd4
k1229	4jmd4	cr-4-md4-29	ok	0.000	0.000	6	4jmd4
k1230	4jmd4	cr-4-md4-30	ok	0.000	0.000	4	4jmd4
k1231	4jmd4	cr-4-md4-31	ok	0.000	0.000	4	4jmd4
k1232	4jmd4	cr-4-md4-32	ok	0.000	0.000	6	4jmd4
k1233	4jmd4	cr-4-md4-33	ok	0.000	0.000	4	4jmd4
k1234	4jmd4	cr-4-md4-34	ok	0.000	0.000	6	4jmd4
k1235	4jmd4	cr-4-md4-35	ok	0.000	0.000	4	4jmd4
k1236	4jmd4	cr-4-md4-36	ok	0.000	0.000	4	4jmd4
k1237	4jmd4	cr-4-md4-37	ok	0.000	0.000	4	4jmd4
k1238	4jmd4	cr-4-md4-38	ok	0.000	0.000	4	4jmd4
k1239	4jmd4	cr-4-md4-39	ok	0.000	0.000	4	4jmd4
k1240	4jmd4	cr-4-md4-40	ok	0.000	0.000	4	4jmd4
k1241	4jmd4	cr-4-md4-41	ok	0.000	0.000	4	4jmd4
k1242	4jmd4	cr-4-md4-42	ok	0.000	0.000	4	4jmd4
k1243	4jmd4	cr-4-md4-43	ok	0.000	0.000	4	4jmd4
k1244	4jmd4	cr-4-md4-44	ok	0.000	0.000	4	4jmd4
k1245	4jmd4	cr-4-md4-45	ok	0.000	0.000	6	4jmd4
k1246	4jmd4	cr-4-md4-46	ok	0.000	0.000	4	4jmd4
k1247	4jmd4	cr-4-md4-47	ok	0.000	0.000	4	4jmd4
k1248	4jmd4	cr-4-md4-48	ok	0.000	0.000	4	4jmd4
k1249	4jmd4	cr-4-md4-49	ok	0.000	0.000	4	4jmd4
k1250	4jmd4	cr-4-md4-50	ok	0.000	0.000	8	4jmd4
k1251	4jmd4	cr-4-md4-51	ok	0.000	0.000	4	4jmd4
k1252	4jmd4	cr-4-md4-52	ok	0.000	0.000	6	4jmd4
k1253	4jmd4	cr-4-md4-53	ok	0.000	0.000	4	4jmd4
k1254	4jmd4	cr-4-md4-54	ok	0.000	0.000	6	4jmd4
k1255	4jmd4	cr-4-md4-55	ok	0.000	0.000	4	4jmd4
k1256	4jmd4	cr-4-md4-56	ok	0.000	0.000	4	4jmd4
k1257	4jmd4	cr-4-md4-57	ok	0.000	0.000	4	4jmd4
k1258	4jmd4	cr-4-md4-58	ok	0.000	0.000	6	4jmd4
k1259	4jmd4	cr-4-md4-59	ok	0.000	0.000	6	4jmd4
k1260	4jmd4	cr-4-md4-60	ok	0.000	0.000	6	4jmd4
k1261	4jmd4	cr-4-md4-61	ok	0.000	0.000	4	4jmd4
k1262	4jmd4	cr-4-md4-62	ok	0.000	0.000	4	4jmd4
k1263	4jmd4	cr-4-md4-63	ok	0.000	0.000	4	4jmd4
k1264	4jmd4	cr-4-md4-64	ok	0.000	0.000	6	4jmd4
k1265	4jmd4	cr-4-md4-65	ok	0.000	0.000	4	4jmd4
k1266	4jmd4	cr-4-md4-66	ok	0.000	0.000	4	4jmd4
k1267	4jmd4	cr-4-md4-67	ok	0.000	0.000	8	4jmd4
k1268	4jmd4	cr-4-md4-68	ok	0.000	0.000	6	4jmd4
k1269	4jmd4	cr-4-md4-69	ok	0.000	0.000	8	4jmd4
k1270	4jmd4	cr-4-md4-70	ok	0.000	0.000	6	4jmd4
k1271	4jmd4	cr-4-md4-71	ok	0.000	0.000	4	4jmd4
k1272	4jmd4	cr-4-md4-72	ok	0.000	0.000	6	4jmd4
k1273	4jmd4	cr-4-md4-73	ok	0.000	0.000	4	4jmd4
k1274	4jmd4	cr-4-md4-74	crash	0.000	0.000	-1	4jmd4
k1275	4jmd4	cr-4-md4-75	ok	0.000	0.000	4	4jmd4
k1276	4jmd4	cr-4-md4-76	ok	0.000	0.000	4	4jmd4
k1277	4jmd4	cr-4-md4-77	ok	0.000	0.000	4	4jmd4
k1278	4jmd4	cr-4-md4-78	ok	0.000	0.000	6	4jmd4
k1279	4jmd4	cr-4-md4-79	ok	0.000	0.000	4	4jmd4
k1280	4jmd4	cr-4-md4-80	crash	0.000	0.000	-1	4jmd4
k1281	4jmd4	cr-4-md4-81	ok	0.000	0.000	4	4jmd4
k1282	4jmd4	cr-4-md4-82	ok	0.000	0.000	6	4jmd4
k1283	4jmd4	cr-4-md4-83	ok	0.000	0.000	4	4jmd4
k1284	4jmd4	cr-4-md4-84	ok	0.000	0.000	4	4jmd4
k1285	4jmd4	cr-4-md4-85	ok	0.000	0.000	4	4jmd4
k1286	4jmd4	cr-4-md4-86	ok	0.000	0.000	6	4jmd4
k1287	4jmd4	cr-4-md4-87	ok	0.000	0.000	4	4jmd4
k1288	4jmd4	cr-4-md4-88	ok	0.000	0.000	4	4jmd4
k1289	4jmd4	cr-4-md4-89	ok	0.000	0.000	4	4jmd4
k1290	4jmd4	cr-4-md4-90	ok	0.000	0.000	6	4jmd4
k1291	4jmd4	cr-4-md4-91	ok	0.000	0.000	6	4jmd4
k1292	4jmd4	cr-4-md4-92	ok	0.000	0.000	4	4jmd4
k1293	4jmd4	cr-4-md4-93	ok	0.000	0.000	6	4jmd4
k1294	4jmd4	cr-4-md4-94	ok	0.000	0.000	4	4jmd4
k1295	4jmd4	cr-4-md4-95	ok	0.000	0.000	6	4jmd4
k1296	4jmd4	cr-4-md4-96	ok	0.000	0.000	6	4jmd4
k1297	4jmd4	cr-4-md4-97	ok	0.000	0.000	8	4jmd4
k1298	4jmd4	cr-4-md4-98	ok	0.000	0.000	4	4jmd4
k1299	4jmd4	cr-4-md4-99	ok	0.000	0.000	4	4jmd4
k1300	4jmd4	cr-4-md4-100	ok	0.000	0.000	6	4jmd4
k1301	4jmd4	cr-4-md4-101	ok	0.000	0.000	4	4jmd4
k1302	4jmd4	cr-4-md4-102	ok	0.000	0.000	4	4jmd4
k1303	4jmd4	cr-4-md4-103	ok	0.000	0.000	6	4jmd4
k1304	4jmd4	cr-4-md4-104	ok	0.000	0.000	6	4jmd4
k1305	4jmd4	cr-4-md4-105	ok	0.000	0.000	6	4jmd4
k1306	4jmd4	cr-4-md4-106	ok	0.000	0.000	4	4jmd4
k1307	4jmd4	cr-4-md4-107	ok	0.000	0.000	6	4jmd4
k1308	4jmd4	cr-4-md4-108	ok	0.000	0.000	4	4jmd4
k1309	4jmd4	cr-4-md4-109	ok	0.000	0.000	4	4jmd4
k1310	4jmd4	cr-4-md4-110	ok	0.000	0.000	4	4jmd4
k1311	4jmd4	cr-4-md4-111	ok	0.000	0.000	8	4jmd4
k1312	4jmd4	cr-4-md4-112	ok	0.000	0.000	6	4jmd4
k1313	4jmd4	cr-4-md4-113	ok	0.000	0.000	8	4jmd4
k1314	4jmd4	cr-4-md4-114	ok	0.000	0.000	4	4jmd4
k1315	4jmd4	cr-4-md4-115	ok	0.000	0.000	4	4jmd4
k1316	4jmd4	cr-4-md4-116	ok	0.000	0.000	4	4jmd4
k1317	4jmd4	cr-4-md4-117	ok	0.000	0.000	6	4jmd4
k1318	4jmd4	cr-4-md4-118	ok	0.000	0.000	4	4jmd4
k1319	4jmd4	cr-4-md4-119	ok	0.000	0.000	6	4jmd4
k1320	4jmd4	cr-4-md4-120	ok	0.000	0.000	4	4jmd4
k1321	4jmd4	cr-4-md4-121	ok	0.000	0.000	6	4jmd4
k1322	4jmd4	cr-4-md4-122	ok	0.000	0.000	4	4jmd4
k1323	4jmd4	cr-4-md4-123	ok	0.000	0.000	4	4jmd4
k1324	4jmd4	cr-4-md4-124	ok	0.000	0.000	6	4jmd4
k1325	4jmd4	cr-4-md4-125	ok	0.000	0.000	6	4jmd4
k1326	4jmd4	cr-4-md4-126	ok	0.000	0.000	4	4jmd4
k1327	4jmd4	cr-4-md4-127	ok	0.000	0.000	4	4jmd4
k1328	4jmd4	cr-4-md4-128	ok	0.000	0.000	6	4jmd4
k1329	4jmd4	cr-4-md4-129	ok	0.000	0.000	4	4jmd4
k1330	4jmd4	cr-4-md4-130	ok	0.000	0.000	4	4jmd4
k1331	4jmd4	cr-4-md4-131	ok	0.000	0.000	6	4jmd4
k1332	4jmd4	cr-4-md4-132	ok	0.000	0.000	6	4jmd4
k1333	4jmd4	cr-4-md4-133	ok	0.000	0.000	4	4jmd4
k1334	4jmd4	cr-4-md4-134	ok	0.000	0.000	6	4jmd4
k1335	4jmd4	cr-4-md4-135	ok	0.000	0.000	6	4jmd4
k1336	4jmd4	cr-4-md4-136	ok	0.000	0.000	4	4jmd4
k1337	4jmd4	cr-4-md4-137	ok	0.000	0.000	4	4jmd4
k1338	4jmd4	cr-4-md4-138	ok	0.000	0.000	6	4jmd4
k1339	4jmd4	cr-4-md4-139	ok	0.000	0.000	6	4jmd4
k1340	4jmd4	cr-4-md4-140	ok	0.000	0.000	4	4jmd4
k1341	4jmd4	cr-4-md4-141	ok	0.000	0.000	4	4jmd4
k1342	4jmd4	cr-4-md4-142	ok	0.000	0.000	4	4jmd4
k1343	4jmd4	cr-4-md4-143	ok	0.000	0.000	6	4jmd4
k1344	4jmd4	cr-4-md4-144	ok	0.000	0.000	4	4jmd4
k1345	4jmd4	cr-4-md4-145	ok	0.000	0.000	6	4jmd4
k1346	4jmd4	cr-4-md4-146	ok	0.000	0.000	4	4jmd4
k1347	4jmd4	cr-4-md4-147	ok	0.000	0.000	4	4jmd4
k1348	4jmd4	cr-4-md4-148	ok	0.000	0.000	6	4jmd4
k1349	4jmd4	cr-4-md4-149	ok	0.000	0.000	6	4jmd4
k1350	4jmd4	cr-4-md4-150	ok	0.000	0.000	6	4jmd4
k1351	4jmd4	cr-4-md4-151	ok	0.000	0.000	4	4jmd4
k1352	4jmd4	cr-4-md4-152	ok	0.000	0.000	6	4jmd4
k1353	4jmd4	cr-4-md4-153	ok	0.000	0.000	8	4jmd4
k1354	4jmd4	cr-4-md4-154	ok	0.000	0.000	4	4jmd4
k1355	4jmd4	cr-4-md4-155	ok	0.000	0.000	8	4jmd4
k1356	4jmd4	cr-4-md4-156	ok	0.000	0.000	6	4jmd4
k1357	4jmd4	cr-4-md4-157	ok	0.000	0.000	4	4jmd4
k1358	4jmd4	cr-4-md4-158	ok	0.000	0.000	6	4jmd4
k1359	4jmd4	cr-4-md4-159	ok	0.000	0.000	6	4jmd4
k1360	4jmd4	cr-4-md4-160	ok	0.000	0.000	6	4jmd4
k1361	4jmd4	cr-4-md4-161	ok	0.000	0.000	4	4jmd4
k1362	4jmd4	cr-4-md4-162	ok	0.000	0.000	4	4jmd4
k1363	4jmd4	cr-4-md4-163	ok	0.000	0.000	6	4jmd4
k1364	4jmd4	cr-4-md4-164	ok	0.000	0.000	4	4jmd4
k1365	4jmd4	cr-4-md4-165	ok	0.000	0.000	6	4jmd4
k1366	4jmd4	cr-4-md4-166	ok	0.000	0.000	4	4jmd4
k1367	4jmd4	cr-4-md4-167	ok	0.000	0.000	4	4jmd4
k1368	4jmd4	cr-4-md4-168	ok	0.000	0.000	6	4jmd4
k1369	4jmd4	cr-4-md4-169	ok	0.000	0.000	4	4jmd4
k1370	4jmd4	cr-4-md4-170	ok	0.000	0.000	6	4jmd4
k1371	4jmd4	cr-4-md4-171	ok	0.000	0.000	6	4jmd4
k1372	4jmd4	cr-4-md4-172	ok	0.000	0.000	4	4jmd4
k1373	4jmd4	cr-4-md4-173	ok	0.000	0.000	6	4jmd4
k1374	4jmd4	cr-4-md4-174	ok	0.000	0.000	6	4jmd4
k1375	4jmd4	cr-4-md4-175	ok	0.000	0.000	4	4jmd4
k1376	4jmd4	cr-4-md4-176	ok	0.000	0.000	4	4jmd4
k1377	4jmd4	cr-4-md4-177	ok	0.000	0.000	6	4jmd4
k1378	4jmd4	cr-4-md4-178	ok	0.000	0.000	4	4jmd4
k1379	4jmd4	cr-4-md4-179	ok	0.000	0.000	6	4jmd4
k1380	4jmd4	cr-4-md4-180	ok	0.000	0.000	6	4jmd4
k1381	4jmd4	cr-4-md4-181	ok	0.000	0.000	6	4jmd4
k1382	4jmd4	cr-4-md4-182	ok	0.000	0.000	6	4jmd4
k1383	4jmd4	cr-4-md4-183	ok	0.000	0.000	4	4jmd4
k1384	4jmd4	cr-4-md4-184	ok	0.000	0.000	6	4jmd4
k1385	4jmd4	cr-4-md4-185	ok	0.000	0.000	6	4jmd4
k1386	4jmd4	cr-4-md4-186	ok	0.000	0.000	8	4jmd4
k1387	4jmd4	cr-4-md4-187	ok	0.000	0.000	4	4jmd4
k1388	4jmd4	cr-4-md4-188	ok	0.000	0.000	8	4jmd4
k1389	4jmd4	cr-4-md4-189	ok	0.000	0.000	4	4jmd4
k1390	4jmd4	cr-4-md4-190	ok	0.000	0.000	6	4jmd4
k1391	4jmd4	cr-4-md4-191	ok	0.000	0.000	4	4jmd4
k1392	4jmd4	cr-4-md4-192	ok	0.000	0.000	8	4jmd4
k1393	4jmd4	cr-4-md4-193	ok	0.000	0.000	6	4jmd4
k1394	4jmd4	cr-4-md4-194	ok	0.000	0.000	4	4jmd4
k1395	4jmd4	cr-4-md4-195	ok	0.000	0.000	4	4jmd4
k1396	4jmd4	cr-4-md4-196	ok	0.000	0.000	4	4jmd4
k1397	4jmd4	cr-4-md4-197	ok	0.000	0.000	4	4jmd4
k1398	4jmd4	cr-4-md4-198	ok	0.000	0.000	4	4jmd4
k1399	4jmd4	cr-4-md4-199	ok	0.000	0.000	4	4jmd4
k1400	4jmd4	cr-4-md4-200	ok	0.000	0.000	4	4jmd4
k1401	4jm8	cr-4-m8-1	ok	0.000	0.000	8	4jm8
k1402	4jm8	cr-4-m8-2	ok	0.000	0.000	4	4jm8
k1403	4jm8	cr-4-m8-3	ok	0.000	0.000	8	4jm8
k1404	4jm8	cr-4-m8-4	ok	0.000	0.000	8	4jm8
k1405	4jm8	cr-4-m8-5	ok	0.000	0.000	8	4jm8
k1406	4jm8	cr-4-m8-6	ok	0.000	0.000	8	4jm8
k1407	4jm8	cr-4-m8-7	ok	0.000	0.000	4	4jm8
k1408	4jm8	cr-4-m8-8	ok	0.000	0.000	8	4jm8
k1409	4jm8	cr-4-m8-9	ok	0.000	0.000	4	4jm8
k1410	4jm8	cr-4-m8-10	ok	0.000	0.000	8	4jm8
k1411	4jm8	cr-4-m8-11	ok	0.000	0.000	4	4jm8
k1412	4jm8	cr-4-m8-12	ok	0.000	0.000	8	4jm8
k1413	4jm8	cr-4-m8-13	ok	0.000	0.000	8	4jm8
k1414	4jm8	cr-4-m8-14	ok	0.000	0.000	4	4jm8
k1415	4jm8	cr-4-m8-15	ok	0.000	0.000	8	4jm8
k1416	4jm8	cr-4-m8-16	ok	0.000	0.000	8	4jm8
k1417	4jm8	cr-4-m8-17	crash	0.000	0.000	-1	4jm8
k1418	4jm8	cr-4-m8-18	ok	0.000	0.000	4	4jm8
k1419	4jm8	cr-4-m8-19	crash	0.000	0.000	-1	4jm8
k1420	4jm8	cr-4-m8-20	ok	0.000	0.000	8	4jm8
k1421	4jm8	cr-4-m8-21	ok	0.000	0.000	8	4jm8
k1422	4jm8	cr-4-m8-22	ok	0.000	0.000	8	4jm8
k1423	4jm8	cr-4-m8-23	ok	0.000	0.000	8	4jm8
k1424	4jm8	cr-4-m8-24	ok	0.000	0.000	8	4jm8
k1425	4jm8	cr-4-m8-25	crash	0.000	0.000	-1	4jm8
k1426	4jm8	cr-4-m8-26	ok	0.000	0.000	8	4jm8
k1427	4jm8	cr-4-m8-27	ok	0.000	0.000	8	4jm8
k1428	4jm8	cr-4-m8-28	ok	0.000	0.000	8	4jm8
k1429	4jm8	cr-4-m8-29	ok	0.000	0.000	8	4jm8
k1430	4jm8	cr-4-m8-30	ok	0.000	0.000	8	4jm8
k1431	4jm8	cr-4-m8-31	ok	0.000	0.000	8	4jm8
k1432	4jm8	cr-4-m8-32	ok	0.000	0.000	8	4jm8
k1433	4jm8	cr-4-m8-33	ok	0.000	0.000	8	4jm8
k1434	4jm8	cr-4-m8-34	crash	0.000	0.000	-1	4jm8
k1435	4jm8	cr-4-m8-35	crash	0.000	0.000	-1	4jm8
k1436	4jm8	cr-4-m8-36	ok	0.000	0.000	8	4jm8
k1437	4jm8	cr-4-m8-37	crash	0.000	0.000	-1	4jm8
k1438	4jm8	cr-4-m8-38	ok	0.000	0.000	4	4jm8
k1439	4jm8	cr-4-m8-39	ok	0.000	0.000	4	4jm8
k1440	4jm8	cr-4-m8-40	crash	0.000	0.000	-1	4jm8
k1441	4jm8	cr-4-m8-41	ok	0.000	0.000	4	4jm8
k1442	4jm8	cr-4-m8-42	ok	0.000	0.000	8	4jm8
k1443	4jm8	cr-4-m8-43	ok	0.000	0.000	8	4jm8
k1444	4jm8	cr-4-m8-44	ok	0.000	0.000	8	4jm8
k1445	4jm8	cr-4-m8-45	ok	0.000	0.000	8	4jm8
k1446	4jm8	cr-4-m8-46	ok	0.000	0.000	4	4jm8
k1447	4jm8	cr-4-m8-47	ok	0.000	0.000	8	4jm8
k1448	4jm8	cr-4-m8-48	ok	0.000	0.000	4	4jm8
k1449	4jm8	cr-4-m8-49	ok	0.000	0.000	8	4jm8
k1450	4jm8	cr-4-m8-50	ok	0.000	0.000	4	4jm8
k1451	4jm8	cr-4-m8-51	ok	0.000	0.000	8	4jm8
k1452	4jm8	cr-4-m8-52	ok	0.000	0.000	4	4jm8
k1453	4jm8	cr-4-m8-53	ok	0.000	0.000	8	4jm8
k1454	4jm8	cr-4-m8-54	ok	0.000	0.000	4	4jm8
k1455	4jm8	cr-4-m8-55	ok	0.000	0.000	8	4jm8
k1456	4jm8	cr-4-m8-56	ok	0.000	0.000	4	4jm8
k1457	4jm8	cr-4-m8-57	ok	0.000	0.000	8	4jm8
k1458	4jm8	cr-4-m8-58	ok	0.000	0.000	4	4jm8
k1459	4jm8	cr-4-m8-59	ok	0.000	0.000	8	4jm8
k1460	4jm8	cr-4-m8-60	ok	0.000	0.000	4	4jm8
k1461	4jm8	cr-4-m8-61	crash	0.000	0.000	-1	4jm8
k1462	4jm8	cr-4-m8-62	ok	0.000	0.000	8	4jm8
k1463	4jm8	cr-4-m8-63	ok	0.000	0.000	8	4jm8
k1464	4jm8	cr-4-m8-64	ok	0.000	0.000	8	4jm8
k1465	4jm8	cr-4-m8-65	ok	0.000	0.000	4	4jm8
k1466	4jm8	cr-4-m8-66	ok	0.000	0.000	8	4jm8
k1467	4jm8	cr-4-m8-67	crash	0.000	0.000	-1	4jm8
k1468	4jm8	cr-4-m8-68	ok	0.000	0.000	8	4jm8
k1469	4jm8	cr-4-m8-69	ok	0.000	0.000	8	4jm8
k1470	4jm8	cr-4-m8-70	ok	0.000	0.000	8	4jm8
k1471	4jm8	cr-4-m8-71	ok	0.000	0.000	8	4jm8
k1472	4jm8	cr-4-m8-72	ok	0.000	0.000	4	4jm8
k1473	4jm8	cr-4-m8-73	ok	0.000	0.000	4	4jm8
k1474	4jm8	cr-4-m8-74	ok	0.000	0.000	8	4jm8
k1475	4jm8	cr-4-m8-75	ok	0.000	0.000	4	4jm8
k1476	4jm8	cr-4-m8-76	ok	0.000	0.000	4	4jm8
k1477	4jm8	cr-4-m8-77	ok	0.000	0.000	4	4jm8
k1478	4jm8	cr-4-m8-78	ok	0.000	0.000	8	4jm8
k1479	4jm8	cr-4-m8-79	ok	0.000	0.000	8	4jm8
k1480	4jm8	cr-4-m8-80	ok	0.000	0.000	8	4jm8
k1481	4jm8	cr-4-m8-81	ok	0.000	0.000	4	4jm8
k1482	4jm8	cr-4-m8-82	ok	0.000	0.000	8	4jm8
k1483	4jm8	cr-4-m8-83	ok	0.000	0.000	8	4jm8
k1484	4jm8	cr-4-m8-84	ok	0.000	0.000	8	4jm8
k1485	4jm8	cr-4-m8-85	ok	0.000	0.000	8	4jm8
k1486	4jm8	cr-4-m8-86	ok	0.000	0.000	8	4jm8
k1487	4jm8	cr-4-m8-87	ok	0.000	0.000	8	4jm8
k1488	4jm8	cr-4-m8-88	ok	0.000	0.000	8	4jm8
k1489	4jm8	cr-4-m8-89	ok	0.000	0.000	8	4jm8
k1490	4jm8	cr-4-m8-90	ok	0.000	0.000	8	4jm8
k1491	4jm8	cr-4-m8-91	ok	0.000	0.000	4	4jm8
k1492	4jm8	cr-4-m8-92	ok	0.000	0.000	8	4jm8
k1493	4jm8	cr-4-m8-93	ok	0.000	0.000	4	4jm8
k1494	4jm8	cr-4-m8-94	crash	0.000	0.000	-1	4jm8
k1495	4jm8	cr-4-m8-95	ok	0.000	0.000	8	4jm8
k1496	4jm8	cr-4-m8-96	ok	0.000	0.000	4	4jm8
k1497	4jm8	cr-4-m8-97	crash	0.000	0.000	-1	4jm8
k1498	4jm8	cr-4-m8-98	ok	0.000	0.000	8	4jm8
k1499	4jm8	cr-4-m8-99	ok	0.000	0.000	8	4jm8
k1500	4jm8	cr-4-m8-100	ok	0.000	0.000	8	4jm8
k1501	4jm8	cr-4-m8-101	ok	0.000	0.000	4	4jm8
k1502	4jm8	cr-4-m8-102	ok	0.000	0.000	8	4jm8
k1503	4jm8	cr-4-m8-103	ok	0.000	0.000	8	4jm8
k1504	4jm8	cr-4-m8-104	ok	0.000	0.000	8	4jm8
k1505	4jm8	cr-4-m8-105	ok	0.000	0.000	8	4jm8
k1506	4jm8	cr-4-m8-106	ok	0.000	0.000	8	4jm8
k1507	4jm8	cr-4-m8-107	ok	0.000	0.000	8	4jm8
k1508	4jm8	cr-4-m8-108	ok	0.000	0.000	4	4jm8
k1509	4jm8	cr-4-m8-109	ok	0.000	0.000	8	4jm8
k1510	4jm8	cr-4-m8-110	crash	0.000	0.000	-1	4jm8
k1511	4jm8	cr-4-m8-111	ok	0.000	0.000	8	4jm8
k1512	4jm8	cr-4-m8-112	ok	0.000	0.000	8	4jm8
k1513	4jm8	cr-4-m8-113	ok	0.000	0.000	8	4jm8
k1514	4jm8	cr-4-m8-114	ok	0.000	0.000	8	4jm8
k1515	4jm8	cr-4-m8-115	ok	0.000	0.000	8	4jm8
k1516	4jm8	cr-4-m8-116	ok	0.000	0.000	8	4jm8
k1517	4jm8	cr-4-m8-117	ok	0.000	0.000	8	4jm8
k1518	4jm8	cr-4-m8-118	ok	0.000	0.000	8	4jm8
k1519	4jm8	cr-4-m8-119	ok	0.000	0.000	8	4jm8
k1520	4jm8	cr-4-m8-120	ok	0.000	0.000	8	4jm8
k1521	4jm8	cr-4-m8-121	ok	0.000	0.000	8	4jm8
k1522	4jm8	cr-4-m8-122	ok	0.000	0.000	8	4jm8
k1523	4jm8	cr-4-m8-123	ok	0.000	0.000	8	4jm8
k1524	4jm8	cr-4-m8-124	ok	0.000	0.000	8	4jm8
k1525	4jm8	cr-4-m8-125	ok	0.000	0.000	8	4jm8
k1526	4jm8	cr-4-m8-126	ok	0.000	0.000	8	4jm8
k1527	4jm8	cr-4-m8-127	ok	0.000	0.000	8	4jm8
k1528	4jm8	cr-4-m8-128	ok	0.000	0.000	8	4jm8
k1529	4jm8	cr-4-m8-129	ok	0.000	0.000	4	4jm8
k1530	4jm8	cr-4-m8-130	ok	0.000	0.000	8	4jm8
k1531	4jm8	cr-4-m8-131	crash	0.000	0.000	-1	4jm8
k1532	4jm8	cr-4-m8-132	ok	0.000	0.000	8	4jm8
k1533	4jm8	cr-4-m8-133	ok	0.000	0.000	4	4jm8
k1534	4jm8	cr-4-m8-134	ok	0.000	0.000	8	4jm8
k1535	4jm8	cr-4-m8-135	ok	0.000	0.000	8	4jm8
k1536	4jm8	cr-4-m8-136	ok	0.000	0.000	8	4jm8
k1537	4jm8	cr-4-m8-137	crash	0.000	0.000	-1	4jm8
k1538	4jm8	cr-4-m8-138	crash	0.000	0.000	-1	4jm8
k1539	4jm8	cr-4-m8-139	ok	0.000	0.000	4	4jm8
k1540	4jm8	cr-4-m8-140	ok	0.000	0.000	4	4jm8
k1541	4jm8	cr-4-m8-141	ok	0.000	0.000	8	4jm8
k1542	4jm8	cr-4-m8-142	ok	0.000	0.000	8	4jm8
k1543	4jm8	cr-4-m8-143	ok	0.000	0.000	8	4jm8
k1544	4jm8	cr-4-m8-144	ok	0.000	0.000	8	4jm8
k1545	4jm8	cr-4-m8-145	ok	0.000	0.000	8	4jm8
k1546	4jm8	cr-4-m8-146	ok	0.000	0.000	8	4jm8
k1547	4jm8	cr-4-m8-147	ok	0.000	0.000	8	4jm8
k1548	4jm8	cr-4-m8-148	ok	0.000	0.000	8	4jm8
k1549	4jm8	cr-4-m8-149	ok	0.000	0.000	8	4jm8
k1550	4jm8	cr-4-m8-150	ok	0.000	0.000	8	4jm8
k1551	4jm8	cr-4-m8-151	ok	0.000	0.000	8	4jm8
k1552	4jm8	cr-4-m8-152	ok	0.000	0.000	4	4jm8
k1553	4jm8	cr-4-m8-153	ok	0.000	0.000	8	4jm8
k1554	4jm8	cr-4-m8-154	ok	0.000	0.000	4	4jm8
k1555	4jm8	cr-4-m8-155	ok	0.000	0.000	8	4jm8
k1556	4jm8	cr-4-m8-156	crash	0.000	0.000	-1	4jm8
k1557	4jm8	cr-4-m8-157	ok	0.000	0.000	8	4jm8
k1558	4jm8	cr-4-m8-158	ok	0.000	0.000	4	4jm8
k1559	4jm8	cr-4-m8-159	ok	0.000	0.000	4	4jm8
k1560	4jm8	cr-4-m8-160	ok	0.000	0.000	4	4jm8
k1561	4jm8	cr-4-m8-161	ok	0.000	0.000	8	4jm8
k1562	4jm8	cr-4-m8-162	ok	0.000	0.000	8	4jm8
k1563	4jm8	cr-4-m8-163	ok	0.000	0.000	8	4jm8
k1564	4jm8	cr-4-m8-164	ok	0.000	0.000	8	4jm8
k1565	4jm8	cr-4-m8-165	ok	0.000	0.000	8	4jm8
k1566	4jm8	cr-4-m8-166	ok	0.000	0.000	8	4jm8
k1567	4jm8	cr-4-m8-167	ok	0.000	0.000	4	4jm8
k1568	4jm8	cr-4-m8-168	crash	0.000	0.000	-1	4jm8
k1569	4jm8	cr-4-m8-169	ok	0.000	0.000	8	4jm8
k1570	4jm8	cr-4-m8-170	ok	0.000	0.000	8	4jm8
k1571	4jm8	cr-4-m8-171	ok	0.000	0.000	8	4jm8
k1572	4jm8	cr-4-m8-172	ok	0.000	0.000	8	4jm8
k1573	4jm8	cr-4-m8-173	ok	0.000	0.000	8	4jm8
k1574	4jm8	cr-4-m8-174	ok	0.000	0.000	8	4jm8
k1575	4jm8	cr-4-m8-175	ok	0.000	0.000	8	4jm8
k1576	4jm8	cr-4-m8-176	crash	0.000	0.000	-1	4jm8
k1577	4jm8	cr-4-m8-177	ok	0.000	0.000	8	4jm8
k1578	4jm8	cr-4-m8-178	ok	0.000	0.000	8	4jm8
k1579	4jm8	cr-4-m8-179	crash	0.000	0.000	-1	4jm8
k1580	4jm8	cr-4-m8-180	ok	0.000	0.000	4	4jm8
k1581	4jm8	cr-4-m8-181	crash	0.000	0.000	-1	4jm8
k1582	4jm8	cr-4-m8-182	ok	0.000	0.000	8	4jm8
k1583	4jm8	cr-4-m8-183	ok	0.000	0.000	4	4jm8
k1584	4jm8	cr-4-m8-184	ok	0.000	0.000	8	4jm8
k1585	4jm8	cr-4-m8-185	ok	0.000	0.000	8	4jm8
k1586	4jm8	cr-4-m8-186	ok	0.000	0.000	8	4jm8
k1587	4jm8	cr-4-m8-187	ok	0.000	0.000	8	4jm8
k1588	4jm8	cr-4-m8-188	ok	0.000	0.000	8	4jm8
k1589	4jm8	cr-4-m8-189	crash	0.000	0.000	-1	4jm8
k1590	4jm8	cr-4-m8-190	ok	0.000	0.000	8	4jm8
k1591	4jm8	cr-4-m8-191	ok	0.000	0.000	8	4jm8
k1592	4jm8	cr-4-m8-192	ok	0.000	0.000	8	4jm8
k1593	4jm8	cr-4-m8-193	ok	0.000	0.000	8	4jm8
k1594	4jm8	cr-4-m8-194	crash	0.000	0.000	-1	4jm8
k1595	4jm8	cr-4-m8-195	ok	0.000	0.000	4	4jm8
k1596	4jm8	cr-4-m8-196	ok	0.000	0.000	8	4jm8
k1597	4jm8	cr-4-m8-197	ok	0.000	0.000	4	4jm8
k1598	4jm8	cr-4-m8-198	ok	0.000	0.000	8	4jm8
k1599	4jm8	cr-4-m8-199	ok	0.000	0.000	8	4jm8
k1600	4jm8	cr-4-m8-200	ok	0.000	0.000	8	4jm8
k1601	5ja	cr-5-a-1	ok	0.000	0.000	7	5ja
k1602	5ja	cr-5-a-2	ok	0.000	0.000	5	5ja
k1603	5ja	cr-5-a-3	ok	0.000	0.000	7	5ja
k1604	5ja	cr-5-a-4	ok	0.000	0.000	5	5ja
k1605	5ja	cr-5-a-5	ok	0.000	0.000	7	5ja
k1606	5ja	cr-5-a-6	ok	0.000	0.000	6	5ja
k1607	5ja	cr-5-a-7	ok	0.000	0.000	5	5ja
k1608	5ja	cr-5-a-8	ok	0.000	0.000	5	5ja
k1609	5ja	cr-5-a-9	ok	0.000	0.000	6	5ja
k1610	5ja	cr-5-a-10	ok	0.000	0.000	5	5ja
k1611	5ja	cr-5-a-11	ok	0.000	0.000	6	5ja
k1612	5ja	cr-5-a-12	ok	0.000	0.000	5	5ja
k1613	5ja	cr-5-a-13	ok	0.000	0.000	6	5ja
k1614	5ja	cr-5-a-14	ok	0.000	0.000	6	5ja
k1615	5ja	cr-5-a-15	ok	0.001	0.000	6	5ja
k1616	5ja	cr-5-a-16	ok	0.000	0.000	5	5ja
k1617	5ja	cr-5-a-17	ok	0.000	0.000	6	5ja
k1618	5ja	cr-5-a-18	ok	0.000	0.000	5	5ja
k1619	5ja	cr-5-a-19	ok	0.000	0.000	6	5ja
k1620	5ja	cr-5-a-20	ok	0.001	0.001	6	5ja
k1621	5ja	cr-5-a-21	ok	0.000	0.000	6	5ja
k1622	5ja	cr-5-a-22	ok	0.000	0.000	5	5ja
k1623	5ja	cr-5-a-23	ok	0.000	0.000	5	5ja
k1624	5ja	cr-5-a-24	ok	0.000	0.000	6	5ja
k1625	5ja	cr-5-a-25	ok	0.000	0.000	5	5ja
k1626	5ja	cr-5-a-26	ok	0.000	0.000	6	5ja
k1627	5ja	cr-5-a-27	ok	0.000	0.000	5	5ja
k1628	5ja	cr-5-a-28	ok	0.000	0.000	6	5ja
k1629	5ja	cr-5-a-29	ok	0.000	0.000	6	5ja
k1630	5ja	cr-5-a-30	ok	0.000	0.000	6	5ja
k1631	5ja	cr-5-a-31	ok	0.000	0.000	6	5ja
k1632	5ja	cr-5-a-32	ok	0.000	0.000	4	5ja
k1633	5ja	cr-5-a-33	ok	0.000	0.000	5	5ja
k1634	5ja	cr-5-a-34	ok	0.000	0.000	5	5ja
k1635	5ja	cr-5-a-35	ok	0.000	0.000	6	5ja
k1636	5ja	cr-5-a-36	ok	0.000	0.000	7	5ja
k1637	5ja	cr-5-a-37	ok	0.000	0.000	7	5ja
k1638	5ja	cr-5-a-38	ok	0.000	0.000	6	5ja
k1639	5ja	cr-5-a-39	ok	0.000	0.000	5	5ja
k1640	5ja	cr-5-a-40	ok	0.000	0.000	5	5ja
k1641	5ja	cr-5-a-41	ok	0.000	0.000	6	5ja
k1642	5ja	cr-5-a-42	ok	0.000	0.000	5	5ja
k1643	5ja	cr-5-a-43	ok	0.000	0.000	6	5ja
k1644	5ja	cr-5-a-44	ok	0.000	0.000	6	5ja
k1645	5ja	cr-5-a-45	ok	0.000	0.000	5	5ja
k1646	5ja	cr-5-a-46	ok	0.000	0.000	5	5ja
k1647	5ja	cr-5-a-47	ok	0.000	0.000	6	5ja
k1648	5ja	cr-5-a-48	ok	0.000	0.000	6	5ja
k1649	5ja	cr-5-a-49	ok	0.000	0.000	6	5ja
k1650	5ja	cr-5-a-50	ok	0.000	0.000	6	5ja
k1651	5ja	cr-5-a-51	ok	0.000	0.000	5	5ja
k1652	5ja	cr-5-a-52	ok	0.000	0.000	6	5ja
k1653	5ja	cr-5-a-53	ok	0.000	0.000	6	5ja
k1654	5ja	cr-5-a-54	ok	0.000	0.000	7	5ja
k1655	5ja	cr-5-a-55	ok	0.000	0.000	6	5ja
k1656	5ja	cr-5-a-56	ok	0.000	0.000	5	5ja
k1657	5ja	cr-5-a-57	ok	0.000	0.000	6	5ja
k1658	5ja	cr-5-a-58	ok	0.000	0.000	6	5ja
k1659	5ja	cr-5-a-59	ok	0.000	0.000	5	5ja
k1660	5ja	cr-5-a-60	ok	0.000	0.000	6	5ja
k1661	5ja	cr-5-a-61	ok	0.000	0.000	6	5ja
k1662	5ja	cr-5-a-62	ok	0.000	0.000	5	5ja
k1663	5ja	cr-5-a-63	ok	0.000	0.000	4	5ja
k1664	5ja	cr-5-a-64	ok	0.000	0.000	6	5ja
k1665	5ja	cr-5-a-65	ok	0.000	0.000	6	5ja
k1666	5ja	cr-5-a-66	ok	0.000	0.000	5	5ja
k1667	5ja	cr-5-a-67	ok	0.000	0.000	5	5ja
k1668	5ja	cr-5-a-68	ok	0.000	0.000	6	5ja
k1669	5ja	cr-5-a-69	ok	0.000	0.000	5	5ja
k1670	5ja	cr-5-a-70	ok	0.000	0.000	6	5ja
k1671	5ja	cr-5-a-71	ok	0.000	0.000	5	5ja
k1672	5ja	cr-5-a-72	ok	0.000	0.000	4	5ja
k1673	5ja	cr-5-a-73	ok	0.000	0.000	5	5ja
k1674	5ja	cr-5-a-74	ok	0.000	0.000	5	5ja
k1675	5ja	cr-5-a-75	ok	0.000	0.000	8	5ja
k1676	5ja	cr-5-a-76	ok	0.000	0.000	6	5ja
k1677	5ja	cr-5-a-77	ok	0.000	0.000	5	5ja
k1678	5ja	cr-5-a-78	ok	0.000	0.000	5	5ja
k1679	5ja	cr-5-a-79	ok	0.000	0.000	5	5ja
k1680	5ja	cr-5-a-80	ok	0.000	0.000	5	5ja
k1681	5ja	cr-5-a-81	ok	0.000	0.000	6	5ja
k1682	5ja	cr-5-a-82	ok	0.001	0.000	6	5ja
k1683	5ja	cr-5-a-83	ok	0.000	0.000	6	5ja
k1684	5ja	cr-5-a-84	ok	0.000	0.000	5	5ja
k1685	5ja	cr-5-a-85	ok	0.001	0.000	5	5ja
k1686	5ja	cr-5-a-86	ok	0.001	0.000	5	5ja
k1687	5ja	cr-5-a-87	ok	0.000	0.000	4	5ja
k1688	5ja	cr-5-a-88	ok	0.001	0.000	6	5ja
k1689	5ja	cr-5-a-89	ok	0.000	0.000	6	5ja
k1690	5ja	cr-5-a-90	ok	0.000	0.000	5	5ja
k1691	5ja	cr-5-a-91	ok	0.000	0.000	6	5ja
k1692	5ja	cr-5-a-92	ok	0.000	0.000	5	5ja
k1693	5ja	cr-5-a-93	ok	0.000	0.000	5	5ja
k1694	5ja	cr-5-a-94	ok	0.000	0.000	4	5ja
k1695	5ja	cr-5-a-95	ok	0.000	0.000	6	5ja
k1696	5ja	cr-5-a-96	ok	0.000	0.000	6	5ja
k1697	5ja	cr-5-a-97	ok	0.000	0.000	5	5ja
k1698	5ja	cr-5-a-98	ok	0.000	0.000	6	5ja
k1699	5ja	cr-5-a-99	ok	0.000	0.000	5	5ja
k1700	5ja	cr-5-a-100	ok	0.000	0.000	6	5ja
k1701	5ja	cr-5-a-101	ok	0.000	0.000	6	5ja
k1702	5ja	cr-5-a-102	ok	0.000	0.000	6	5ja
k1703	5ja	cr-5-a-103	ok	0.000	0.000	6	5ja
k1704	5ja	cr-5-a-104	ok	0.000	0.000	6	5ja
k1705	5ja	cr-5-a-105	ok	0.000	0.000	6	5ja
k1706	5ja	cr-5-a-106	ok	0.000	0.000	5	5ja
k1707	5ja	cr-5-a-107	ok	0.000	0.000	6	5ja
k1708	5ja	cr-5-a-108	ok	0.000	0.000	5	5ja
k1709	5ja	cr-5-a-109	ok	0.000	0.000	6	5ja
k1710	5ja	cr-5-a-110	ok	0.000	0.000	6	5ja
k1711	5ja	cr-5-a-111	ok	0.000	0.000	4	5ja
k1712	5ja	cr-5-a-112	ok	0.000	0.000	5	5ja
k1713	5ja	cr-5-a-113	ok	0.001	0.001	6	5ja
k1714	5ja	cr-5-a-114	ok	0.000	0.000	5	5ja
k1715	5ja	cr-5-a-115	ok	0.000	0.000	4	5ja
k1716	5ja	cr-5-a-116	ok	0.000	0.000	5	5ja
k1717	5ja	cr-5-a-117	ok	0.000	0.000	5	5ja
k1718	5ja	cr-5-a-118	ok	0.000	0.000	5	5ja
k1719	5ja	cr-5-a-119	ok	0.000	0.000	5	5ja
k1720	5ja	cr-5-a-120	ok	0.000	0.000	6	5ja
k1721	5ja	cr-5-a-121	ok	0.000	0.000	6	5ja
k1722	5ja	cr-5-a-122	ok	0.000	0.000	6	5ja
k1723	5ja	cr-5-a-123	ok	0.000	0.000	5	5ja
k1724	5ja	cr-5-a-124	ok	0.000	0.000	5	5ja
k1725	5ja	cr-5-a-125	ok	0.000	0.000	4	5ja
k1726	5ja	cr-5-a-126	ok	0.000	0.000	8	5ja
k1727	5ja	cr-5-a-127	ok	0.000	0.000	6	5ja
k1728	5ja	cr-5-a-128	ok	0.000	0.000	5	5ja
k1729	5ja	cr-5-a-129	ok	0.000	0.000	5	5ja
k1730	5ja	cr-5-a-130	ok	0.000	0.000	5	5ja
k1731	5ja	cr-5-a-131	ok	0.000	0.000	5	5ja
k1732	5ja	cr-5-a-132	ok	0.000	0.000	5	5ja
k1733	5ja	cr-5-a-133	ok	0.000	0.000	4	5ja
k1734	5ja	cr-5-a-134	ok	0.000	0.000	5	5ja
k1735	5ja	cr-5-a-135	ok	0.000	0.000	7	5ja
k1736	5ja	cr-5-a-136	ok	0.000	0.000	5	5ja
k1737	5ja	cr-5-a-137	ok	0.000	0.000	4	5ja
k1738	5ja	cr-5-a-138	ok	0.000	0.000	6	5ja
k1739	5ja	cr-5-a-139	ok	0.000	0.000	6	5ja
k1740	5ja	cr-5-a-140	ok	0.000	0.000	6	5ja
k1741	5ja	cr-5-a-141	ok	0.001	0.000	6	5ja
k1742	5ja	cr-5-a-142	ok	0.000	0.000	5	5ja
k1743	5ja	cr-5-a-143	ok	0.000	0.000	5	5ja
k1744	5ja	cr-5-a-144	ok	0.000	0.000	6	5ja
k1745	5ja	cr-5-a-145	ok	0.000	0.000	6	5ja
k1746	5ja	cr-5-a-146	ok	0.000	0.000	6	5ja
k1747	5ja	cr-5-a-147	ok	0.000	0.000	6	5ja
k1748	5ja	cr-5-a-148	ok	0.000	0.000	5	5ja
k1749	5ja	cr-5-a-149	ok	0.000	0.000	6	5ja
k1750	5ja	cr-5-a-150	ok	0.000	0.000	5	5ja
k1751	5ja	cr-5-a-151	ok	0.000	0.000	6	5ja
k1752	5ja	cr-5-a-152	ok	0.000	0.000	6	5ja
k1753	5ja	cr-5-a-153	ok	0.000	0.000	4	5ja
k1754	5ja	cr-5-a-154	ok	0.000	0.000	5	5ja
k1755	5ja	cr-5-a-155	ok	0.000	0.000	6	5ja
k1756	5ja	cr-5-a-156	ok	0.000	0.000	5	5ja
k1757	5ja	cr-5-a-157	ok	0.000	0.000	5	5ja
k1758	5ja	cr-5-a-158	ok	0.000	0.000	5	5ja
k1759	5ja	cr-5-a-159	ok	0.000	0.000	5	5ja
k1760	5ja	cr-5-a-160	ok	0.000	0.000	5	5ja
k1761	5ja	cr-5-a-161	ok	0.000	0.000	5	5ja
k1762	5ja	cr-5-a-162	ok	0.000	0.000	6	5ja
k1763	5ja	cr-5-a-163	ok	0.000	0.000	5	5ja
k1764	5ja	cr-5-a-164	ok	0.001	0.000	5	5ja
k1765	5ja	cr-5-a-165	ok	0.001	0.000	6	5ja
k1766	5ja	cr-5-a-166	ok	0.000	0.000	6	5ja
k1767	5ja	cr-5-a-167	ok	0.000	0.000	5	5ja
k1768	5ja	cr-5-a-168	ok	0.000	0.000	6	5ja
k1769	5ja	cr-5-a-169	ok	0.000	0.000	6	5ja
k1770	5ja	cr-5-a-170	ok	0.000	0.000	5	5ja
k1771	5ja	cr-5-a-171	ok	0.000	0.000	6	5ja
k1772	5ja	cr-5-a-172	ok	0.000	0.000	5	5ja
k1773	5ja	cr-5-a-173	ok	0.000	0.000	5	5ja
k1774	5ja	cr-5-a-174	ok	0.000	0.000	7	5ja
k1775	5ja	cr-5-a-175	ok	0.000	0.000	5	5ja
k1776	5ja	cr-5-a-176	ok	0.000	0.000	7	5ja
k1777	5ja	cr-5-a-177	ok	0.000	0.000	6	5ja
k1778	5ja	cr-5-a-178	ok	0.000	0.000	5	5ja
k1779	5ja	cr-5-a-179	ok	0.000	0.000	6	5ja
k1780	5ja	cr-5-a-180	ok	0.000	0.000	5	5ja
k1781	5ja	cr-5-a-181	ok	0.000	0.000	5	5ja
k1782	5ja	cr-5-a-182	ok	0.000	0.000	7	5ja
k1783	5ja	cr-5-a-183	ok	0.001	0.000	6	5ja
k1784	5ja	cr-5-a-184	ok	0.000	0.000	6	5ja
k1785	5ja	cr-5-a-185	ok	0.000	0.000	5	5ja
k1786	5ja	cr-5-a-186	ok	0.000	0.000	5	5ja
k1787	5ja	cr-5-a-187	ok	0.001	0.000	5	5ja
k1788	5ja	cr-5-a-188	ok	0.000	0.000	5	5ja
k1789	5ja	cr-5-a-189	ok	0.000	0.000	5	5ja
k1790	5ja	cr-5-a-190	ok	0.000	0.000	6	5ja
k1791	5ja	cr-5-a-191	ok	0.000	0.000	4	5ja
k1792	5ja	cr-5-a-192	ok	0.000	0.000	7	5ja
k1793	5ja	cr-5-a-193	ok	0.000	0.000	5	5ja
k1794	5ja	cr-5-a-194	ok	0.000	0.000	4	5ja
k1795	5ja	cr-5-a-195	ok	0.000	0.000	6	5ja
k1796	5ja	cr-5-a-196	ok	0.000	0.000	6	5ja
k1797	5ja	cr-5-a-197	ok	0.000	0.000	6	5ja
k1798	5ja	cr-5-a-198	ok	0.000	0.000	6	5ja
k1799	5ja	cr-5-a-199	ok	0.000	0.000	5	5ja
k1800	5ja	cr-5-a-200	ok	0.000	0.000	6	5ja
k1801	5jr2	cr-5-r2-1	ok	0.000	0.000	8	5j
k1802	5jr2	cr-5-r2-2	ok	0.000	0.000	8	5j
k1803	5jr2	cr-5-r2-3	ok	0.000	0.000	6	5j
k1804	5jr2	cr-5-r2-4	ok	0.000	0.000	6	5j
k1805	5jr2	cr-5-r2-5	ok	0.000	0.000	6	5j
k1806	5jr2	cr-5-r2-6	ok	0.000	0.000	6	5j
k1807	5jr2	cr-5-r2-7	ok	0.000	0.000	6	5j
k1808	5jr2	cr-5-r2-8	ok	0.000	0.000	7	5j
k1809	5jr2	cr-5-r2-9	ok	0.000	0.000	8	5j
k1810	5jr2	cr-5-r2-10	ok	0.000	0.000	8	5j
k1811	5jr2	cr-5-r2-11	ok	0.000	0.000	6	5j
k1812	5jr2	cr-5-r2-12	ok	0.000	0.000	6	5j
k1813	5jr2	cr-5-r2-13	ok	0.000	0.000	8	5j
k1814	5jr2	cr-5-r2-14	ok	0.000	0.000	8	5j
k1815	5jr2	cr-5-r2-15	ok	0.000	0.000	8	5j
k1816	5jr2	cr-5-r2-16	ok	0.000	0.000	6	5j
k1817	5jr2	cr-5-r2-17	ok	0.000	0.000	4	5j
k1818	5jr2	cr-5-r2-18	ok	0.000	0.000	8	5j
k1819	5jr2	cr-5-r2-19	ok	0.000	0.000	6	5j
k1820	5jr2	cr-5-r2-20	ok	0.000	0.000	8	5j
k1821	5jr2	cr-5-r2-21	ok	0.000	0.000	5	5j
k1822	5jr2	cr-5-r2-22	ok	0.000	0.000	7	5j
k1823	5jr2	cr-5-r2-23	ok	0.000	0.000	6	5j
k1824	5jr2	cr-5-r2-24	ok	0.000	0.000	6	5j
k1825	5jr2	cr-5-r2-25	ok	0.000	0.000	6	5j
k1826	5jr2	cr-5-r2-26	ok	0.000	0.000	8	5j
k1827	5jr2	cr-5-r2-27	ok	0.000	0.000	6	5j
k1828	5jr2	cr-5-r2-28	ok	0.000	0.000	5	5j
k1829	5jr2	cr-5-r2-29	ok	0.000	0.000	6	5j
k1830	5jr2	cr-5-r2-30	ok	0.000	0.000	8	5j
k1831	5jr2	cr-5-r2-31	ok	0.000	0.000	6	5j
k1832	5jr2	cr-5-r2-32	ok	0.000	0.000	6	5j
k1833	5jr2	cr-5-r2-33	ok	0.000	0.000	6	5j
k1834	5jr2	cr-5-r2-34	ok	0.001	0.000	7	5j
k1835	5jr2	cr-5-r2-35	ok	0.000	0.000	6	5j
k1836	5jr2	cr-5-r2-36	ok	0.000	0.000	8	5j
k1837	5jr2	cr-5-r2-37	ok	0.000	0.000	6	5j
k1838	5jr2	cr-5-r2-38	ok	0.000	0.000	8	5j
k1839	5jr2	cr-5-r2-39	ok	0.000	0.000	6	5j
k1840	5jr2	cr-5-r2-40	ok	0.000	0.000	6	5j
k1841	5jr2	cr-5-r2-41	ok	0.000	0.000	8	5j
k1842	5jr2	cr-5-r2-42	ok	0.000	0.000	8	5j
k1843	5jr2	cr-5-r2-43	ok	0.000	0.000	6	5j
k1844	5jr2	cr-5-r2-44	ok	0.000	0.000	7	5j
k1845	5jr2	cr-5-r2-45	ok	0.000	0.000	6	5j
k1846	5jr2	cr-5-r2-46	ok	0.000	0.000	6	5j
k1847	5jr2	cr-5-r2-47	ok	0.000	0.000	8	5j
k1848	5jr2	cr-5-r2-48	ok	0.000	0.000	6	5j
k1849	5jr2	cr-5-r2-49	ok	0.000	0.000	6	5j
k1850	5jr2	cr-5-r2-50	ok	0.000	0.000	6	5j
k1851	5jr2	cr-5-r2-51	ok	0.000	0.000	8	5j
k1852	5jr2	cr-5-r2-52	ok	0.000	0.000	8	5j
k1853	5jr2	cr-5-r2-53	ok	0.000	0.000	8	5j
k1854	5jr2	cr-5-r2-54	ok	0.000	0.000	8	5j
k1855	5jr2	cr-5-r2-55	ok	0.000	0.000	6	5j
k1856	5jr2	cr-5-r2-56	ok	0.000	0.000	8	5j
k1857	5jr2	cr-5-r2-57	ok	0.000	0.000	7	5j
k1858	5jr2	cr-5-r2-58	ok	0.000	0.000	8	5j
k1859	5jr2	cr-5-r2-59	ok	0.000	0.000	6	5j
k1860	5jr2	cr-5-r2-60	ok	0.000	0.000	8	5j
k1861	5jr2	cr-5-r2-61	ok	0.000	0.000	8	5j
k1862	5jr2	cr-5-r2-62	ok	0.000	0.000	8	5j
k1863	5jr2	cr-5-r2-63	ok	0.000	0.000	8	5j
k1864	5jr2	cr-5-r2-64	ok	0.000	0.000	8	5j
k1865	5jr2	cr-5-r2-65	ok	0.000	0.000	8	5j
k1866	5jr2	cr-5-r2-66	ok	0.000	0.000	8	5j
k1867	5jr2	cr-5-r2-67	ok	0.000	0.000	7	5j
k1868	5jr2	cr-5-r2-68	ok	0.000	0.000	8	5j
k1869	5jr2	cr-5-r2-69	ok	0.000	0.000	6	5j
k1870	5jr2	cr-5-r2-70	ok	0.000	0.000	8	5j
k1871	5jr2	cr-5-r2-71	ok	0.000	0.000	7	5j
k1872	5jr2	cr-5-r2-72	ok	0.000	0.000	6	5j
k1873	5jr2	cr-5-r2-73	ok	0.000	0.000	8	5j
k1874	5jr2	cr-5-r2-74	ok	0.000	0.000	8	5j
k1875	5jr2	cr-5-r2-75	ok	0.000	0.000	6	5j
k1876	5jr2	cr-5-r2-76	ok	0.000	0.000	8	5j
k1877	5jr2	cr-5-r2-77	ok	0.000	0.000	6	5j
k1878	5jr2	cr-5-r2-78	ok	0.000	0.000	6	5j
k1879	5jr2	cr-5-r2-79	ok	0.000	0.000	6	5j
k1880	5jr2	cr-5-r2-80	ok	0.000	0.000	6	5j
k1881	5jr2	cr-5-r2-81	ok	0.000	0.000	6	5j
k1882	5jr2	cr-5-r2-82	ok	0.000	0.000	8	5j
k1883	5jr2	cr-5-r2-83	ok	0.000	0.000	6	5j
k1884	5jr2	cr-5-r2-84	ok	0.000	0.000	7	5j
k1885	5jr2	cr-5-r2-85	ok	0.000	0.000	6	5j
k1886	5jr2	cr-5-r2-86	ok	0.000	0.000	8	5j
k1887	5jr2	cr-5-r2-87	ok	0.000	0.000	6	5j
k1888	5jr2	cr-5-r2-88	ok	0.000	0.000	6	5j
k1889	5jr2	cr-5-r2-89	ok	0.000	0.000	6	5j
k1890	5jr2	cr-5-r2-90	ok	0.000	0.000	8	5j
k1891	5jr2	cr-5-r2-91	ok	0.000	0.000	6	5j
k1892	5jr2	cr-5-r2-92	ok	0.000	0.000	6	5j
k1893	5jr2	cr-5-r2-93	ok	0.000	0.000	8	5j
k1894	5jr2	cr-5-r2-94	ok	0.000	0.000	8	5j
k1895	5jr2	cr-5-r2-95	ok	0.000	0.000	6	5j
k1896	5jr2	cr-5-r2-96	ok	0.000	0.000	7	5j
k1897	5jr2	cr-5-r2-97	ok	0.000	0.000	7	5j
k1898	5jr2	cr-5-r2-98	ok	0.000	0.000	7	5j
k1899	5jr2	cr-5-r2-99	ok	0.000	0.000	6	5j
k1900	5jr2	cr-5-r2-100	ok	0.000	0.000	6	5j
k1901	5jr2	cr-5-r2-101	ok	0.000	0.000	6	5j
k1902	5jr2	cr-5-r2-102	ok	0.000	0.000	8	5j
k1903	5jr2	cr-5-r2-103	ok	0.000	0.000	8	5j
k1904	5jr2	cr-5-r2-104	ok	0.000	0.000	6	5j
k1905	5jr2	cr-5-r2-105	ok	0.000	0.000	6	5j
k1906	5jr2	cr-5-r2-106	ok	0.000	0.000	6	5j
k1907	5jr2	cr-5-r2-107	ok	0.000	0.000	7	5j
k1908	5jr2	cr-5-r2-108	ok	0.000	0.000	8	5j
k1909	5jr2	cr-5-r2-109	ok	0.000	0.000	6	5j
k1910	5jr2	cr-5-r2-110	ok	0.000	0.000	8	5j
k1911	5jr2	cr-5-r2-111	ok	0.000	0.000	8	5j
k1912	5jr2	cr-5-r2-112	ok	0.000	0.000	6	5j
k1913	5jr2	cr-5-r2-113	ok	0.000	0.000	8	5j
k1914	5jr2	cr-5-r2-114	ok	0.000	0.000	9	5j
k1915	5jr2	cr-5-r2-115	ok	0.000	0.000	6	5j
k1916	5jr2	cr-5-r2-116	ok	0.000	0.000	7	5j
k1917	5jr2	cr-5-r2-117	ok	0.000	0.000	4	5j
k1918	5jr2	cr-5-r2-118	ok	0.000	0.000	5	5j
k1919	5jr2	cr-5-r2-119	ok	0.000	0.000	6	5j
k1920	5jr2	cr-5-r2-120	ok	0.000	0.000	8	5j
k1921	5jr2	cr-5-r2-121	ok	0.000	0.000	6	5j
k1922	5jr2	cr-5-r2-122	ok	0.000	0.000	6	5j
k1923	5jr2	cr-5-r2-123	ok	0.000	0.000	5	5j
k1924	5jr2	cr-5-r2-124	ok	0.000	0.000	7	5j
k1925	5jr2	cr-5-r2-125	ok	0.001	0.000	6	5j
k1926	5jr2	cr-5-r2-126	ok	0.000	0.000	6	5j
k1927	5jr2	cr-5-r2-127	ok	0.000	0.000	8	5j
k1928	5jr2	cr-5-r2-128	ok	0.000	0.000	7	5j
k1929	5jr2	cr-5-r2-129	ok	0.000	0.000	8	5j
k1930	5jr2	cr-5-r2-130	ok	0.000	0.000	6	5j
k1931	5jr2	cr-5-r2-131	ok	0.000	0.000	8	5j
k1932	5jr2	cr-5-r2-132	ok	0.000	0.000	8	5j
k1933	5jr2	cr-5-r2-133	ok	0.000	0.000	8	5j
k1934	5jr2	cr-5-r2-134	ok	0.000	0.000	6	5j
k1935	5jr2	cr-5-r2-135	ok	0.000	0.000	6	5j
k1936	5jr2	cr-5-r2-136	ok	0.000	0.000	6	5j
k1937	5jr2	cr-5-r2-137	ok	0.000	0.000	8	5j
k1938	5jr2	cr-5-r2-138	ok	0.000	0.000	5	5j
k1939	5jr2	cr-5-r2-139	ok	0.000	0.000	6	5j
k1940	5jr2	cr-5-r2-140	ok	0.000	0.000	6	5j
k1941	5jr2	cr-5-r2-141	ok	0.000	0.000	8	5j
k1942	5jr2	cr-5-r2-142	ok	0.000	0.000	6	5j
k1943	5jr2	cr-5-r2-143	ok	0.000	0.000	8	5j
k1944	5jr2	cr-5-r2-144	ok	0.000	0.000	7	5j
k1945	5jr2	cr-5-r2-145	ok	0.000	0.000	6	5j
k1946	5jr2	cr-5-r2-146	ok	0.000	0.000	6	5j
k1947	5jr2	cr-5-r2-147	ok	0.000	0.000	6	5j
k1948	5jr2	cr-5-r2-148	ok	0.000	0.000	6	5j
k1949	5jr2	cr-5-r2-149	ok	0.000	0.000	6	5j
k1950	5jr2	cr-5-r2-150	ok	0.000	0.000	6	5j
k1951	5jr2	cr-5-r2-151	ok	0.000	0.000	8	5j
k1952	5jr2	cr-5-r2-152	ok	0.000	0.000	5	5j
k1953	5jr2	cr-5-r2-153	ok	0.000	0.000	6	5j
k1954	5jr2	cr-5-r2-154	ok	0.000	0.000	8	5j
k1955	5jr2	cr-5-r2-155	ok	0.000	0.000	6	5j
k1956	5jr2	cr-5-r2-156	ok	0.000	0.000	6	5j
k1957	5jr2	cr-5-r2-157	ok	0.000	0.000	8	5j
k1958	5jr2	cr-5-r2-158	ok	0.000	0.000	6	5j
k1959	5jr2	cr-5-r2-159	ok	0.000	0.000	6	5j
k1960	5jr2	cr-5-r2-160	ok	0.000	0.000	6	5j
k1961	5jr2	cr-5-r2-161	ok	0.000	0.000	8	5j
k1962	5jr2	cr-5-r2-162	ok	0.000	0.000	6	5j
k1963	5jr2	cr-5-r2-163	ok	0.000	0.000	6	5j
k1964	5jr2	cr-5-r2-164	ok	0.000	0.000	6	5j
k1965	5jr2	cr-5-r2-165	ok	0.000	0.000	6	5j
k1966	5jr2	cr-5-r2-166	ok	0.000	0.000	8	5j
k1967	5jr2	cr-5-r2-167	ok	0.000	0.000	6	5j
k1968	5jr2	cr-5-r2-168	ok	0.000	0.000	5	5j
k1969	5jr2	cr-5-r2-169	ok	0.000	0.000	6	5j
k1970	5jr2	cr-5-r2-170	ok	0.000	0.000	6	5j
k1971	5jr2	cr-5-r2-171	ok	0.000	0.000	6	5j
k1972	5jr2	cr-5-r2-172	ok	0.000	0.000	8	5j
k1973	5jr2	cr-5-r2-173	ok	0.000	0.000	8	5j
k1974	5jr2	cr-5-r2-174	ok	0.000	0.000	6	5j
k1975	5jr2	cr-5-r2-175	ok	0.000	0.000	8	5j
k1976	5jr2	cr-5-r2-176	ok	0.000	0.000	6	5j
k1977	5jr2	cr-5-r2-177	ok	0.000	0.000	6	5j
k1978	5jr2	cr-5-r2-178	ok	0.000	0.000	6	5j
k1979	5jr2	cr-5-r2-179	ok	0.000	0.000	6	5j
k1980	5jr2	cr-5-r2-180	ok	0.000	0.000	6	5j
k1981	5jr2	cr-5-r2-181	ok	0.000	0.000	5	5j
k1982	5jr2	cr-5-r2-182	ok	0.000	0.000	6	5j
k1983	5jr2	cr-5-r2-183	ok	0.000	0.000	6	5j
k1984	5jr2	cr-5-r2-184	ok	0.000	0.000	8	5j
k1985	5jr2	cr-5-r2-185	ok	0.000	0.000	8	5j
k1986	5jr2	cr-5-r2-186	ok	0.000	0.000	6	5j
k1987	5jr2	cr-5-r2-187	ok	0.000	0.000	8	5j
k1988	5jr2	cr-5-r2-188	ok	0.000	0.000	6	5j
k1989	5jr2	cr-5-r2-189	ok	0.000	0.000	8	5j
k1990	5jr2	cr-5-r2-190	ok	0.000	0.000	6	5j
k1991	5jr2	cr-5-r2-191	ok	0.000	0.000	6	5j
k1992	5jr2	cr-5-r2-192	ok	0.000	0.000	6	5j
k1993	5jr2	cr-5-r2-193	ok	0.000	0.000	6	5j
k1994	5jr2	cr-5-r2-194	ok	0.000	0.000	7	5j
k1995	5jr2	cr-5-r2-195	ok	0.000	0.000	6	5j
k1996	5jr2	cr-5-r2-196	ok	0.000	0.000	8	5j
k1997	5jr2	cr-5-r2-197	ok	0.000	0.000	6	5j
k1998	5jr2	cr-5-r2-198	ok	0.000	0.000	8	5j
k1999	5jr2	cr-5-r2-199	ok	0.000	0.000	6	5j
k2000	5jr2	cr-5-r2-200	ok	0.000	0.000	8	5j
k2001	5jr4	cr-5-r4-1	ok	0.000	0.000	8	5jr4
k2002	5jr4	cr-5-r4-2	ok	0.000	0.000	8	5jr4
k2003	5jr4	cr-5-r4-3	ok	0.000	0.000	8	5jr4
k2004	5jr4	cr-5-r4-4	ok	0.000	0.000	8	5jr4
k2005	5jr4	cr-5-r4-5	ok	0.000	0.000	8	5jr4
k2006	5jr4	cr-5-r4-6	ok	0.000	0.000	12	5jr4
k2007	5jr4	cr-5-r4-7	ok	0.000	0.000	9	5jr4
k2008	5jr4	cr-5-r4-8	ok	0.000	0.000	8	5jr4
k2009	5jr4	cr-5-r4-9	ok	0.000	0.000	9	5jr4
k2010	5jr4	cr-5-r4-10	ok	0.000	0.000	8	5jr4
k2011	5jr4	cr-5-r4-11	ok	0.000	0.000	8	5jr4
k2012	5jr4	cr-5-r4-12	ok	0.000	0.000	8	5jr4
k2013	5jr4	cr-5-r4-13	ok	0.000	0.000	8	5jr4
k2014	5jr4	cr-5-r4-14	ok	0.000	0.000	8	5jr4
k2015	5jr4	cr-5-r4-15	ok	0.000	0.000	8	5jr4
k2016	5jr4	cr-5-r4-16	ok	0.000	0.000	8	5jr4
k2017	5jr4	cr-5-r4-17	ok	0.000	0.000	9	5jr4
k2018	5jr4	cr-5-r4-18	ok	0.000	0.000	8	5jr4
k2019	5jr4	cr-5-r4-19	ok	0.000	0.000	9	5jr4
k2020	5jr4	cr-5-r4-20	ok	0.000	0.000	12	5jr4
k2021	5jr4	cr-5-r4-21	ok	0.000	0.000	8	5jr4
k2022	5jr4	cr-5-r4-22	ok	0.000	0.000	9	5jr4
k2023	5jr4	cr-5-r4-23	ok	0.000	0.000	8	5jr4
k2024	5jr4	cr-5-r4-24	ok	0.000	0.000	8	5jr4
k2025	5jr4	cr-5-r4-25	ok	0.000	0.000	8	5jr4
k2026	5jr4	cr-5-r4-26	ok	0.000	0.000	8	5jr4
k2027	5jr4	cr-5-r4-27	ok	0.000	0.000	8	5jr4
k2028	5jr4	cr-5-r4-28	ok	0.000	0.000	8	5jr4
k2029	5jr4	cr-5-r4-29	ok	0.000	0.000	8	5jr4
k2030	5jr4	cr-5-r4-30	ok	0.000	0.000	8	5jr4
k2031	5jr4	cr-5-r4-31	ok	0.000	0.000	8	5jr4
k2032	5jr4	cr-5-r4-32	ok	0.000	0.000	8	5jr4
k2033	5jr4	cr-5-r4-33	ok	0.001	0.000	8	5jr4
k2034	5jr4	cr-5-r4-34	ok	0.000	0.000	8	5jr4
k2035	5jr4	cr-5-r4-35	ok	0.000	0.000	8	5jr4
k2036	5jr4	cr-5-r4-36	ok	0.000	0.000	12	5jr4
k2037	5jr4	cr-5-r4-37	ok	0.000	0.000	8	5jr4
k2038	5jr4	cr-5-r4-38	ok	0.000	0.000	8	5jr4
k2039	5jr4	cr-5-r4-39	ok	0.001	0.000	8	5jr4
k2040	5jr4	cr-5-r4-40	ok	0.000	0.000	8	5jr4
k2041	5jr4	cr-5-r4-41	ok	0.000	0.000	8	5jr4
k2042	5jr4	cr-5-r4-42	ok	0.000	0.000	9	5jr4
k2043	5jr4	cr-5-r4-43	ok	0.000	0.000	12	5jr4
k2044	5jr4	cr-5-r4-44	ok	0.000	0.000	8	5jr4
k2045	5jr4	cr-5-r4-45	ok	0.000	0.000	8	5jr4
k2046	5jr4	cr-5-r4-46	ok	0.000	0.000	8	5jr4
k2047	5jr4	cr-5-r4-47	ok	0.001	0.000	8	5jr4
k2048	5jr4	cr-5-r4-48	ok	0.000	0.000	8	5jr4
k2049	5jr4	cr-5-r4-49	ok	0.000	0.000	8	5jr4
k2050	5jr4	cr-5-r4-50	ok	0.000	0.000	8	5jr4
k2051	5jr4	cr-5-r4-51	ok	0.000	0.000	9	5jr4
k2052	5jr4	cr-5-r4-52	ok	0.001	0.000	8	5jr4
k2053	5jr4	cr-5-r4-53	ok	0.000	0.000	8	5jr4
k2054	5jr4	cr-5-r4-54	ok	0.000	0.000	8	5jr4
k2055	5jr4	cr-5-r4-55	ok	0.000	0.000	8	5jr4
k2056	5jr4	cr-5-r4-56	ok	0.000	0.000	12	5jr4
k2057	5jr4	cr-5-r4-57	ok	0.000	0.000	8	5jr4
k2058	5jr4	cr-5-r4-58	ok	0.000	0.000	8	5jr4
k2059	5jr4	cr-5-r4-59	ok	0.000	0.000	8	5jr4
k2060	5jr4	cr-5-r4-60	ok	0.000	0.000	8	5jr4
k2061	5jr4	cr-5-r4-61	ok	0.000	0.000	8	5jr4
k2062	5jr4	cr-5-r4-62	ok	0.000	0.000	8	5jr4
k2063	5jr4	cr-5-r4-63	ok	0.000	0.000	8	5jr4
k2064	5jr4	cr-5-r4-64	ok	0.000	0.000	8	5jr4
k2065	5jr4	cr-5-r4-65	ok	0.000	0.000	8	5jr4
k2066	5jr4	cr-5-r4-66	ok	0.000	0.000	8	5jr4
k2067	5jr4	cr-5-r4-67	ok	0.000	0.000	8	5jr4
k2068	5jr4	cr-5-r4-68	ok	0.000	0.000	12	5jr4
k2069	5jr4	cr-5-r4-69	ok	0.000	0.000	8	5jr4
k2070	5jr4	cr-5-r4-70	ok	0.000	0.000	8	5jr4
k2071	5jr4	cr-5-r4-71	ok	0.000	0.000	12	5jr4
k2072	5jr4	cr-5-r4-72	ok	0.000	0.000	8	5jr4
k2073	5jr4	cr-5-r4-73	ok	0.001	0.000	8	5jr4
k2074	5jr4	cr-5-r4-74	ok	0.000	0.000	8	5jr4
k2075	5jr4	cr-5-r4-75	ok	0.000	0.000	9	5jr4
k2076	5jr4	cr-5-r4-76	ok	0.000	0.000	8	5jr4
k2077	5jr4	cr-5-r4-77	ok	0.000	0.000	12	5jr4
k2078	5jr4	cr-5-r4-78	ok	0.000	0.000	8	5jr4
k2079	5jr4	cr-5-r4-79	ok	0.000	0.000	8	5jr4
k2080	5jr4	cr-5-r4-80	ok	0.000	0.000	8	5jr4
k2081	5jr4	cr-5-r4-81	ok	0.000	0.000	8	5jr4
k2082	5jr4	cr-5-r4-82	ok	0.000	0.000	8	5jr4
k2083	5jr4	cr-5-r4-83	ok	0.000	0.000	8	5jr4
k2084	5jr4	cr-5-r4-84	ok	0.000	0.000	12	5jr4
k2085	5jr4	cr-5-r4-85	ok	0.000	0.000	8	5jr4
k2086	5jr4	cr-5-r4-86	ok	0.000	0.000	8	5jr4
k2087	5jr4	cr-5-r4-87	ok	0.000	0.000	8	5jr4
k2088	5jr4	cr-5-r4-88	ok	0.000	0.000	8	5jr4
k2089	5jr4	cr-5-r4-89	ok	0.000	0.000	8	5jr4
k2090	5jr4	cr-5-r4-90	ok	0.000	0.000	5	5jr4
k2091	5jr4	cr-5-r4-91	ok	0.000	0.000	8	5jr4
k2092	5jr4	cr-5-r4-92	ok	0.000	0.000	9	5jr4
k2093	5jr4	cr-5-r4-93	ok	0.000	0.000	9	5jr4
k2094	5jr4	cr-5-r4-94	ok	0.000	0.000	8	5jr4
k2095	5jr4	cr-5-r4-95	ok	0.000	0.000	8	5jr4
k2096	5jr4	cr-5-r4-96	ok	0.000	0.000	8	5jr4
k2097	5jr4	cr-5-r4-97	ok	0.000	0.000	8	5jr4
k2098	5jr4	cr-5-r4-98	ok	0.001	0.000	8	5jr4
k2099	5jr4	cr-5-r4-99	ok	0.000	0.000	8	5jr4
k2100	5jr4	cr-5-r4-100	ok	0.000	0.000	8	5jr4
k2101	5jr4	cr-5-r4-101	ok	0.000	0.000	8	5jr4
k2102	5jr4	cr-5-r4-102	ok	0.000	0.000	8	5jr4
k2103	5jr4	cr-5-r4-103	ok	0.000	0.000	8	5jr4
k2104	5jr4	cr-5-r4-104	ok	0.000	0.000	12	5jr4
k2105	5jr4	cr-5-r4-105	ok	0.000	0.000	8	5jr4
k2106	5jr4	cr-5-r4-106	ok	0.000	0.000	8	5jr4
k2107	5jr4	cr-5-r4-107	ok	0.000	0.000	8	5jr4
k2108	5jr4	cr-5-r4-108	ok	0.000	0.000	9	5jr4
k2109	5jr4	cr-5-r4-109	ok	0.000	0.000	8	5jr4
k2110	5jr4	cr-5-r4-110	ok	0.000	0.000	8	5jr4
k2111	5jr4	cr-5-r4-111	ok	0.000	0.000	8	5jr4
k2112	5jr4	cr-5-r4-112	ok	0.001	0.000	8	5jr4
k2113	5jr4	cr-5-r4-113	ok	0.000	0.000	12	5jr4
k2114	5jr4	cr-5-r4-114	ok	0.000	0.000	8	5jr4
k2115	5jr4	cr-5-r4-115	ok	0.000	0.000	8	5jr4
k2116	5jr4	cr-5-r4-116	ok	0.000	0.000	9	5jr4
k2117	5jr4	cr-5-r4-117	ok	0.000	0.000	8	5jr4
k2118	5jr4	cr-5-r4-118	ok	0.000	0.000	9	5jr4
k2119	5jr4	cr-5-r4-119	ok	0.000	0.000	8	5jr4
k2120	5jr4	cr-5-r4-120	ok	0.000	0.000	8	5jr4
k2121	5jr4	cr-5-r4-121	ok	0.000	0.000	8	5jr4
k2122	5jr4	cr-5-r4-122	ok	0.000	0.000	8	5jr4
k2123	5jr4	cr-5-r4-123	ok	0.000	0.000	8	5jr4
k2124	5jr4	cr-5-r4-124	ok	0.000	0.000	8	5jr4
k2125	5jr4	cr-5-r4-125	ok	0.000	0.000	8	5jr4
k2126	5jr4	cr-5-r4-126	ok	0.000	0.000	8	5jr4
k2127	5jr4	cr-5-r4-127	ok	0.000	0.000	8	5jr4
k2128	5jr4	cr-5-r4-128	ok	0.000	0.000	8	5jr4
k2129	5jr4	cr-5-r4-129	ok	0.000	0.000	8	5jr4
k2130	5jr4	cr-5-r4-130	ok	0.001	0.000	8	5jr4
k2131	5jr4	cr-5-r4-131	ok	0.000	0.000	8	5jr4
k2132	5jr4	cr-5-r4-132	ok	0.000	0.000	8	5jr4
k2133	5jr4	cr-5-r4-133	ok	0.000	0.000	8	5jr4
k2134	5jr4	cr-5-r4-134	ok	0.000	0.000	12	5jr4
k2135	5jr4	cr-5-r4-135	ok	0.000	0.000	8	5jr4
k2136	5jr4	cr-5-r4-136	ok	0.000	0.000	8	5jr4
k2137	5jr4	cr-5-r4-137	ok	0.000	0.000	8	5jr4
k2138	5jr4	cr-5-r4-138	ok	0.000	0.000	9	5jr4
k2139	5jr4	cr-5-r4-139	ok	0.000	0.000	8	5jr4
k2140	5jr4	cr-5-r4-140	ok	0.000	0.000	8	5jr4
k2141	5jr4	cr-5-r4-141	ok	0.000	0.000	8	5jr4
k2142	5jr4	cr-5-r4-142	ok	0.000	0.000	8	5jr4
k2143	5jr4	cr-5-r4-143	ok	0.000	0.000	8	5jr4
k2144	5jr4	cr-5-r4-144	ok	0.000	0.000	8	5jr4
k2145	5jr4	cr-5-r4-145	ok	0.000	0.000	8	5jr4
k2146	5jr4	cr-5-r4-146	ok	0.000	0.000	8	5jr4
k2147	5jr4	cr-5-r4-147	ok	0.000	0.000	9	5jr4
k2148	5jr4	cr-5-r4-148	ok	0.000	0.000	8	5jr4
k2149	5jr4	cr-5-r4-149	ok	0.000	0.000	8	5jr4
k2150	5jr4	cr-5-r4-150	ok	0.000	0.000	8	5jr4
k2151	5jr4	cr-5-r4-151	ok	0.000	0.000	9	5jr4
k2152	5jr4	cr-5-r4-152	ok	0.001	0.000	8	5jr4
k2153	5jr4	cr-5-r4-153	ok	0.000	0.000	8	5jr4
k2154	5jr4	cr-5-r4-154	ok	0.000	0.000	8	5jr4
k2155	5jr4	cr-5-r4-155	ok	0.000	0.000	8	5jr4
k2156	5jr4	cr-5-r4-156	ok	0.000	0.000	8	5jr4
k2157	5jr4	cr-5-r4-157	ok	0.000	0.000	8	5jr4
k2158	5jr4	cr-5-r4-158	ok	0.000	0.000	12	5jr4
k2159	5jr4	cr-5-r4-159	ok	0.000	0.000	5	5jr4
k2160	5jr4	cr-5-r4-160	ok	0.000	0.000	8	5jr4
k2161	5jr4	cr-5-r4-161	ok	0.000	0.000	8	5jr4
k2162	5jr4	cr-5-r4-162	ok	0.000	0.000	8	5jr4
k2163	5jr4	cr-5-r4-163	ok	0.000	0.000	8	5jr4
k2164	5jr4	cr-5-r4-164	ok	0.000	0.000	9	5jr4
k2165	5jr4	cr-5-r4-165	ok	0.000	0.000	8	5jr4
k2166	5jr4	cr-5-r4-166	ok	0.000	0.000	8	5jr4
k2167	5jr4	cr-5-r4-167	ok	0.000	0.000	12	5jr4
k2168	5jr4	cr-5-r4-168	ok	0.000	0.000	8	5jr4
k2169	5jr4	cr-5-r4-169	ok	0.000	0.000	8	5jr4
k2170	5jr4	cr-5-r4-170	ok	0.000	0.000	9	5jr4
k2171	5jr4	cr-5-r4-171	ok	0.000	0.000	8	5jr4
k2172	5jr4	cr-5-r4-172	ok	0.000	0.000	8	5jr4
k2173	5jr4	cr-5-r4-173	ok	0.000	0.000	8	5jr4
k2174	5jr4	cr-5-r4-174	ok	0.000	0.000	8	5jr4
k2175	5jr4	cr-5-r4-175	ok	0.000	0.000	8	5jr4
k2176	5jr4	cr-5-r4-176	ok	0.000	0.000	8	5jr4
k2177	5jr4	cr-5-r4-177	ok	0.000	0.000	8	5jr4
k2178	5jr4	cr-5-r4-178	ok	0.000	0.000	8	5jr4
k2179	5jr4	cr-5-r4-179	ok	0.001	0.000	8	5jr4
k2180	5jr4	cr-5-r4-180	ok	0.000	0.000	8	5jr4
k2181	5jr4	cr-5-r4-181	ok	0.000	0.000	9	5jr4
k2182	5jr4	cr-5-r4-182	ok	0.000	0.000	8	5jr4
k2183	5jr4	cr-5-r4-183	ok	0.000	0.000	8	5jr4
k2184	5jr4	cr-5-r4-184	ok	0.000	0.000	8	5jr4
k2185	5jr4	cr-5-r4-185	ok	0.000	0.000	8	5jr4
k2186	5jr4	cr-5-r4-186	ok	0.000	0.000	4	5jr4
k2187	5jr4	cr-5-r4-187	ok	0.000	0.000	8	5jr4
k2188	5jr4	cr-5-r4-188	ok	0.000	0.000	8	5jr4
k2189	5jr4	cr-5-r4-189	ok	0.000	0.000	12	5jr4
k2190	5jr4	cr-5-r4-190	ok	0.000	0.000	8	5jr4
k2191	5jr4	cr-5-r4-191	ok	0.000	0.000	8	5jr4
k2192	5jr4	cr-5-r4-192	ok	0.000	0.000	8	5jr4
k2193	5jr4	cr-5-r4-193	ok	0.000	0.000	8	5jr4
k2194	5jr4	cr-5-r4-194	ok	0.000	0.000	8	5jr4
k2195	5jr4	cr-5-r4-195	ok	0.000	0.000	8	5jr4
k2196	5jr4	cr-5-r4-196	ok	0.001	0.000	8	5jr4
k2197	5jr4	cr-5-r4-197	ok	0.000	0.000	8	5jr4
k2198	5jr4	cr-5-r4-198	ok	0.000	0.000	8	5jr4
k2199	5jr4	cr-5-r4-199	ok	0.001	0.000	8	5jr4
k2200	5jr4	cr-5-r4-200	ok	0.000	0.000	8	5jr4
k2201	5jm2	cr-5-m2-1	ok	0.000	0.000	8	5jm2
k2202	5jm2	cr-5-m2-2	ok	0.000	0.000	6	5jm2
k2203	5jm2	cr-5-m2-3	ok	0.000	0.000	7	5jm2
k2204	5jm2	cr-5-m2-4	ok	0.000	0.000	8	5jm2
k2205	5jm2	cr-5-m2-5	ok	0.000	0.000	9	5jm2
k2206	5jm2	cr-5-m2-6	ok	0.000	0.000	8	5jm2
k2207	5jm2	cr-5-m2-7	ok	0.000	0.000	6	5jm2
k2208	5jm2	cr-5-m2-8	ok	0.000	0.000	6	5jm2
k2209	5jm2	cr-5-m2-9	ok	0.001	0.000	5	5jm2
k2210	5jm2	cr-5-m2-10	ok	0.000	0.000	5	5jm2
k2211	5jm2	cr-5-m2-11	ok	0.000	0.000	6	5jm2
k2212	5jm2	cr-5-m2-12	ok	0.000	0.000	7	5jm2
k2213	5jm2	cr-5-m2-13	ok	0.001	0.001	7	5jm2
k2214	5jm2	cr-5-m2-14	ok	0.000	0.000	8	5jm2
k2215	5jm2	cr-5-m2-15	ok	0.000	0.000	6	5jm2
k2216	5jm2	cr-5-m2-16	ok	0.000	0.000	8	5jm2
k2217	5jm2	cr-5-m2-17	ok	0.000	0.000	6	5jm2
k2218	5jm2	cr-5-m2-18	ok	0.001	0.001	6	5jm2
k2219	5jm2	cr-5-m2-19	ok	0.000	0.000	5	5jm2
k2220	5jm2	cr-5-m2-20	ok	0.000	0.000	7	5jm2
k2221	5jm2	cr-5-m2-21	ok	0.000	0.000	6	5jm2
k2222	5jm2	cr-5-m2-22	ok	0.000	0.000	7	5jm2
k2223	5jm2	cr-5-m2-23	ok	0.000	0.000	5	5jm2
k2224	5jm2	cr-5-m2-24	ok	0.000	0.000	6	5jm2
k2225	5jm2	cr-5-m2-25	ok	0.000	0.000	6	5jm2
k2226	5jm2	cr-5-m2-26	ok	0.000	0.000	5	5jm2
k2227	5jm2	cr-5-m2-27	ok	0.000	0.000	5	5jm2
k2228	5jm2	cr-5-m2-28	ok	0.000	0.000	7	5jm2
k2229	5jm2	cr-5-m2-29	ok	0.000	0.000	7	5jm2
k2230	5jm2	cr-5-m2-30	ok	0.001	0.000	5	5jm2
k2231	5jm2	cr-5-m2-31	ok	0.000	0.000	6	5jm2
k2232	5jm2	cr-5-m2-32	ok	0.000	0.000	7	5jm2
k2233	5jm2	cr-5-m2-33	ok	0.000	0.000	5	5jm2
k2234	5jm2	cr-5-m2-34	ok	0.000	0.000	7	5jm2
k2235	5jm2	cr-5-m2-35	ok	0.000	0.000	7	5jm2
k2236	5jm2	cr-5-m2-36	ok	0.000	0.000	7	5jm2
k2237	5jm2	cr-5-m2-37	ok	0.000	0.000	7	5jm2
k2238	5jm2	cr-5-m2-38	ok	0.000	0.000	6	5jm2
k2239	5jm2	cr-5-m2-39	ok	0.001	0.000	5	5jm2
k2240	5jm2	cr-5-m2-40	ok	0.001	0.000	7	5jm2
k2241	5jm2	cr-5-m2-41	ok	0.000	0.000	6	5jm2
k2242	5jm2	cr-5-m2-42	ok	0.000	0.000	4	5jm2
k2243	5jm2	cr-5-m2-43	ok	0.000	0.000	6	5jm2
k2244	5jm2	cr-5-m2-44	ok	0.000	0.000	6	5jm2
k2245	5jm2	cr-5-m2-45	ok	0.000	0.000	8	5jm2
k2246	5jm2	cr-5-m2-46	ok	0.001	0.000	6	5jm2
k2247	5jm2	cr-5-m2-47	ok	0.000	0.000	5	5jm2
k2248	5jm2	cr-5-m2-48	ok	0.000	0.000	7	5jm2
k2249	5jm2	cr-5-m2-49	ok	0.000	0.000	6	5jm2
k2250	5jm2	cr-5-m2-50	ok	0.000	0.000	6	5jm2
k2251	5jm2	cr-5-m2-51	ok	0.000	0.000	5	5jm2
k2252	5jm2	cr-5-m2-52	ok	0.000	0.000	8	5jm2
k2253	5jm2	cr-5-m2-53	ok	0.001	0.001	8	5jm2
k2254	5jm2	cr-5-m2-54	ok	0.000	0.000	8	5jm2
k2255	5jm2	cr-5-m2-55	ok	0.000	0.000	6	5jm2
k2256	5jm2	cr-5-m2-56	ok	0.000	0.000	6	5jm2
k2257	5jm2	cr-5-m2-57	ok	0.000	0.000	7	5jm2
k2258	5jm2	cr-5-m2-58	ok	0.000	0.000	5	5jm2
k2259	5jm2	cr-5-m2-59	ok	0.000	0.000	8	5jm2
k2260	5jm2	cr-5-m2-60	ok	0.000	0.000	6	5jm2
k2261	5jm2	cr-5-m2-61	ok	0.000	0.000	5	5jm2
k2262	5jm2	cr-5-m2-62	ok	0.000	0.000	7	5jm2
k2263	5jm2	cr-5-m2-63	ok	0.000	0.000	9	5jm2
k2264	5jm2	cr-5-m2-64	ok	0.000	0.000	8	5jm2
k2265	5jm2	cr-5-m2-65	ok	0.000	0.000	7	5jm2
k2266	5jm2	cr-5-m2-66	ok	0.000	0.000	7	5jm2
k2267	5jm2	cr-5-m2-67	ok	0.000	0.000	7	5jm2
k2268	5jm2	cr-5-m2-68	ok	0.000	0.000	6	5jm2
k2269	5jm2	cr-5-m2-69	ok	0.000	0.000	6	5jm2
k2270	5jm2	cr-5-m2-70	ok	0.000	0.000	8	5jm2
k2271	5jm2	cr-5-m2-71	ok	0.000	0.000	6	5jm2
k2272	5jm2	cr-5-m2-72	ok	0.000	0.000	8	5jm2
k2273	5jm2	cr-5-m2-73	ok	0.000	0.000	5	5jm2
k2274	5jm2	cr-5-m2-74	ok	0.000	0.000	6	5jm2
k2275	5jm2	cr-5-m2-75	ok	0.000	0.000	6	5jm2
k2276	5jm2	cr-5-m2-76	ok	0.000	0.000	6	5jm2
k2277	5jm2	cr-5-m2-77	ok	0.000	0.000	7	5jm2
k2278	5jm2	cr-5-m2-78	ok	0.000	0.000	8	5jm2
k2279	5jm2	cr-5-m2-79	ok	0.000	0.000	8	5jm2
k2280	5jm2	cr-5-m2-80	ok	0.000	0.000	7	5jm2
k2281	5jm2	cr-5-m2-81	ok	0.000	0.000	7	5jm2
k2282	5jm2	cr-5-m2-82	ok	0.000	0.000	5	5jm2
k2283	5jm2	cr-5-m2-83	ok	0.000	0.000	7	5jm2
k2284	5jm2	cr-5-m2-84	ok	0.001	0.000	7	5jm2
k2285	5jm2	cr-5-m2-85	ok	0.000	0.000	7	5jm2
k2286	5jm2	cr-5-m2-86	ok	0.000	0.000	6	5jm2
k2287	5jm2	cr-5-m2-87	ok	0.000	0.000	8	5jm2
k2288	5jm2	cr-5-m2-88	ok	0.000	0.000	6	5jm2
k2289	5jm2	cr-5-m2-89	ok	0.000	0.000	6	5jm2
k2290	5jm2	cr-5-m2-90	ok	0.000	0.000	7	5jm2
k2291	5jm2	cr-5-m2-91	ok	0.000	0.000	7	5jm2
k2292	5jm2	cr-5-m2-92	ok	0.000	0.000	8	5jm2
k2293	5jm2	cr-5-m2-93	ok	0.000	0.000	5	5jm2
k2294	5jm2	cr-5-m2-94	ok	0.000	0.000	6	5jm2
k2295	5jm2	cr-5-m2-95	ok	0.000	0.000	8	5jm2
k2296	5jm2	cr-5-m2-96	ok	0.000	0.000	7	5jm2
k2297	5jm2	cr-5-m2-97	ok	0.000	0.000	7	5jm2
k2298	5jm2	cr-5-m2-98	ok	0.000	0.000	5	5jm2
k2299	5jm2	cr-5-m2-99	ok	0.000	0.000	8	5jm2
k2300	5jm2	cr-5-m2-100	ok	0.000	0.000	6	5jm2
k2301	5jm2	cr-5-m2-101	ok	0.000	0.000	7	5jm2
k2302	5jm2	cr-5-m2-102	ok	0.000	0.000	7	5jm2
k2303	5jm2	cr-5-m2-103	ok	0.000	0.000	7	5jm2
k2304	5jm2	cr-5-m2-104	ok	0.000	0.000	6	5jm2
k2305	5jm2	cr-5-m2-105	ok	0.000	0.000	6	5jm2
k2306	5jm2	cr-5-m2-106	ok	0.001	0.000	7	5jm2
k2307	5jm2	cr-5-m2-107	ok	0.000	0.000	7	5jm2
k2308	5jm2	cr-5-m2-108	ok	0.000	0.000	5	5jm2
k2309	5jm2	cr-5-m2-109	ok	0.000	0.000	6	5jm2
k2310	5jm2	cr-5-m2-110	ok	0.000	0.000	7	5jm2
k2311	5jm2	cr-5-m2-111	ok	0.000	0.000	10	5jm2
k2312	5jm2	cr-5-m2-112	ok	0.000	0.000	5	5jm2
k2313	5jm2	cr-5-m2-113	ok	0.000	0.000	7	5jm2
k2314	5jm2	cr-5-m2-114	ok	0.000	0.000	6	5jm2
k2315	5jm2	cr-5-m2-115	ok	0.000	0.000	8	5jm2
k2316	5jm2	cr-5-m2-116	ok	0.000	0.000	6	5jm2
k2317	5jm2	cr-5-m2-117	ok	0.001	0.000	6	5jm2
k2318	5jm2	cr-5-m2-118	ok	0.000	0.000	8	5jm2
k2319	5jm2	cr-5-m2-119	ok	0.000	0.000	6	5jm2
k2320	5jm2	cr-5-m2-120	ok	0.000	0.000	4	5jm2
k2321	5jm2	cr-5-m2-121	ok	0.000	0.000	7	5jm2
k2322	5jm2	cr-5-m2-122	ok	0.000	0.000	8	5jm2
k2323	5jm2	cr-5-m2-123	ok	0.000	0.000	6	5jm2
k2324	5jm2	cr-5-m2-124	ok	0.001	0.000	4	5jm2
k2325	5jm2	cr-5-m2-125	ok	0.000	0.000	5	5jm2
k2326	5jm2	cr-5-m2-126	ok	0.000	0.000	7	5jm2
k2327	5jm2	cr-5-m2-127	ok	0.000	0.000	9	5jm2
k2328	5jm2	cr-5-m2-128	ok	0.000	0.000	5	5jm2
k2329	5jm2	cr-5-m2-129	ok	0.000	0.000	5	5jm2
k2330	5jm2	cr-5-m2-130	ok	0.000	0.000	7	5jm2
k2331	5jm2	cr-5-m2-131	ok	0.000	0.000	7	5jm2
k2332	5jm2	cr-5-m2-132	ok	0.000	0.000	8	5jm2
k2333	5jm2	cr-5-m2-133	ok	0.000	0.000	7	5jm2
k2334	5jm2	cr-5-m2-134	ok	0.000	0.000	8	5jm2
k2335	5jm2	cr-5-m2-135	ok	0.000	0.000	7	5jm2
k2336	5jm2	cr-5-m2-136	ok	0.000	0.000	7	5jm2
k2337	5jm2	cr-5-m2-137	ok	0.000	0.000	7	5jm2
k2338	5jm2	cr-5-m2-138	ok	0.000	0.000	6	5jm2
k2339	5jm2	cr-5-m2-139	ok	0.001	0.000	7	5jm2
k2340	5jm2	cr-5-m2-140	ok	0.000	0.000	6	5jm2
k2341	5jm2	cr-5-m2-141	ok	0.000	0.000	7	5jm2
k2342	5jm2	cr-5-m2-142	ok	0.000	0.000	7	5jm2
k2343	5jm2	cr-5-m2-143	ok	0.000	0.000	7	5jm2
k2344	5jm2	cr-5-m2-144	ok	0.000	0.000	7	5jm2
k2345	5jm2	cr-5-m2-145	ok	0.000	0.000	6	5jm2
k2346	5jm2	cr-5-m2-146	ok	0.000	0.000	6	5jm2
k2347	5jm2	cr-5-m2-147	ok	0.000	0.000	7	5jm2
k2348	5jm2	cr-5-m2-148	ok	0.000	0.000	7	5jm2
k2349	5jm2	cr-5-m2-149	ok	0.001	0.000	6	5jm2
k2350	5jm2	cr-5-m2-150	ok	0.000	0.000	6	5jm2
k2351	5jm2	cr-5-m2-151	ok	0.000	0.000	7	5jm2
k2352	5jm2	cr-5-m2-152	ok	0.000	0.000	6	5jm2
k2353	5jm2	cr-5-m2-153	ok	0.000	0.000	7	5jm2
k2354	5jm2	cr-5-m2-154	ok	0.000	0.000	6	5jm2
k2355	5jm2	cr-5-m2-155	ok	0.000	0.000	7	5jm2
k2356	5jm2	cr-5-m2-156	ok	0.000	0.000	6	5jm2
k2357	5jm2	cr-5-m2-157	ok	0.000	0.000	6	5jm2
k2358	5jm2	cr-5-m2-158	ok	0.000	0.000	5	5jm2
k2359	5jm2	cr-5-m2-159	ok	0.000	0.000	5	5jm2
k2360	5jm2	cr-5-m2-160	ok	0.001	0.001	7	5jm2
k2361	5jm2	cr-5-m2-161	ok	0.000	0.000	8	5jm2
k2362	5jm2	cr-5-m2-162	ok	0.000	0.000	7	5jm2
k2363	5jm2	cr-5-m2-163	ok	0.000	0.000	9	5jm2
k2364	5jm2	cr-5-m2-164	ok	0.000	0.000	7	5jm2
k2365	5jm2	cr-5-m2-165	ok	0.000	0.000	5	5jm2
k2366	5jm2	cr-5-m2-166	ok	0.000	0.000	5	5jm2
k2367	5jm2	cr-5-m2-167	ok	0.000	0.000	6	5jm2
k2368	5jm2	cr-5-m2-168	ok	0.000	0.000	5	5jm2
k2369	5jm2	cr-5-m2-169	ok	0.000	0.000	7	5jm2
k2370	5jm2	cr-5-m2-170	ok	0.000	0.000	8	5jm2
k2371	5jm2	cr-5-m2-171	ok	0.000	0.000	8	5jm2
k2372	5jm2	cr-5-m2-172	ok	0.000	0.000	7	5jm2
k2373	5jm2	cr-5-m2-173	ok	0.000	0.000	8	5jm2
k2374	5jm2	cr-5-m2-174	ok	0.000	0.000	6	5jm2
k2375	5jm2	cr-5-m2-175	ok	0.000	0.000	7	5jm2
k2376	5jm2	cr-5-m2-176	ok	0.000	0.000	6	5jm2
k2377	5jm2	cr-5-m2-177	ok	0.000	0.000	6	5jm2
k2378	5jm2	cr-5-m2-178	ok	0.000	0.000	7	5jm2
k2379	5jm2	cr-5-m2-179	ok	0.000	0.000	6	5jm2
k2380	5jm2	cr-5-m2-180	ok	0.000	0.000	7	5jm2
k2381	5jm2	cr-5-m2-181	ok	0.000	0.000	8	5jm2
k2382	5jm2	cr-5-m2-182	ok	0.000	0.000	6	5jm2
k2383	5jm2	cr-5-m2-183	ok	0.001	0.000	7	5jm2
k2384	5jm2	cr-5-m2-184	ok	0.000	0.000	6	5jm2
k2385	5jm2	cr-5-m2-185	ok	0.000	0.000	7	5jm2
k2386	5jm2	cr-5-m2-186	ok	0.000	0.000	6	5jm2
k2387	5jm2	cr-5-m2-187	ok	0.000	0.000	7	5jm2
k2388	5jm2	cr-5-m2-188	ok	0.000	0.000	8	5jm2
k2389	5jm2	cr-5-m2-189	ok	0.000	0.000	6	5jm2
k2390	5jm2	cr-5-m2-190	ok	0.000	0.000	7	5jm2
k2391	5jm2	cr-5-m2-191	ok	0.000	0.000	6	5jm2
k2392	5jm2	cr-5-m2-192	ok	0.000	0.000	5	5jm2
k2393	5jm2	cr-5-m2-193	ok	0.000	0.000	6	5jm2
k2394	5jm2	cr-5-m2-194	ok	0.000	0.000	8	5jm2
k2395	5jm2	cr-5-m2-195	ok	0.000	0.000	7	5jm2
k2396	5jm2	cr-5-m2-196	ok	0.000	0.000	5	5jm2
k2397	5jm2	cr-5-m2-197	ok	0.000	0.000	5	5jm2
k2398	5jm2	cr-5-m2-198	ok	0.000	0.000	5	5jm2
k2399	5jm2	cr-5-m2-199	ok	0.000	0.000	7	5jm2
k2400	5jm2	cr-5-m2-200	ok	0.000	0.000	7	5jm2
k2401	5jmd2	cr-5-md2-1	ok	0.000	0.000	6	5jmd2
k2402	5jmd2	cr-5-md2-2	ok	0.000	0.000	6	5jmd2
k2403	5jmd2	cr-5-md2-3	ok	0.000	0.000	5	5jmd2
k2404	5jmd2	cr-5-md2-4	ok	0.000	0.000	7	5jmd2
k2405	5jmd2	cr-5-md2-5	ok	0.000	0.000	6	5jmd2
k2406	5jmd2	cr-5-md2-6	ok	0.001	0.000	6	5jmd2
k2407	5jmd2	cr-5-md2-7	ok	0.000	0.000	6	5jmd2
k2408	5jmd2	cr-5-md2-8	ok	0.000	0.000	5	5jmd2
k2409	5jmd2	cr-5-md2-9	ok	0.000	0.000	6	5jmd2
k2410	5jmd2	cr-5-md2-10	ok	0.000	0.000	8	5jmd2
k2411	5jmd2	cr-5-md2-11	ok	0.001	0.000	8	5jmd2
k2412	5jmd2	cr-5-md2-12	ok	0.000	0.000	5	5jmd2
k2413	5jmd2	cr-5-md2-13	ok	0.000	0.000	6	5jmd2
k2414	5jmd2	cr-5-md2-14	ok	0.000	0.000	4	5jmd2
k2415	5jmd2	cr-5-md2-15	ok	0.000	0.000	7	5jmd2
k2416	5jmd2	cr-5-md2-16	ok	0.000	0.000	6	5jmd2
k2417	5jmd2	cr-5-md2-17	ok	0.000	0.000	6	5jmd2
k2418	5jmd2	cr-5-md2-18	ok	0.000	0.000	6	5jmd2
k2419	5jmd2	cr-5-md2-19	ok	0.000	0.000	7	5jmd2
k2420	5jmd2	cr-5-md2-20	ok	0.000	0.000	6	5jmd2
k2421	5jmd2	cr-5-md2-21	ok	0.000	0.000	8	5jmd2
k2422	5jmd2	cr-5-md2-22	ok	0.000	0.000	7	5jmd2
k2423	5jmd2	cr-5-md2-23	ok	0.000	0.000	7	5jmd2
k2424	5jmd2	cr-5-md2-24	ok	0.000	0.000	5	5jmd2
k2425	5jmd2	cr-5-md2-25	ok	0.000	0.000	6	5jmd2
k2426	5jmd2	cr-5-md2-26	ok	0.001	0.000	6	5jmd2
k2427	5jmd2	cr-5-md2-27	ok	0.000	0.000	8	5jmd2
k2428	5jmd2	cr-5-md2-28	ok	0.000	0.000	6	5jmd2
k2429	5jmd2	cr-5-md2-29	ok	0.000	0.000	9	5jmd2
k2430	5jmd2	cr-5-md2-30	ok	0.000	0.000	6	5jmd2
k2431	5jmd2	cr-5-md2-31	ok	0.000	0.000	6	5jmd2
k2432	5jmd2	cr-5-md2-32	ok	0.000	0.000	7	5jmd2
k2433	5jmd2	cr-5-md2-33	ok	0.000	0.000	5	5jmd2
k2434	5jmd2	cr-5-md2-34	ok	0.000	0.000	6	5jmd2
k2435	5jmd2	cr-5-md2-35	ok	0.000	0.000	6	5jmd2
k2436	5jmd2	cr-5-md2-36	ok	0.000	0.000	6	5jmd2
k2437	5jmd2	cr-5-md2-37	ok	0.000	0.000	5	5jmd2
k2438	5jmd2	cr-5-md2-38	ok	0.000	0.000	6	5jmd2
k2439	5jmd2	cr-5-md2-39	ok	0.000	0.000	6	5jmd2
k2440	5jmd2	cr-5-md2-40	ok	0.000	0.000	7	5jmd2
k2441	5jmd2	cr-5-md2-41	ok	0.000	0.000	6	5jmd2
k2442	5jmd2	cr-5-md2-42	ok	0.000	0.000	7	5jmd2
k2443	5jmd2	cr-5-md2-43	ok	0.000	0.000	7	5jmd2
k2444	5jmd2	cr-5-md2-44	ok	0.000	0.000	7	5jmd2
k2445	5jmd2	cr-5-md2-45	ok	0.000	0.000	7	5jmd2
k2446	5jmd2	cr-5-md2-46	ok	0.000	0.000	7	5jmd2
k2447	5jmd2	cr-5-md2-47	ok	0.000	0.000	8	5jmd2
k2448	5jmd2	cr-5-md2-48	ok	0.000	0.000	6	5jmd2
k2449	5jmd2	cr-5-md2-49	ok	0.000	0.000	4	5jmd2
k2450	5jmd2	cr-5-md2-50	ok	0.000	0.000	6	5jmd2
k2451	5jmd2	cr-5-md2-51	ok	0.000	0.000	7	5jmd2
k2452	5jmd2	cr-5-md2-52	ok	0.000	0.000	8	5jmd2
k2453	5jmd2	cr-5-md2-53	ok	0.000	0.000	8	5jmd2
k2454	5jmd2	cr-5-md2-54	ok	0.000	0.000	7	5jmd2
k2455	5jmd2	cr-5-md2-55	ok	0.000	0.000	6	5jmd2
k2456	5jmd2	cr-5-md2-56	ok	0.000	0.000	6	5jmd2
k2457	5jmd2	cr-5-md2-57	ok	0.000	0.000	6	5jmd2
k2458	5jmd2	cr-5-md2-58	ok	0.001	0.001	6	5jmd2
k2459	5jmd2	cr-5-md2-59	ok	0.000	0.000	7	5jmd2
k2460	5jmd2	cr-5-md2-60	ok	0.000	0.000	5	5jmd2
k2461	5jmd2	cr-5-md2-61	ok	0.000	0.000	8	5jmd2
k2462	5jmd2	cr-5-md2-62	ok	0.000	0.000	6	5jmd2
k2463	5jmd2	cr-5-md2-63	ok	0.000	0.000	6	5jmd2
k2464	5jmd2	cr-5-md2-64	ok	0.000	0.000	7	5jmd2
k2465	5jmd2	cr-5-md2-65	ok	0.000	0.000	6	5jmd2
k2466	5jmd2	cr-5-md2-66	ok	0.000	0.000	6	5jmd2
k2467	5jmd2	cr-5-md2-67	ok	0.000	0.000	6	5jmd2
k2468	5jmd2	cr-5-md2-68	ok	0.000	0.000	6	5jmd2
k2469	5jmd2	cr-5-md2-69	ok	0.000	0.000	7	5jmd2
k2470	5jmd2	cr-5-md2-70	ok	0.000	0.000	7	5jmd2
k2471	5jmd2	cr-5-md2-71	ok	0.000	0.000	5	5jmd2
k2472	5jmd2	cr-5-md2-72	ok	0.001	0.000	6	5jmd2
k2473	5jmd2	cr-5-md2-73	ok	0.001	0.000	8	5jmd2
k2474	5jmd2	cr-5-md2-74	ok	0.001	0.000	6	5jmd2
k2475	5jmd2	cr-5-md2-75	ok	0.001	0.001	7	5jmd2
k2476	5jmd2	cr-5-md2-76	ok	0.000	0.000	7	5jmd2
k2477	5jmd2	cr-5-md2-77	ok	0.001	0.001	7	5jmd2
k2478	5jmd2	cr-5-md2-78	ok	0.000	0.000	7	5jmd2
k2479	5jmd2	cr-5-md2-79	ok	0.000	0.000	5	5jmd2
k2480	5jmd2	cr-5-md2-80	ok	0.000	0.000	6	5jmd2
k2481	5jmd2	cr-5-md2-81	ok	0.000	0.000	8	5jmd2
k2482	5jmd2	cr-5-md2-82	ok	0.000	0.000	6	5jmd2
k2483	5jmd2	cr-5-md2-83	ok	0.000	0.000	6	5jmd2
k2484	5jmd2	cr-5-md2-84	ok	0.000	0.000	6	5jmd2
k2485	5jmd2	cr-5-md2-85	ok	0.000	0.000	5	5jmd2
k2486	5jmd2	cr-5-md2-86	ok	0.000	0.000	6	5jmd2
k2487	5jmd2	cr-5-md2-87	ok	0.000	0.000	7	5jmd2
k2488	5jmd2	cr-5-md2-88	ok	0.000	0.000	6	5jmd2
k2489	5jmd2	cr-5-md2-89	ok	0.000	0.000	6	5jmd2
k2490	5jmd2	cr-5-md2-90	ok	0.000	0.000	8	5jmd2
k2491	5jmd2	cr-5-md2-91	ok	0.000	0.000	7	5jmd2
k2492	5jmd2	cr-5-md2-92	ok	0.000	0.000	8	5jmd2
k2493	5jmd2	cr-5-md2-93	ok	0.000	0.000	6	5jmd2
k2494	5jmd2	cr-5-md2-94	ok	0.000	0.000	6	5jmd2
k2495	5jmd2	cr-5-md2-95	ok	0.000	0.000	8	5jmd2
k2496	5jmd2	cr-5-md2-96	ok	0.000	0.000	7	5jmd2
k2497	5jmd2	cr-5-md2-97	ok	0.000	0.000	8	5jmd2
k2498	5jmd2	cr-5-md2-98	ok	0.000	0.000	6	5jmd2
k2499	5jmd2	cr-5-md2-99	ok	0.000	0.000	7	5jmd2
k2500	5jmd2	cr-5-md2-100	ok	0.000	0.000	7	5jmd2
k2501	5jmd2	cr-5-md2-101	ok	0.000	0.000	5	5jmd2
k2502	5jmd2	cr-5-md2-102	ok	0.000	0.000	9	5jmd2
k2503	5jmd2	cr-5-md2-103	ok	0.000	0.000	5	5jmd2
k2504	5jmd2	cr-5-md2-104	ok	0.000	0.000	6	5jmd2
k2505	5jmd2	cr-5-md2-105	ok	0.000	0.000	6	5jmd2
k2506	5jmd2	cr-5-md2-106	ok	0.000	0.000	6	5jmd2
k2507	5jmd2	cr-5-md2-107	ok	0.000	0.000	6	5jmd2
k2508	5jmd2	cr-5-md2-108	ok	0.000	0.000	5	5jmd2
k2509	5jmd2	cr-5-md2-109	ok	0.000	0.000	6	5jmd2
k2510	5jmd2	cr-5-md2-110	ok	0.000	0.000	7	5jmd2
k2511	5jmd2	cr-5-md2-111	ok	0.000	0.000	7	5jmd2
k2512	5jmd2	cr-5-md2-112	ok	0.000	0.000	6	5jmd2
k2513	5jmd2	cr-5-md2-113	ok	0.000	0.000	6	5jmd2
k2514	5jmd2	cr-5-md2-114	ok	0.000	0.000	4	5jmd2
k2515	5jmd2	cr-5-md2-115	ok	0.000	0.000	7	5jmd2
k2516	5jmd2	cr-5-md2-116	ok	0.000	0.000	6	5jmd2
k2517	5jmd2	cr-5-md2-117	ok	0.000	0.000	7	5jmd2
k2518	5jmd2	cr-5-md2-118	ok	0.000	0.000	7	5jmd2
k2519	5jmd2	cr-5-md2-119	ok	0.000	0.000	6	5jmd2
k2520	5jmd2	cr-5-md2-120	ok	0.001	0.000	6	5jmd2
k2521	5jmd2	cr-5-md2-121	ok	0.000	0.000	6	5jmd2
k2522	5jmd2	cr-5-md2-122	ok	0.000	0.000	7	5jmd2
k2523	5jmd2	cr-5-md2-123	ok	0.000	0.000	6	5jmd2
k2524	5jmd2	cr-5-md2-124	ok	0.000	0.000	7	5jmd2
k2525	5jmd2	cr-5-md2-125	ok	0.000	0.000	7	5jmd2
k2526	5jmd2	cr-5-md2-126	ok	0.000	0.000	6	5jmd2
k2527	5jmd2	cr-5-md2-127	ok	0.000	0.000	5	5jmd2
k2528	5jmd2	cr-5-md2-128	ok	0.000	0.000	5	5jmd2
k2529	5jmd2	cr-5-md2-129	ok	0.000	0.000	6	5jmd2
k2530	5jmd2	cr-5-md2-130	ok	0.000	0.000	6	5jmd2
k2531	5jmd2	cr-5-md2-131	ok	0.000	0.000	6	5jmd2
k2532	5jmd2	cr-5-md2-132	ok	0.000	0.000	7	5jmd2
k2533	5jmd2	cr-5-md2-133	ok	0.000	0.000	7	5jmd2
k2534	5jmd2	cr-5-md2-134	ok	0.000	0.000	6	5jmd2
k2535	5jmd2	cr-5-md2-135	ok	0.000	0.000	5	5jmd2
k2536	5jmd2	cr-5-md2-136	ok	0.000	0.000	6	5jmd2
k2537	5jmd2	cr-5-md2-137	ok	0.000	0.000	6	5jmd2
k2538	5jmd2	cr-5-md2-138	ok	0.000	0.000	8	5jmd2
k2539	5jmd2	cr-5-md2-139	ok	0.000	0.000	7	5jmd2
k2540	5jmd2	cr-5-md2-140	ok	0.000	0.000	6	5jmd2
k2541	5jmd2	cr-5-md2-141	ok	0.000	0.000	8	5jmd2
k2542	5jmd2	cr-5-md2-142	ok	0.000	0.000	6	5jmd2
k2543	5jmd2	cr-5-md2-143	ok	0.000	0.000	6	5jmd2
k2544	5jmd2	cr-5-md2-144	ok	0.000	0.000	6	5jmd2
k2545	5jmd2	cr-5-md2-145	ok	0.000	0.000	6	5jmd2
k2546	5jmd2	cr-5-md2-146	ok	0.000	0.000	9	5jmd2
k2547	5jmd2	cr-5-md2-147	ok	0.000	0.000	5	5jmd2
k2548	5jmd2	cr-5-md2-148	ok	0.000	0.000	6	5jmd2
k2549	5jmd2	cr-5-md2-149	ok	0.000	0.000	7	5jmd2
k2550	5jmd2	cr-5-md2-150	ok	0.000	0.000	6	5jmd2
k2551	5jmd2	cr-5-md2-151	ok	0.000	0.000	7	5jmd2
k2552	5jmd2	cr-5-md2-152	ok	0.000	0.000	6	5jmd2
k2553	5jmd2	cr-5-md2-153	ok	0.000	0.000	7	5jmd2
k2554	5jmd2	cr-5-md2-154	ok	0.000	0.000	5	5jmd2
k2555	5jmd2	cr-5-md2-155	ok	0.000	0.000	7	5jmd2
k2556	5jmd2	cr-5-md2-156	ok	0.000	0.000	7	5jmd2
k2557	5jmd2	cr-5-md2-157	ok	0.000	0.000	7	5jmd2
k2558	5jmd2	cr-5-md2-158	ok	0.000	0.000	8	5jmd2
k2559	5jmd2	cr-5-md2-159	ok	0.000	0.000	8	5jmd2
k2560	5jmd2	cr-5-md2-160	ok	0.001	0.000	5	5jmd2
k2561	5jmd2	cr-5-md2-161	ok	0.000	0.000	5	5jmd2
k2562	5jmd2	cr-5-md2-162	ok	0.000	0.000	6	5jmd2
k2563	5jmd2	cr-5-md2-163	ok	0.000	0.000	6	5jmd2
k2564	5jmd2	cr-5-md2-164	ok	0.000	0.000	8	5jmd2
k2565	5jmd2	cr-5-md2-165	ok	0.000	0.000	6	5jmd2
k2566	5jmd2	cr-5-md2-166	ok	0.000	0.000	6	5jmd2
k2567	5jmd2	cr-5-md2-167	ok	0.000	0.000	5	5jmd2
k2568	5jmd2	cr-5-md2-168	ok	0.000	0.000	6	5jmd2
k2569	5jmd2	cr-5-md2-169	ok	0.000	0.000	6	5jmd2
k2570	5jmd2	cr-5-md2-170	ok	0.000	0.000	4	5jmd2
k2571	5jmd2	cr-5-md2-171	ok	0.000	0.000	6	5jmd2
k2572	5jmd2	cr-5-md2-172	ok	0.000	0.000	8	5jmd2
k2573	5jmd2	cr-5-md2-173	ok	0.000	0.000	8	5jmd2
k2574	5jmd2	cr-5-md2-174	ok	0.000	0.000	6	5jmd2
k2575	5jmd2	cr-5-md2-175	ok	0.000	0.000	6	5jmd2
k2576	5jmd2	cr-5-md2-176	ok	0.000	0.000	6	5jmd2
k2577	5jmd2	cr-5-md2-177	ok	0.000	0.000	8	5jmd2
k2578	5jmd2	cr-5-md2-178	ok	0.000	0.000	6	5jmd2
k2579	5jmd2	cr-5-md2-179	ok	0.000	0.000	6	5jmd2
k2580	5jmd2	cr-5-md2-180	ok	0.000	0.000	8	5jmd2
k2581	5jmd2	cr-5-md2-181	ok	0.000	0.000	7	5jmd2
k2582	5jmd2	cr-5-md2-182	ok	0.000	0.000	6	5jmd2
k2583	5jmd2	cr-5-md2-183	ok	0.000	0.000	8	5jmd2
k2584	5jmd2	cr-5-md2-184	ok	0.000	0.000	8	5jmd2
k2585	5jmd2	cr-5-md2-185	ok	0.000	0.000	6	5jmd2
k2586	5jmd2	cr-5-md2-186	ok	0.000	0.000	6	5jmd2
k2587	5jmd2	cr-5-md2-187	ok	0.000	0.000	6	5jmd2
k2588	5jmd2	cr-5-md2-188	ok	0.000	0.000	5	5jmd2
k2589	5jmd2	cr-5-md2-189	ok	0.000	0.000	6	5jmd2
k2590	5jmd2	cr-5-md2-190	ok	0.000	0.000	6	5jmd2
k2591	5jmd2	cr-5-md2-191	ok	0.000	0.000	7	5jmd2
k2592	5jmd2	cr-5-md2-192	ok	0.000	0.000	7	5jmd2
k2593	5jmd2	cr-5-md2-193	ok	0.000	0.000	7	5jmd2
k2594	5jmd2	cr-5-md2-194	ok	0.000	0.000	8	5jmd2
k2595	5jmd2	cr-5-md2-195	ok	0.000	0.000	5	5jmd2
k2596	5jmd2	cr-5-md2-196	ok	0.000	0.000	6	5jmd2
k2597	5jmd2	cr-5-md2-197	ok	0.000	0.000	6	5jmd2
k2598	5jmd2	cr-5-md2-198	ok	0.000	0.000	6	5jmd2
k2599	5jmd2	cr-5-md2-199	ok	0.000	0.000	7	5jmd2
k2600	5jmd2	cr-5-md2-200	ok	0.000	0.000	7	5jmd2
k2601	5jm4	cr-5-m4-1	ok	0.000	0.000	10	5jm4
k2602	5jm4	cr-5-m4-2	ok	0.000	0.000	8	5jm4
k2603	5jm4	cr-5-m4-3	ok	0.000	0.000	7	5jm4
k2604	5jm4	cr-5-m4-4	ok	0.000	0.000	10	5jm4
k2605	5jm4	cr-5-m4-5	ok	0.000	0.000	6	5jm4
k2606	5jm4	cr-5-m4-6	ok	0.000	0.000	7	5jm4
k2607	5jm4	cr-5-m4-7	ok	0.000	0.000	8	5jm4
k2608	5jm4	cr-5-m4-8	ok	0.000	0.000	7	5jm4
k2609	5jm4	cr-5-m4-9	ok	0.000	0.000	8	5jm4
k2610	5jm4	cr-5-m4-10	ok	0.000	0.000	8	5jm4
k2611	5jm4	cr-5-m4-11	ok	0.000	0.000	8	5jm4
k2612	5jm4	cr-5-m4-12	ok	0.000	0.000	7	5jm4
k2613	5jm4	cr-5-m4-13	ok	0.000	0.000	8	5jm4
k2614	5jm4	cr-5-m4-14	ok	0.000	0.000	8	5jm4
k2615	5jm4	cr-5-m4-15	ok	0.000	0.000	8	5jm4
k2616	5jm4	cr-5-m4-16	ok	0.000	0.000	8	5jm4
k2617	5jm4	cr-5-m4-17	ok	0.000	0.000	8	5jm4
k2618	5jm4	cr-5-m4-18	ok	0.000	0.000	10	5jm4
k2619	5jm4	cr-5-m4-19	ok	0.000	0.000	7	5jm4
k2620	5jm4	cr-5-m4-20	ok	0.000	0.000	8	5jm4
k2621	5jm4	cr-5-m4-21	ok	0.000	0.000	8	5jm4
k2622	5jm4	cr-5-m4-22	ok	0.000	0.000	9	5jm4
k2623	5jm4	cr-5-m4-23	ok	0.000	0.000	8	5jm4
k2624	5jm4	cr-5-m4-24	ok	0.000	0.000	8	5jm4
k2625	5jm4	cr-5-m4-25	ok	0.000	0.000	10	5jm4
k2626	5jm4	cr-5-m4-26	ok	0.000	0.000	8	5jm4
k2627	5jm4	cr-5-m4-27	ok	0.000	0.000	8	5jm4
k2628	5jm4	cr-5-m4-28	ok	0.000	0.000	8	5jm4
k2629	5jm4	cr-5-m4-29	ok	0.000	0.000	8	5jm4
k2630	5jm4	cr-5-m4-30	ok	0.000	0.000	7	5jm4
k2631	5jm4	cr-5-m4-31	ok	0.000	0.000	7	5jm4
k2632	5jm4	cr-5-m4-32	ok	0.000	0.000	8	5jm4
k2633	5jm4	cr-5-m4-33	ok	0.000	0.000	8	5jm4
k2634	5jm4	cr-5-m4-34	ok	0.000	0.000	7	5jm4
k2635	5jm4	cr-5-m4-35	ok	0.000	0.000	8	5jm4
k2636	5jm4	cr-5-m4-36	ok	0.000	0.000	8	5jm4
k2637	5jm4	cr-5-m4-37	ok	0.000	0.000	8	5jm4
k2638	5jm4	cr-5-m4-38	ok	0.000	0.000	8	5jm4
k2639	5jm4	cr-5-m4-39	ok	0.000	0.000	8	5jm4
k2640	5jm4	cr-5-m4-40	ok	0.000	0.000	6	5jm4
k2641	5jm4	cr-5-m4-41	ok	0.000	0.000	8	5jm4
k2642	5jm4	cr-5-m4-42	ok	0.000	0.000	8	5jm4
k2643	5jm4	cr-5-m4-43	ok	0.000	0.000	6	5jm4
k2644	5jm4	cr-5-m4-44	ok	0.000	0.000	6	5jm4
k2645	5jm4	cr-5-m4-45	ok	0.000	0.000	8	5jm4
k2646	5jm4	cr-5-m4-46	ok	0.000	0.000	9	5jm4
k2647	5jm4	cr-5-m4-47	ok	0.000	0.000	10	5jm4
k2648	5jm4	cr-5-m4-48	ok	0.000	0.000	8	5jm4
k2649	5jm4	cr-5-m4-49	ok	0.000	0.000	8	5jm4
k2650	5jm4	cr-5-m4-50	ok	0.000	0.000	8	5jm4
k2651	5jm4	cr-5-m4-51	ok	0.000	0.000	10	5jm4
k2652	5jm4	cr-5-m4-52	ok	0.000	0.000	8	5jm4
k2653	5jm4	cr-5-m4-53	ok	0.000	0.000	7	5jm4
k2654	5jm4	cr-5-m4-54	ok	0.000	0.000	10	5jm4
k2655	5jm4	cr-5-m4-55	ok	0.000	0.000	9	5jm4
k2656	5jm4	cr-5-m4-56	ok	0.000	0.000	6	5jm4
k2657	5jm4	cr-5-m4-57	ok	0.000	0.000	8	5jm4
k2658	5jm4	cr-5-m4-58	ok	0.000	0.000	8	5jm4
k2659	5jm4	cr-5-m4-59	ok	0.000	0.000	10	5jm4
k2660	5jm4	cr-5-m4-60	ok	0.000	0.000	8	5jm4
k2661	5jm4	cr-5-m4-61	ok	0.000	0.000	8	5jm4
k2662	5jm4	cr-5-m4-62	ok	0.000	0.000	6	5jm4
k2663	5jm4	cr-5-m4-63	ok	0.000	0.000	8	5jm4
k2664	5jm4	cr-5-m4-64	ok	0.000	0.000	8	5jm4
k2665	5jm4	cr-5-m4-65	ok	0.000	0.000	8	5jm4
k2666	5jm4	cr-5-m4-66	ok	0.000	0.000	10	5jm4
k2667	5jm4	cr-5-m4-67	ok	0.000	0.000	6	5jm4
k2668	5jm4	cr-5-m4-68	ok	0.000	0.000	8	5jm4
k2669	5jm4	cr-5-m4-69	ok	0.000	0.000	7	5jm4
k2670	5jm4	cr-5-m4-70	ok	0.000	0.000	8	5jm4
k2671	5jm4	cr-5-m4-71	ok	0.000	0.000	8	5jm4
k2672	5jm4	cr-5-m4-72	ok	0.000	0.000	8	5jm4
k2673	5jm4	cr-5-m4-73	ok	0.000	0.000	6	5jm4
k2674	5jm4	cr-5-m4-74	ok	0.000	0.000	6	5jm4
k2675	5jm4	cr-5-m4-75	ok	0.000	0.000	8	5jm4
k2676	5jm4	cr-5-m4-76	ok	0.000	0.000	6	5jm4
k2677	5jm4	cr-5-m4-77	ok	0.000	0.000	8	5jm4
k2678	5jm4	cr-5-m4-78	ok	0.000	0.000	8	5jm4
k2679	5jm4	cr-5-m4-79	ok	0.000	0.000	7	5jm4
k2680	5jm4	cr-5-m4-80	ok	0.000	0.000	6	5jm4
k2681	5jm4	cr-5-m4-81	ok	0.000	0.000	8	5jm4
k2682	5jm4	cr-5-m4-82	ok	0.000	0.000	8	5jm4
k2683	5jm4	cr-5-m4-83	ok	0.000	0.000	8	5jm4
k2684	5jm4	cr-5-m4-84	ok	0.000	0.000	8	5jm4
k2685	5jm4	cr-5-m4-85	ok	0.000	0.000	8	5jm4
k2686	5jm4	cr-5-m4-86	ok	0.000	0.000	8	5jm4
k2687	5jm4	cr-5-m4-87	ok	0.000	0.000	8	5jm4
k2688	5jm4	cr-5-m4-88	ok	0.000	0.000	10	5jm4
k2689	5jm4	cr-5-m4-89	ok	0.000	0.000	8	5jm4
k2690	5jm4	cr-5-m4-90	ok	0.000	0.000	10	5jm4
k2691	5jm4	cr-5-m4-91	ok	0.000	0.000	7	5jm4
k2692	5jm4	cr-5-m4-92	ok	0.000	0.000	9	5jm4
k2693	5jm4	cr-5-m4-93	ok	0.000	0.000	6	5jm4
k2694	5jm4	cr-5-m4-94	ok	0.000	0.000	8	5jm4
k2695	5jm4	cr-5-m4-95	ok	0.000	0.000	7	5jm4
k2696	5jm4	cr-5-m4-96	ok	0.000	0.000	8	5jm4
k2697	5jm4	cr-5-m4-97	ok	0.000	0.000	6	5jm4
k2698	5jm4	cr-5-m4-98	ok	0.000	0.000	8	5jm4
k2699	5jm4	cr-5-m4-99	ok	0.000	0.000	8	5jm4
k2700	5jm4	cr-5-m4-100	ok	0.000	0.000	10	5jm4
k2701	5jm4	cr-5-m4-101	ok	0.000	0.000	8	5jm4
k2702	5jm4	cr-5-m4-102	ok	0.000	0.000	8	5jm4
k2703	5jm4	cr-5-m4-103	ok	0.000	0.000	8	5jm4
k2704	5jm4	cr-5-m4-104	ok	0.000	0.000	8	5jm4
k2705	5jm4	cr-5-m4-105	ok	0.000	0.000	8	5jm4
k2706	5jm4	cr-5-m4-106	ok	0.000	0.000	6	5jm4
k2707	5jm4	cr-5-m4-107	ok	0.000	0.000	6	5jm4
k2708	5jm4	cr-5-m4-108	ok	0.000	0.000	8	5jm4
k2709	5jm4	cr-5-m4-109	ok	0.000	0.000	6	5jm4
k2710	5jm4	cr-5-m4-110	ok	0.000	0.000	10	5jm4
k2711	5jm4	cr-5-m4-111	ok	0.000	0.000	6	5jm4
k2712	5jm4	cr-5-m4-112	ok	0.000	0.000	8	5jm4
k2713	5jm4	cr-5-m4-113	ok	0.000	0.000	8	5jm4
k2714	5jm4	cr-5-m4-114	ok	0.000	0.000	8	5jm4
k2715	5jm4	cr-5-m4-115	ok	0.000	0.000	6	5jm4
k2716	5jm4	cr-5-m4-116	ok	0.000	0.000	8	5jm4
k2717	5jm4	cr-5-m4-117	ok	0.000	0.000	8	5jm4
k2718	5jm4	cr-5-m4-118	ok	0.000	0.000	8	5jm4
k2719	5jm4	cr-5-m4-119	ok	0.000	0.000	8	5jm4
k2720	5jm4	cr-5-m4-120	ok	0.000	0.000	8	5jm4
k2721	5jm4	cr-5-m4-121	ok	0.000	0.000	8	5jm4
k2722	5jm4	cr-5-m4-122	ok	0.000	0.000	8	5jm4
k2723	5jm4	cr-5-m4-123	ok	0.000	0.000	8	5jm4
k2724	5jm4	cr-5-m4-124	ok	0.000	0.000	6	5jm4
k2725	5jm4	cr-5-m4-125	ok	0.000	0.000	8	5jm4
k2726	5jm4	cr-5-m4-126	ok	0.000	0.000	8	5jm4
k2727	5jm4	cr-5-m4-127	ok	0.000	0.000	10	5jm4
k2728	5jm4	cr-5-m4-128	ok	0.000	0.000	6	5jm4
k2729	5jm4	cr-5-m4-129	ok	0.000	0.000	8	5jm4
k2730	5jm4	cr-5-m4-130	ok	0.000	0.000	6	5jm4
k2731	5jm4	cr-5-m4-131	ok	0.000	0.000	8	5jm4
k2732	5jm4	cr-5-m4-132	ok	0.000	0.000	6	5jm4
k2733	5jm4	cr-5-m4-133	ok	0.000	0.000	7	5jm4
k2734	5jm4	cr-5-m4-134	ok	0.000	0.000	8	5jm4
k2735	5jm4	cr-5-m4-135	ok	0.000	0.000	8	5jm4
k2736	5jm4	cr-5-m4-136	ok	0.000	0.000	10	5jm4
k2737	5jm4	cr-5-m4-137	ok	0.000	0.000	10	5jm4
k2738	5jm4	cr-5-m4-138	ok	0.000	0.000	7	5jm4
k2739	5jm4	cr-5-m4-139	ok	0.000	0.000	8	5jm4
k2740	5jm4	cr-5-m4-140	ok	0.000	0.000	6	5jm4
k2741	5jm4	cr-5-m4-141	ok	0.000	0.000	10	5jm4
k2742	5jm4	cr-5-m4-142	ok	0.000	0.000	8	5jm4
k2743	5jm4	cr-5-m4-143	ok	0.000	0.000	10	5jm4
k2744	5jm4	cr-5-m4-144	ok	0.000	0.000	8	5jm4
k2745	5jm4	cr-5-m4-145	ok	0.000	0.000	8	5jm4
k2746	5jm4	cr-5-m4-146	ok	0.000	0.000	6	5jm4
k2747	5jm4	cr-5-m4-147	ok	0.000	0.000	8	5jm4
k2748	5jm4	cr-5-m4-148	ok	0.000	0.000	12	5jm4
k2749	5jm4	cr-5-m4-149	ok	0.000	0.000	8	5jm4
k2750	5jm4	cr-5-m4-150	ok	0.000	0.000	8	5jm4
k2751	5jm4	cr-5-m4-151	ok	0.000	0.000	8	5jm4
k2752	5jm4	cr-5-m4-152	ok	0.000	0.000	8	5jm4
k2753	5jm4	cr-5-m4-153	ok	0.000	0.000	8	5jm4
k2754	5jm4	cr-5-m4-154	ok	0.000	0.000	10	5jm4
k2755	5jm4	cr-5-m4-155	ok	0.000	0.000	8	5jm4
k2756	5jm4	cr-5-m4-156	ok	0.000	0.000	6	5jm4
k2757	5jm4	cr-5-m4-157	ok	0.000	0.000	8	5jm4
k2758	5jm4	cr-5-m4-158	ok	0.000	0.000	8	5jm4
k2759	5jm4	cr-5-m4-159	ok	0.000	0.000	12	5jm4
k2760	5jm4	cr-5-m4-160	ok	0.001	0.000	12	5jm4
k2761	5jm4	cr-5-m4-161	ok	0.000	0.000	6	5jm4
k2762	5jm4	cr-5-m4-162	ok	0.000	0.000	7	5jm4
k2763	5jm4	cr-5-m4-163	ok	0.000	0.000	8	5jm4
k2764	5jm4	cr-5-m4-164	ok	0.000	0.000	8	5jm4
k2765	5jm4	cr-5-m4-165	ok	0.000	0.000	8	5jm4
k2766	5jm4	cr-5-m4-166	ok	0.000	0.000	9	5jm4
k2767	5jm4	cr-5-m4-167	ok	0.000	0.000	8	5jm4
k2768	5jm4	cr-5-m4-168	ok	0.000	0.000	10	5jm4
k2769	5jm4	cr-5-m4-169	ok	0.000	0.000	6	5jm4
k2770	5jm4	cr-5-m4-170	ok	0.000	0.000	9	5jm4
k2771	5jm4	cr-5-m4-171	ok	0.000	0.000	8	5jm4
k2772	5jm4	cr-5-m4-172	ok	0.000	0.000	6	5jm4
k2773	5jm4	cr-5-m4-173	ok	0.000	0.000	8	5jm4
k2774	5jm4	cr-5-m4-174	ok	0.000	0.000	8	5jm4
k2775	5jm4	cr-5-m4-175	ok	0.000	0.000	7	5jm4
k2776	5jm4	cr-5-m4-176	ok	0.000	0.000	8	5jm4
k2777	5jm4	cr-5-m4-177	ok	0.000	0.000	8	5jm4
k2778	5jm4	cr-5-m4-178	ok	0.000	0.000	6	5jm4
k2779	5jm4	cr-5-m4-179	ok	0.000	0.000	8	5jm4
k2780	5jm4	cr-5-m4-180	ok	0.000	0.000	6	5jm4
k2781	5jm4	cr-5-m4-181	ok	0.000	0.000	10	5jm4
k2782	5jm4	cr-5-m4-182	ok	0.000	0.000	8	5jm4
k2783	5jm4	cr-5-m4-183	ok	0.000	0.000	8	5jm4
k2784	5jm4	cr-5-m4-184	ok	0.000	0.000	6	5jm4
k2785	5jm4	cr-5-m4-185	ok	0.000	0.000	6	5jm4
k2786	5jm4	cr-5-m4-186	ok	0.000	0.000	6	5jm4
k2787	5jm4	cr-5-m4-187	ok	0.000	0.000	8	5jm4
k2788	5jm4	cr-5-m4-188	ok	0.000	0.000	8	5jm4
k2789	5jm4	cr-5-m4-189	ok	0.000	0.000	6	5jm4
k2790	5jm4	cr-5-m4-190	ok	0.000	0.000	8	5jm4
k2791	5jm4	cr-5-m4-191	ok	0.000	0.000	10	5jm4
k2792	5jm4	cr-5-m4-192	ok	0.000	0.000	10	5jm4
k2793	5jm4	cr-5-m4-193	ok	0.000	0.000	10	5jm4
k2794	5jm4	cr-5-m4-194	ok	0.000	0.000	10	5jm4
k2795	5jm4	cr-5-m4-195	ok	0.000	0.000	10	5jm4
k2796	5jm4	cr-5-m4-196	ok	0.000	0.000	8	5jm4
k2797	5jm4	cr-5-m4-197	ok	0.000	0.000	8	5jm4
k2798	5jm4	cr-5-m4-198	ok	0.000	0.000	8	5jm4
k2799	5jm4	cr-5-m4-199	ok	0.000	0.000	7	5jm4
k2800	5jm4	cr-5-m4-200	ok	0.000	0.000	6	5jm4
k2801	5jmd4	cr-5-md4-1	ok	0.000	0.000	8	5jmd4
k2802	5jmd4	cr-5-md4-2	ok	0.000	0.000	6	5jmd4
k2803	5jmd4	cr-5-md4-3	ok	0.000	0.000	6	5jmd4
k2804	5jmd4	cr-5-md4-4	ok	0.000	0.000	7	5jmd4
k2805	5jmd4	cr-5-md4-5	ok	0.000	0.000	8	5jmd4
k2806	5jmd4	cr-5-md4-6	ok	0.000	0.000	6	5jmd4
k2807	5jmd4	cr-5-md4-7	ok	0.000	0.000	7	5jmd4
k2808	5jmd4	cr-5-md4-8	ok	0.000	0.000	8	5jmd4
k2809	5jmd4	cr-5-md4-9	ok	0.000	0.000	4	5jmd4
k2810	5jmd4	cr-5-md4-10	ok	0.000	0.000	10	5jmd4
k2811	5jmd4	cr-5-md4-11	ok	0.000	0.000	7	5jmd4
k2812	5jmd4	cr-5-md4-12	ok	0.000	0.000	8	5jmd4
k2813	5jmd4	cr-5-md4-13	ok	0.000	0.000	8	5jmd4
k2814	5jmd4	cr-5-md4-14	ok	0.000	0.000	8	5jmd4
k2815	5jmd4	cr-5-md4-15	ok	0.000	0.000	8	5jmd4
k2816	5jmd4	cr-5-md4-16	ok	0.000	0.000	8	5jmd4
k2817	5jmd4	cr-5-md4-17	ok	0.000	0.000	8	5jmd4
k2818	5jmd4	cr-5-md4-18	ok	0.000	0.000	8	5jmd4
k2819	5jmd4	cr-5-md4-19	ok	0.000	0.000	8	5jmd4
k2820	5jmd4	cr-5-md4-20	ok	0.001	0.000	6	5jmd4
k2821	5jmd4	cr-5-md4-21	ok	0.000	0.000	7	5jmd4
k2822	5jmd4	cr-5-md4-22	ok	0.000	0.000	8	5jmd4
k2823	5jmd4	cr-5-md4-23	ok	0.000	0.000	8	5jmd4
k2824	5jmd4	cr-5-md4-24	ok	0.000	0.000	8	5jmd4
k2825	5jmd4	cr-5-md4-25	ok	0.000	0.000	6	5jmd4
k2826	5jmd4	cr-5-md4-26	ok	0.000	0.000	10	5jmd4
k2827	5jmd4	cr-5-md4-27	ok	0.000	0.000	10	5jmd4
k2828	5jmd4	cr-5-md4-28	ok	0.000	0.000	6	5jmd4
k2829	5jmd4	cr-5-md4-29	ok	0.000	0.000	6	5jmd4
k2830	5jmd4	cr-5-md4-30	ok	0.000	0.000	8	5jmd4
k2831	5jmd4	cr-5-md4-31	ok	0.000	0.000	8	5jmd4
k2832	5jmd4	cr-5-md4-32	ok	0.000	0.000	8	5jmd4
k2833	5jmd4	cr-5-md4-33	ok	0.000	0.000	8	5jmd4
k2834	5jmd4	cr-5-md4-34	ok	0.000	0.000	8	5jmd4
k2835	5jmd4	cr-5-md4-35	ok	0.000	0.000	8	5jmd4
k2836	5jmd4	cr-5-md4-36	ok	0.000	0.000	8	5jmd4
k2837	5jmd4	cr-5-md4-37	ok	0.000	0.000	8	5jmd4
k2838	5jmd4	cr-5-md4-38	ok	0.000	0.000	6	5jmd4
k2839	5jmd4	cr-5-md4-39	ok	0.000	0.000	7	5jmd4
k2840	5jmd4	cr-5-md4-40	ok	0.000	0.000	7	5jmd4
k2841	5jmd4	cr-5-md4-41	ok	0.000	0.000	6	5jmd4
k2842	5jmd4	cr-5-md4-42	ok	0.000	0.000	7	5jmd4
k2843	5jmd4	cr-5-md4-43	ok	0.000	0.000	10	5jmd4
k2844	5jmd4	cr-5-md4-44	ok	0.000	0.000	6	5jmd4
k2845	5jmd4	cr-5-md4-45	ok	0.000	0.000	7	5jmd4
k2846	5jmd4	cr-5-md4-46	ok	0.000	0.000	7	5jmd4
k2847	5jmd4	cr-5-md4-47	ok	0.000	0.000	8	5jmd4
k2848	5jmd4	cr-5-md4-48	ok	0.000	0.000	6	5jmd4
k2849	5jmd4	cr-5-md4-49	ok	0.000	0.000	6	5jmd4
k2850	5jmd4	cr-5-md4-50	ok	0.000	0.000	7	5jmd4
k2851	5jmd4	cr-5-md4-51	ok	0.000	0.000	6	5jmd4
k2852	5jmd4	cr-5-md4-52	ok	0.000	0.000	5	5jmd4
k2853	5jmd4	cr-5-md4-53	ok	0.000	0.000	10	5jmd4
k2854	5jmd4	cr-5-md4-54	ok	0.000	0.000	8	5jmd4
k2855	5jmd4	cr-5-md4-55	ok	0.000	0.000	8	5jmd4
k2856	5jmd4	cr-5-md4-56	ok	0.000	0.000	10	5jmd4
k2857	5jmd4	cr-5-md4-57	ok	0.000	0.000	7	5jmd4
k2858	5jmd4	cr-5-md4-58	ok	0.000	0.000	8	5jmd4
k2859	5jmd4	cr-5-md4-59	ok	0.000	0.000	8	5jmd4
k2860	5jmd4	cr-5-md4-60	ok	0.001	0.000	10	5jmd4
k2861	5jmd4	cr-5-md4-61	ok	0.000	0.000	8	5jmd4
k2862	5jmd4	cr-5-md4-62	ok	0.000	0.000	6	5jmd4
k2863	5jmd4	cr-5-md4-63	ok	0.000	0.000	6	5jmd4
k2864	5jmd4	cr-5-md4-64	ok	0.000	0.000	8	5jmd4
k2865	5jmd4	cr-5-md4-65	ok	0.000	0.000	8	5jmd4
k2866	5jmd4	cr-5-md4-66	ok	0.000	0.000	8	5jmd4
k2867	5jmd4	cr-5-md4-67	ok	0.000	0.000	6	5jmd4
k2868	5jmd4	cr-5-md4-68	ok	0.000	0.000	8	5jmd4
k2869	5jmd4	cr-5-md4-69	ok	0.000	0.000	9	5jmd4
k2870	5jmd4	cr-5-md4-70	ok	0.001	0.000	8	5jmd4
k2871	5jmd4	cr-5-md4-71	ok	0.000	0.000	6	5jmd4
k2872	5jmd4	cr-5-md4-72	ok	0.000	0.000	6	5jmd4
k2873	5jmd4	cr-5-md4-73	ok	0.000	0.000	6	5jmd4
k2874	5jmd4	cr-5-md4-74	ok	0.000	0.000	8	5jmd4
k2875	5jmd4	cr-5-md4-75	ok	0.000	0.000	10	5jmd4
k2876	5jmd4	cr-5-md4-76	ok	0.000	0.000	6	5jmd4
k2877	5jmd4	cr-5-md4-77	ok	0.000	0.000	6	5jmd4
k2878	5jmd4	cr-5-md4-78	ok	0.000	0.000	8	5jmd4
k2879	5jmd4	cr-5-md4-79	ok	0.000	0.000	10	5jmd4
k2880	5jmd4	cr-5-md4-80	ok	0.000	0.000	8	5jmd4
k2881	5jmd4	cr-5-md4-81	ok	0.000	0.000	6	5jmd4
k2882	5jmd4	cr-5-md4-82	ok	0.000	0.000	9	5jmd4
k2883	5jmd4	cr-5-md4-83	ok	0.000	0.000	8	5jmd4
k2884	5jmd4	cr-5-md4-84	ok	0.000	0.000	8	5jmd4
k2885	5jmd4	cr-5-md4-85	ok	0.000	0.000	8	5jmd4
k2886	5jmd4	cr-5-md4-86	ok	0.000	0.000	7	5jmd4
k2887	5jmd4	cr-5-md4-87	ok	0.000	0.000	8	5jmd4
k2888	5jmd4	cr-5-md4-88	ok	0.000	0.000	8	5jmd4
k2889	5jmd4	cr-5-md4-89	ok	0.000	0.000	6	5jmd4
k2890	5jmd4	cr-5-md4-90	ok	0.000	0.000	7	5jmd4
k2891	5jmd4	cr-5-md4-91	ok	0.000	0.000	6	5jmd4
k2892	5jmd4	cr-5-md4-92	ok	0.000	0.000	5	5jmd4
k2893	5jmd4	cr-5-md4-93	ok	0.000	0.000	8	5jmd4
k2894	5jmd4	cr-5-md4-94	ok	0.000	0.000	8	5jmd4
k2895	5jmd4	cr-5-md4-95	ok	0.000	0.000	6	5jmd4
k2896	5jmd4	cr-5-md4-96	ok	0.000	0.000	8	5jmd4
k2897	5jmd4	cr-5-md4-97	ok	0.000	0.000	8	5jmd4
k2898	5jmd4	cr-5-md4-98	ok	0.000	0.000	5	5jmd4
k2899	5jmd4	cr-5-md4-99	ok	0.000	0.000	10	5jmd4
k2900	5jmd4	cr-5-md4-100	ok	0.000	0.000	7	5jmd4
k2901	5jmd4	cr-5-md4-101	ok	0.000	0.000	8	5jmd4
k2902	5jmd4	cr-5-md4-102	ok	0.000	0.000	6	5jmd4
k2903	5jmd4	cr-5-md4-103	ok	0.000	0.000	6	5jmd4
k2904	5jmd4	cr-5-md4-104	ok	0.000	0.000	8	5jmd4
k2905	5jmd4	cr-5-md4-105	ok	0.000	0.000	7	5jmd4
k2906	5jmd4	cr-5-md4-106	ok	0.000	0.000	8	5jmd4
k2907	5jmd4	cr-5-md4-107	ok	0.000	0.000	8	5jmd4
k2908	5jmd4	cr-5-md4-108	ok	0.000	0.000	8	5jmd4
k2909	5jmd4	cr-5-md4-109	ok	0.000	0.000	10	5jmd4
k2910	5jmd4	cr-5-md4-110	ok	0.000	0.000	8	5jmd4
k2911	5jmd4	cr-5-md4-111	ok	0.000	0.000	6	5jmd4
k2912	5jmd4	cr-5-md4-112	ok	0.000	0.000	10	5jmd4
k2913	5jmd4	cr-5-md4-113	ok	0.000	0.000	8	5jmd4
k2914	5jmd4	cr-5-md4-114	ok	0.000	0.000	8	5jmd4
k2915	5jmd4	cr-5-md4-115	ok	0.000	0.000	9	5jmd4
k2916	5jmd4	cr-5-md4-116	ok	0.000	0.000	8	5jmd4
k2917	5jmd4	cr-5-md4-117	ok	0.000	0.000	6	5jmd4
k2918	5jmd4	cr-5-md4-118	ok	0.000	0.000	7	5jmd4
k2919	5jmd4	cr-5-md4-119	ok	0.000	0.000	8	5jmd4
k2920	5jmd4	cr-5-md4-120	ok	0.000	0.000	8	5jmd4
k2921	5jmd4	cr-5-md4-121	ok	0.000	0.000	10	5jmd4
k2922	5jmd4	cr-5-md4-122	ok	0.000	0.000	10	5jmd4
k2923	5jmd4	cr-5-md4-123	ok	0.000	0.000	9	5jmd4
k2924	5jmd4	cr-5-md4-124	ok	0.000	0.000	10	5jmd4
k2925	5jmd4	cr-5-md4-125	ok	0.000	0.000	6	5jmd4
k2926	5jmd4	cr-5-md4-126	ok	0.000	0.000	6	5jmd4
k2927	5jmd4	cr-5-md4-127	ok	0.000	0.000	8	5jmd4
k2928	5jmd4	cr-5-md4-128	ok	0.000	0.000	6	5jmd4
k2929	5jmd4	cr-5-md4-129	ok	0.000	0.000	8	5jmd4
k2930	5jmd4	cr-5-md4-130	ok	0.000	0.000	8	5jmd4
k2931	5jmd4	cr-5-md4-131	ok	0.000	0.000	6	5jmd4
k2932	5jmd4	cr-5-md4-132	ok	0.000	0.000	8	5jmd4
k2933	5jmd4	cr-5-md4-133	ok	0.000	0.000	8	5jmd4
k2934	5jmd4	cr-5-md4-134	ok	0.000	0.000	8	5jmd4
k2935	5jmd4	cr-5-md4-135	ok	0.000	0.000	6	5jmd4
k2936	5jmd4	cr-5-md4-136	ok	0.000	0.000	8	5jmd4
k2937	5jmd4	cr-5-md4-137	ok	0.000	0.000	7	5jmd4
k2938	5jmd4	cr-5-md4-138	ok	0.000	0.000	8	5jmd4
k2939	5jmd4	cr-5-md4-139	ok	0.000	0.000	8	5jmd4
k2940	5jmd4	cr-5-md4-140	ok	0.000	0.000	8	5jmd4
k2941	5jmd4	cr-5-md4-141	ok	0.000	0.000	8	5jmd4
k2942	5jmd4	cr-5-md4-142	ok	0.000	0.000	8	5jmd4
k2943	5jmd4	cr-5-md4-143	ok	0.000	0.000	8	5jmd4
k2944	5jmd4	cr-5-md4-144	ok	0.000	0.000	8	5jmd4
k2945	5jmd4	cr-5-md4-145	ok	0.000	0.000	8	5jmd4
k2946	5jmd4	cr-5-md4-146	ok	0.000	0.000	8	5jmd4
k2947	5jmd4	cr-5-md4-147	ok	0.000	0.000	10	5jmd4
k2948	5jmd4	cr-5-md4-148	ok	0.000	0.000	9	5jmd4
k2949	5jmd4	cr-5-md4-149	ok	0.000	0.000	8	5jmd4
k2950	5jmd4	cr-5-md4-150	ok	0.000	0.000	6	5jmd4
k2951	5jmd4	cr-5-md4-151	ok	0.000	0.000	8	5jmd4
k2952	5jmd4	cr-5-md4-152	ok	0.000	0.000	6	5jmd4
k2953	5jmd4	cr-5-md4-153	ok	0.000	0.000	10	5jmd4
k2954	5jmd4	cr-5-md4-154	ok	0.000	0.000	8	5jmd4
k2955	5jmd4	cr-5-md4-155	ok	0.000	0.000	10	5jmd4
k2956	5jmd4	cr-5-md4-156	ok	0.000	0.000	8	5jmd4
k2957	5jmd4	cr-5-md4-157	ok	0.000	0.000	6	5jmd4
k2958	5jmd4	cr-5-md4-158	ok	0.000	0.000	8	5jmd4
k2959	5jmd4	cr-5-md4-159	ok	0.000	0.000	6	5jmd4
k2960	5jmd4	cr-5-md4-160	ok	0.000	0.000	8	5jmd4
k2961	5jmd4	cr-5-md4-161	ok	0.000	0.000	6	5jmd4
k2962	5jmd4	cr-5-md4-162	ok	0.000	0.000	8	5jmd4
k2963	5jmd4	cr-5-md4-163	ok	0.000	0.000	8	5jmd4
k2964	5jmd4	cr-5-md4-164	ok	0.000	0.000	8	5jmd4
k2965	5jmd4	cr-5-md4-165	ok	0.000	0.000	6	5jmd4
k2966	5jmd4	cr-5-md4-166	ok	0.000	0.000	10	5jmd4
k2967	5jmd4	cr-5-md4-167	ok	0.000	0.000	8	5jmd4
k2968	5jmd4	cr-5-md4-168	ok	0.000	0.000	10	5jmd4
k2969	5jmd4	cr-5-md4-169	ok	0.000	0.000	8	5jmd4
k2970	5jmd4	cr-5-md4-170	ok	0.000	0.000	8	5jmd4
k2971	5jmd4	cr-5-md4-171	ok	0.000	0.000	6	5jmd4
k2972	5jmd4	cr-5-md4-172	ok	0.000	0.000	7	5jmd4
k2973	5jmd4	cr-5-md4-173	ok	0.001	0.000	8	5jmd4
k2974	5jmd4	cr-5-md4-174	ok	0.001	0.000	6	5jmd4
k2975	5jmd4	cr-5-md4-175	ok	0.000	0.000	8	5jmd4
k2976	5jmd4	cr-5-md4-176	ok	0.000	0.000	9	5jmd4
k2977	5jmd4	cr-5-md4-177	ok	0.000	0.000	8	5jmd4
k2978	5jmd4	cr-5-md4-178	ok	0.000	0.000	7	5jmd4
k2979	5jmd4	cr-5-md4-179	ok	0.000	0.000	8	5jmd4
k2980	5jmd4	cr-5-md4-180	ok	0.000	0.000	5	5jmd4
k2981	5jmd4	cr-5-md4-181	ok	0.000	0.000	8	5jmd4
k2982	5jmd4	cr-5-md4-182	ok	0.000	0.000	6	5jmd4
k2983	5jmd4	cr-5-md4-183	ok	0.000	0.000	8	5jmd4
k2984	5jmd4	cr-5-md4-184	ok	0.000	0.000	8	5jmd4
k2985	5jmd4	cr-5-md4-185	ok	0.000	0.000	8	5jmd4
k2986	5jmd4	cr-5-md4-186	ok	0.000	0.000	8	5jmd4
k2987	5jmd4	cr-5-md4-187	ok	0.000	0.000	10	5jmd4
k2988	5jmd4	cr-5-md4-188	ok	0.000	0.000	6	5jmd4
k2989	5jmd4	cr-5-md4-189	ok	0.000	0.000	8	5jmd4
k2990	5jmd4	cr-5-md4-190	ok	0.000	0.000	8	5jmd4
k2991	5jmd4	cr-5-md4-191	ok	0.000	0.000	7	5jmd4
k2992	5jmd4	cr-5-md4-192	ok	0.000	0.000	12	5jmd4
k2993	5jmd4	cr-5-md4-193	ok	0.000	0.000	8	5jmd4
k2994	5jmd4	cr-5-md4-194	ok	0.000	0.000	8	5jmd4
k2995	5jmd4	cr-5-md4-195	ok	0.000	0.000	7	5jmd4
k2996	5jmd4	cr-5-md4-196	ok	0.000	0.000	8	5jmd4
k2997	5jmd4	cr-5-md4-197	ok	0.000	0.000	6	5jmd4
k2998	5jmd4	cr-5-md4-198	ok	0.000	0.000	8	5jmd4
k2999	5jmd4	cr-5-md4-199	ok	0.000	0.000	10	5jmd4
k3000	5jmd4	cr-5-md4-200	ok	0.000	0.000	5	5jmd4
k3001	5jm8	cr-5-m8-1	ok	0.000	0.000	8	5jm8
k3002	5jm8	cr-5-m8-2	ok	0.000	0.000	8	5jm8
k3003	5jm8	cr-5-m8-3	ok	0.000	0.000	12	5jm8
k3004	5jm8	cr-5-m8-4	ok	0.000	0.000	12	5jm8
k3005	5jm8	cr-5-m8-5	ok	0.000	0.000	8	5jm8
k3006	5jm8	cr-5-m8-6	ok	0.000	0.000	8	5jm8
k3007	5jm8	cr-5-m8-7	ok	0.000	0.000	8	5jm8
k3008	5jm8	cr-5-m8-8	ok	0.000	0.000	8	5jm8
k3009	5jm8	cr-5-m8-9	ok	0.000	0.000	12	5jm8
k3010	5jm8	cr-5-m8-10	ok	0.000	0.000	8	5jm8
k3011	5jm8	cr-5-m8-11	ok	0.000	0.000	8	5jm8
k3012	5jm8	cr-5-m8-12	ok	0.000	0.000	8	5jm8
k3013	5jm8	cr-5-m8-13	ok	0.000	0.000	8	5jm8
k3014	5jm8	cr-5-m8-14	ok	0.000	0.000	8	5jm8
k3015	5jm8	cr-5-m8-15	ok	0.000	0.000	12	5jm8
k3016	5jm8	cr-5-m8-16	ok	0.000	0.000	8	5jm8
k3017	5jm8	cr-5-m8-17	ok	0.000	0.000	8	5jm8
k3018	5jm8	cr-5-m8-18	ok	0.000	0.000	8	5jm8
k3019	5jm8	cr-5-m8-19	ok	0.000	0.000	8	5jm8
k3020	5jm8	cr-5-m8-20	ok	0.000	0.000	12	5jm8
k3021	5jm8	cr-5-m8-21	ok	0.000	0.000	8	5jm8
k3022	5jm8	cr-5-m8-22	ok	0.000	0.000	8	5jm8
k3023	5jm8	cr-5-m8-23	ok	0.000	0.000	8	5jm8
k3024	5jm8	cr-5-m8-24	ok	0.000	0.000	8	5jm8
k3025	5jm8	cr-5-m8-25	ok	0.000	0.000	8	5jm8
k3026	5jm8	cr-5-m8-26	ok	0.000	0.000	8	5jm8
k3027	5jm8	cr-5-m8-27	ok	0.000	0.000	8	5jm8
k3028	5jm8	cr-5-m8-28	ok	0.000	0.000	12	5jm8
k3029	5jm8	cr-5-m8-29	ok	0.000	0.000	8	5jm8
k3030	5jm8	cr-5-m8-30	ok	0.000	0.000	8	5jm8
k3031	5jm8	cr-5-m8-31	ok	0.000	0.000	12	5jm8
k3032	5jm8	cr-5-m8-32	ok	0.000	0.000	8	5jm8
k3033	5jm8	cr-5-m8-33	ok	0.000	0.000	8	5jm8
k3034	5jm8	cr-5-m8-34	ok	0.000	0.000	8	5jm8
k3035	5jm8	cr-5-m8-35	ok	0.000	0.000	8	5jm8
k3036	5jm8	cr-5-m8-36	ok	0.000	0.000	12	5jm8
k3037	5jm8	cr-5-m8-37	ok	0.000	0.000	8	5jm8
k3038	5jm8	cr-5-m8-38	ok	0.000	0.000	8	5jm8
k3039	5jm8	cr-5-m8-39	ok	0.000	0.000	8	5jm8
k3040	5jm8	cr-5-m8-40	ok	0.000	0.000	9	5jm8
k3041	5jm8	cr-5-m8-41	ok	0.000	0.000	8	5jm8
k3042	5jm8	cr-5-m8-42	ok	0.000	0.000	8	5jm8
k3043	5jm8	cr-5-m8-43	ok	0.000	0.000	8	5jm8
k3044	5jm8	cr-5-m8-44	ok	0.000	0.000	12	5jm8
k3045	5jm8	cr-5-m8-45	ok	0.000	0.000	8	5jm8
k3046	5jm8	cr-5-m8-46	ok	0.000	0.000	8	5jm8
k3047	5jm8	cr-5-m8-47	ok	0.000	0.000	8	5jm8
k3048	5jm8	cr-5-m8-48	ok	0.000	0.000	8	5jm8
k3049	5jm8	cr-5-m8-49	ok	0.000	0.000	8	5jm8
k3050	5jm8	cr-5-m8-50	ok	0.000	0.000	8	5jm8
k3051	5jm8	cr-5-m8-51	ok	0.000	0.000	8	5jm8
k3052	5jm8	cr-5-m8-52	ok	0.000	0.000	8	5jm8
k3053	5jm8	cr-5-m8-53	ok	0.000	0.000	8	5jm8
k3054	5jm8	cr-5-m8-54	ok	0.000	0.000	8	5jm8
k3055	5jm8	cr-5-m8-55	ok	0.000	0.000	8	5jm8
k3056	5jm8	cr-5-m8-56	ok	0.000	0.000	8	5jm8
k3057	5jm8	cr-5-m8-57	ok	0.000	0.000	12	5jm8
k3058	5jm8	cr-5-m8-58	ok	0.000	0.000	12	5jm8
k3059	5jm8	cr-5-m8-59	ok	0.000	0.000	8	5jm8
k3060	5jm8	cr-5-m8-60	ok	0.000	0.000	8	5jm8
k3061	5jm8	cr-5-m8-61	ok	0.000	0.000	8	5jm8
k3062	5jm8	cr-5-m8-62	ok	0.000	0.000	8	5jm8
k3063	5jm8	cr-5-m8-63	ok	0.000	0.000	12	5jm8
k3064	5jm8	cr-5-m8-64	ok	0.000	0.000	12	5jm8
k3065	5jm8	cr-5-m8-65	ok	0.000	0.000	9	5jm8
k3066	5jm8	cr-5-m8-66	ok	0.000	0.000	8	5jm8
k3067	5jm8	cr-5-m8-67	ok	0.000	0.000	8	5jm8
k3068	5jm8	cr-5-m8-68	ok	0.000	0.000	8	5jm8
k3069	5jm8	cr-5-m8-69	ok	0.000	0.000	8	5jm8
k3070	5jm8	cr-5-m8-70	ok	0.000	0.000	8	5jm8
k3071	5jm8	cr-5-m8-71	ok	0.000	0.000	9	5jm8
k3072	5jm8	cr-5-m8-72	ok	0.000	0.000	12	5jm8
k3073	5jm8	cr-5-m8-73	ok	0.000	0.000	8	5jm8
k3074	5jm8	cr-5-m8-74	ok	0.000	0.000	12	5jm8
k3075	5jm8	cr-5-m8-75	ok	0.000	0.000	8	5jm8
k3076	5jm8	cr-5-m8-76	ok	0.000	0.000	12	5jm8
k3077	5jm8	cr-5-m8-77	ok	0.000	0.000	8	5jm8
k3078	5jm8	cr-5-m8-78	ok	0.000	0.000	8	5jm8
k3079	5jm8	cr-5-m8-79	ok	0.000	0.000	8	5jm8
k3080	5jm8	cr-5-m8-80	ok	0.000	0.000	8	5jm8
k3081	5jm8	cr-5-m8-81	ok	0.000	0.000	8	5jm8
k3082	5jm8	cr-5-m8-82	ok	0.000	0.000	8	5jm8
k3083	5jm8	cr-5-m8-83	ok	0.000	0.000	8	5jm8
k3084	5jm8	cr-5-m8-84	ok	0.000	0.000	8	5jm8
k3085	5jm8	cr-5-m8-85	ok	0.000	0.000	8	5jm8
k3086	5jm8	cr-5-m8-86	ok	0.000	0.000	8	5jm8
k3087	5jm8	cr-5-m8-87	ok	0.000	0.000	8	5jm8
k3088	5jm8	cr-5-m8-88	ok	0.000	0.000	8	5jm8
k3089	5jm8	cr-5-m8-89	ok	0.000	0.000	9	5jm8
k3090	5jm8	cr-5-m8-90	ok	0.000	0.000	8	5jm8
k3091	5jm8	cr-5-m8-91	ok	0.000	0.000	8	5jm8
k3092	5jm8	cr-5-m8-92	ok	0.000	0.000	12	5jm8
k3093	5jm8	cr-5-m8-93	ok	0.000	0.000	8	5jm8
k3094	5jm8	cr-5-m8-94	ok	0.000	0.000	8	5jm8
k3095	5jm8	cr-5-m8-95	ok	0.000	0.000	8	5jm8
k3096	5jm8	cr-5-m8-96	ok	0.000	0.000	8	5jm8
k3097	5jm8	cr-5-m8-97	ok	0.000	0.000	9	5jm8
k3098	5jm8	cr-5-m8-98	ok	0.000	0.000	8	5jm8
k3099	5jm8	cr-5-m8-99	ok	0.000	0.000	5	5jm8
k3100	5jm8	cr-5-m8-100	ok	0.000	0.000	8	5jm8
k3101	5jm8	cr-5-m8-101	ok	0.000	0.000	9	5jm8
k3102	5jm8	cr-5-m8-102	ok	0.000	0.000	8	5jm8
k3103	5jm8	cr-5-m8-103	ok	0.000	0.000	8	5jm8
k3104	5jm8	cr-5-m8-104	ok	0.000	0.000	8	5jm8
k3105	5jm8	cr-5-m8-105	ok	0.000	0.000	8	5jm8
k3106	5jm8	cr-5-m8-106	ok	0.000	0.000	8	5jm8
k3107	5jm8	cr-5-m8-107	ok	0.000	0.000	8	5jm8
k3108	5jm8	cr-5-m8-108	ok	0.000	0.000	8	5jm8
k3109	5jm8	cr-5-m8-109	ok	0.000	0.000	8	5jm8
k3110	5jm8	cr-5-m8-110	ok	0.000	0.000	8	5jm8
k3111	5jm8	cr-5-m8-111	ok	0.000	0.000	8	5jm8
k3112	5jm8	cr-5-m8-112	ok	0.000	0.000	12	5jm8
k3113	5jm8	cr-5-m8-113	ok	0.000	0.000	8	5jm8
k3114	5jm8	cr-5-m8-114	ok	0.000	0.000	12	5jm8
k3115	5jm8	cr-5-m8-115	ok	0.000	0.000	8	5jm8
k3116	5jm8	cr-5-m8-116	ok	0.000	0.000	8	5jm8
k3117	5jm8	cr-5-m8-117	ok	0.000	0.000	8	5jm8
k3118	5jm8	cr-5-m8-118	ok	0.000	0.000	9	5jm8
k3119	5jm8	cr-5-m8-119	ok	0.000	0.000	12	5jm8
k3120	5jm8	cr-5-m8-120	ok	0.000	0.000	12	5jm8
k3121	5jm8	cr-5-m8-121	ok	0.000	0.000	16	5jm8
k3122	5jm8	cr-5-m8-122	ok	0.000	0.000	8	5jm8
k3123	5jm8	cr-5-m8-123	ok	0.000	0.000	8	5jm8
k3124	5jm8	cr-5-m8-124	ok	0.000	0.000	8	5jm8
k3125	5jm8	cr-5-m8-125	ok	0.000	0.000	8	5jm8
k3126	5jm8	cr-5-m8-126	ok	0.000	0.000	8	5jm8
k3127	5jm8	cr-5-m8-127	ok	0.000	0.000	8	5jm8
k3128	5jm8	cr-5-m8-128	ok	0.000	0.000	12	5jm8
k3129	5jm8	cr-5-m8-129	ok	0.000	0.000	8	5jm8
k3130	5jm8	cr-5-m8-130	ok	0.000	0.000	12	5jm8
k3131	5jm8	cr-5-m8-131	ok	0.000	0.000	16	5jm8
k3132	5jm8	cr-5-m8-132	ok	0.000	0.000	8	5jm8
k3133	5jm8	cr-5-m8-133	ok	0.000	0.000	12	5jm8
k3134	5jm8	cr-5-m8-134	ok	0.000	0.000	12	5jm8
k3135	5jm8	cr-5-m8-135	ok	0.000	0.000	8	5jm8
k3136	5jm8	cr-5-m8-136	ok	0.000	0.000	8	5jm8
k3137	5jm8	cr-5-m8-137	ok	0.000	0.000	8	5jm8
k3138	5jm8	cr-5-m8-138	ok	0.000	0.000	8	5jm8
k3139	5jm8	cr-5-m8-139	ok	0.000	0.000	8	5jm8
k3140	5jm8	cr-5-m8-140	ok	0.000	0.000	8	5jm8
k3141	5jm8	cr-5-m8-141	ok	0.000	0.000	8	5jm8
k3142	5jm8	cr-5-m8-142	ok	0.000	0.000	12	5jm8
k3143	5jm8	cr-5-m8-143	ok	0.000	0.000	8	5jm8
k3144	5jm8	cr-5-m8-144	ok	0.000	0.000	8	5jm8
k3145	5jm8	cr-5-m8-145	ok	0.000	0.000	12	5jm8
k3146	5jm8	cr-5-m8-146	ok	0.000	0.000	12	5jm8
k3147	5jm8	cr-5-m8-147	ok	0.000	0.000	8	5jm8
k3148	5jm8	cr-5-m8-148	ok	0.000	0.000	8	5jm8
k3149	5jm8	cr-5-m8-149	ok	0.000	0.000	8	5jm8
k3150	5jm8	cr-5-m8-150	ok	0.000	0.000	8	5jm8
k3151	5jm8	cr-5-m8-151	ok	0.000	0.000	8	5jm8
k3152	5jm8	cr-5-m8-152	ok	0.000	0.000	8	5jm8
k3153	5jm8	cr-5-m8-153	ok	0.000	0.000	8	5jm8
k3154	5jm8	cr-5-m8-154	ok	0.000	0.000	8	5jm8
k3155	5jm8	cr-5-m8-155	ok	0.000	0.000	8	5jm8
k3156	5jm8	cr-5-m8-156	ok	0.000	0.000	8	5jm8
k3157	5jm8	cr-5-m8-157	ok	0.000	0.000	8	5jm8
k3158	5jm8	cr-5-m8-158	ok	0.000	0.000	8	5jm8
k3159	5jm8	cr-5-m8-159	ok	0.000	0.000	12	5jm8
k3160	5jm8	cr-5-m8-160	ok	0.000	0.000	8	5jm8
k3161	5jm8	cr-5-m8-161	ok	0.000	0.000	8	5jm8
k3162	5jm8	cr-5-m8-162	ok	0.000	0.000	8	5jm8
k3163	5jm8	cr-5-m8-163	ok	0.000	0.000	12	5jm8
k3164	5jm8	cr-5-m8-164	ok	0.000	0.000	8	5jm8
k3165	5jm8	cr-5-m8-165	ok	0.000	0.000	8	5jm8
k3166	5jm8	cr-5-m8-166	ok	0.000	0.000	8	5jm8
k3167	5jm8	cr-5-m8-167	ok	0.000	0.000	8	5jm8
k3168	5jm8	cr-5-m8-168	ok	0.000	0.000	8	5jm8
k3169	5jm8	cr-5-m8-169	ok	0.000	0.000	12	5jm8
k3170	5jm8	cr-5-m8-170	ok	0.000	0.000	8	5jm8
k3171	5jm8	cr-5-m8-171	ok	0.000	0.000	12	5jm8
k3172	5jm8	cr-5-m8-172	ok	0.000	0.000	9	5jm8
k3173	5jm8	cr-5-m8-173	ok	0.000	0.000	8	5jm8
k3174	5jm8	cr-5-m8-174	ok	0.000	0.000	13	5jm8
k3175	5jm8	cr-5-m8-175	ok	0.000	0.000	8	5jm8
k3176	5jm8	cr-5-m8-176	ok	0.000	0.000	8	5jm8
k3177	5jm8	cr-5-m8-177	ok	0.000	0.000	8	5jm8
k3178	5jm8	cr-5-m8-178	ok	0.000	0.000	8	5jm8
k3179	5jm8	cr-5-m8-179	ok	0.000	0.000	12	5jm8
k3180	5jm8	cr-5-m8-180	ok	0.000	0.000	8	5jm8
k3181	5jm8	cr-5-m8-181	ok	0.000	0.000	8	5jm8
k3182	5jm8	cr-5-m8-182	ok	0.000	0.000	8	5jm8
k3183	5jm8	cr-5-m8-183	ok	0.000	0.000	8	5jm8
k3184	5jm8	cr-5-m8-184	ok	0.000	0.000	8	5jm8
k3185	5jm8	cr-5-m8-185	ok	0.000	0.000	8	5jm8
k3186	5jm8	cr-5-m8-186	ok	0.000	0.000	12	5jm8
k3187	5jm8	cr-5-m8-187	ok	0.000	0.000	8	5jm8
k3188	5jm8	cr-5-m8-188	ok	0.000	0.000	8	5jm8
k3189	5jm8	cr-5-m8-189	ok	0.000	0.000	8	5jm8
k3190	5jm8	cr-5-m8-190	ok	0.000	0.000	12	5jm8
k3191	5jm8	cr-5-m8-191	ok	0.000	0.000	12	5jm8
k3192	5jm8	cr-5-m8-192	ok	0.000	0.000	8	5jm8
k3193	5jm8	cr-5-m8-193	ok	0.000	0.000	8	5jm8
k3194	5jm8	cr-5-m8-194	ok	0.000	0.000	8	5jm8
k3195	5jm8	cr-5-m8-195	ok	0.000	0.000	12	5jm8
k3196	5jm8	cr-5-m8-196	ok	0.000	0.000	8	5jm8
k3197	5jm8	cr-5-m8-197	ok	0.000	0.000	8	5jm8
k3198	5jm8	cr-5-m8-198	ok	0.000	0.000	8	5jm8
k3199	5jm8	cr-5-m8-199	ok	0.000	0.000	8	5jm8
k3200	5jm8	cr-5-m8-200	ok	0.000	0.000	8	5jm8
