# run	81821033
# key	spec	kept	seed	order	x	killer	symm	diff
s1	2ja	0	81821033-1	2	0	0	0	0
s2	2jadb	0	81821033-2	2	0	0	0	1
s3	2jadi	0	81821033-3	2	0	0	0	2
s4	2jada	0	81821033-4	2	0	0	0	3
s5	2jade	0	81821033-5	2	0	0	0	4
s6	2jadu	0	81821033-6	2	0	0	0	5
s7	2j	0	81821033-7	2	0	0	1	0
s8	2jdb	0	81821033-8	2	0	0	1	1
s9	2jdi	0	81821033-9	2	0	0	1	2
s10	2jda	0	81821033-10	2	0	0	1	3
s11	2jde	0	81821033-11	2	0	0	1	4
s12	2jdu	0	81821033-12	2	0	0	1	5
s13	2jr4	0	81821033-13	2	0	0	2	0
s14	2jr4db	0	81821033-14	2	0	0	2	1
s15	2jr4di	0	81821033-15	2	0	0	2	2
s16	2jr4da	0	81821033-16	2	0	0	2	3
s17	2jr4de	0	81821033-17	2	0	0	2	4
s18	2jr4du	0	81821033-18	2	0	0	2	5
s19	2jm2	0	81821033-19	2	0	0	3	0
s20	2jm2db	0	81821033-20	2	0	0	3	1
s21	2jm2di	0	81821033-21	2	0	0	3	2
s22	2jm2da	0	81821033-22	2	0	0	3	3
s23	2jm2de	0	81821033-23	2	0	0	3	4
s24	2jm2du	0	81821033-24	2	0	0	3	5
s25	2jmd2	0	81821033-25	2	0	0	4	0
s26	2jmd2db	0	81821033-26	2	0	0	4	1
s27	2jmd2di	0	81821033-27	2	0	0	4	2
s28	2jmd2da	0	81821033-28	2	0	0	4	3
s29	2jmd2de	0	81821033-29	2	0	0	4	4
s30	2jmd2du	0	81821033-30	2	0	0	4	5
s31	2jm4	0	81821033-31	2	0	0	5	0
s32	2jm4db	0	81821033-32	2	0	0	5	1
s33	2jm4di	0	81821033-33	2	0	0	5	2
s34	2jm4da	0	81821033-34	2	0	0	5	3
s35	2jm4de	0	81821033-35	2	0	0	5	4
s36	2jm4du	0	81821033-36	2	0	0	5	5
s37	2jmd4	0	81821033-37	2	0	0	6	0
s38	2jmd4db	0	81821033-38	2	0	0	6	1
s39	2jmd4di	0	81821033-39	2	0	0	6	2
s40	2jmd4da	0	81821033-40	2	0	0	6	3
s41	2jmd4de	0	81821033-41	2	0	0	6	4
s42	2jmd4du	0	81821033-42	2	0	0	6	5
s43	2jm8	0	81821033-43	2	0	0	7	0
s44	2jm8db	0	81821033-44	2	0	0	7	1
s45	2jm8di	0	81821033-45	2	0	0	7	2
s46	2jm8da	0	81821033-46	2	0	0	7	3
s47	2jm8de	0	81821033-47	2	0	0	7	4
s48	2jm8du	0	81821033-48	2	0	0	7	5
s49	2jka	0	81821033-49	2	0	1	0	0
s50	2jkadb	0	81821033-50	2	0	1	0	1
s51	2jkadi	0	81821033-51	2	0	1	0	2
s52	2jkada	0	81821033-52	2	0	1	0	3
s53	2jkade	0	81821033-53	2	0	1	0	4
s54	2jkadu	0	81821033-54	2	0	1	0	5
s55	2jk	0	81821033-55	2	0	1	1	0
s56	2jkdb	0	81821033-56	2	0	1	1	1
s57	2jkdi	0	81821033-57	2	0	1	1	2
s58	2jkda	0	81821033-58	2	0	1	1	3
s59	2jkde	0	81821033-59	2	0	1	1	4
s60	2jkdu	0	81821033-60	2	0	1	1	5
s61	2jkr4	0	81821033-61	2	0	1	2	0
s62	2jkr4db	0	81821033-62	2	0	1	2	1
s63	2jkr4di	0	81821033-63	2	0	1	2	2
s64	2jkr4da	0	81821033-64	2	0	1	2	3
s65	2jkr4de	0	81821033-65	2	0	1	2	4
s66	2jkr4du	0	81821033-66	2	0	1	2	5
s67	2jkm2	0	81821033-67	2	0	1	3	0
s68	2jkm2db	0	81821033-68	2	0	1	3	1
s69	2jkm2di	0	81821033-69	2	0	1	3	2
s70	2jkm2da	0	81821033-70	2	0	1	3	3
s71	2jkm2de	0	81821033-71	2	0	1	3	4
s72	2jkm2du	0	81821033-72	2	0	1	3	5
s73	2jkmd2	0	81821033-73	2	0	1	4	0
s74	2jkmd2db	0	81821033-74	2	0	1	4	1
s75	2jkmd2di	0	81821033-75	2	0	1	4	2
s76	2jkmd2da	0	81821033-76	2	0	1	4	3
s77	2jkmd2de	0	81821033-77	2	0	1	4	4
s78	2jkmd2du	0	81821033-78	2	0	1	4	5
s79	2jkm4	0	81821033-79	2	0	1	5	0
s80	2jkm4db	0	81821033-80	2	0	1	5	1
s81	2jkm4di	0	81821033-81	2	0	1	5	2
s82	2jkm4da	0	81821033-82	2	0	1	5	3
s83	2jkm4de	0	81821033-83	2	0	1	5	4
s84	2jkm4du	0	81821033-84	2	0	1	5	5
s85	2jkmd4	0	81821033-85	2	0	1	6	0
s86	2jkmd4db	0	81821033-86	2	0	1	6	1
s87	2jkmd4di	0	81821033-87	2	0	1	6	2
s88	2jkmd4da	0	81821033-88	2	0	1	6	3
s89	2jkmd4de	0	81821033-89	2	0	1	6	4
s90	2jkmd4du	0	81821033-90	2	0	1	6	5
s91	2jkm8	0	81821033-91	2	0	1	7	0
s92	2jkm8db	0	81821033-92	2	0	1	7	1
s93	2jkm8di	0	81821033-93	2	0	1	7	2
s94	2jkm8da	0	81821033-94	2	0	1	7	3
s95	2jkm8de	0	81821033-95	2	0	1	7	4
s96	2jkm8du	0	81821033-96	2	0	1	7	5
s97	2x2a	1	81821033-97	4	0	0	0	0
s98	2x2adb	1	81821033-98	4	0	0	0	1
s99	2x2adi	1	81821033-99	4	0	0	0	2
s100	2x2ada	1	81821033-100	4	0	0	0	3
s101	2x2ade	1	81821033-101	4	0	0	0	4
s102	2x2adu	1	81821033-102	4	0	0	0	5
s103	2x2	1	81821033-103	4	0	0	1	0
s104	2x2db	1	81821033-104	4	0	0	1	1
s105	2x2di	1	81821033-105	4	0	0	1	2
s106	2x2da	1	81821033-106	4	0	0	1	3
s107	2x2de	1	81821033-107	4	0	0	1	4
s108	2x2du	1	81821033-108	4	0	0	1	5
s109	2x2r4	0	81821033-109	4	0	0	2	0
s110	2x2r4db	0	81821033-110	4	0	0	2	1
s111	2x2r4di	0	81821033-111	4	0	0	2	2
s112	2x2r4da	0	81821033-112	4	0	0	2	3
s113	2x2r4de	0	81821033-113	4	0	0	2	4
s114	2x2r4du	0	81821033-114	4	0	0	2	5
s115	2x2m2	0	81821033-115	4	0	0	3	0
s116	2x2m2db	0	81821033-116	4	0	0	3	1
s117	2x2m2di	0	81821033-117	4	0	0	3	2
s118	2x2m2da	0	81821033-118	4	0	0	3	3
s119	2x2m2de	0	81821033-119	4	0	0	3	4
s120	2x2m2du	0	81821033-120	4	0	0	3	5
s121	2x2md2	0	81821033-121	4	0	0	4	0
s122	2x2md2db	0	81821033-122	4	0	0	4	1
s123	2x2md2di	0	81821033-123	4	0	0	4	2
s124	2x2md2da	0	81821033-124	4	0	0	4	3
s125	2x2md2de	0	81821033-125	4	0	0	4	4
s126	2x2md2du	0	81821033-126	4	0	0	4	5
s127	2x2m4	0	81821033-127	4	0	0	5	0
s128	2x2m4db	0	81821033-128	4	0	0	5	1
s129	2x2m4di	0	81821033-129	4	0	0	5	2
s130	2x2m4da	0	81821033-130	4	0	0	5	3
s131	2x2m4de	0	81821033-131	4	0	0	5	4
s132	2x2m4du	0	81821033-132	4	0	0	5	5
s133	2x2md4	0	81821033-133	4	0	0	6	0
s134	2x2md4db	0	81821033-134	4	0	0	6	1
s135	2x2md4di	0	81821033-135	4	0	0	6	2
s136	2x2md4da	0	81821033-136	4	0	0	6	3
s137	2x2md4de	0	81821033-137	4	0	0	6	4
s138	2x2md4du	0	81821033-138	4	0	0	6	5
s139	2x2m8	0	81821033-139	4	0	0	7	0
s140	2x2m8db	0	81821033-140	4	0	0	7	1
s141	2x2m8di	0	81821033-141	4	0	0	7	2
s142	2x2m8da	0	81821033-142	4	0	0	7	3
s143	2x2m8de	0	81821033-143	4	0	0	7	4
s144	2x2m8du	0	81821033-144	4	0	0	7	5
s145	2x2ka	1	81821033-145	4	0	1	0	0
s146	2x2kadb	1	81821033-146	4	0	1	0	1
s147	2x2kadi	1	81821033-147	4	0	1	0	2
s148	2x2kada	1	81821033-148	4	0	1	0	3
s149	2x2kade	1	81821033-149	4	0	1	0	4
s150	2x2kadu	1	81821033-150	4	0	1	0	5
s151	2x2k	0	81821033-151	4	0	1	1	0
s152	2x2kdb	0	81821033-152	4	0	1	1	1
s153	2x2kdi	0	81821033-153	4	0	1	1	2
s154	2x2kda	0	81821033-154	4	0	1	1	3
s155	2x2kde	0	81821033-155	4	0	1	1	4
s156	2x2kdu	0	81821033-156	4	0	1	1	5
s157	2x2kr4	0	81821033-157	4	0	1	2	0
s158	2x2kr4db	0	81821033-158	4	0	1	2	1
s159	2x2kr4di	0	81821033-159	4	0	1	2	2
s160	2x2kr4da	0	81821033-160	4	0	1	2	3
s161	2x2kr4de	0	81821033-161	4	0	1	2	4
s162	2x2kr4du	0	81821033-162	4	0	1	2	5
s163	2x2km2	0	81821033-163	4	0	1	3	0
s164	2x2km2db	0	81821033-164	4	0	1	3	1
s165	2x2km2di	0	81821033-165	4	0	1	3	2
s166	2x2km2da	0	81821033-166	4	0	1	3	3
s167	2x2km2de	0	81821033-167	4	0	1	3	4
s168	2x2km2du	0	81821033-168	4	0	1	3	5
s169	2x2kmd2	0	81821033-169	4	0	1	4	0
s170	2x2kmd2db	0	81821033-170	4	0	1	4	1
s171	2x2kmd2di	0	81821033-171	4	0	1	4	2
s172	2x2kmd2da	0	81821033-172	4	0	1	4	3
s173	2x2kmd2de	0	81821033-173	4	0	1	4	4
s174	2x2kmd2du	0	81821033-174	4	0	1	4	5
s175	2x2km4	0	81821033-175	4	0	1	5	0
s176	2x2km4db	0	81821033-176	4	0	1	5	1
s177	2x2km4di	0	81821033-177	4	0	1	5	2
s178	2x2km4da	0	81821033-178	4	0	1	5	3
s179	2x2km4de	0	81821033-179	4	0	1	5	4
s180	2x2km4du	0	81821033-180	4	0	1	5	5
s181	2x2kmd4	0	81821033-181	4	0	1	6	0
s182	2x2kmd4db	0	81821033-182	4	0	1	6	1
s183	2x2kmd4di	0	81821033-183	4	0	1	6	2
s184	2x2kmd4da	0	81821033-184	4	0	1	6	3
s185	2x2kmd4de	0	81821033-185	4	0	1	6	4
s186	2x2kmd4du	0	81821033-186	4	0	1	6	5
s187	2x2km8	0	81821033-187	4	0	1	7	0
s188	2x2km8db	0	81821033-188	4	0	1	7	1
s189	2x2km8di	0	81821033-189	4	0	1	7	2
s190	2x2km8da	0	81821033-190	4	0	1	7	3
s191	2x2km8de	0	81821033-191	4	0	1	7	4
s192	2x2km8du	0	81821033-192	4	0	1	7	5
s193	2x2xa	1	81821033-193	4	1	0	0	0
s194	2x2xadb	1	81821033-194	4	1	0	0	1
s195	2x2xadi	1	81821033-195	4	1	0	0	2
s196	2x2xada	1	81821033-196	4	1	0	0	3
s197	2x2xade	1	81821033-197	4	1	0	0	4
s198	2x2xadu	1	81821033-198	4	1	0	0	5
s199	2x2x	1	81821033-199	4	1	0	1	0
s200	2x2xdb	1	81821033-200	4	1	0	1	1
s201	2x2xdi	1	81821033-201	4	1	0	1	2
s202	2x2xda	1	81821033-202	4	1	0	1	3
s203	2x2xde	1	81821033-203	4	1	0	1	4
s204	2x2xdu	1	81821033-204	4	1	0	1	5
s205	2x2xr4	0	81821033-205	4	1	0	2	0
s206	2x2xr4db	0	81821033-206	4	1	0	2	1
s207	2x2xr4di	0	81821033-207	4	1	0	2	2
s208	2x2xr4da	0	81821033-208	4	1	0	2	3
s209	2x2xr4de	0	81821033-209	4	1	0	2	4
s210	2x2xr4du	0	81821033-210	4	1	0	2	5
s211	2x2xm2	0	81821033-211	4	1	0	3	0
s212	2x2xm2db	0	81821033-212	4	1	0	3	1
s213	2x2xm2di	0	81821033-213	4	1	0	3	2
s214	2x2xm2da	0	81821033-214	4	1	0	3	3
s215	2x2xm2de	0	81821033-215	4	1	0	3	4
s216	2x2xm2du	0	81821033-216	4	1	0	3	5
s217	2x2xmd2	0	81821033-217	4	1	0	4	0
s218	2x2xmd2db	0	81821033-218	4	1	0	4	1
s219	2x2xmd2di	0	81821033-219	4	1	0	4	2
s220	2x2xmd2da	0	81821033-220	4	1	0	4	3
s221	2x2xmd2de	0	81821033-221	4	1	0	4	4
s222	2x2xmd2du	0	81821033-222	4	1	0	4	5
s223	2x2xm4	0	81821033-223	4	1	0	5	0
s224	2x2xm4db	0	81821033-224	4	1	0	5	1
s225	2x2xm4di	0	81821033-225	4	1	0	5	2
s226	2x2xm4da	0	81821033-226	4	1	0	5	3
s227	2x2xm4de	0	81821033-227	4	1	0	5	4
s228	2x2xm4du	0	81821033-228	4	1	0	5	5
s229	2x2xmd4	0	81821033-229	4	1	0	6	0
s230	2x2xmd4db	0	81821033-230	4	1	0	6	1
s231	2x2xmd4di	0	81821033-231	4	1	0	6	2
s232	2x2xmd4da	0	81821033-232	4	1	0	6	3
s233	2x2xmd4de	0	81821033-233	4	1	0	6	4
s234	2x2xmd4du	0	81821033-234	4	1	0	6	5
s235	2x2xm8	0	81821033-235	4	1	0	7	0
s236	2x2xm8db	0	81821033-236	4	1	0	7	1
s237	2x2xm8di	0	81821033-237	4	1	0	7	2
s238	2x2xm8da	0	81821033-238	4	1	0	7	3
s239	2x2xm8de	0	81821033-239	4	1	0	7	4
s240	2x2xm8du	0	81821033-240	4	1	0	7	5
s241	2x2xka	1	81821033-241	4	1	1	0	0
s242	2x2xkadb	1	81821033-242	4	1	1	0	1
s243	2x2xkadi	1	81821033-243	4	1	1	0	2
s244	2x2xkada	1	81821033-244	4	1	1	0	3
s245	2x2xkade	1	81821033-245	4	1	1	0	4
s246	2x2xkadu	1	81821033-246	4	1	1	0	5
s247	2x2xk	0	81821033-247	4	1	1	1	0
s248	2x2xkdb	0	81821033-248	4	1	1	1	1
s249	2x2xkdi	0	81821033-249	4	1	1	1	2
s250	2x2xkda	0	81821033-250	4	1	1	1	3
s251	2x2xkde	0	81821033-251	4	1	1	1	4
s252	2x2xkdu	0	81821033-252	4	1	1	1	5
s253	2x2xkr4	0	81821033-253	4	1	1	2	0
s254	2x2xkr4db	0	81821033-254	4	1	1	2	1
s255	2x2xkr4di	0	81821033-255	4	1	1	2	2
s256	2x2xkr4da	0	81821033-256	4	1	1	2	3
s257	2x2xkr4de	0	81821033-257	4	1	1	2	4
s258	2x2xkr4du	0	81821033-258	4	1	1	2	5
s259	2x2xkm2	0	81821033-259	4	1	1	3	0
s260	2x2xkm2db	0	81821033-260	4	1	1	3	1
s261	2x2xkm2di	0	81821033-261	4	1	1	3	2
s262	2x2xkm2da	0	81821033-262	4	1	1	3	3
s263	2x2xkm2de	0	81821033-263	4	1	1	3	4
s264	2x2xkm2du	0	81821033-264	4	1	1	3	5
s265	2x2xkmd2	0	81821033-265	4	1	1	4	0
s266	2x2xkmd2db	0	81821033-266	4	1	1	4	1
s267	2x2xkmd2di	0	81821033-267	4	1	1	4	2
s268	2x2xkmd2da	0	81821033-268	4	1	1	4	3
s269	2x2xkmd2de	0	81821033-269	4	1	1	4	4
s270	2x2xkmd2du	0	81821033-270	4	1	1	4	5
s271	2x2xkm4	0	81821033-271	4	1	1	5	0
s272	2x2xkm4db	0	81821033-272	4	1	1	5	1
s273	2x2xkm4di	0	81821033-273	4	1	1	5	2
s274	2x2xkm4da	0	81821033-274	4	1	1	5	3
s275	2x2xkm4de	0	81821033-275	4	1	1	5	4
s276	2x2xkm4du	0	81821033-276	4	1	1	5	5
s277	2x2xkmd4	0	81821033-277	4	1	1	6	0
s278	2x2xkmd4db	0	81821033-278	4	1	1	6	1
s279	2x2xkmd4di	0	81821033-279	4	1	1	6	2
s280	2x2xkmd4da	0	81821033-280	4	1	1	6	3
s281	2x2xkmd4de	0	81821033-281	4	1	1	6	4
s282	2x2xkmd4du	0	81821033-282	4	1	1	6	5
s283	2x2xkm8	0	81821033-283	4	1	1	7	0
s284	2x2xkm8db	0	81821033-284	4	1	1	7	1
s285	2x2xkm8di	0	81821033-285	4	1	1	7	2
s286	2x2xkm8da	0	81821033-286	4	1	1	7	3
s287	2x2xkm8de	0	81821033-287	4	1	1	7	4
s288	2x2xkm8du	0	81821033-288	4	1	1	7	5
s289	2x3a	1	81821033-289	6	0	0	0	0
s290	2x3adb	1	81821033-290	6	0	0	0	1
s291	2x3adi	1	81821033-291	6	0	0	0	2
s292	2x3ada	1	81821033-292	6	0	0	0	3
s293	2x3ade	1	81821033-293	6	0	0	0	4
s294	2x3adu	1	81821033-294	6	0	0	0	5
s295	2x3	1	81821033-295	6	0	0	1	0
s296	2x3db	1	81821033-296	6	0	0	1	1
s297	2x3di	1	81821033-297	6	0	0	1	2
s298	2x3da	1	81821033-298	6	0	0	1	3
s299	2x3de	1	81821033-299	6	0	0	1	4
s300	2x3du	1	81821033-300	6	0	0	1	5
s301	2x3r4	1	81821033-301	6	0	0	2	0
s302	2x3r4db	1	81821033-302	6	0	0	2	1
s303	2x3r4di	1	81821033-303	6	0	0	2	2
s304	2x3r4da	1	81821033-304	6	0	0	2	3
s305	2x3r4de	1	81821033-305	6	0	0	2	4
s306	2x3r4du	1	81821033-306	6	0	0	2	5
s307	2x3m2	1	81821033-307	6	0	0	3	0
s308	2x3m2db	1	81821033-308	6	0	0	3	1
s309	2x3m2di	1	81821033-309	6	0	0	3	2
s310	2x3m2da	1	81821033-310	6	0	0	3	3
s311	2x3m2de	1	81821033-311	6	0	0	3	4
s312	2x3m2du	1	81821033-312	6	0	0	3	5
s313	2x3md2	1	81821033-313	6	0	0	4	0
s314	2x3md2db	1	81821033-314	6	0	0	4	1
s315	2x3md2di	1	81821033-315	6	0	0	4	2
s316	2x3md2da	1	81821033-316	6	0	0	4	3
s317	2x3md2de	1	81821033-317	6	0	0	4	4
s318	2x3md2du	1	81821033-318	6	0	0	4	5
s319	2x3m4	1	81821033-319	6	0	0	5	0
s320	2x3m4db	1	81821033-320	6	0	0	5	1
s321	2x3m4di	1	81821033-321	6	0	0	5	2
s322	2x3m4da	1	81821033-322	6	0	0	5	3
s323	2x3m4de	1	81821033-323	6	0	0	5	4
s324	2x3m4du	1	81821033-324	6	0	0	5	5
s325	2x3md4	1	81821033-325	6	0	0	6	0
s326	2x3md4db	1	81821033-326	6	0	0	6	1
s327	2x3md4di	1	81821033-327	6	0	0	6	2
s328	2x3md4da	1	81821033-328	6	0	0	6	3
s329	2x3md4de	1	81821033-329	6	0	0	6	4
s330	2x3md4du	1	81821033-330	6	0	0	6	5
s331	2x3m8	1	81821033-331	6	0	0	7	0
s332	2x3m8db	1	81821033-332	6	0	0	7	1
s333	2x3m8di	1	81821033-333	6	0	0	7	2
s334	2x3m8da	1	81821033-334	6	0	0	7	3
s335	2x3m8de	1	81821033-335	6	0	0	7	4
s336	2x3m8du	1	81821033-336	6	0	0	7	5
s337	2x3ka	1	81821033-337	6	0	1	0	0
s338	2x3kadb	1	81821033-338	6	0	1	0	1
s339	2x3kadi	1	81821033-339	6	0	1	0	2
s340	2x3kada	1	81821033-340	6	0	1	0	3
s341	2x3kade	1	81821033-341	6	0	1	0	4
s342	2x3kadu	1	81821033-342	6	0	1	0	5
s343	2x3k	0	81821033-343	6	0	1	1	0
s344	2x3kdb	0	81821033-344	6	0	1	1	1
s345	2x3kdi	0	81821033-345	6	0	1	1	2
s346	2x3kda	0	81821033-346	6	0	1	1	3
s347	2x3kde	0	81821033-347	6	0	1	1	4
s348	2x3kdu	0	81821033-348	6	0	1	1	5
s349	2x3kr4	0	81821033-349	6	0	1	2	0
s350	2x3kr4db	0	81821033-350	6	0	1	2	1
s351	2x3kr4di	0	81821033-351	6	0	1	2	2
s352	2x3kr4da	0	81821033-352	6	0	1	2	3
s353	2x3kr4de	0	81821033-353	6	0	1	2	4
s354	2x3kr4du	0	81821033-354	6	0	1	2	5
s355	2x3km2	0	81821033-355	6	0	1	3	0
s356	2x3km2db	0	81821033-356	6	0	1	3	1
s357	2x3km2di	0	81821033-357	6	0	1	3	2
s358	2x3km2da	0	81821033-358	6	0	1	3	3
s359	2x3km2de	0	81821033-359	6	0	1	3	4
s360	2x3km2du	0	81821033-360	6	0	1	3	5
s361	2x3kmd2	0	81821033-361	6	0	1	4	0
s362	2x3kmd2db	0	81821033-362	6	0	1	4	1
s363	2x3kmd2di	0	81821033-363	6	0	1	4	2
s364	2x3kmd2da	0	81821033-364	6	0	1	4	3
s365	2x3kmd2de	0	81821033-365	6	0	1	4	4
s366	2x3kmd2du	0	81821033-366	6	0	1	4	5
s367	2x3km4	0	81821033-367	6	0	1	5	0
s368	2x3km4db	0	81821033-368	6	0	1	5	1
s369	2x3km4di	0	81821033-369	6	0	1	5	2
s370	2x3km4da	0	81821033-370	6	0	1	5	3
s371	2x3km4de	0	81821033-371	6	0	1	5	4
s372	2x3km4du	0	81821033-372	6	0	1	5	5
s373	2x3kmd4	0	81821033-373	6	0	1	6	0
s374	2x3kmd4db	0	81821033-374	6	0	1	6	1
s375	2x3kmd4di	0	81821033-375	6	0	1	6	2
s376	2x3kmd4da	0	81821033-376	6	0	1	6	3
s377	2x3kmd4de	0	81821033-377	6	0	1	6	4
s378	2x3kmd4du	0	81821033-378	6	0	1	6	5
s379	2x3km8	0	81821033-379	6	0	1	7	0
s380	2x3km8db	0	81821033-380	6	0	1	7	1
s381	2x3km8di	0	81821033-381	6	0	1	7	2
s382	2x3km8da	0	81821033-382	6	0	1	7	3
s383	2x3km8de	0	81821033-383	6	0	1	7	4
s384	2x3km8du	0	81821033-384	6	0	1	7	5
s385	2x3xa	1	81821033-385	6	1	0	0	0
s386	2x3xadb	1	81821033-386	6	1	0	0	1
s387	2x3xadi	1	81821033-387	6	1	0	0	2
s388	2x3xada	1	81821033-388	6	1	0	0	3
s389	2x3xade	1	81821033-389	6	1	0	0	4
s390	2x3xadu	1	81821033-390	6	1	0	0	5
s391	2x3x	1	81821033-391	6	1	0	1	0
s392	2x3xdb	1	81821033-392	6	1	0	1	1
s393	2x3xdi	1	81821033-393	6	1	0	1	2
s394	2x3xda	1	81821033-394	6	1	0	1	3
s395	2x3xde	1	81821033-395	6	1	0	1	4
s396	2x3xdu	1	81821033-396	6	1	0	1	5
s397	2x3xr4	1	81821033-397	6	1	0	2	0
s398	2x3xr4db	1	81821033-398	6	1	0	2	1
s399	2x3xr4di	1	81821033-399	6	1	0	2	2
s400	2x3xr4da	1	81821033-400	6	1	0	2	3
s401	2x3xr4de	1	81821033-401	6	1	0	2	4
s402	2x3xr4du	1	81821033-402	6	1	0	2	5
s403	2x3xm2	1	81821033-403	6	1	0	3	0
s404	2x3xm2db	1	81821033-404	6	1	0	3	1
s405	2x3xm2di	1	81821033-405	6	1	0	3	2
s406	2x3xm2da	1	81821033-406	6	1	0	3	3
s407	2x3xm2de	1	81821033-407	6	1	0	3	4
s408	2x3xm2du	1	81821033-408	6	1	0	3	5
s409	2x3xmd2	1	81821033-409	6	1	0	4	0
s410	2x3xmd2db	1	81821033-410	6	1	0	4	1
s411	2x3xmd2di	1	81821033-411	6	1	0	4	2
s412	2x3xmd2da	1	81821033-412	6	1	0	4	3
s413	2x3xmd2de	1	81821033-413	6	1	0	4	4
s414	2x3xmd2du	1	81821033-414	6	1	0	4	5
s415	2x3xm4	1	81821033-415	6	1	0	5	0
s416	2x3xm4db	1	81821033-416	6	1	0	5	1
s417	2x3xm4di	1	81821033-417	6	1	0	5	2
s418	2x3xm4da	1	81821033-418	6	1	0	5	3
s419	2x3xm4de	1	81821033-419	6	1	0	5	4
s420	2x3xm4du	1	81821033-420	6	1	0	5	5
s421	2x3xmd4	1	81821033-421	6	1	0	6	0
s422	2x3xmd4db	1	81821033-422	6	1	0	6	1
s423	2x3xmd4di	1	81821033-423	6	1	0	6	2
s424	2x3xmd4da	1	81821033-424	6	1	0	6	3
s425	2x3xmd4de	1	81821033-425	6	1	0	6	4
s426	2x3xmd4du	1	81821033-426	6	1	0	6	5
s427	2x3xm8	1	81821033-427	6	1	0	7	0
s428	2x3xm8db	1	81821033-428	6	1	0	7	1
s429	2x3xm8di	1	81821033-429	6	1	0	7	2
s430	2x3xm8da	1	81821033-430	6	1	0	7	3
s431	2x3xm8de	1	81821033-431	6	1	0	7	4
s432	2x3xm8du	1	81821033-432	6	1	0	7	5
s433	2x3xka	1	81821033-433	6	1	1	0	0
s434	2x3xkadb	1	81821033-434	6	1	1	0	1
s435	2x3xkadi	1	81821033-435	6	1	1	0	2
s436	2x3xkada	1	81821033-436	6	1	1	0	3
s437	2x3xkade	1	81821033-437	6	1	1	0	4
s438	2x3xkadu	1	81821033-438	6	1	1	0	5
s439	2x3xk	0	81821033-439	6	1	1	1	0
s440	2x3xkdb	0	81821033-440	6	1	1	1	1
s441	2x3xkdi	0	81821033-441	6	1	1	1	2
s442	2x3xkda	0	81821033-442	6	1	1	1	3
s443	2x3xkde	0	81821033-443	6	1	1	1	4
s444	2x3xkdu	0	81821033-444	6	1	1	1	5
s445	2x3xkr4	0	81821033-445	6	1	1	2	0
s446	2x3xkr4db	0	81821033-446	6	1	1	2	1
s447	2x3xkr4di	0	81821033-447	6	1	1	2	2
s448	2x3xkr4da	0	81821033-448	6	1	1	2	3
s449	2x3xkr4de	0	81821033-449	6	1	1	2	4
s450	2x3xkr4du	0	81821033-450	6	1	1	2	5
s451	2x3xkm2	0	81821033-451	6	1	1	3	0
s452	2x3xkm2db	0	81821033-452	6	1	1	3	1
s453	2x3xkm2di	0	81821033-453	6	1	1	3	2
s454	2x3xkm2da	0	81821033-454	6	1	1	3	3
s455	2x3xkm2de	0	81821033-455	6	1	1	3	4
s456	2x3xkm2du	0	81821033-456	6	1	1	3	5
s457	2x3xkmd2	0	81821033-457	6	1	1	4	0
s458	2x3xkmd2db	0	81821033-458	6	1	1	4	1
s459	2x3xkmd2di	0	81821033-459	6	1	1	4	2
s460	2x3xkmd2da	0	81821033-460	6	1	1	4	3
s461	2x3xkmd2de	0	81821033-461	6	1	1	4	4
s462	2x3xkmd2du	0	81821033-462	6	1	1	4	5
s463	2x3xkm4	0	81821033-463	6	1	1	5	0
s464	2x3xkm4db	0	81821033-464	6	1	1	5	1
s465	2x3xkm4di	0	81821033-465	6	1	1	5	2
s466	2x3xkm4da	0	81821033-466	6	1	1	5	3
s467	2x3xkm4de	0	81821033-467	6	1	1	5	4
s468	2x3xkm4du	0	81821033-468	6	1	1	5	5
s469	2x3xkmd4	0	81821033-469	6	1	1	6	0
s470	2x3xkmd4db	0	81821033-470	6	1	1	6	1
s471	2x3xkmd4di	0	81821033-471	6	1	1	6	2
s472	2x3xkmd4da	0	81821033-472	6	1	1	6	3
s473	2x3xkmd4de	0	81821033-473	6	1	1	6	4
s474	2x3xkmd4du	0	81821033-474	6	1	1	6	5
s475	2x3xkm8	0	81821033-475	6	1	1	7	0
s476	2x3xkm8db	0	81821033-476	6	1	1	7	1
s477	2x3xkm8di	0	81821033-477	6	1	1	7	2
s478	2x3xkm8da	0	81821033-478	6	1	1	7	3
s479	2x3xkm8de	0	81821033-479	6	1	1	7	4
s480	2x3xkm8du	0	81821033-480	6	1	1	7	5
s481	2x4a	1	81821033-481	8	0	0	0	0
s482	2x4adb	1	81821033-482	8	0	0	0	1
s483	2x4adi	1	81821033-483	8	0	0	0	2
s484	2x4ada	1	81821033-484	8	0	0	0	3
s485	2x4ade	1	81821033-485	8	0	0	0	4
s486	2x4adu	1	81821033-486	8	0	0	0	5
s487	2x4	1	81821033-487	8	0	0	1	0
s488	2x4db	1	81821033-488	8	0	0	1	1
s489	2x4di	1	81821033-489	8	0	0	1	2
s490	2x4da	1	81821033-490	8	0	0	1	3
s491	2x4de	1	81821033-491	8	0	0	1	4
s492	2x4du	1	81821033-492	8	0	0	1	5
s493	2x4r4	1	81821033-493	8	0	0	2	0
s494	2x4r4db	1	81821033-494	8	0	0	2	1
s495	2x4r4di	1	81821033-495	8	0	0	2	2
s496	2x4r4da	1	81821033-496	8	0	0	2	3
s497	2x4r4de	1	81821033-497	8	0	0	2	4
s498	2x4r4du	1	81821033-498	8	0	0	2	5
s499	2x4m2	1	81821033-499	8	0	0	3	0
s500	2x4m2db	1	81821033-500	8	0	0	3	1
s501	2x4m2di	1	81821033-501	8	0	0	3	2
s502	2x4m2da	1	81821033-502	8	0	0	3	3
s503	2x4m2de	1	81821033-503	8	0	0	3	4
s504	2x4m2du	1	81821033-504	8	0	0	3	5
s505	2x4md2	1	81821033-505	8	0	0	4	0
s506	2x4md2db	1	81821033-506	8	0	0	4	1
s507	2x4md2di	1	81821033-507	8	0	0	4	2
s508	2x4md2da	1	81821033-508	8	0	0	4	3
s509	2x4md2de	1	81821033-509	8	0	0	4	4
s510	2x4md2du	1	81821033-510	8	0	0	4	5
s511	2x4m4	1	81821033-511	8	0	0	5	0
s512	2x4m4db	1	81821033-512	8	0	0	5	1
s513	2x4m4di	1	81821033-513	8	0	0	5	2
s514	2x4m4da	1	81821033-514	8	0	0	5	3
s515	2x4m4de	1	81821033-515	8	0	0	5	4
s516	2x4m4du	1	81821033-516	8	0	0	5	5
s517	2x4md4	1	81821033-517	8	0	0	6	0
s518	2x4md4db	1	81821033-518	8	0	0	6	1
s519	2x4md4di	1	81821033-519	8	0	0	6	2
s520	2x4md4da	1	81821033-520	8	0	0	6	3
s521	2x4md4de	1	81821033-521	8	0	0	6	4
s522	2x4md4du	1	81821033-522	8	0	0	6	5
s523	2x4m8	1	81821033-523	8	0	0	7	0
s524	2x4m8db	1	81821033-524	8	0	0	7	1
s525	2x4m8di	1	81821033-525	8	0	0	7	2
s526	2x4m8da	1	81821033-526	8	0	0	7	3
s527	2x4m8de	1	81821033-527	8	0	0	7	4
s528	2x4m8du	1	81821033-528	8	0	0	7	5
s529	2x4ka	1	81821033-529	8	0	1	0	0
s530	2x4kadb	1	81821033-530	8	0	1	0	1
s531	2x4kadi	1	81821033-531	8	0	1	0	2
s532	2x4kada	1	81821033-532	8	0	1	0	3
s533	2x4kade	1	81821033-533	8	0	1	0	4
s534	2x4kadu	1	81821033-534	8	0	1	0	5
s535	2x4k	0	81821033-535	8	0	1	1	0
s536	2x4kdb	0	81821033-536	8	0	1	1	1
s537	2x4kdi	0	81821033-537	8	0	1	1	2
s538	2x4kda	0	81821033-538	8	0	1	1	3
s539	2x4kde	0	81821033-539	8	0	1	1	4
s540	2x4kdu	0	81821033-540	8	0	1	1	5
s541	2x4kr4	0	81821033-541	8	0	1	2	0
s542	2x4kr4db	0	81821033-542	8	0	1	2	1
s543	2x4kr4di	0	81821033-543	8	0	1	2	2
s544	2x4kr4da	0	81821033-544	8	0	1	2	3
s545	2x4kr4de	0	81821033-545	8	0	1	2	4
s546	2x4kr4du	0	81821033-546	8	0	1	2	5
s547	2x4km2	0	81821033-547	8	0	1	3	0
s548	2x4km2db	0	81821033-548	8	0	1	3	1
s549	2x4km2di	0	81821033-549	8	0	1	3	2
s550	2x4km2da	0	81821033-550	8	0	1	3	3
s551	2x4km2de	0	81821033-551	8	0	1	3	4
s552	2x4km2du	0	81821033-552	8	0	1	3	5
s553	2x4kmd2	0	81821033-553	8	0	1	4	0
s554	2x4kmd2db	0	81821033-554	8	0	1	4	1
s555	2x4kmd2di	0	81821033-555	8	0	1	4	2
s556	2x4kmd2da	0	81821033-556	8	0	1	4	3
s557	2x4kmd2de	0	81821033-557	8	0	1	4	4
s558	2x4kmd2du	0	81821033-558	8	0	1	4	5
s559	2x4km4	0	81821033-559	8	0	1	5	0
s560	2x4km4db	0	81821033-560	8	0	1	5	1
s561	2x4km4di	0	81821033-561	8	0	1	5	2
s562	2x4km4da	0	81821033-562	8	0	1	5	3
s563	2x4km4de	0	81821033-563	8	0	1	5	4
s564	2x4km4du	0	81821033-564	8	0	1	5	5
s565	2x4kmd4	0	81821033-565	8	0	1	6	0
s566	2x4kmd4db	0	81821033-566	8	0	1	6	1
s567	2x4kmd4di	0	81821033-567	8	0	1	6	2
s568	2x4kmd4da	0	81821033-568	8	0	1	6	3
s569	2x4kmd4de	0	81821033-569	8	0	1	6	4
s570	2x4kmd4du	0	81821033-570	8	0	1	6	5
s571	2x4km8	0	81821033-571	8	0	1	7	0
s572	2x4km8db	0	81821033-572	8	0	1	7	1
s573	2x4km8di	0	81821033-573	8	0	1	7	2
s574	2x4km8da	0	81821033-574	8	0	1	7	3
s575	2x4km8de	0	81821033-575	8	0	1	7	4
s576	2x4km8du	0	81821033-576	8	0	1	7	5
s577	2x4xa	1	81821033-577	8	1	0	0	0
s578	2x4xadb	1	81821033-578	8	1	0	0	1
s579	2x4xadi	1	81821033-579	8	1	0	0	2
s580	2x4xada	1	81821033-580	8	1	0	0	3
s581	2x4xade	1	81821033-581	8	1	0	0	4
s582	2x4xadu	1	81821033-582	8	1	0	0	5
s583	2x4x	1	81821033-583	8	1	0	1	0
s584	2x4xdb	1	81821033-584	8	1	0	1	1
s585	2x4xdi	1	81821033-585	8	1	0	1	2
s586	2x4xda	1	81821033-586	8	1	0	1	3
s587	2x4xde	1	81821033-587	8	1	0	1	4
s588	2x4xdu	1	81821033-588	8	1	0	1	5
s589	2x4xr4	1	81821033-589	8	1	0	2	0
s590	2x4xr4db	1	81821033-590	8	1	0	2	1
s591	2x4xr4di	1	81821033-591	8	1	0	2	2
s592	2x4xr4da	1	81821033-592	8	1	0	2	3
s593	2x4xr4de	1	81821033-593	8	1	0	2	4
s594	2x4xr4du	1	81821033-594	8	1	0	2	5
s595	2x4xm2	1	81821033-595	8	1	0	3	0
s596	2x4xm2db	1	81821033-596	8	1	0	3	1
s597	2x4xm2di	1	81821033-597	8	1	0	3	2
s598	2x4xm2da	1	81821033-598	8	1	0	3	3
s599	2x4xm2de	1	81821033-599	8	1	0	3	4
s600	2x4xm2du	1	81821033-600	8	1	0	3	5
s601	2x4xmd2	1	81821033-601	8	1	0	4	0
s602	2x4xmd2db	1	81821033-602	8	1	0	4	1
s603	2x4xmd2di	1	81821033-603	8	1	0	4	2
s604	2x4xmd2da	1	81821033-604	8	1	0	4	3
s605	2x4xmd2de	1	81821033-605	8	1	0	4	4
s606	2x4xmd2du	1	81821033-606	8	1	0	4	5
s607	2x4xm4	1	81821033-607	8	1	0	5	0
s608	2x4xm4db	1	81821033-608	8	1	0	5	1
s609	2x4xm4di	1	81821033-609	8	1	0	5	2
s610	2x4xm4da	1	81821033-610	8	1	0	5	3
s611	2x4xm4de	1	81821033-611	8	1	0	5	4
s612	2x4xm4du	1	81821033-612	8	1	0	5	5
s613	2x4xmd4	1	81821033-613	8	1	0	6	0
s614	2x4xmd4db	1	81821033-614	8	1	0	6	1
s615	2x4xmd4di	1	81821033-615	8	1	0	6	2
s616	2x4xmd4da	1	81821033-616	8	1	0	6	3
s617	2x4xmd4de	1	81821033-617	8	1	0	6	4
s618	2x4xmd4du	1	81821033-618	8	1	0	6	5
s619	2x4xm8	1	81821033-619	8	1	0	7	0
s620	2x4xm8db	1	81821033-620	8	1	0	7	1
s621	2x4xm8di	1	81821033-621	8	1	0	7	2
s622	2x4xm8da	1	81821033-622	8	1	0	7	3
s623	2x4xm8de	1	81821033-623	8	1	0	7	4
s624	2x4xm8du	1	81821033-624	8	1	0	7	5
s625	2x4xka	1	81821033-625	8	1	1	0	0
s626	2x4xkadb	1	81821033-626	8	1	1	0	1
s627	2x4xkadi	1	81821033-627	8	1	1	0	2
s628	2x4xkada	1	81821033-628	8	1	1	0	3
s629	2x4xkade	1	81821033-629	8	1	1	0	4
s630	2x4xkadu	1	81821033-630	8	1	1	0	5
s631	2x4xk	0	81821033-631	8	1	1	1	0
s632	2x4xkdb	0	81821033-632	8	1	1	1	1
s633	2x4xkdi	0	81821033-633	8	1	1	1	2
s634	2x4xkda	0	81821033-634	8	1	1	1	3
s635	2x4xkde	0	81821033-635	8	1	1	1	4
s636	2x4xkdu	0	81821033-636	8	1	1	1	5
s637	2x4xkr4	0	81821033-637	8	1	1	2	0
s638	2x4xkr4db	0	81821033-638	8	1	1	2	1
s639	2x4xkr4di	0	81821033-639	8	1	1	2	2
s640	2x4xkr4da	0	81821033-640	8	1	1	2	3
s641	2x4xkr4de	0	81821033-641	8	1	1	2	4
s642	2x4xkr4du	0	81821033-642	8	1	1	2	5
s643	2x4xkm2	0	81821033-643	8	1	1	3	0
s644	2x4xkm2db	0	81821033-644	8	1	1	3	1
s645	2x4xkm2di	0	81821033-645	8	1	1	3	2
s646	2x4xkm2da	0	81821033-646	8	1	1	3	3
s647	2x4xkm2de	0	81821033-647	8	1	1	3	4
s648	2x4xkm2du	0	81821033-648	8	1	1	3	5
s649	2x4xkmd2	0	81821033-649	8	1	1	4	0
s650	2x4xkmd2db	0	81821033-650	8	1	1	4	1
s651	2x4xkmd2di	0	81821033-651	8	1	1	4	2
s652	2x4xkmd2da	0	81821033-652	8	1	1	4	3
s653	2x4xkmd2de	0	81821033-653	8	1	1	4	4
s654	2x4xkmd2du	0	81821033-654	8	1	1	4	5
s655	2x4xkm4	0	81821033-655	8	1	1	5	0
s656	2x4xkm4db	0	81821033-656	8	1	1	5	1
s657	2x4xkm4di	0	81821033-657	8	1	1	5	2
s658	2x4xkm4da	0	81821033-658	8	1	1	5	3
s659	2x4xkm4de	0	81821033-659	8	1	1	5	4
s660	2x4xkm4du	0	81821033-660	8	1	1	5	5
s661	2x4xkmd4	0	81821033-661	8	1	1	6	0
s662	2x4xkmd4db	0	81821033-662	8	1	1	6	1
s663	2x4xkmd4di	0	81821033-663	8	1	1	6	2
s664	2x4xkmd4da	0	81821033-664	8	1	1	6	3
s665	2x4xkmd4de	0	81821033-665	8	1	1	6	4
s666	2x4xkmd4du	0	81821033-666	8	1	1	6	5
s667	2x4xkm8	0	81821033-667	8	1	1	7	0
s668	2x4xkm8db	0	81821033-668	8	1	1	7	1
s669	2x4xkm8di	0	81821033-669	8	1	1	7	2
s670	2x4xkm8da	0	81821033-670	8	1	1	7	3
s671	2x4xkm8de	0	81821033-671	8	1	1	7	4
s672	2x4xkm8du	0	81821033-672	8	1	1	7	5
s673	2x5a	1	81821033-673	10	0	0	0	0
s674	2x5adb	1	81821033-674	10	0	0	0	1
s675	2x5adi	1	81821033-675	10	0	0	0	2
s676	2x5ada	1	81821033-676	10	0	0	0	3
s677	2x5ade	1	81821033-677	10	0	0	0	4
s678	2x5adu	1	81821033-678	10	0	0	0	5
s679	2x5	1	81821033-679	10	0	0	1	0
s680	2x5db	1	81821033-680	10	0	0	1	1
s681	2x5di	1	81821033-681	10	0	0	1	2
s682	2x5da	1	81821033-682	10	0	0	1	3
s683	2x5de	1	81821033-683	10	0	0	1	4
s684	2x5du	1	81821033-684	10	0	0	1	5
s685	2x5r4	1	81821033-685	10	0	0	2	0
s686	2x5r4db	1	81821033-686	10	0	0	2	1
s687	2x5r4di	1	81821033-687	10	0	0	2	2
s688	2x5r4da	1	81821033-688	10	0	0	2	3
s689	2x5r4de	1	81821033-689	10	0	0	2	4
s690	2x5r4du	1	81821033-690	10	0	0	2	5
s691	2x5m2	1	81821033-691	10	0	0	3	0
s692	2x5m2db	1	81821033-692	10	0	0	3	1
s693	2x5m2di	1	81821033-693	10	0	0	3	2
s694	2x5m2da	1	81821033-694	10	0	0	3	3
s695	2x5m2de	1	81821033-695	10	0	0	3	4
s696	2x5m2du	1	81821033-696	10	0	0	3	5
s697	2x5md2	1	81821033-697	10	0	0	4	0
s698	2x5md2db	1	81821033-698	10	0	0	4	1
s699	2x5md2di	1	81821033-699	10	0	0	4	2
s700	2x5md2da	1	81821033-700	10	0	0	4	3
s701	2x5md2de	1	81821033-701	10	0	0	4	4
s702	2x5md2du	1	81821033-702	10	0	0	4	5
s703	2x5m4	1	81821033-703	10	0	0	5	0
s704	2x5m4db	1	81821033-704	10	0	0	5	1
s705	2x5m4di	1	81821033-705	10	0	0	5	2
s706	2x5m4da	1	81821033-706	10	0	0	5	3
s707	2x5m4de	1	81821033-707	10	0	0	5	4
s708	2x5m4du	1	81821033-708	10	0	0	5	5
s709	2x5md4	1	81821033-709	10	0	0	6	0
s710	2x5md4db	1	81821033-710	10	0	0	6	1
s711	2x5md4di	1	81821033-711	10	0	0	6	2
s712	2x5md4da	1	81821033-712	10	0	0	6	3
s713	2x5md4de	1	81821033-713	10	0	0	6	4
s714	2x5md4du	1	81821033-714	10	0	0	6	5
s715	2x5m8	1	81821033-715	10	0	0	7	0
s716	2x5m8db	1	81821033-716	10	0	0	7	1
s717	2x5m8di	1	81821033-717	10	0	0	7	2
s718	2x5m8da	1	81821033-718	10	0	0	7	3
s719	2x5m8de	1	81821033-719	10	0	0	7	4
s720	2x5m8du	1	81821033-720	10	0	0	7	5
s721	2x5xa	1	81821033-721	10	1	0	0	0
s722	2x5xadb	1	81821033-722	10	1	0	0	1
s723	2x5xadi	1	81821033-723	10	1	0	0	2
s724	2x5xada	1	81821033-724	10	1	0	0	3
s725	2x5xade	1	81821033-725	10	1	0	0	4
s726	2x5xadu	1	81821033-726	10	1	0	0	5
s727	2x5x	1	81821033-727	10	1	0	1	0
s728	2x5xdb	1	81821033-728	10	1	0	1	1
s729	2x5xdi	1	81821033-729	10	1	0	1	2
s730	2x5xda	1	81821033-730	10	1	0	1	3
s731	2x5xde	1	81821033-731	10	1	0	1	4
s732	2x5xdu	1	81821033-732	10	1	0	1	5
s733	2x5xr4	1	81821033-733	10	1	0	2	0
s734	2x5xr4db	1	81821033-734	10	1	0	2	1
s735	2x5xr4di	1	81821033-735	10	1	0	2	2
s736	2x5xr4da	1	81821033-736	10	1	0	2	3
s737	2x5xr4de	1	81821033-737	10	1	0	2	4
s738	2x5xr4du	1	81821033-738	10	1	0	2	5
s739	2x5xm2	1	81821033-739	10	1	0	3	0
s740	2x5xm2db	1	81821033-740	10	1	0	3	1
s741	2x5xm2di	1	81821033-741	10	1	0	3	2
s742	2x5xm2da	1	81821033-742	10	1	0	3	3
s743	2x5xm2de	1	81821033-743	10	1	0	3	4
s744	2x5xm2du	1	81821033-744	10	1	0	3	5
s745	2x5xmd2	1	81821033-745	10	1	0	4	0
s746	2x5xmd2db	1	81821033-746	10	1	0	4	1
s747	2x5xmd2di	1	81821033-747	10	1	0	4	2
s748	2x5xmd2da	1	81821033-748	10	1	0	4	3
s749	2x5xmd2de	1	81821033-749	10	1	0	4	4
s750	2x5xmd2du	1	81821033-750	10	1	0	4	5
s751	2x5xm4	1	81821033-751	10	1	0	5	0
s752	2x5xm4db	1	81821033-752	10	1	0	5	1
s753	2x5xm4di	1	81821033-753	10	1	0	5	2
s754	2x5xm4da	1	81821033-754	10	1	0	5	3
s755	2x5xm4de	1	81821033-755	10	1	0	5	4
s756	2x5xm4du	1	81821033-756	10	1	0	5	5
s757	2x5xmd4	1	81821033-757	10	1	0	6	0
s758	2x5xmd4db	1	81821033-758	10	1	0	6	1
s759	2x5xmd4di	1	81821033-759	10	1	0	6	2
s760	2x5xmd4da	1	81821033-760	10	1	0	6	3
s761	2x5xmd4de	1	81821033-761	10	1	0	6	4
s762	2x5xmd4du	1	81821033-762	10	1	0	6	5
s763	2x5xm8	1	81821033-763	10	1	0	7	0
s764	2x5xm8db	1	81821033-764	10	1	0	7	1
s765	2x5xm8di	1	81821033-765	10	1	0	7	2
s766	2x5xm8da	1	81821033-766	10	1	0	7	3
s767	2x5xm8de	1	81821033-767	10	1	0	7	4
s768	2x5xm8du	1	81821033-768	10	1	0	7	5
s769	2x6a	1	81821033-769	12	0	0	0	0
s770	2x6adb	1	81821033-770	12	0	0	0	1
s771	2x6adi	1	81821033-771	12	0	0	0	2
s772	2x6ada	1	81821033-772	12	0	0	0	3
s773	2x6ade	1	81821033-773	12	0	0	0	4
s774	2x6adu	1	81821033-774	12	0	0	0	5
s775	2x6	1	81821033-775	12	0	0	1	0
s776	2x6db	1	81821033-776	12	0	0	1	1
s777	2x6di	1	81821033-777	12	0	0	1	2
s778	2x6da	1	81821033-778	12	0	0	1	3
s779	2x6de	1	81821033-779	12	0	0	1	4
s780	2x6du	1	81821033-780	12	0	0	1	5
s781	2x6r4	1	81821033-781	12	0	0	2	0
s782	2x6r4db	1	81821033-782	12	0	0	2	1
s783	2x6r4di	1	81821033-783	12	0	0	2	2
s784	2x6r4da	1	81821033-784	12	0	0	2	3
s785	2x6r4de	1	81821033-785	12	0	0	2	4
s786	2x6r4du	1	81821033-786	12	0	0	2	5
s787	2x6m2	1	81821033-787	12	0	0	3	0
s788	2x6m2db	1	81821033-788	12	0	0	3	1
s789	2x6m2di	1	81821033-789	12	0	0	3	2
s790	2x6m2da	1	81821033-790	12	0	0	3	3
s791	2x6m2de	1	81821033-791	12	0	0	3	4
s792	2x6m2du	1	81821033-792	12	0	0	3	5
s793	2x6md2	1	81821033-793	12	0	0	4	0
s794	2x6md2db	1	81821033-794	12	0	0	4	1
s795	2x6md2di	1	81821033-795	12	0	0	4	2
s796	2x6md2da	1	81821033-796	12	0	0	4	3
s797	2x6md2de	1	81821033-797	12	0	0	4	4
s798	2x6md2du	1	81821033-798	12	0	0	4	5
s799	2x6m4	1	81821033-799	12	0	0	5	0
s800	2x6m4db	1	81821033-800	12	0	0	5	1
s801	2x6m4di	1	81821033-801	12	0	0	5	2
s802	2x6m4da	1	81821033-802	12	0	0	5	3
s803	2x6m4de	1	81821033-803	12	0	0	5	4
s804	2x6m4du	1	81821033-804	12	0	0	5	5
s805	2x6md4	1	81821033-805	12	0	0	6	0
s806	2x6md4db	1	81821033-806	12	0	0	6	1
s807	2x6md4di	1	81821033-807	12	0	0	6	2
s808	2x6md4da	1	81821033-808	12	0	0	6	3
s809	2x6md4de	1	81821033-809	12	0	0	6	4
s810	2x6md4du	1	81821033-810	12	0	0	6	5
s811	2x6m8	1	81821033-811	12	0	0	7	0
s812	2x6m8db	1	81821033-812	12	0	0	7	1
s813	2x6m8di	1	81821033-813	12	0	0	7	2
s814	2x6m8da	1	81821033-814	12	0	0	7	3
s815	2x6m8de	1	81821033-815	12	0	0	7	4
s816	2x6m8du	1	81821033-816	12	0	0	7	5
s817	2x6xa	1	81821033-817	12	1	0	0	0
s818	2x6xadb	1	81821033-818	12	1	0	0	1
s819	2x6xadi	1	81821033-819	12	1	0	0	2
s820	2x6xada	1	81821033-820	12	1	0	0	3
s821	2x6xade	1	81821033-821	12	1	0	0	4
s822	2x6xadu	1	81821033-822	12	1	0	0	5
s823	2x6x	1	81821033-823	12	1	0	1	0
s824	2x6xdb	1	81821033-824	12	1	0	1	1
s825	2x6xdi	1	81821033-825	12	1	0	1	2
s826	2x6xda	1	81821033-826	12	1	0	1	3
s827	2x6xde	1	81821033-827	12	1	0	1	4
s828	2x6xdu	1	81821033-828	12	1	0	1	5
s829	2x6xr4	1	81821033-829	12	1	0	2	0
s830	2x6xr4db	1	81821033-830	12	1	0	2	1
s831	2x6xr4di	1	81821033-831	12	1	0	2	2
s832	2x6xr4da	1	81821033-832	12	1	0	2	3
s833	2x6xr4de	1	81821033-833	12	1	0	2	4
s834	2x6xr4du	1	81821033-834	12	1	0	2	5
s835	2x6xm2	1	81821033-835	12	1	0	3	0
s836	2x6xm2db	1	81821033-836	12	1	0	3	1
s837	2x6xm2di	1	81821033-837	12	1	0	3	2
s838	2x6xm2da	1	81821033-838	12	1	0	3	3
s839	2x6xm2de	1	81821033-839	12	1	0	3	4
s840	2x6xm2du	1	81821033-840	12	1	0	3	5
s841	2x6xmd2	1	81821033-841	12	1	0	4	0
s842	2x6xmd2db	1	81821033-842	12	1	0	4	1
s843	2x6xmd2di	1	81821033-843	12	1	0	4	2
s844	2x6xmd2da	1	81821033-844	12	1	0	4	3
s845	2x6xmd2de	1	81821033-845	12	1	0	4	4
s846	2x6xmd2du	1	81821033-846	12	1	0	4	5
s847	2x6xm4	1	81821033-847	12	1	0	5	0
s848	2x6xm4db	1	81821033-848	12	1	0	5	1
s849	2x6xm4di	1	81821033-849	12	1	0	5	2
s850	2x6xm4da	1	81821033-850	12	1	0	5	3
s851	2x6xm4de	1	81821033-851	12	1	0	5	4
s852	2x6xm4du	1	81821033-852	12	1	0	5	5
s853	2x6xmd4	1	81821033-853	12	1	0	6	0
s854	2x6xmd4db	1	81821033-854	12	1	0	6	1
s855	2x6xmd4di	1	81821033-855	12	1	0	6	2
s856	2x6xmd4da	1	81821033-856	12	1	0	6	3
s857	2x6xmd4de	1	81821033-857	12	1	0	6	4
s858	2x6xmd4du	1	81821033-858	12	1	0	6	5
s859	2x6xm8	1	81821033-859	12	1	0	7	0
s860	2x6xm8db	1	81821033-860	12	1	0	7	1
s861	2x6xm8di	1	81821033-861	12	1	0	7	2
s862	2x6xm8da	1	81821033-862	12	1	0	7	3
s863	2x6xm8de	1	81821033-863	12	1	0	7	4
s864	2x6xm8du	1	81821033-864	12	1	0	7	5
s865	2x7a	1	81821033-865	14	0	0	0	0
s866	2x7adb	1	81821033-866	14	0	0	0	1
s867	2x7adi	1	81821033-867	14	0	0	0	2
s868	2x7ada	1	81821033-868	14	0	0	0	3
s869	2x7ade	1	81821033-869	14	0	0	0	4
s870	2x7adu	1	81821033-870	14	0	0	0	5
s871	2x7	1	81821033-871	14	0	0	1	0
s872	2x7db	1	81821033-872	14	0	0	1	1
s873	2x7di	1	81821033-873	14	0	0	1	2
s874	2x7da	1	81821033-874	14	0	0	1	3
s875	2x7de	1	81821033-875	14	0	0	1	4
s876	2x7du	1	81821033-876	14	0	0	1	5
s877	2x7r4	1	81821033-877	14	0	0	2	0
s878	2x7r4db	1	81821033-878	14	0	0	2	1
s879	2x7r4di	1	81821033-879	14	0	0	2	2
s880	2x7r4da	1	81821033-880	14	0	0	2	3
s881	2x7r4de	1	81821033-881	14	0	0	2	4
s882	2x7r4du	1	81821033-882	14	0	0	2	5
s883	2x7m2	1	81821033-883	14	0	0	3	0
s884	2x7m2db	1	81821033-884	14	0	0	3	1
s885	2x7m2di	1	81821033-885	14	0	0	3	2
s886	2x7m2da	1	81821033-886	14	0	0	3	3
s887	2x7m2de	1	81821033-887	14	0	0	3	4
s888	2x7m2du	1	81821033-888	14	0	0	3	5
s889	2x7md2	1	81821033-889	14	0	0	4	0
s890	2x7md2db	1	81821033-890	14	0	0	4	1
s891	2x7md2di	1	81821033-891	14	0	0	4	2
s892	2x7md2da	1	81821033-892	14	0	0	4	3
s893	2x7md2de	1	81821033-893	14	0	0	4	4
s894	2x7md2du	1	81821033-894	14	0	0	4	5
s895	2x7m4	1	81821033-895	14	0	0	5	0
s896	2x7m4db	1	81821033-896	14	0	0	5	1
s897	2x7m4di	1	81821033-897	14	0	0	5	2
s898	2x7m4da	1	81821033-898	14	0	0	5	3
s899	2x7m4de	1	81821033-899	14	0	0	5	4
s900	2x7m4du	1	81821033-900	14	0	0	5	5
s901	2x7md4	1	81821033-901	14	0	0	6	0
s902	2x7md4db	1	81821033-902	14	0	0	6	1
s903	2x7md4di	1	81821033-903	14	0	0	6	2
s904	2x7md4da	1	81821033-904	14	0	0	6	3
s905	2x7md4de	1	81821033-905	14	0	0	6	4
s906	2x7md4du	1	81821033-906	14	0	0	6	5
s907	2x7m8	1	81821033-907	14	0	0	7	0
s908	2x7m8db	1	81821033-908	14	0	0	7	1
s909	2x7m8di	1	81821033-909	14	0	0	7	2
s910	2x7m8da	1	81821033-910	14	0	0	7	3
s911	2x7m8de	1	81821033-911	14	0	0	7	4
s912	2x7m8du	1	81821033-912	14	0	0	7	5
s913	2x7xa	1	81821033-913	14	1	0	0	0
s914	2x7xadb	1	81821033-914	14	1	0	0	1
s915	2x7xadi	1	81821033-915	14	1	0	0	2
s916	2x7xada	1	81821033-916	14	1	0	0	3
s917	2x7xade	1	81821033-917	14	1	0	0	4
s918	2x7xadu	1	81821033-918	14	1	0	0	5
s919	2x7x	1	81821033-919	14	1	0	1	0
s920	2x7xdb	1	81821033-920	14	1	0	1	1
s921	2x7xdi	1	81821033-921	14	1	0	1	2
s922	2x7xda	1	81821033-922	14	1	0	1	3
s923	2x7xde	1	81821033-923	14	1	0	1	4
s924	2x7xdu	1	81821033-924	14	1	0	1	5
s925	2x7xr4	1	81821033-925	14	1	0	2	0
s926	2x7xr4db	1	81821033-926	14	1	0	2	1
s927	2x7xr4di	1	81821033-927	14	1	0	2	2
s928	2x7xr4da	1	81821033-928	14	1	0	2	3
s929	2x7xr4de	1	81821033-929	14	1	0	2	4
s930	2x7xr4du	1	81821033-930	14	1	0	2	5
s931	2x7xm2	1	81821033-931	14	1	0	3	0
s932	2x7xm2db	1	81821033-932	14	1	0	3	1
s933	2x7xm2di	1	81821033-933	14	1	0	3	2
s934	2x7xm2da	1	81821033-934	14	1	0	3	3
s935	2x7xm2de	1	81821033-935	14	1	0	3	4
s936	2x7xm2du	1	81821033-936	14	1	0	3	5
s937	2x7xmd2	1	81821033-937	14	1	0	4	0
s938	2x7xmd2db	1	81821033-938	14	1	0	4	1
s939	2x7xmd2di	1	81821033-939	14	1	0	4	2
s940	2x7xmd2da	1	81821033-940	14	1	0	4	3
s941	2x7xmd2de	1	81821033-941	14	1	0	4	4
s942	2x7xmd2du	1	81821033-942	14	1	0	4	5
s943	2x7xm4	1	81821033-943	14	1	0	5	0
s944	2x7xm4db	1	81821033-944	14	1	0	5	1
s945	2x7xm4di	1	81821033-945	14	1	0	5	2
s946	2x7xm4da	1	81821033-946	14	1	0	5	3
s947	2x7xm4de	1	81821033-947	14	1	0	5	4
s948	2x7xm4du	1	81821033-948	14	1	0	5	5
s949	2x7xmd4	1	81821033-949	14	1	0	6	0
s950	2x7xmd4db	1	81821033-950	14	1	0	6	1
s951	2x7xmd4di	1	81821033-951	14	1	0	6	2
s952	2x7xmd4da	1	81821033-952	14	1	0	6	3
s953	2x7xmd4de	1	81821033-953	14	1	0	6	4
s954	2x7xmd4du	1	81821033-954	14	1	0	6	5
s955	2x7xm8	1	81821033-955	14	1	0	7	0
s956	2x7xm8db	1	81821033-956	14	1	0	7	1
s957	2x7xm8di	1	81821033-957	14	1	0	7	2
s958	2x7xm8da	1	81821033-958	14	1	0	7	3
s959	2x7xm8de	1	81821033-959	14	1	0	7	4
s960	2x7xm8du	1	81821033-960	14	1	0	7	5
s961	2x8a	1	81821033-961	16	0	0	0	0
s962	2x8adb	1	81821033-962	16	0	0	0	1
s963	2x8adi	1	81821033-963	16	0	0	0	2
s964	2x8ada	1	81821033-964	16	0	0	0	3
s965	2x8ade	1	81821033-965	16	0	0	0	4
s966	2x8adu	1	81821033-966	16	0	0	0	5
s967	2x8	1	81821033-967	16	0	0	1	0
s968	2x8db	1	81821033-968	16	0	0	1	1
s969	2x8di	1	81821033-969	16	0	0	1	2
s970	2x8da	1	81821033-970	16	0	0	1	3
s971	2x8de	1	81821033-971	16	0	0	1	4
s972	2x8du	1	81821033-972	16	0	0	1	5
s973	2x8r4	1	81821033-973	16	0	0	2	0
s974	2x8r4db	1	81821033-974	16	0	0	2	1
s975	2x8r4di	1	81821033-975	16	0	0	2	2
s976	2x8r4da	1	81821033-976	16	0	0	2	3
s977	2x8r4de	1	81821033-977	16	0	0	2	4
s978	2x8r4du	1	81821033-978	16	0	0	2	5
s979	2x8m2	1	81821033-979	16	0	0	3	0
s980	2x8m2db	1	81821033-980	16	0	0	3	1
s981	2x8m2di	1	81821033-981	16	0	0	3	2
s982	2x8m2da	1	81821033-982	16	0	0	3	3
s983	2x8m2de	1	81821033-983	16	0	0	3	4
s984	2x8m2du	1	81821033-984	16	0	0	3	5
s985	2x8md2	1	81821033-985	16	0	0	4	0
s986	2x8md2db	1	81821033-986	16	0	0	4	1
s987	2x8md2di	1	81821033-987	16	0	0	4	2
s988	2x8md2da	1	81821033-988	16	0	0	4	3
s989	2x8md2de	1	81821033-989	16	0	0	4	4
s990	2x8md2du	1	81821033-990	16	0	0	4	5
s991	2x8m4	1	81821033-991	16	0	0	5	0
s992	2x8m4db	1	81821033-992	16	0	0	5	1
s993	2x8m4di	1	81821033-993	16	0	0	5	2
s994	2x8m4da	1	81821033-994	16	0	0	5	3
s995	2x8m4de	1	81821033-995	16	0	0	5	4
s996	2x8m4du	1	81821033-996	16	0	0	5	5
s997	2x8md4	1	81821033-997	16	0	0	6	0
s998	2x8md4db	1	81821033-998	16	0	0	6	1
s999	2x8md4di	1	81821033-999	16	0	0	6	2
s1000	2x8md4da	1	81821033-1000	16	0	0	6	3
s1001	2x8md4de	1	81821033-1001	16	0	0	6	4
s1002	2x8md4du	1	81821033-1002	16	0	0	6	5
s1003	2x8m8	1	81821033-1003	16	0	0	7	0
s1004	2x8m8db	1	81821033-1004	16	0	0	7	1
s1005	2x8m8di	1	81821033-1005	16	0	0	7	2
s1006	2x8m8da	1	81821033-1006	16	0	0	7	3
s1007	2x8m8de	1	81821033-1007	16	0	0	7	4
s1008	2x8m8du	1	81821033-1008	16	0	0	7	5
s1009	2x8xa	1	81821033-1009	16	1	0	0	0
s1010	2x8xadb	1	81821033-1010	16	1	0	0	1
s1011	2x8xadi	1	81821033-1011	16	1	0	0	2
s1012	2x8xada	1	81821033-1012	16	1	0	0	3
s1013	2x8xade	1	81821033-1013	16	1	0	0	4
s1014	2x8xadu	1	81821033-1014	16	1	0	0	5
s1015	2x8x	1	81821033-1015	16	1	0	1	0
s1016	2x8xdb	1	81821033-1016	16	1	0	1	1
s1017	2x8xdi	1	81821033-1017	16	1	0	1	2
s1018	2x8xda	1	81821033-1018	16	1	0	1	3
s1019	2x8xde	1	81821033-1019	16	1	0	1	4
s1020	2x8xdu	1	81821033-1020	16	1	0	1	5
s1021	2x8xr4	1	81821033-1021	16	1	0	2	0
s1022	2x8xr4db	1	81821033-1022	16	1	0	2	1
s1023	2x8xr4di	1	81821033-1023	16	1	0	2	2
s1024	2x8xr4da	1	81821033-1024	16	1	0	2	3
s1025	2x8xr4de	1	81821033-1025	16	1	0	2	4
s1026	2x8xr4du	1	81821033-1026	16	1	0	2	5
s1027	2x8xm2	1	81821033-1027	16	1	0	3	0
s1028	2x8xm2db	1	81821033-1028	16	1	0	3	1
s1029	2x8xm2di	1	81821033-1029	16	1	0	3	2
s1030	2x8xm2da	1	81821033-1030	16	1	0	3	3
s1031	2x8xm2de	1	81821033-1031	16	1	0	3	4
s1032	2x8xm2du	1	81821033-1032	16	1	0	3	5
s1033	2x8xmd2	1	81821033-1033	16	1	0	4	0
s1034	2x8xmd2db	1	81821033-1034	16	1	0	4	1
s1035	2x8xmd2di	1	81821033-1035	16	1	0	4	2
s1036	2x8xmd2da	1	81821033-1036	16	1	0	4	3
s1037	2x8xmd2de	1	81821033-1037	16	1	0	4	4
s1038	2x8xmd2du	1	81821033-1038	16	1	0	4	5
s1039	2x8xm4	1	81821033-1039	16	1	0	5	0
s1040	2x8xm4db	1	81821033-1040	16	1	0	5	1
s1041	2x8xm4di	1	81821033-1041	16	1	0	5	2
s1042	2x8xm4da	1	81821033-1042	16	1	0	5	3
s1043	2x8xm4de	1	81821033-1043	16	1	0	5	4
s1044	2x8xm4du	1	81821033-1044	16	1	0	5	5
s1045	2x8xmd4	1	81821033-1045	16	1	0	6	0
s1046	2x8xmd4db	1	81821033-1046	16	1	0	6	1
s1047	2x8xmd4di	1	81821033-1047	16	1	0	6	2
s1048	2x8xmd4da	1	81821033-1048	16	1	0	6	3
s1049	2x8xmd4de	1	81821033-1049	16	1	0	6	4
s1050	2x8xmd4du	1	81821033-1050	16	1	0	6	5
s1051	2x8xm8	1	81821033-1051	16	1	0	7	0
s1052	2x8xm8db	1	81821033-1052	16	1	0	7	1
s1053	2x8xm8di	1	81821033-1053	16	1	0	7	2
s1054	2x8xm8da	1	81821033-1054	16	1	0	7	3
s1055	2x8xm8de	1	81821033-1055	16	1	0	7	4
s1056	2x8xm8du	1	81821033-1056	16	1	0	7	5
s1057	2x9a	1	81821033-1057	18	0	0	0	0
s1058	2x9adb	1	81821033-1058	18	0	0	0	1
s1059	2x9adi	1	81821033-1059	18	0	0	0	2
s1060	2x9ada	1	81821033-1060	18	0	0	0	3
s1061	2x9ade	0	81821033-1061	18	0	0	0	4
s1062	2x9adu	0	81821033-1062	18	0	0	0	5
s1063	2x9	1	81821033-1063	18	0	0	1	0
s1064	2x9db	1	81821033-1064	18	0	0	1	1
s1065	2x9di	1	81821033-1065	18	0	0	1	2
s1066	2x9da	1	81821033-1066	18	0	0	1	3
s1067	2x9de	0	81821033-1067	18	0	0	1	4
s1068	2x9du	0	81821033-1068	18	0	0	1	5
s1069	2x9r4	1	81821033-1069	18	0	0	2	0
s1070	2x9r4db	1	81821033-1070	18	0	0	2	1
s1071	2x9r4di	1	81821033-1071	18	0	0	2	2
s1072	2x9r4da	1	81821033-1072	18	0	0	2	3
s1073	2x9r4de	0	81821033-1073	18	0	0	2	4
s1074	2x9r4du	0	81821033-1074	18	0	0	2	5
s1075	2x9m2	1	81821033-1075	18	0	0	3	0
s1076	2x9m2db	1	81821033-1076	18	0	0	3	1
s1077	2x9m2di	1	81821033-1077	18	0	0	3	2
s1078	2x9m2da	1	81821033-1078	18	0	0	3	3
s1079	2x9m2de	0	81821033-1079	18	0	0	3	4
s1080	2x9m2du	0	81821033-1080	18	0	0	3	5
s1081	2x9md2	1	81821033-1081	18	0	0	4	0
s1082	2x9md2db	1	81821033-1082	18	0	0	4	1
s1083	2x9md2di	1	81821033-1083	18	0	0	4	2
s1084	2x9md2da	1	81821033-1084	18	0	0	4	3
s1085	2x9md2de	0	81821033-1085	18	0	0	4	4
s1086	2x9md2du	0	81821033-1086	18	0	0	4	5
s1087	2x9m4	1	81821033-1087	18	0	0	5	0
s1088	2x9m4db	1	81821033-1088	18	0	0	5	1
s1089	2x9m4di	1	81821033-1089	18	0	0	5	2
s1090	2x9m4da	1	81821033-1090	18	0	0	5	3
s1091	2x9m4de	0	81821033-1091	18	0	0	5	4
s1092	2x9m4du	0	81821033-1092	18	0	0	5	5
s1093	2x9md4	1	81821033-1093	18	0	0	6	0
s1094	2x9md4db	1	81821033-1094	18	0	0	6	1
s1095	2x9md4di	1	81821033-1095	18	0	0	6	2
s1096	2x9md4da	1	81821033-1096	18	0	0	6	3
s1097	2x9md4de	0	81821033-1097	18	0	0	6	4
s1098	2x9md4du	0	81821033-1098	18	0	0	6	5
s1099	2x9m8	1	81821033-1099	18	0	0	7	0
s1100	2x9m8db	1	81821033-1100	18	0	0	7	1
s1101	2x9m8di	1	81821033-1101	18	0	0	7	2
s1102	2x9m8da	1	81821033-1102	18	0	0	7	3
s1103	2x9m8de	0	81821033-1103	18	0	0	7	4
s1104	2x9m8du	0	81821033-1104	18	0	0	7	5
s1105	2x9xa	1	81821033-1105	18	1	0	0	0
s1106	2x9xadb	1	81821033-1106	18	1	0	0	1
s1107	2x9xadi	1	81821033-1107	18	1	0	0	2
s1108	2x9xada	1	81821033-1108	18	1	0	0	3
s1109	2x9xade	0	81821033-1109	18	1	0	0	4
s1110	2x9xadu	0	81821033-1110	18	1	0	0	5
s1111	2x9x	1	81821033-1111	18	1	0	1	0
s1112	2x9xdb	1	81821033-1112	18	1	0	1	1
s1113	2x9xdi	1	81821033-1113	18	1	0	1	2
s1114	2x9xda	1	81821033-1114	18	1	0	1	3
s1115	2x9xde	0	81821033-1115	18	1	0	1	4
s1116	2x9xdu	0	81821033-1116	18	1	0	1	5
s1117	2x9xr4	1	81821033-1117	18	1	0	2	0
s1118	2x9xr4db	1	81821033-1118	18	1	0	2	1
s1119	2x9xr4di	1	81821033-1119	18	1	0	2	2
s1120	2x9xr4da	1	81821033-1120	18	1	0	2	3
s1121	2x9xr4de	0	81821033-1121	18	1	0	2	4
s1122	2x9xr4du	0	81821033-1122	18	1	0	2	5
s1123	2x9xm2	1	81821033-1123	18	1	0	3	0
s1124	2x9xm2db	1	81821033-1124	18	1	0	3	1
s1125	2x9xm2di	1	81821033-1125	18	1	0	3	2
s1126	2x9xm2da	1	81821033-1126	18	1	0	3	3
s1127	2x9xm2de	0	81821033-1127	18	1	0	3	4
s1128	2x9xm2du	0	81821033-1128	18	1	0	3	5
s1129	2x9xmd2	1	81821033-1129	18	1	0	4	0
s1130	2x9xmd2db	1	81821033-1130	18	1	0	4	1
s1131	2x9xmd2di	1	81821033-1131	18	1	0	4	2
s1132	2x9xmd2da	1	81821033-1132	18	1	0	4	3
s1133	2x9xmd2de	0	81821033-1133	18	1	0	4	4
s1134	2x9xmd2du	0	81821033-1134	18	1	0	4	5
s1135	2x9xm4	1	81821033-1135	18	1	0	5	0
s1136	2x9xm4db	1	81821033-1136	18	1	0	5	1
s1137	2x9xm4di	1	81821033-1137	18	1	0	5	2
s1138	2x9xm4da	1	81821033-1138	18	1	0	5	3
s1139	2x9xm4de	0	81821033-1139	18	1	0	5	4
s1140	2x9xm4du	0	81821033-1140	18	1	0	5	5
s1141	2x9xmd4	1	81821033-1141	18	1	0	6	0
s1142	2x9xmd4db	1	81821033-1142	18	1	0	6	1
s1143	2x9xmd4di	1	81821033-1143	18	1	0	6	2
s1144	2x9xmd4da	1	81821033-1144	18	1	0	6	3
s1145	2x9xmd4de	0	81821033-1145	18	1	0	6	4
s1146	2x9xmd4du	0	81821033-1146	18	1	0	6	5
s1147	2x9xm8	1	81821033-1147	18	1	0	7	0
s1148	2x9xm8db	1	81821033-1148	18	1	0	7	1
s1149	2x9xm8di	1	81821033-1149	18	1	0	7	2
s1150	2x9xm8da	1	81821033-1150	18	1	0	7	3
s1151	2x9xm8de	0	81821033-1151	18	1	0	7	4
s1152	2x9xm8du	0	81821033-1152	18	1	0	7	5
s1153	2x10a	1	81821033-1153	20	0	0	0	0
s1154	2x10adb	1	81821033-1154	20	0	0	0	1
s1155	2x10adi	1	81821033-1155	20	0	0	0	2
s1156	2x10ada	1	81821033-1156	20	0	0	0	3
s1157	2x10ade	0	81821033-1157	20	0	0	0	4
s1158	2x10adu	0	81821033-1158	20	0	0	0	5
s1159	2x10	1	81821033-1159	20	0	0	1	0
s1160	2x10db	1	81821033-1160	20	0	0	1	1
s1161	2x10di	1	81821033-1161	20	0	0	1	2
s1162	2x10da	1	81821033-1162	20	0	0	1	3
s1163	2x10de	0	81821033-1163	20	0	0	1	4
s1164	2x10du	0	81821033-1164	20	0	0	1	5
s1165	2x10r4	1	81821033-1165	20	0	0	2	0
s1166	2x10r4db	1	81821033-1166	20	0	0	2	1
s1167	2x10r4di	1	81821033-1167	20	0	0	2	2
s1168	2x10r4da	1	81821033-1168	20	0	0	2	3
s1169	2x10r4de	0	81821033-1169	20	0	0	2	4
s1170	2x10r4du	0	81821033-1170	20	0	0	2	5
s1171	2x10m2	1	81821033-1171	20	0	0	3	0
s1172	2x10m2db	1	81821033-1172	20	0	0	3	1
s1173	2x10m2di	1	81821033-1173	20	0	0	3	2
s1174	2x10m2da	1	81821033-1174	20	0	0	3	3
s1175	2x10m2de	0	81821033-1175	20	0	0	3	4
s1176	2x10m2du	0	81821033-1176	20	0	0	3	5
s1177	2x10md2	1	81821033-1177	20	0	0	4	0
s1178	2x10md2db	1	81821033-1178	20	0	0	4	1
s1179	2x10md2di	1	81821033-1179	20	0	0	4	2
s1180	2x10md2da	1	81821033-1180	20	0	0	4	3
s1181	2x10md2de	0	81821033-1181	20	0	0	4	4
s1182	2x10md2du	0	81821033-1182	20	0	0	4	5
s1183	2x10m4	1	81821033-1183	20	0	0	5	0
s1184	2x10m4db	1	81821033-1184	20	0	0	5	1
s1185	2x10m4di	1	81821033-1185	20	0	0	5	2
s1186	2x10m4da	1	81821033-1186	20	0	0	5	3
s1187	2x10m4de	0	81821033-1187	20	0	0	5	4
s1188	2x10m4du	0	81821033-1188	20	0	0	5	5
s1189	2x10md4	1	81821033-1189	20	0	0	6	0
s1190	2x10md4db	1	81821033-1190	20	0	0	6	1
s1191	2x10md4di	1	81821033-1191	20	0	0	6	2
s1192	2x10md4da	1	81821033-1192	20	0	0	6	3
s1193	2x10md4de	0	81821033-1193	20	0	0	6	4
s1194	2x10md4du	0	81821033-1194	20	0	0	6	5
s1195	2x10m8	1	81821033-1195	20	0	0	7	0
s1196	2x10m8db	1	81821033-1196	20	0	0	7	1
s1197	2x10m8di	1	81821033-1197	20	0	0	7	2
s1198	2x10m8da	1	81821033-1198	20	0	0	7	3
s1199	2x10m8de	0	81821033-1199	20	0	0	7	4
s1200	2x10m8du	0	81821033-1200	20	0	0	7	5
s1201	2x10xa	1	81821033-1201	20	1	0	0	0
s1202	2x10xadb	1	81821033-1202	20	1	0	0	1
s1203	2x10xadi	1	81821033-1203	20	1	0	0	2
s1204	2x10xada	1	81821033-1204	20	1	0	0	3
s1205	2x10xade	0	81821033-1205	20	1	0	0	4
s1206	2x10xadu	0	81821033-1206	20	1	0	0	5
s1207	2x10x	1	81821033-1207	20	1	0	1	0
s1208	2x10xdb	1	81821033-1208	20	1	0	1	1
s1209	2x10xdi	1	81821033-1209	20	1	0	1	2
s1210	2x10xda	1	81821033-1210	20	1	0	1	3
s1211	2x10xde	0	81821033-1211	20	1	0	1	4
s1212	2x10xdu	0	81821033-1212	20	1	0	1	5
s1213	2x10xr4	1	81821033-1213	20	1	0	2	0
s1214	2x10xr4db	1	81821033-1214	20	1	0	2	1
s1215	2x10xr4di	1	81821033-1215	20	1	0	2	2
s1216	2x10xr4da	1	81821033-1216	20	1	0	2	3
s1217	2x10xr4de	0	81821033-1217	20	1	0	2	4
s1218	2x10xr4du	0	81821033-1218	20	1	0	2	5
s1219	2x10xm2	1	81821033-1219	20	1	0	3	0
s1220	2x10xm2db	1	81821033-1220	20	1	0	3	1
s1221	2x10xm2di	1	81821033-1221	20	1	0	3	2
s1222	2x10xm2da	1	81821033-1222	20	1	0	3	3
s1223	2x10xm2de	0	81821033-1223	20	1	0	3	4
s1224	2x10xm2du	0	81821033-1224	20	1	0	3	5
s1225	2x10xmd2	1	81821033-1225	20	1	0	4	0
s1226	2x10xmd2db	1	81821033-1226	20	1	0	4	1
s1227	2x10xmd2di	1	81821033-1227	20	1	0	4	2
s1228	2x10xmd2da	1	81821033-1228	20	1	0	4	3
s1229	2x10xmd2de	0	81821033-1229	20	1	0	4	4
s1230	2x10xmd2du	0	81821033-1230	20	1	0	4	5
s1231	2x10xm4	1	81821033-1231	20	1	0	5	0
s1232	2x10xm4db	1	81821033-1232	20	1	0	5	1
s1233	2x10xm4di	1	81821033-1233	20	1	0	5	2
s1234	2x10xm4da	1	81821033-1234	20	1	0	5	3
s1235	2x10xm4de	0	81821033-1235	20	1	0	5	4
s1236	2x10xm4du	0	81821033-1236	20	1	0	5	5
s1237	2x10xmd4	1	81821033-1237	20	1	0	6	0
s1238	2x10xmd4db	1	81821033-1238	20	1	0	6	1
s1239	2x10xmd4di	1	81821033-1239	20	1	0	6	2
s1240	2x10xmd4da	1	81821033-1240	20	1	0	6	3
s1241	2x10xmd4de	0	81821033-1241	20	1	0	6	4
s1242	2x10xmd4du	0	81821033-1242	20	1	0	6	5
s1243	2x10xm8	1	81821033-1243	20	1	0	7	0
s1244	2x10xm8db	1	81821033-1244	20	1	0	7	1
s1245	2x10xm8di	1	81821033-1245	20	1	0	7	2
s1246	2x10xm8da	1	81821033-1246	20	1	0	7	3
s1247	2x10xm8de	0	81821033-1247	20	1	0	7	4
s1248	2x10xm8du	0	81821033-1248	20	1	0	7	5
s1249	2x11a	1	81821033-1249	22	0	0	0	0
s1250	2x11adb	1	81821033-1250	22	0	0	0	1
s1251	2x11adi	1	81821033-1251	22	0	0	0	2
s1252	2x11ada	1	81821033-1252	22	0	0	0	3
s1253	2x11ade	0	81821033-1253	22	0	0	0	4
s1254	2x11adu	0	81821033-1254	22	0	0	0	5
s1255	2x11	1	81821033-1255	22	0	0	1	0
s1256	2x11db	1	81821033-1256	22	0	0	1	1
s1257	2x11di	1	81821033-1257	22	0	0	1	2
s1258	2x11da	1	81821033-1258	22	0	0	1	3
s1259	2x11de	0	81821033-1259	22	0	0	1	4
s1260	2x11du	0	81821033-1260	22	0	0	1	5
s1261	2x11r4	1	81821033-1261	22	0	0	2	0
s1262	2x11r4db	1	81821033-1262	22	0	0	2	1
s1263	2x11r4di	1	81821033-1263	22	0	0	2	2
s1264	2x11r4da	1	81821033-1264	22	0	0	2	3
s1265	2x11r4de	0	81821033-1265	22	0	0	2	4
s1266	2x11r4du	0	81821033-1266	22	0	0	2	5
s1267	2x11m2	1	81821033-1267	22	0	0	3	0
s1268	2x11m2db	1	81821033-1268	22	0	0	3	1
s1269	2x11m2di	1	81821033-1269	22	0	0	3	2
s1270	2x11m2da	1	81821033-1270	22	0	0	3	3
s1271	2x11m2de	0	81821033-1271	22	0	0	3	4
s1272	2x11m2du	0	81821033-1272	22	0	0	3	5
s1273	2x11md2	1	81821033-1273	22	0	0	4	0
s1274	2x11md2db	1	81821033-1274	22	0	0	4	1
s1275	2x11md2di	1	81821033-1275	22	0	0	4	2
s1276	2x11md2da	1	81821033-1276	22	0	0	4	3
s1277	2x11md2de	0	81821033-1277	22	0	0	4	4
s1278	2x11md2du	0	81821033-1278	22	0	0	4	5
s1279	2x11m4	1	81821033-1279	22	0	0	5	0
s1280	2x11m4db	1	81821033-1280	22	0	0	5	1
s1281	2x11m4di	1	81821033-1281	22	0	0	5	2
s1282	2x11m4da	1	81821033-1282	22	0	0	5	3
s1283	2x11m4de	0	81821033-1283	22	0	0	5	4
s1284	2x11m4du	0	81821033-1284	22	0	0	5	5
s1285	2x11md4	1	81821033-1285	22	0	0	6	0
s1286	2x11md4db	1	81821033-1286	22	0	0	6	1
s1287	2x11md4di	1	81821033-1287	22	0	0	6	2
s1288	2x11md4da	1	81821033-1288	22	0	0	6	3
s1289	2x11md4de	0	81821033-1289	22	0	0	6	4
s1290	2x11md4du	0	81821033-1290	22	0	0	6	5
s1291	2x11m8	1	81821033-1291	22	0	0	7	0
s1292	2x11m8db	1	81821033-1292	22	0	0	7	1
s1293	2x11m8di	1	81821033-1293	22	0	0	7	2
s1294	2x11m8da	1	81821033-1294	22	0	0	7	3
s1295	2x11m8de	0	81821033-1295	22	0	0	7	4
s1296	2x11m8du	0	81821033-1296	22	0	0	7	5
s1297	2x11xa	1	81821033-1297	22	1	0	0	0
s1298	2x11xadb	1	81821033-1298	22	1	0	0	1
s1299	2x11xadi	1	81821033-1299	22	1	0	0	2
s1300	2x11xada	1	81821033-1300	22	1	0	0	3
s1301	2x11xade	0	81821033-1301	22	1	0	0	4
s1302	2x11xadu	0	81821033-1302	22	1	0	0	5
s1303	2x11x	1	81821033-1303	22	1	0	1	0
s1304	2x11xdb	1	81821033-1304	22	1	0	1	1
s1305	2x11xdi	1	81821033-1305	22	1	0	1	2
s1306	2x11xda	1	81821033-1306	22	1	0	1	3
s1307	2x11xde	0	81821033-1307	22	1	0	1	4
s1308	2x11xdu	0	81821033-1308	22	1	0	1	5
s1309	2x11xr4	1	81821033-1309	22	1	0	2	0
s1310	2x11xr4db	1	81821033-1310	22	1	0	2	1
s1311	2x11xr4di	1	81821033-1311	22	1	0	2	2
s1312	2x11xr4da	1	81821033-1312	22	1	0	2	3
s1313	2x11xr4de	0	81821033-1313	22	1	0	2	4
s1314	2x11xr4du	0	81821033-1314	22	1	0	2	5
s1315	2x11xm2	1	81821033-1315	22	1	0	3	0
s1316	2x11xm2db	1	81821033-1316	22	1	0	3	1
s1317	2x11xm2di	1	81821033-1317	22	1	0	3	2
s1318	2x11xm2da	1	81821033-1318	22	1	0	3	3
s1319	2x11xm2de	0	81821033-1319	22	1	0	3	4
s1320	2x11xm2du	0	81821033-1320	22	1	0	3	5
s1321	2x11xmd2	1	81821033-1321	22	1	0	4	0
s1322	2x11xmd2db	1	81821033-1322	22	1	0	4	1
s1323	2x11xmd2di	1	81821033-1323	22	1	0	4	2
s1324	2x11xmd2da	1	81821033-1324	22	1	0	4	3
s1325	2x11xmd2de	0	81821033-1325	22	1	0	4	4
s1326	2x11xmd2du	0	81821033-1326	22	1	0	4	5
s1327	2x11xm4	1	81821033-1327	22	1	0	5	0
s1328	2x11xm4db	1	81821033-1328	22	1	0	5	1
s1329	2x11xm4di	1	81821033-1329	22	1	0	5	2
s1330	2x11xm4da	1	81821033-1330	22	1	0	5	3
s1331	2x11xm4de	0	81821033-1331	22	1	0	5	4
s1332	2x11xm4du	0	81821033-1332	22	1	0	5	5
s1333	2x11xmd4	1	81821033-1333	22	1	0	6	0
s1334	2x11xmd4db	1	81821033-1334	22	1	0	6	1
s1335	2x11xmd4di	1	81821033-1335	22	1	0	6	2
s1336	2x11xmd4da	1	81821033-1336	22	1	0	6	3
s1337	2x11xmd4de	0	81821033-1337	22	1	0	6	4
s1338	2x11xmd4du	0	81821033-1338	22	1	0	6	5
s1339	2x11xm8	1	81821033-1339	22	1	0	7	0
s1340	2x11xm8db	1	81821033-1340	22	1	0	7	1
s1341	2x11xm8di	1	81821033-1341	22	1	0	7	2
s1342	2x11xm8da	1	81821033-1342	22	1	0	7	3
s1343	2x11xm8de	0	81821033-1343	22	1	0	7	4
s1344	2x11xm8du	0	81821033-1344	22	1	0	7	5
s1345	2x12a	1	81821033-1345	24	0	0	0	0
s1346	2x12adb	1	81821033-1346	24	0	0	0	1
s1347	2x12adi	1	81821033-1347	24	0	0	0	2
s1348	2x12ada	1	81821033-1348	24	0	0	0	3
s1349	2x12ade	0	81821033-1349	24	0	0	0	4
s1350	2x12adu	0	81821033-1350	24	0	0	0	5
s1351	2x12	1	81821033-1351	24	0	0	1	0
s1352	2x12db	1	81821033-1352	24	0	0	1	1
s1353	2x12di	1	81821033-1353	24	0	0	1	2
s1354	2x12da	1	81821033-1354	24	0	0	1	3
s1355	2x12de	0	81821033-1355	24	0	0	1	4
s1356	2x12du	0	81821033-1356	24	0	0	1	5
s1357	2x12r4	1	81821033-1357	24	0	0	2	0
s1358	2x12r4db	1	81821033-1358	24	0	0	2	1
s1359	2x12r4di	1	81821033-1359	24	0	0	2	2
s1360	2x12r4da	1	81821033-1360	24	0	0	2	3
s1361	2x12r4de	0	81821033-1361	24	0	0	2	4
s1362	2x12r4du	0	81821033-1362	24	0	0	2	5
s1363	2x12m2	1	81821033-1363	24	0	0	3	0
s1364	2x12m2db	1	81821033-1364	24	0	0	3	1
s1365	2x12m2di	1	81821033-1365	24	0	0	3	2
s1366	2x12m2da	1	81821033-1366	24	0	0	3	3
s1367	2x12m2de	0	81821033-1367	24	0	0	3	4
s1368	2x12m2du	0	81821033-1368	24	0	0	3	5
s1369	2x12md2	1	81821033-1369	24	0	0	4	0
s1370	2x12md2db	1	81821033-1370	24	0	0	4	1
s1371	2x12md2di	1	81821033-1371	24	0	0	4	2
s1372	2x12md2da	1	81821033-1372	24	0	0	4	3
s1373	2x12md2de	0	81821033-1373	24	0	0	4	4
s1374	2x12md2du	0	81821033-1374	24	0	0	4	5
s1375	2x12m4	1	81821033-1375	24	0	0	5	0
s1376	2x12m4db	1	81821033-1376	24	0	0	5	1
s1377	2x12m4di	1	81821033-1377	24	0	0	5	2
s1378	2x12m4da	1	81821033-1378	24	0	0	5	3
s1379	2x12m4de	0	81821033-1379	24	0	0	5	4
s1380	2x12m4du	0	81821033-1380	24	0	0	5	5
s1381	2x12md4	1	81821033-1381	24	0	0	6	0
s1382	2x12md4db	1	81821033-1382	24	0	0	6	1
s1383	2x12md4di	1	81821033-1383	24	0	0	6	2
s1384	2x12md4da	1	81821033-1384	24	0	0	6	3
s1385	2x12md4de	0	81821033-1385	24	0	0	6	4
s1386	2x12md4du	0	81821033-1386	24	0	0	6	5
s1387	2x12m8	1	81821033-1387	24	0	0	7	0
s1388	2x12m8db	1	81821033-1388	24	0	0	7	1
s1389	2x12m8di	1	81821033-1389	24	0	0	7	2
s1390	2x12m8da	1	81821033-1390	24	0	0	7	3
s1391	2x12m8de	0	81821033-1391	24	0	0	7	4
s1392	2x12m8du	0	81821033-1392	24	0	0	7	5
s1393	2x12xa	1	81821033-1393	24	1	0	0	0
s1394	2x12xadb	1	81821033-1394	24	1	0	0	1
s1395	2x12xadi	1	81821033-1395	24	1	0	0	2
s1396	2x12xada	1	81821033-1396	24	1	0	0	3
s1397	2x12xade	0	81821033-1397	24	1	0	0	4
s1398	2x12xadu	0	81821033-1398	24	1	0	0	5
s1399	2x12x	1	81821033-1399	24	1	0	1	0
s1400	2x12xdb	1	81821033-1400	24	1	0	1	1
s1401	2x12xdi	1	81821033-1401	24	1	0	1	2
s1402	2x12xda	1	81821033-1402	24	1	0	1	3
s1403	2x12xde	0	81821033-1403	24	1	0	1	4
s1404	2x12xdu	0	81821033-1404	24	1	0	1	5
s1405	2x12xr4	1	81821033-1405	24	1	0	2	0
s1406	2x12xr4db	1	81821033-1406	24	1	0	2	1
s1407	2x12xr4di	1	81821033-1407	24	1	0	2	2
s1408	2x12xr4da	1	81821033-1408	24	1	0	2	3
s1409	2x12xr4de	0	81821033-1409	24	1	0	2	4
s1410	2x12xr4du	0	81821033-1410	24	1	0	2	5
s1411	2x12xm2	1	81821033-1411	24	1	0	3	0
s1412	2x12xm2db	1	81821033-1412	24	1	0	3	1
s1413	2x12xm2di	1	81821033-1413	24	1	0	3	2
s1414	2x12xm2da	1	81821033-1414	24	1	0	3	3
s1415	2x12xm2de	0	81821033-1415	24	1	0	3	4
s1416	2x12xm2du	0	81821033-1416	24	1	0	3	5
s1417	2x12xmd2	1	81821033-1417	24	1	0	4	0
s1418	2x12xmd2db	1	81821033-1418	24	1	0	4	1
s1419	2x12xmd2di	1	81821033-1419	24	1	0	4	2
s1420	2x12xmd2da	1	81821033-1420	24	1	0	4	3
s1421	2x12xmd2de	0	81821033-1421	24	1	0	4	4
s1422	2x12xmd2du	0	81821033-1422	24	1	0	4	5
s1423	2x12xm4	1	81821033-1423	24	1	0	5	0
s1424	2x12xm4db	1	81821033-1424	24	1	0	5	1
s1425	2x12xm4di	1	81821033-1425	24	1	0	5	2
s1426	2x12xm4da	1	81821033-1426	24	1	0	5	3
s1427	2x12xm4de	0	81821033-1427	24	1	0	5	4
s1428	2x12xm4du	0	81821033-1428	24	1	0	5	5
s1429	2x12xmd4	1	81821033-1429	24	1	0	6	0
s1430	2x12xmd4db	1	81821033-1430	24	1	0	6	1
s1431	2x12xmd4di	1	81821033-1431	24	1	0	6	2
s1432	2x12xmd4da	1	81821033-1432	24	1	0	6	3
s1433	2x12xmd4de	0	81821033-1433	24	1	0	6	4
s1434	2x12xmd4du	0	81821033-1434	24	1	0	6	5
s1435	2x12xm8	1	81821033-1435	24	1	0	7	0
s1436	2x12xm8db	1	81821033-1436	24	1	0	7	1
s1437	2x12xm8di	1	81821033-1437	24	1	0	7	2
s1438	2x12xm8da	1	81821033-1438	24	1	0	7	3
s1439	2x12xm8de	0	81821033-1439	24	1	0	7	4
s1440	2x12xm8du	0	81821033-1440	24	1	0	7	5
s1441	2x13a	1	81821033-1441	26	0	0	0	0
s1442	2x13adb	1	81821033-1442	26	0	0	0	1
s1443	2x13adi	0	81821033-1443	26	0	0	0	2
s1444	2x13ada	0	81821033-1444	26	0	0	0	3
s1445	2x13ade	0	81821033-1445	26	0	0	0	4
s1446	2x13adu	0	81821033-1446	26	0	0	0	5
s1447	2x13	1	81821033-1447	26	0	0	1	0
s1448	2x13db	1	81821033-1448	26	0	0	1	1
s1449	2x13di	0	81821033-1449	26	0	0	1	2
s1450	2x13da	0	81821033-1450	26	0	0	1	3
s1451	2x13de	0	81821033-1451	26	0	0	1	4
s1452	2x13du	0	81821033-1452	26	0	0	1	5
s1453	2x13r4	1	81821033-1453	26	0	0	2	0
s1454	2x13r4db	1	81821033-1454	26	0	0	2	1
s1455	2x13r4di	0	81821033-1455	26	0	0	2	2
s1456	2x13r4da	0	81821033-1456	26	0	0	2	3
s1457	2x13r4de	0	81821033-1457	26	0	0	2	4
s1458	2x13r4du	0	81821033-1458	26	0	0	2	5
s1459	2x13m2	1	81821033-1459	26	0	0	3	0
s1460	2x13m2db	1	81821033-1460	26	0	0	3	1
s1461	2x13m2di	0	81821033-1461	26	0	0	3	2
s1462	2x13m2da	0	81821033-1462	26	0	0	3	3
s1463	2x13m2de	0	81821033-1463	26	0	0	3	4
s1464	2x13m2du	0	81821033-1464	26	0	0	3	5
s1465	2x13md2	1	81821033-1465	26	0	0	4	0
s1466	2x13md2db	1	81821033-1466	26	0	0	4	1
s1467	2x13md2di	0	81821033-1467	26	0	0	4	2
s1468	2x13md2da	0	81821033-1468	26	0	0	4	3
s1469	2x13md2de	0	81821033-1469	26	0	0	4	4
s1470	2x13md2du	0	81821033-1470	26	0	0	4	5
s1471	2x13m4	1	81821033-1471	26	0	0	5	0
s1472	2x13m4db	1	81821033-1472	26	0	0	5	1
s1473	2x13m4di	0	81821033-1473	26	0	0	5	2
s1474	2x13m4da	0	81821033-1474	26	0	0	5	3
s1475	2x13m4de	0	81821033-1475	26	0	0	5	4
s1476	2x13m4du	0	81821033-1476	26	0	0	5	5
s1477	2x13md4	1	81821033-1477	26	0	0	6	0
s1478	2x13md4db	1	81821033-1478	26	0	0	6	1
s1479	2x13md4di	0	81821033-1479	26	0	0	6	2
s1480	2x13md4da	0	81821033-1480	26	0	0	6	3
s1481	2x13md4de	0	81821033-1481	26	0	0	6	4
s1482	2x13md4du	0	81821033-1482	26	0	0	6	5
s1483	2x13m8	1	81821033-1483	26	0	0	7	0
s1484	2x13m8db	1	81821033-1484	26	0	0	7	1
s1485	2x13m8di	0	81821033-1485	26	0	0	7	2
s1486	2x13m8da	0	81821033-1486	26	0	0	7	3
s1487	2x13m8de	0	81821033-1487	26	0	0	7	4
s1488	2x13m8du	0	81821033-1488	26	0	0	7	5
s1489	2x13xa	1	81821033-1489	26	1	0	0	0
s1490	2x13xadb	1	81821033-1490	26	1	0	0	1
s1491	2x13xadi	0	81821033-1491	26	1	0	0	2
s1492	2x13xada	0	81821033-1492	26	1	0	0	3
s1493	2x13xade	0	81821033-1493	26	1	0	0	4
s1494	2x13xadu	0	81821033-1494	26	1	0	0	5
s1495	2x13x	1	81821033-1495	26	1	0	1	0
s1496	2x13xdb	1	81821033-1496	26	1	0	1	1
s1497	2x13xdi	0	81821033-1497	26	1	0	1	2
s1498	2x13xda	0	81821033-1498	26	1	0	1	3
s1499	2x13xde	0	81821033-1499	26	1	0	1	4
s1500	2x13xdu	0	81821033-1500	26	1	0	1	5
s1501	2x13xr4	1	81821033-1501	26	1	0	2	0
s1502	2x13xr4db	1	81821033-1502	26	1	0	2	1
s1503	2x13xr4di	0	81821033-1503	26	1	0	2	2
s1504	2x13xr4da	0	81821033-1504	26	1	0	2	3
s1505	2x13xr4de	0	81821033-1505	26	1	0	2	4
s1506	2x13xr4du	0	81821033-1506	26	1	0	2	5
s1507	2x13xm2	1	81821033-1507	26	1	0	3	0
s1508	2x13xm2db	1	81821033-1508	26	1	0	3	1
s1509	2x13xm2di	0	81821033-1509	26	1	0	3	2
s1510	2x13xm2da	0	81821033-1510	26	1	0	3	3
s1511	2x13xm2de	0	81821033-1511	26	1	0	3	4
s1512	2x13xm2du	0	81821033-1512	26	1	0	3	5
s1513	2x13xmd2	1	81821033-1513	26	1	0	4	0
s1514	2x13xmd2db	1	81821033-1514	26	1	0	4	1
s1515	2x13xmd2di	0	81821033-1515	26	1	0	4	2
s1516	2x13xmd2da	0	81821033-1516	26	1	0	4	3
s1517	2x13xmd2de	0	81821033-1517	26	1	0	4	4
s1518	2x13xmd2du	0	81821033-1518	26	1	0	4	5
s1519	2x13xm4	1	81821033-1519	26	1	0	5	0
s1520	2x13xm4db	1	81821033-1520	26	1	0	5	1
s1521	2x13xm4di	0	81821033-1521	26	1	0	5	2
s1522	2x13xm4da	0	81821033-1522	26	1	0	5	3
s1523	2x13xm4de	0	81821033-1523	26	1	0	5	4
s1524	2x13xm4du	0	81821033-1524	26	1	0	5	5
s1525	2x13xmd4	1	81821033-1525	26	1	0	6	0
s1526	2x13xmd4db	1	81821033-1526	26	1	0	6	1
s1527	2x13xmd4di	0	81821033-1527	26	1	0	6	2
s1528	2x13xmd4da	0	81821033-1528	26	1	0	6	3
s1529	2x13xmd4de	0	81821033-1529	26	1	0	6	4
s1530	2x13xmd4du	0	81821033-1530	26	1	0	6	5
s1531	2x13xm8	1	81821033-1531	26	1	0	7	0
s1532	2x13xm8db	1	81821033-1532	26	1	0	7	1
s1533	2x13xm8di	0	81821033-1533	26	1	0	7	2
s1534	2x13xm8da	0	81821033-1534	26	1	0	7	3
s1535	2x13xm8de	0	81821033-1535	26	1	0	7	4
s1536	2x13xm8du	0	81821033-1536	26	1	0	7	5
s1537	2x14a	1	81821033-1537	28	0	0	0	0
s1538	2x14adb	1	81821033-1538	28	0	0	0	1
s1539	2x14adi	0	81821033-1539	28	0	0	0	2
s1540	2x14ada	0	81821033-1540	28	0	0	0	3
s1541	2x14ade	0	81821033-1541	28	0	0	0	4
s1542	2x14adu	0	81821033-1542	28	0	0	0	5
s1543	2x14	1	81821033-1543	28	0	0	1	0
s1544	2x14db	1	81821033-1544	28	0	0	1	1
s1545	2x14di	0	81821033-1545	28	0	0	1	2
s1546	2x14da	0	81821033-1546	28	0	0	1	3
s1547	2x14de	0	81821033-1547	28	0	0	1	4
s1548	2x14du	0	81821033-1548	28	0	0	1	5
s1549	2x14r4	1	81821033-1549	28	0	0	2	0
s1550	2x14r4db	1	81821033-1550	28	0	0	2	1
s1551	2x14r4di	0	81821033-1551	28	0	0	2	2
s1552	2x14r4da	0	81821033-1552	28	0	0	2	3
s1553	2x14r4de	0	81821033-1553	28	0	0	2	4
s1554	2x14r4du	0	81821033-1554	28	0	0	2	5
s1555	2x14m2	1	81821033-1555	28	0	0	3	0
s1556	2x14m2db	1	81821033-1556	28	0	0	3	1
s1557	2x14m2di	0	81821033-1557	28	0	0	3	2
s1558	2x14m2da	0	81821033-1558	28	0	0	3	3
s1559	2x14m2de	0	81821033-1559	28	0	0	3	4
s1560	2x14m2du	0	81821033-1560	28	0	0	3	5
s1561	2x14md2	1	81821033-1561	28	0	0	4	0
s1562	2x14md2db	1	81821033-1562	28	0	0	4	1
s1563	2x14md2di	0	81821033-1563	28	0	0	4	2
s1564	2x14md2da	0	81821033-1564	28	0	0	4	3
s1565	2x14md2de	0	81821033-1565	28	0	0	4	4
s1566	2x14md2du	0	81821033-1566	28	0	0	4	5
s1567	2x14m4	1	81821033-1567	28	0	0	5	0
s1568	2x14m4db	1	81821033-1568	28	0	0	5	1
s1569	2x14m4di	0	81821033-1569	28	0	0	5	2
s1570	2x14m4da	0	81821033-1570	28	0	0	5	3
s1571	2x14m4de	0	81821033-1571	28	0	0	5	4
s1572	2x14m4du	0	81821033-1572	28	0	0	5	5
s1573	2x14md4	1	81821033-1573	28	0	0	6	0
s1574	2x14md4db	1	81821033-1574	28	0	0	6	1
s1575	2x14md4di	0	81821033-1575	28	0	0	6	2
s1576	2x14md4da	0	81821033-1576	28	0	0	6	3
s1577	2x14md4de	0	81821033-1577	28	0	0	6	4
s1578	2x14md4du	0	81821033-1578	28	0	0	6	5
s1579	2x14m8	1	81821033-1579	28	0	0	7	0
s1580	2x14m8db	1	81821033-1580	28	0	0	7	1
s1581	2x14m8di	0	81821033-1581	28	0	0	7	2
s1582	2x14m8da	0	81821033-1582	28	0	0	7	3
s1583	2x14m8de	0	81821033-1583	28	0	0	7	4
s1584	2x14m8du	0	81821033-1584	28	0	0	7	5
s1585	2x14xa	1	81821033-1585	28	1	0	0	0
s1586	2x14xadb	1	81821033-1586	28	1	0	0	1
s1587	2x14xadi	0	81821033-1587	28	1	0	0	2
s1588	2x14xada	0	81821033-1588	28	1	0	0	3
s1589	2x14xade	0	81821033-1589	28	1	0	0	4
s1590	2x14xadu	0	81821033-1590	28	1	0	0	5
s1591	2x14x	1	81821033-1591	28	1	0	1	0
s1592	2x14xdb	1	81821033-1592	28	1	0	1	1
s1593	2x14xdi	0	81821033-1593	28	1	0	1	2
s1594	2x14xda	0	81821033-1594	28	1	0	1	3
s1595	2x14xde	0	81821033-1595	28	1	0	1	4
s1596	2x14xdu	0	81821033-1596	28	1	0	1	5
s1597	2x14xr4	1	81821033-1597	28	1	0	2	0
s1598	2x14xr4db	1	81821033-1598	28	1	0	2	1
s1599	2x14xr4di	0	81821033-1599	28	1	0	2	2
s1600	2x14xr4da	0	81821033-1600	28	1	0	2	3
s1601	2x14xr4de	0	81821033-1601	28	1	0	2	4
s1602	2x14xr4du	0	81821033-1602	28	1	0	2	5
s1603	2x14xm2	1	81821033-1603	28	1	0	3	0
s1604	2x14xm2db	1	81821033-1604	28	1	0	3	1
s1605	2x14xm2di	0	81821033-1605	28	1	0	3	2
s1606	2x14xm2da	0	81821033-1606	28	1	0	3	3
s1607	2x14xm2de	0	81821033-1607	28	1	0	3	4
s1608	2x14xm2du	0	81821033-1608	28	1	0	3	5
s1609	2x14xmd2	1	81821033-1609	28	1	0	4	0
s1610	2x14xmd2db	1	81821033-1610	28	1	0	4	1
s1611	2x14xmd2di	0	81821033-1611	28	1	0	4	2
s1612	2x14xmd2da	0	81821033-1612	28	1	0	4	3
s1613	2x14xmd2de	0	81821033-1613	28	1	0	4	4
s1614	2x14xmd2du	0	81821033-1614	28	1	0	4	5
s1615	2x14xm4	1	81821033-1615	28	1	0	5	0
s1616	2x14xm4db	1	81821033-1616	28	1	0	5	1
s1617	2x14xm4di	0	81821033-1617	28	1	0	5	2
s1618	2x14xm4da	0	81821033-1618	28	1	0	5	3
s1619	2x14xm4de	0	81821033-1619	28	1	0	5	4
s1620	2x14xm4du	0	81821033-1620	28	1	0	5	5
s1621	2x14xmd4	1	81821033-1621	28	1	0	6	0
s1622	2x14xmd4db	1	81821033-1622	28	1	0	6	1
s1623	2x14xmd4di	0	81821033-1623	28	1	0	6	2
s1624	2x14xmd4da	0	81821033-1624	28	1	0	6	3
s1625	2x14xmd4de	0	81821033-1625	28	1	0	6	4
s1626	2x14xmd4du	0	81821033-1626	28	1	0	6	5
s1627	2x14xm8	1	81821033-1627	28	1	0	7	0
s1628	2x14xm8db	1	81821033-1628	28	1	0	7	1
s1629	2x14xm8di	0	81821033-1629	28	1	0	7	2
s1630	2x14xm8da	0	81821033-1630	28	1	0	7	3
s1631	2x14xm8de	0	81821033-1631	28	1	0	7	4
s1632	2x14xm8du	0	81821033-1632	28	1	0	7	5
s1633	2x15a	1	81821033-1633	30	0	0	0	0
s1634	2x15adb	1	81821033-1634	30	0	0	0	1
s1635	2x15adi	0	81821033-1635	30	0	0	0	2
s1636	2x15ada	0	81821033-1636	30	0	0	0	3
s1637	2x15ade	0	81821033-1637	30	0	0	0	4
s1638	2x15adu	0	81821033-1638	30	0	0	0	5
s1639	2x15	1	81821033-1639	30	0	0	1	0
s1640	2x15db	1	81821033-1640	30	0	0	1	1
s1641	2x15di	0	81821033-1641	30	0	0	1	2
s1642	2x15da	0	81821033-1642	30	0	0	1	3
s1643	2x15de	0	81821033-1643	30	0	0	1	4
s1644	2x15du	0	81821033-1644	30	0	0	1	5
s1645	2x15r4	1	81821033-1645	30	0	0	2	0
s1646	2x15r4db	1	81821033-1646	30	0	0	2	1
s1647	2x15r4di	0	81821033-1647	30	0	0	2	2
s1648	2x15r4da	0	81821033-1648	30	0	0	2	3
s1649	2x15r4de	0	81821033-1649	30	0	0	2	4
s1650	2x15r4du	0	81821033-1650	30	0	0	2	5
s1651	2x15m2	1	81821033-1651	30	0	0	3	0
s1652	2x15m2db	1	81821033-1652	30	0	0	3	1
s1653	2x15m2di	0	81821033-1653	30	0	0	3	2
s1654	2x15m2da	0	81821033-1654	30	0	0	3	3
s1655	2x15m2de	0	81821033-1655	30	0	0	3	4
s1656	2x15m2du	0	81821033-1656	30	0	0	3	5
s1657	2x15md2	1	81821033-1657	30	0	0	4	0
s1658	2x15md2db	1	81821033-1658	30	0	0	4	1
s1659	2x15md2di	0	81821033-1659	30	0	0	4	2
s1660	2x15md2da	0	81821033-1660	30	0	0	4	3
s1661	2x15md2de	0	81821033-1661	30	0	0	4	4
s1662	2x15md2du	0	81821033-1662	30	0	0	4	5
s1663	2x15m4	1	81821033-1663	30	0	0	5	0
s1664	2x15m4db	1	81821033-1664	30	0	0	5	1
s1665	2x15m4di	0	81821033-1665	30	0	0	5	2
s1666	2x15m4da	0	81821033-1666	30	0	0	5	3
s1667	2x15m4de	0	81821033-1667	30	0	0	5	4
s1668	2x15m4du	0	81821033-1668	30	0	0	5	5
s1669	2x15md4	1	81821033-1669	30	0	0	6	0
s1670	2x15md4db	1	81821033-1670	30	0	0	6	1
s1671	2x15md4di	0	81821033-1671	30	0	0	6	2
s1672	2x15md4da	0	81821033-1672	30	0	0	6	3
s1673	2x15md4de	0	81821033-1673	30	0	0	6	4
s1674	2x15md4du	0	81821033-1674	30	0	0	6	5
s1675	2x15m8	1	81821033-1675	30	0	0	7	0
s1676	2x15m8db	1	81821033-1676	30	0	0	7	1
s1677	2x15m8di	0	81821033-1677	30	0	0	7	2
s1678	2x15m8da	0	81821033-1678	30	0	0	7	3
s1679	2x15m8de	0	81821033-1679	30	0	0	7	4
s1680	2x15m8du	0	81821033-1680	30	0	0	7	5
s1681	2x15xa	1	81821033-1681	30	1	0	0	0
s1682	2x15xadb	1	81821033-1682	30	1	0	0	1
s1683	2x15xadi	0	81821033-1683	30	1	0	0	2
s1684	2x15xada	0	81821033-1684	30	1	0	0	3
s1685	2x15xade	0	81821033-1685	30	1	0	0	4
s1686	2x15xadu	0	81821033-1686	30	1	0	0	5
s1687	2x15x	1	81821033-1687	30	1	0	1	0
s1688	2x15xdb	1	81821033-1688	30	1	0	1	1
s1689	2x15xdi	0	81821033-1689	30	1	0	1	2
s1690	2x15xda	0	81821033-1690	30	1	0	1	3
s1691	2x15xde	0	81821033-1691	30	1	0	1	4
s1692	2x15xdu	0	81821033-1692	30	1	0	1	5
s1693	2x15xr4	1	81821033-1693	30	1	0	2	0
s1694	2x15xr4db	1	81821033-1694	30	1	0	2	1
s1695	2x15xr4di	0	81821033-1695	30	1	0	2	2
s1696	2x15xr4da	0	81821033-1696	30	1	0	2	3
s1697	2x15xr4de	0	81821033-1697	30	1	0	2	4
s1698	2x15xr4du	0	81821033-1698	30	1	0	2	5
s1699	2x15xm2	1	81821033-1699	30	1	0	3	0
s1700	2x15xm2db	1	81821033-1700	30	1	0	3	1
s1701	2x15xm2di	0	81821033-1701	30	1	0	3	2
s1702	2x15xm2da	0	81821033-1702	30	1	0	3	3
s1703	2x15xm2de	0	81821033-1703	30	1	0	3	4
s1704	2x15xm2du	0	81821033-1704	30	1	0	3	5
s1705	2x15xmd2	1	81821033-1705	30	1	0	4	0
s1706	2x15xmd2db	1	81821033-1706	30	1	0	4	1
s1707	2x15xmd2di	0	81821033-1707	30	1	0	4	2
s1708	2x15xmd2da	0	81821033-1708	30	1	0	4	3
s1709	2x15xmd2de	0	81821033-1709	30	1	0	4	4
s1710	2x15xmd2du	0	81821033-1710	30	1	0	4	5
s1711	2x15xm4	1	81821033-1711	30	1	0	5	0
s1712	2x15xm4db	1	81821033-1712	30	1	0	5	1
s1713	2x15xm4di	0	81821033-1713	30	1	0	5	2
s1714	2x15xm4da	0	81821033-1714	30	1	0	5	3
s1715	2x15xm4de	0	81821033-1715	30	1	0	5	4
s1716	2x15xm4du	0	81821033-1716	30	1	0	5	5
s1717	2x15xmd4	1	81821033-1717	30	1	0	6	0
s1718	2x15xmd4db	1	81821033-1718	30	1	0	6	1
s1719	2x15xmd4di	0	81821033-1719	30	1	0	6	2
s1720	2x15xmd4da	0	81821033-1720	30	1	0	6	3
s1721	2x15xmd4de	0	81821033-1721	30	1	0	6	4
s1722	2x15xmd4du	0	81821033-1722	30	1	0	6	5
s1723	2x15xm8	1	81821033-1723	30	1	0	7	0
s1724	2x15xm8db	1	81821033-1724	30	1	0	7	1
s1725	2x15xm8di	0	81821033-1725	30	1	0	7	2
s1726	2x15xm8da	0	81821033-1726	30	1	0	7	3
s1727	2x15xm8de	0	81821033-1727	30	1	0	7	4
s1728	2x15xm8du	0	81821033-1728	30	1	0	7	5
s1729	3ja	0	81821033-1729	3	0	0	0	0
s1730	3jadb	0	81821033-1730	3	0	0	0	1
s1731	3jadi	0	81821033-1731	3	0	0	0	2
s1732	3jada	0	81821033-1732	3	0	0	0	3
s1733	3jade	0	81821033-1733	3	0	0	0	4
s1734	3jadu	0	81821033-1734	3	0	0	0	5
s1735	3j	0	81821033-1735	3	0	0	1	0
s1736	3jdb	0	81821033-1736	3	0	0	1	1
s1737	3jdi	0	81821033-1737	3	0	0	1	2
s1738	3jda	0	81821033-1738	3	0	0	1	3
s1739	3jde	0	81821033-1739	3	0	0	1	4
s1740	3jdu	0	81821033-1740	3	0	0	1	5
s1741	3jr4	0	81821033-1741	3	0	0	2	0
s1742	3jr4db	0	81821033-1742	3	0	0	2	1
s1743	3jr4di	0	81821033-1743	3	0	0	2	2
s1744	3jr4da	0	81821033-1744	3	0	0	2	3
s1745	3jr4de	0	81821033-1745	3	0	0	2	4
s1746	3jr4du	0	81821033-1746	3	0	0	2	5
s1747	3jm2	0	81821033-1747	3	0	0	3	0
s1748	3jm2db	0	81821033-1748	3	0	0	3	1
s1749	3jm2di	0	81821033-1749	3	0	0	3	2
s1750	3jm2da	0	81821033-1750	3	0	0	3	3
s1751	3jm2de	0	81821033-1751	3	0	0	3	4
s1752	3jm2du	0	81821033-1752	3	0	0	3	5
s1753	3jmd2	0	81821033-1753	3	0	0	4	0
s1754	3jmd2db	0	81821033-1754	3	0	0	4	1
s1755	3jmd2di	0	81821033-1755	3	0	0	4	2
s1756	3jmd2da	0	81821033-1756	3	0	0	4	3
s1757	3jmd2de	0	81821033-1757	3	0	0	4	4
s1758	3jmd2du	0	81821033-1758	3	0	0	4	5
s1759	3jm4	0	81821033-1759	3	0	0	5	0
s1760	3jm4db	0	81821033-1760	3	0	0	5	1
s1761	3jm4di	0	81821033-1761	3	0	0	5	2
s1762	3jm4da	0	81821033-1762	3	0	0	5	3
s1763	3jm4de	0	81821033-1763	3	0	0	5	4
s1764	3jm4du	0	81821033-1764	3	0	0	5	5
s1765	3jmd4	0	81821033-1765	3	0	0	6	0
s1766	3jmd4db	0	81821033-1766	3	0	0	6	1
s1767	3jmd4di	0	81821033-1767	3	0	0	6	2
s1768	3jmd4da	0	81821033-1768	3	0	0	6	3
s1769	3jmd4de	0	81821033-1769	3	0	0	6	4
s1770	3jmd4du	0	81821033-1770	3	0	0	6	5
s1771	3jm8	0	81821033-1771	3	0	0	7	0
s1772	3jm8db	0	81821033-1772	3	0	0	7	1
s1773	3jm8di	0	81821033-1773	3	0	0	7	2
s1774	3jm8da	0	81821033-1774	3	0	0	7	3
s1775	3jm8de	0	81821033-1775	3	0	0	7	4
s1776	3jm8du	0	81821033-1776	3	0	0	7	5
s1777	3jka	0	81821033-1777	3	0	1	0	0
s1778	3jkadb	0	81821033-1778	3	0	1	0	1
s1779	3jkadi	0	81821033-1779	3	0	1	0	2
s1780	3jkada	0	81821033-1780	3	0	1	0	3
s1781	3jkade	0	81821033-1781	3	0	1	0	4
s1782	3jkadu	0	81821033-1782	3	0	1	0	5
s1783	3jk	0	81821033-1783	3	0	1	1	0
s1784	3jkdb	0	81821033-1784	3	0	1	1	1
s1785	3jkdi	0	81821033-1785	3	0	1	1	2
s1786	3jkda	0	81821033-1786	3	0	1	1	3
s1787	3jkde	0	81821033-1787	3	0	1	1	4
s1788	3jkdu	0	81821033-1788	3	0	1	1	5
s1789	3jkr4	0	81821033-1789	3	0	1	2	0
s1790	3jkr4db	0	81821033-1790	3	0	1	2	1
s1791	3jkr4di	0	81821033-1791	3	0	1	2	2
s1792	3jkr4da	0	81821033-1792	3	0	1	2	3
s1793	3jkr4de	0	81821033-1793	3	0	1	2	4
s1794	3jkr4du	0	81821033-1794	3	0	1	2	5
s1795	3jkm2	0	81821033-1795	3	0	1	3	0
s1796	3jkm2db	0	81821033-1796	3	0	1	3	1
s1797	3jkm2di	0	81821033-1797	3	0	1	3	2
s1798	3jkm2da	0	81821033-1798	3	0	1	3	3
s1799	3jkm2de	0	81821033-1799	3	0	1	3	4
s1800	3jkm2du	0	81821033-1800	3	0	1	3	5
s1801	3jkmd2	0	81821033-1801	3	0	1	4	0
s1802	3jkmd2db	0	81821033-1802	3	0	1	4	1
s1803	3jkmd2di	0	81821033-1803	3	0	1	4	2
s1804	3jkmd2da	0	81821033-1804	3	0	1	4	3
s1805	3jkmd2de	0	81821033-1805	3	0	1	4	4
s1806	3jkmd2du	0	81821033-1806	3	0	1	4	5
s1807	3jkm4	0	81821033-1807	3	0	1	5	0
s1808	3jkm4db	0	81821033-1808	3	0	1	5	1
s1809	3jkm4di	0	81821033-1809	3	0	1	5	2
s1810	3jkm4da	0	81821033-1810	3	0	1	5	3
s1811	3jkm4de	0	81821033-1811	3	0	1	5	4
s1812	3jkm4du	0	81821033-1812	3	0	1	5	5
s1813	3jkmd4	0	81821033-1813	3	0	1	6	0
s1814	3jkmd4db	0	81821033-1814	3	0	1	6	1
s1815	3jkmd4di	0	81821033-1815	3	0	1	6	2
s1816	3jkmd4da	0	81821033-1816	3	0	1	6	3
s1817	3jkmd4de	0	81821033-1817	3	0	1	6	4
s1818	3jkmd4du	0	81821033-1818	3	0	1	6	5
s1819	3jkm8	0	81821033-1819	3	0	1	7	0
s1820	3jkm8db	0	81821033-1820	3	0	1	7	1
s1821	3jkm8di	0	81821033-1821	3	0	1	7	2
s1822	3jkm8da	0	81821033-1822	3	0	1	7	3
s1823	3jkm8de	0	81821033-1823	3	0	1	7	4
s1824	3jkm8du	0	81821033-1824	3	0	1	7	5
s1825	3x2a	1	81821033-1825	6	0	0	0	0
s1826	3x2adb	1	81821033-1826	6	0	0	0	1
s1827	3x2adi	1	81821033-1827	6	0	0	0	2
s1828	3x2ada	1	81821033-1828	6	0	0	0	3
s1829	3x2ade	1	81821033-1829	6	0	0	0	4
s1830	3x2adu	1	81821033-1830	6	0	0	0	5
s1831	3x2	1	81821033-1831	6	0	0	1	0
s1832	3x2db	1	81821033-1832	6	0	0	1	1
s1833	3x2di	1	81821033-1833	6	0	0	1	2
s1834	3x2da	1	81821033-1834	6	0	0	1	3
s1835	3x2de	1	81821033-1835	6	0	0	1	4
s1836	3x2du	1	81821033-1836	6	0	0	1	5
s1837	3x2r4	1	81821033-1837	6	0	0	2	0
s1838	3x2r4db	1	81821033-1838	6	0	0	2	1
s1839	3x2r4di	1	81821033-1839	6	0	0	2	2
s1840	3x2r4da	1	81821033-1840	6	0	0	2	3
s1841	3x2r4de	1	81821033-1841	6	0	0	2	4
s1842	3x2r4du	1	81821033-1842	6	0	0	2	5
s1843	3x2m2	1	81821033-1843	6	0	0	3	0
s1844	3x2m2db	1	81821033-1844	6	0	0	3	1
s1845	3x2m2di	1	81821033-1845	6	0	0	3	2
s1846	3x2m2da	1	81821033-1846	6	0	0	3	3
s1847	3x2m2de	1	81821033-1847	6	0	0	3	4
s1848	3x2m2du	1	81821033-1848	6	0	0	3	5
s1849	3x2md2	1	81821033-1849	6	0	0	4	0
s1850	3x2md2db	1	81821033-1850	6	0	0	4	1
s1851	3x2md2di	1	81821033-1851	6	0	0	4	2
s1852	3x2md2da	1	81821033-1852	6	0	0	4	3
s1853	3x2md2de	1	81821033-1853	6	0	0	4	4
s1854	3x2md2du	1	81821033-1854	6	0	0	4	5
s1855	3x2m4	1	81821033-1855	6	0	0	5	0
s1856	3x2m4db	1	81821033-1856	6	0	0	5	1
s1857	3x2m4di	1	81821033-1857	6	0	0	5	2
s1858	3x2m4da	1	81821033-1858	6	0	0	5	3
s1859	3x2m4de	1	81821033-1859	6	0	0	5	4
s1860	3x2m4du	1	81821033-1860	6	0	0	5	5
s1861	3x2md4	1	81821033-1861	6	0	0	6	0
s1862	3x2md4db	1	81821033-1862	6	0	0	6	1
s1863	3x2md4di	1	81821033-1863	6	0	0	6	2
s1864	3x2md4da	1	81821033-1864	6	0	0	6	3
s1865	3x2md4de	1	81821033-1865	6	0	0	6	4
s1866	3x2md4du	1	81821033-1866	6	0	0	6	5
s1867	3x2m8	1	81821033-1867	6	0	0	7	0
s1868	3x2m8db	1	81821033-1868	6	0	0	7	1
s1869	3x2m8di	1	81821033-1869	6	0	0	7	2
s1870	3x2m8da	1	81821033-1870	6	0	0	7	3
s1871	3x2m8de	1	81821033-1871	6	0	0	7	4
s1872	3x2m8du	1	81821033-1872	6	0	0	7	5
s1873	3x2ka	1	81821033-1873	6	0	1	0	0
s1874	3x2kadb	1	81821033-1874	6	0	1	0	1
s1875	3x2kadi	1	81821033-1875	6	0	1	0	2
s1876	3x2kada	1	81821033-1876	6	0	1	0	3
s1877	3x2kade	1	81821033-1877	6	0	1	0	4
s1878	3x2kadu	1	81821033-1878	6	0	1	0	5
s1879	3x2k	0	81821033-1879	6	0	1	1	0
s1880	3x2kdb	0	81821033-1880	6	0	1	1	1
s1881	3x2kdi	0	81821033-1881	6	0	1	1	2
s1882	3x2kda	0	81821033-1882	6	0	1	1	3
s1883	3x2kde	0	81821033-1883	6	0	1	1	4
s1884	3x2kdu	0	81821033-1884	6	0	1	1	5
s1885	3x2kr4	0	81821033-1885	6	0	1	2	0
s1886	3x2kr4db	0	81821033-1886	6	0	1	2	1
s1887	3x2kr4di	0	81821033-1887	6	0	1	2	2
s1888	3x2kr4da	0	81821033-1888	6	0	1	2	3
s1889	3x2kr4de	0	81821033-1889	6	0	1	2	4
s1890	3x2kr4du	0	81821033-1890	6	0	1	2	5
s1891	3x2km2	0	81821033-1891	6	0	1	3	0
s1892	3x2km2db	0	81821033-1892	6	0	1	3	1
s1893	3x2km2di	0	81821033-1893	6	0	1	3	2
s1894	3x2km2da	0	81821033-1894	6	0	1	3	3
s1895	3x2km2de	0	81821033-1895	6	0	1	3	4
s1896	3x2km2du	0	81821033-1896	6	0	1	3	5
s1897	3x2kmd2	0	81821033-1897	6	0	1	4	0
s1898	3x2kmd2db	0	81821033-1898	6	0	1	4	1
s1899	3x2kmd2di	0	81821033-1899	6	0	1	4	2
s1900	3x2kmd2da	0	81821033-1900	6	0	1	4	3
s1901	3x2kmd2de	0	81821033-1901	6	0	1	4	4
s1902	3x2kmd2du	0	81821033-1902	6	0	1	4	5
s1903	3x2km4	0	81821033-1903	6	0	1	5	0
s1904	3x2km4db	0	81821033-1904	6	0	1	5	1
s1905	3x2km4di	0	81821033-1905	6	0	1	5	2
s1906	3x2km4da	0	81821033-1906	6	0	1	5	3
s1907	3x2km4de	0	81821033-1907	6	0	1	5	4
s1908	3x2km4du	0	81821033-1908	6	0	1	5	5
s1909	3x2kmd4	0	81821033-1909	6	0	1	6	0
s1910	3x2kmd4db	0	81821033-1910	6	0	1	6	1
s1911	3x2kmd4di	0	81821033-1911	6	0	1	6	2
s1912	3x2kmd4da	0	81821033-1912	6	0	1	6	3
s1913	3x2kmd4de	0	81821033-1913	6	0	1	6	4
s1914	3x2kmd4du	0	81821033-1914	6	0	1	6	5
s1915	3x2km8	0	81821033-1915	6	0	1	7	0
s1916	3x2km8db	0	81821033-1916	6	0	1	7	1
s1917	3x2km8di	0	81821033-1917	6	0	1	7	2
s1918	3x2km8da	0	81821033-1918	6	0	1	7	3
s1919	3x2km8de	0	81821033-1919	6	0	1	7	4
s1920	3x2km8du	0	81821033-1920	6	0	1	7	5
s1921	3x2xa	1	81821033-1921	6	1	0	0	0
s1922	3x2xadb	1	81821033-1922	6	1	0	0	1
s1923	3x2xadi	1	81821033-1923	6	1	0	0	2
s1924	3x2xada	1	81821033-1924	6	1	0	0	3
s1925	3x2xade	1	81821033-1925	6	1	0	0	4
s1926	3x2xadu	1	81821033-1926	6	1	0	0	5
s1927	3x2x	1	81821033-1927	6	1	0	1	0
s1928	3x2xdb	1	81821033-1928	6	1	0	1	1
s1929	3x2xdi	1	81821033-1929	6	1	0	1	2
s1930	3x2xda	1	81821033-1930	6	1	0	1	3
s1931	3x2xde	1	81821033-1931	6	1	0	1	4
s1932	3x2xdu	1	81821033-1932	6	1	0	1	5
s1933	3x2xr4	1	81821033-1933	6	1	0	2	0
s1934	3x2xr4db	1	81821033-1934	6	1	0	2	1
s1935	3x2xr4di	1	81821033-1935	6	1	0	2	2
s1936	3x2xr4da	1	81821033-1936	6	1	0	2	3
s1937	3x2xr4de	1	81821033-1937	6	1	0	2	4
s1938	3x2xr4du	1	81821033-1938	6	1	0	2	5
s1939	3x2xm2	1	81821033-1939	6	1	0	3	0
s1940	3x2xm2db	1	81821033-1940	6	1	0	3	1
s1941	3x2xm2di	1	81821033-1941	6	1	0	3	2
s1942	3x2xm2da	1	81821033-1942	6	1	0	3	3
s1943	3x2xm2de	1	81821033-1943	6	1	0	3	4
s1944	3x2xm2du	1	81821033-1944	6	1	0	3	5
s1945	3x2xmd2	1	81821033-1945	6	1	0	4	0
s1946	3x2xmd2db	1	81821033-1946	6	1	0	4	1
s1947	3x2xmd2di	1	81821033-1947	6	1	0	4	2
s1948	3x2xmd2da	1	81821033-1948	6	1	0	4	3
s1949	3x2xmd2de	1	81821033-1949	6	1	0	4	4
s1950	3x2xmd2du	1	81821033-1950	6	1	0	4	5
s1951	3x2xm4	1	81821033-1951	6	1	0	5	0
s1952	3x2xm4db	1	81821033-1952	6	1	0	5	1
s1953	3x2xm4di	1	81821033-1953	6	1	0	5	2
s1954	3x2xm4da	1	81821033-1954	6	1	0	5	3
s1955	3x2xm4de	1	81821033-1955	6	1	0	5	4
s1956	3x2xm4du	1	81821033-1956	6	1	0	5	5
s1957	3x2xmd4	1	81821033-1957	6	1	0	6	0
s1958	3x2xmd4db	1	81821033-1958	6	1	0	6	1
s1959	3x2xmd4di	1	81821033-1959	6	1	0	6	2
s1960	3x2xmd4da	1	81821033-1960	6	1	0	6	3
s1961	3x2xmd4de	1	81821033-1961	6	1	0	6	4
s1962	3x2xmd4du	1	81821033-1962	6	1	0	6	5
s1963	3x2xm8	1	81821033-1963	6	1	0	7	0
s1964	3x2xm8db	1	81821033-1964	6	1	0	7	1
s1965	3x2xm8di	1	81821033-1965	6	1	0	7	2
s1966	3x2xm8da	1	81821033-1966	6	1	0	7	3
s1967	3x2xm8de	1	81821033-1967	6	1	0	7	4
s1968	3x2xm8du	1	81821033-1968	6	1	0	7	5
s1969	3x2xka	1	81821033-1969	6	1	1	0	0
s1970	3x2xkadb	1	81821033-1970	6	1	1	0	1
s1971	3x2xkadi	1	81821033-1971	6	1	1	0	2
s1972	3x2xkada	1	81821033-1972	6	1	1	0	3
s1973	3x2xkade	1	81821033-1973	6	1	1	0	4
s1974	3x2xkadu	1	81821033-1974	6	1	1	0	5
s1975	3x2xk	0	81821033-1975	6	1	1	1	0
s1976	3x2xkdb	0	81821033-1976	6	1	1	1	1
s1977	3x2xkdi	0	81821033-1977	6	1	1	1	2
s1978	3x2xkda	0	81821033-1978	6	1	1	1	3
s1979	3x2xkde	0	81821033-1979	6	1	1	1	4
s1980	3x2xkdu	0	81821033-1980	6	1	1	1	5
s1981	3x2xkr4	0	81821033-1981	6	1	1	2	0
s1982	3x2xkr4db	0	81821033-1982	6	1	1	2	1
s1983	3x2xkr4di	0	81821033-1983	6	1	1	2	2
s1984	3x2xkr4da	0	81821033-1984	6	1	1	2	3
s1985	3x2xkr4de	0	81821033-1985	6	1	1	2	4
s1986	3x2xkr4du	0	81821033-1986	6	1	1	2	5
s1987	3x2xkm2	0	81821033-1987	6	1	1	3	0
s1988	3x2xkm2db	0	81821033-1988	6	1	1	3	1
s1989	3x2xkm2di	0	81821033-1989	6	1	1	3	2
s1990	3x2xkm2da	0	81821033-1990	6	1	1	3	3
s1991	3x2xkm2de	0	81821033-1991	6	1	1	3	4
s1992	3x2xkm2du	0	81821033-1992	6	1	1	3	5
s1993	3x2xkmd2	0	81821033-1993	6	1	1	4	0
s1994	3x2xkmd2db	0	81821033-1994	6	1	1	4	1
s1995	3x2xkmd2di	0	81821033-1995	6	1	1	4	2
s1996	3x2xkmd2da	0	81821033-1996	6	1	1	4	3
s1997	3x2xkmd2de	0	81821033-1997	6	1	1	4	4
s1998	3x2xkmd2du	0	81821033-1998	6	1	1	4	5
s1999	3x2xkm4	0	81821033-1999	6	1	1	5	0
s2000	3x2xkm4db	0	81821033-2000	6	1	1	5	1
s2001	3x2xkm4di	0	81821033-2001	6	1	1	5	2
s2002	3x2xkm4da	0	81821033-2002	6	1	1	5	3
s2003	3x2xkm4de	0	81821033-2003	6	1	1	5	4
s2004	3x2xkm4du	0	81821033-2004	6	1	1	5	5
s2005	3x2xkmd4	0	81821033-2005	6	1	1	6	0
s2006	3x2xkmd4db	0	81821033-2006	6	1	1	6	1
s2007	3x2xkmd4di	0	81821033-2007	6	1	1	6	2
s2008	3x2xkmd4da	0	81821033-2008	6	1	1	6	3
s2009	3x2xkmd4de	0	81821033-2009	6	1	1	6	4
s2010	3x2xkmd4du	0	81821033-2010	6	1	1	6	5
s2011	3x2xkm8	0	81821033-2011	6	1	1	7	0
s2012	3x2xkm8db	0	81821033-2012	6	1	1	7	1
s2013	3x2xkm8di	0	81821033-2013	6	1	1	7	2
s2014	3x2xkm8da	0	81821033-2014	6	1	1	7	3
s2015	3x2xkm8de	0	81821033-2015	6	1	1	7	4
s2016	3x2xkm8du	0	81821033-2016	6	1	1	7	5
s2017	3x3a	1	81821033-2017	9	0	0	0	0
s2018	3x3adb	1	81821033-2018	9	0	0	0	1
s2019	3x3adi	1	81821033-2019	9	0	0	0	2
s2020	3x3ada	1	81821033-2020	9	0	0	0	3
s2021	3x3ade	1	81821033-2021	9	0	0	0	4
s2022	3x3adu	1	81821033-2022	9	0	0	0	5
s2023	3x3	1	81821033-2023	9	0	0	1	0
s2024	3x3db	1	81821033-2024	9	0	0	1	1
s2025	3x3di	1	81821033-2025	9	0	0	1	2
s2026	3x3da	1	81821033-2026	9	0	0	1	3
s2027	3x3de	1	81821033-2027	9	0	0	1	4
s2028	3x3du	1	81821033-2028	9	0	0	1	5
s2029	3x3r4	1	81821033-2029	9	0	0	2	0
s2030	3x3r4db	1	81821033-2030	9	0	0	2	1
s2031	3x3r4di	1	81821033-2031	9	0	0	2	2
s2032	3x3r4da	1	81821033-2032	9	0	0	2	3
s2033	3x3r4de	1	81821033-2033	9	0	0	2	4
s2034	3x3r4du	1	81821033-2034	9	0	0	2	5
s2035	3x3m2	1	81821033-2035	9	0	0	3	0
s2036	3x3m2db	1	81821033-2036	9	0	0	3	1
s2037	3x3m2di	1	81821033-2037	9	0	0	3	2
s2038	3x3m2da	1	81821033-2038	9	0	0	3	3
s2039	3x3m2de	1	81821033-2039	9	0	0	3	4
s2040	3x3m2du	1	81821033-2040	9	0	0	3	5
s2041	3x3md2	1	81821033-2041	9	0	0	4	0
s2042	3x3md2db	1	81821033-2042	9	0	0	4	1
s2043	3x3md2di	1	81821033-2043	9	0	0	4	2
s2044	3x3md2da	1	81821033-2044	9	0	0	4	3
s2045	3x3md2de	1	81821033-2045	9	0	0	4	4
s2046	3x3md2du	1	81821033-2046	9	0	0	4	5
s2047	3x3m4	1	81821033-2047	9	0	0	5	0
s2048	3x3m4db	1	81821033-2048	9	0	0	5	1
s2049	3x3m4di	1	81821033-2049	9	0	0	5	2
s2050	3x3m4da	1	81821033-2050	9	0	0	5	3
s2051	3x3m4de	1	81821033-2051	9	0	0	5	4
s2052	3x3m4du	1	81821033-2052	9	0	0	5	5
s2053	3x3md4	1	81821033-2053	9	0	0	6	0
s2054	3x3md4db	1	81821033-2054	9	0	0	6	1
s2055	3x3md4di	1	81821033-2055	9	0	0	6	2
s2056	3x3md4da	1	81821033-2056	9	0	0	6	3
s2057	3x3md4de	1	81821033-2057	9	0	0	6	4
s2058	3x3md4du	1	81821033-2058	9	0	0	6	5
s2059	3x3m8	1	81821033-2059	9	0	0	7	0
s2060	3x3m8db	1	81821033-2060	9	0	0	7	1
s2061	3x3m8di	1	81821033-2061	9	0	0	7	2
s2062	3x3m8da	1	81821033-2062	9	0	0	7	3
s2063	3x3m8de	1	81821033-2063	9	0	0	7	4
s2064	3x3m8du	1	81821033-2064	9	0	0	7	5
s2065	3x3ka	1	81821033-2065	9	0	1	0	0
s2066	3x3kadb	1	81821033-2066	9	0	1	0	1
s2067	3x3kadi	1	81821033-2067	9	0	1	0	2
s2068	3x3kada	1	81821033-2068	9	0	1	0	3
s2069	3x3kade	1	81821033-2069	9	0	1	0	4
s2070	3x3kadu	1	81821033-2070	9	0	1	0	5
s2071	3x3k	0	81821033-2071	9	0	1	1	0
s2072	3x3kdb	0	81821033-2072	9	0	1	1	1
s2073	3x3kdi	0	81821033-2073	9	0	1	1	2
s2074	3x3kda	0	81821033-2074	9	0	1	1	3
s2075	3x3kde	0	81821033-2075	9	0	1	1	4
s2076	3x3kdu	0	81821033-2076	9	0	1	1	5
s2077	3x3kr4	0	81821033-2077	9	0	1	2	0
s2078	3x3kr4db	0	81821033-2078	9	0	1	2	1
s2079	3x3kr4di	0	81821033-2079	9	0	1	2	2
s2080	3x3kr4da	0	81821033-2080	9	0	1	2	3
s2081	3x3kr4de	0	81821033-2081	9	0	1	2	4
s2082	3x3kr4du	0	81821033-2082	9	0	1	2	5
s2083	3x3km2	0	81821033-2083	9	0	1	3	0
s2084	3x3km2db	0	81821033-2084	9	0	1	3	1
s2085	3x3km2di	0	81821033-2085	9	0	1	3	2
s2086	3x3km2da	0	81821033-2086	9	0	1	3	3
s2087	3x3km2de	0	81821033-2087	9	0	1	3	4
s2088	3x3km2du	0	81821033-2088	9	0	1	3	5
s2089	3x3kmd2	0	81821033-2089	9	0	1	4	0
s2090	3x3kmd2db	0	81821033-2090	9	0	1	4	1
s2091	3x3kmd2di	0	81821033-2091	9	0	1	4	2
s2092	3x3kmd2da	0	81821033-2092	9	0	1	4	3
s2093	3x3kmd2de	0	81821033-2093	9	0	1	4	4
s2094	3x3kmd2du	0	81821033-2094	9	0	1	4	5
s2095	3x3km4	0	81821033-2095	9	0	1	5	0
s2096	3x3km4db	0	81821033-2096	9	0	1	5	1
s2097	3x3km4di	0	81821033-2097	9	0	1	5	2
s2098	3x3km4da	0	81821033-2098	9	0	1	5	3
s2099	3x3km4de	0	81821033-2099	9	0	1	5	4
s2100	3x3km4du	0	81821033-2100	9	0	1	5	5
s2101	3x3kmd4	0	81821033-2101	9	0	1	6	0
s2102	3x3kmd4db	0	81821033-2102	9	0	1	6	1
s2103	3x3kmd4di	0	81821033-2103	9	0	1	6	2
s2104	3x3kmd4da	0	81821033-2104	9	0	1	6	3
s2105	3x3kmd4de	0	81821033-2105	9	0	1	6	4
s2106	3x3kmd4du	0	81821033-2106	9	0	1	6	5
s2107	3x3km8	0	81821033-2107	9	0	1	7	0
s2108	3x3km8db	0	81821033-2108	9	0	1	7	1
s2109	3x3km8di	0	81821033-2109	9	0	1	7	2
s2110	3x3km8da	0	81821033-2110	9	0	1	7	3
s2111	3x3km8de	0	81821033-2111	9	0	1	7	4
s2112	3x3km8du	0	81821033-2112	9	0	1	7	5
s2113	3x3xa	1	81821033-2113	9	1	0	0	0
s2114	3x3xadb	1	81821033-2114	9	1	0	0	1
s2115	3x3xadi	1	81821033-2115	9	1	0	0	2
s2116	3x3xada	1	81821033-2116	9	1	0	0	3
s2117	3x3xade	1	81821033-2117	9	1	0	0	4
s2118	3x3xadu	1	81821033-2118	9	1	0	0	5
s2119	3x3x	1	81821033-2119	9	1	0	1	0
s2120	3x3xdb	1	81821033-2120	9	1	0	1	1
s2121	3x3xdi	1	81821033-2121	9	1	0	1	2
s2122	3x3xda	1	81821033-2122	9	1	0	1	3
s2123	3x3xde	1	81821033-2123	9	1	0	1	4
s2124	3x3xdu	1	81821033-2124	9	1	0	1	5
s2125	3x3xr4	1	81821033-2125	9	1	0	2	0
s2126	3x3xr4db	1	81821033-2126	9	1	0	2	1
s2127	3x3xr4di	1	81821033-2127	9	1	0	2	2
s2128	3x3xr4da	1	81821033-2128	9	1	0	2	3
s2129	3x3xr4de	1	81821033-2129	9	1	0	2	4
s2130	3x3xr4du	1	81821033-2130	9	1	0	2	5
s2131	3x3xm2	1	81821033-2131	9	1	0	3	0
s2132	3x3xm2db	1	81821033-2132	9	1	0	3	1
s2133	3x3xm2di	1	81821033-2133	9	1	0	3	2
s2134	3x3xm2da	1	81821033-2134	9	1	0	3	3
s2135	3x3xm2de	1	81821033-2135	9	1	0	3	4
s2136	3x3xm2du	1	81821033-2136	9	1	0	3	5
s2137	3x3xmd2	1	81821033-2137	9	1	0	4	0
s2138	3x3xmd2db	1	81821033-2138	9	1	0	4	1
s2139	3x3xmd2di	1	81821033-2139	9	1	0	4	2
s2140	3x3xmd2da	1	81821033-2140	9	1	0	4	3
s2141	3x3xmd2de	1	81821033-2141	9	1	0	4	4
s2142	3x3xmd2du	1	81821033-2142	9	1	0	4	5
s2143	3x3xm4	1	81821033-2143	9	1	0	5	0
s2144	3x3xm4db	1	81821033-2144	9	1	0	5	1
s2145	3x3xm4di	1	81821033-2145	9	1	0	5	2
s2146	3x3xm4da	1	81821033-2146	9	1	0	5	3
s2147	3x3xm4de	1	81821033-2147	9	1	0	5	4
s2148	3x3xm4du	1	81821033-2148	9	1	0	5	5
s2149	3x3xmd4	1	81821033-2149	9	1	0	6	0
s2150	3x3xmd4db	1	81821033-2150	9	1	0	6	1
s2151	3x3xmd4di	1	81821033-2151	9	1	0	6	2
s2152	3x3xmd4da	1	81821033-2152	9	1	0	6	3
s2153	3x3xmd4de	1	81821033-2153	9	1	0	6	4
s2154	3x3xmd4du	1	81821033-2154	9	1	0	6	5
s2155	3x3xm8	1	81821033-2155	9	1	0	7	0
s2156	3x3xm8db	1	81821033-2156	9	1	0	7	1
s2157	3x3xm8di	1	81821033-2157	9	1	0	7	2
s2158	3x3xm8da	1	81821033-2158	9	1	0	7	3
s2159	3x3xm8de	1	81821033-2159	9	1	0	7	4
s2160	3x3xm8du	1	81821033-2160	9	1	0	7	5
s2161	3x3xka	1	81821033-2161	9	1	1	0	0
s2162	3x3xkadb	1	81821033-2162	9	1	1	0	1
s2163	3x3xkadi	1	81821033-2163	9	1	1	0	2
s2164	3x3xkada	1	81821033-2164	9	1	1	0	3
s2165	3x3xkade	1	81821033-2165	9	1	1	0	4
s2166	3x3xkadu	1	81821033-2166	9	1	1	0	5
s2167	3x3xk	0	81821033-2167	9	1	1	1	0
s2168	3x3xkdb	0	81821033-2168	9	1	1	1	1
s2169	3x3xkdi	0	81821033-2169	9	1	1	1	2
s2170	3x3xkda	0	81821033-2170	9	1	1	1	3
s2171	3x3xkde	0	81821033-2171	9	1	1	1	4
s2172	3x3xkdu	0	81821033-2172	9	1	1	1	5
s2173	3x3xkr4	0	81821033-2173	9	1	1	2	0
s2174	3x3xkr4db	0	81821033-2174	9	1	1	2	1
s2175	3x3xkr4di	0	81821033-2175	9	1	1	2	2
s2176	3x3xkr4da	0	81821033-2176	9	1	1	2	3
s2177	3x3xkr4de	0	81821033-2177	9	1	1	2	4
s2178	3x3xkr4du	0	81821033-2178	9	1	1	2	5
s2179	3x3xkm2	0	81821033-2179	9	1	1	3	0
s2180	3x3xkm2db	0	81821033-2180	9	1	1	3	1
s2181	3x3xkm2di	0	81821033-2181	9	1	1	3	2
s2182	3x3xkm2da	0	81821033-2182	9	1	1	3	3
s2183	3x3xkm2de	0	81821033-2183	9	1	1	3	4
s2184	3x3xkm2du	0	81821033-2184	9	1	1	3	5
s2185	3x3xkmd2	0	81821033-2185	9	1	1	4	0
s2186	3x3xkmd2db	0	81821033-2186	9	1	1	4	1
s2187	3x3xkmd2di	0	81821033-2187	9	1	1	4	2
s2188	3x3xkmd2da	0	81821033-2188	9	1	1	4	3
s2189	3x3xkmd2de	0	81821033-2189	9	1	1	4	4
s2190	3x3xkmd2du	0	81821033-2190	9	1	1	4	5
s2191	3x3xkm4	0	81821033-2191	9	1	1	5	0
s2192	3x3xkm4db	0	81821033-2192	9	1	1	5	1
s2193	3x3xkm4di	0	81821033-2193	9	1	1	5	2
s2194	3x3xkm4da	0	81821033-2194	9	1	1	5	3
s2195	3x3xkm4de	0	81821033-2195	9	1	1	5	4
s2196	3x3xkm4du	0	81821033-2196	9	1	1	5	5
s2197	3x3xkmd4	0	81821033-2197	9	1	1	6	0
s2198	3x3xkmd4db	0	81821033-2198	9	1	1	6	1
s2199	3x3xkmd4di	0	81821033-2199	9	1	1	6	2
s2200	3x3xkmd4da	0	81821033-2200	9	1	1	6	3
s2201	3x3xkmd4de	0	81821033-2201	9	1	1	6	4
s2202	3x3xkmd4du	0	81821033-2202	9	1	1	6	5
s2203	3x3xkm8	0	81821033-2203	9	1	1	7	0
s2204	3x3xkm8db	0	81821033-2204	9	1	1	7	1
s2205	3x3xkm8di	0	81821033-2205	9	1	1	7	2
s2206	3x3xkm8da	0	81821033-2206	9	1	1	7	3
s2207	3x3xkm8de	0	81821033-2207	9	1	1	7	4
s2208	3x3xkm8du	0	81821033-2208	9	1	1	7	5
s2209	3x4a	1	81821033-2209	12	0	0	0	0
s2210	3x4adb	1	81821033-2210	12	0	0	0	1
s2211	3x4adi	1	81821033-2211	12	0	0	0	2
s2212	3x4ada	1	81821033-2212	12	0	0	0	3
s2213	3x4ade	1	81821033-2213	12	0	0	0	4
s2214	3x4adu	1	81821033-2214	12	0	0	0	5
s2215	3x4	1	81821033-2215	12	0	0	1	0
s2216	3x4db	1	81821033-2216	12	0	0	1	1
s2217	3x4di	1	81821033-2217	12	0	0	1	2
s2218	3x4da	1	81821033-2218	12	0	0	1	3
s2219	3x4de	1	81821033-2219	12	0	0	1	4
s2220	3x4du	1	81821033-2220	12	0	0	1	5
s2221	3x4r4	1	81821033-2221	12	0	0	2	0
s2222	3x4r4db	1	81821033-2222	12	0	0	2	1
s2223	3x4r4di	1	81821033-2223	12	0	0	2	2
s2224	3x4r4da	1	81821033-2224	12	0	0	2	3
s2225	3x4r4de	1	81821033-2225	12	0	0	2	4
s2226	3x4r4du	1	81821033-2226	12	0	0	2	5
s2227	3x4m2	1	81821033-2227	12	0	0	3	0
s2228	3x4m2db	1	81821033-2228	12	0	0	3	1
s2229	3x4m2di	1	81821033-2229	12	0	0	3	2
s2230	3x4m2da	1	81821033-2230	12	0	0	3	3
s2231	3x4m2de	1	81821033-2231	12	0	0	3	4
s2232	3x4m2du	1	81821033-2232	12	0	0	3	5
s2233	3x4md2	1	81821033-2233	12	0	0	4	0
s2234	3x4md2db	1	81821033-2234	12	0	0	4	1
s2235	3x4md2di	1	81821033-2235	12	0	0	4	2
s2236	3x4md2da	1	81821033-2236	12	0	0	4	3
s2237	3x4md2de	1	81821033-2237	12	0	0	4	4
s2238	3x4md2du	1	81821033-2238	12	0	0	4	5
s2239	3x4m4	1	81821033-2239	12	0	0	5	0
s2240	3x4m4db	1	81821033-2240	12	0	0	5	1
s2241	3x4m4di	1	81821033-2241	12	0	0	5	2
s2242	3x4m4da	1	81821033-2242	12	0	0	5	3
s2243	3x4m4de	1	81821033-2243	12	0	0	5	4
s2244	3x4m4du	1	81821033-2244	12	0	0	5	5
s2245	3x4md4	1	81821033-2245	12	0	0	6	0
s2246	3x4md4db	1	81821033-2246	12	0	0	6	1
s2247	3x4md4di	1	81821033-2247	12	0	0	6	2
s2248	3x4md4da	1	81821033-2248	12	0	0	6	3
s2249	3x4md4de	1	81821033-2249	12	0	0	6	4
s2250	3x4md4du	1	81821033-2250	12	0	0	6	5
s2251	3x4m8	1	81821033-2251	12	0	0	7	0
s2252	3x4m8db	1	81821033-2252	12	0	0	7	1
s2253	3x4m8di	1	81821033-2253	12	0	0	7	2
s2254	3x4m8da	1	81821033-2254	12	0	0	7	3
s2255	3x4m8de	1	81821033-2255	12	0	0	7	4
s2256	3x4m8du	1	81821033-2256	12	0	0	7	5
s2257	3x4xa	1	81821033-2257	12	1	0	0	0
s2258	3x4xadb	1	81821033-2258	12	1	0	0	1
s2259	3x4xadi	1	81821033-2259	12	1	0	0	2
s2260	3x4xada	1	81821033-2260	12	1	0	0	3
s2261	3x4xade	1	81821033-2261	12	1	0	0	4
s2262	3x4xadu	1	81821033-2262	12	1	0	0	5
s2263	3x4x	1	81821033-2263	12	1	0	1	0
s2264	3x4xdb	1	81821033-2264	12	1	0	1	1
s2265	3x4xdi	1	81821033-2265	12	1	0	1	2
s2266	3x4xda	1	81821033-2266	12	1	0	1	3
s2267	3x4xde	1	81821033-2267	12	1	0	1	4
s2268	3x4xdu	1	81821033-2268	12	1	0	1	5
s2269	3x4xr4	1	81821033-2269	12	1	0	2	0
s2270	3x4xr4db	1	81821033-2270	12	1	0	2	1
s2271	3x4xr4di	1	81821033-2271	12	1	0	2	2
s2272	3x4xr4da	1	81821033-2272	12	1	0	2	3
s2273	3x4xr4de	1	81821033-2273	12	1	0	2	4
s2274	3x4xr4du	1	81821033-2274	12	1	0	2	5
s2275	3x4xm2	1	81821033-2275	12	1	0	3	0
s2276	3x4xm2db	1	81821033-2276	12	1	0	3	1
s2277	3x4xm2di	1	81821033-2277	12	1	0	3	2
s2278	3x4xm2da	1	81821033-2278	12	1	0	3	3
s2279	3x4xm2de	1	81821033-2279	12	1	0	3	4
s2280	3x4xm2du	1	81821033-2280	12	1	0	3	5
s2281	3x4xmd2	1	81821033-2281	12	1	0	4	0
s2282	3x4xmd2db	1	81821033-2282	12	1	0	4	1
s2283	3x4xmd2di	1	81821033-2283	12	1	0	4	2
s2284	3x4xmd2da	1	81821033-2284	12	1	0	4	3
s2285	3x4xmd2de	1	81821033-2285	12	1	0	4	4
s2286	3x4xmd2du	1	81821033-2286	12	1	0	4	5
s2287	3x4xm4	1	81821033-2287	12	1	0	5	0
s2288	3x4xm4db	1	81821033-2288	12	1	0	5	1
s2289	3x4xm4di	1	81821033-2289	12	1	0	5	2
s2290	3x4xm4da	1	81821033-2290	12	1	0	5	3
s2291	3x4xm4de	1	81821033-2291	12	1	0	5	4
s2292	3x4xm4du	1	81821033-2292	12	1	0	5	5
s2293	3x4xmd4	1	81821033-2293	12	1	0	6	0
s2294	3x4xmd4db	1	81821033-2294	12	1	0	6	1
s2295	3x4xmd4di	1	81821033-2295	12	1	0	6	2
s2296	3x4xmd4da	1	81821033-2296	12	1	0	6	3
s2297	3x4xmd4de	1	81821033-2297	12	1	0	6	4
s2298	3x4xmd4du	1	81821033-2298	12	1	0	6	5
s2299	3x4xm8	1	81821033-2299	12	1	0	7	0
s2300	3x4xm8db	1	81821033-2300	12	1	0	7	1
s2301	3x4xm8di	1	81821033-2301	12	1	0	7	2
s2302	3x4xm8da	1	81821033-2302	12	1	0	7	3
s2303	3x4xm8de	1	81821033-2303	12	1	0	7	4
s2304	3x4xm8du	1	81821033-2304	12	1	0	7	5
s2305	3x5a	1	81821033-2305	15	0	0	0	0
s2306	3x5adb	1	81821033-2306	15	0	0	0	1
s2307	3x5adi	1	81821033-2307	15	0	0	0	2
s2308	3x5ada	1	81821033-2308	15	0	0	0	3
s2309	3x5ade	1	81821033-2309	15	0	0	0	4
s2310	3x5adu	1	81821033-2310	15	0	0	0	5
s2311	3x5	1	81821033-2311	15	0	0	1	0
s2312	3x5db	1	81821033-2312	15	0	0	1	1
s2313	3x5di	1	81821033-2313	15	0	0	1	2
s2314	3x5da	1	81821033-2314	15	0	0	1	3
s2315	3x5de	1	81821033-2315	15	0	0	1	4
s2316	3x5du	1	81821033-2316	15	0	0	1	5
s2317	3x5r4	1	81821033-2317	15	0	0	2	0
s2318	3x5r4db	1	81821033-2318	15	0	0	2	1
s2319	3x5r4di	1	81821033-2319	15	0	0	2	2
s2320	3x5r4da	1	81821033-2320	15	0	0	2	3
s2321	3x5r4de	1	81821033-2321	15	0	0	2	4
s2322	3x5r4du	1	81821033-2322	15	0	0	2	5
s2323	3x5m2	1	81821033-2323	15	0	0	3	0
s2324	3x5m2db	1	81821033-2324	15	0	0	3	1
s2325	3x5m2di	1	81821033-2325	15	0	0	3	2
s2326	3x5m2da	1	81821033-2326	15	0	0	3	3
s2327	3x5m2de	1	81821033-2327	15	0	0	3	4
s2328	3x5m2du	1	81821033-2328	15	0	0	3	5
s2329	3x5md2	1	81821033-2329	15	0	0	4	0
s2330	3x5md2db	1	81821033-2330	15	0	0	4	1
s2331	3x5md2di	1	81821033-2331	15	0	0	4	2
s2332	3x5md2da	1	81821033-2332	15	0	0	4	3
s2333	3x5md2de	1	81821033-2333	15	0	0	4	4
s2334	3x5md2du	1	81821033-2334	15	0	0	4	5
s2335	3x5m4	1	81821033-2335	15	0	0	5	0
s2336	3x5m4db	1	81821033-2336	15	0	0	5	1
s2337	3x5m4di	1	81821033-2337	15	0	0	5	2
s2338	3x5m4da	1	81821033-2338	15	0	0	5	3
s2339	3x5m4de	1	81821033-2339	15	0	0	5	4
s2340	3x5m4du	1	81821033-2340	15	0	0	5	5
s2341	3x5md4	1	81821033-2341	15	0	0	6	0
s2342	3x5md4db	1	81821033-2342	15	0	0	6	1
s2343	3x5md4di	1	81821033-2343	15	0	0	6	2
s2344	3x5md4da	1	81821033-2344	15	0	0	6	3
s2345	3x5md4de	1	81821033-2345	15	0	0	6	4
s2346	3x5md4du	1	81821033-2346	15	0	0	6	5
s2347	3x5m8	1	81821033-2347	15	0	0	7	0
s2348	3x5m8db	1	81821033-2348	15	0	0	7	1
s2349	3x5m8di	1	81821033-2349	15	0	0	7	2
s2350	3x5m8da	1	81821033-2350	15	0	0	7	3
s2351	3x5m8de	1	81821033-2351	15	0	0	7	4
s2352	3x5m8du	1	81821033-2352	15	0	0	7	5
s2353	3x5xa	1	81821033-2353	15	1	0	0	0
s2354	3x5xadb	1	81821033-2354	15	1	0	0	1
s2355	3x5xadi	1	81821033-2355	15	1	0	0	2
s2356	3x5xada	1	81821033-2356	15	1	0	0	3
s2357	3x5xade	1	81821033-2357	15	1	0	0	4
s2358	3x5xadu	1	81821033-2358	15	1	0	0	5
s2359	3x5x	1	81821033-2359	15	1	0	1	0
s2360	3x5xdb	1	81821033-2360	15	1	0	1	1
s2361	3x5xdi	1	81821033-2361	15	1	0	1	2
s2362	3x5xda	1	81821033-2362	15	1	0	1	3
s2363	3x5xde	1	81821033-2363	15	1	0	1	4
s2364	3x5xdu	1	81821033-2364	15	1	0	1	5
s2365	3x5xr4	1	81821033-2365	15	1	0	2	0
s2366	3x5xr4db	1	81821033-2366	15	1	0	2	1
s2367	3x5xr4di	1	81821033-2367	15	1	0	2	2
s2368	3x5xr4da	1	81821033-2368	15	1	0	2	3
s2369	3x5xr4de	1	81821033-2369	15	1	0	2	4
s2370	3x5xr4du	1	81821033-2370	15	1	0	2	5
s2371	3x5xm2	1	81821033-2371	15	1	0	3	0
s2372	3x5xm2db	1	81821033-2372	15	1	0	3	1
s2373	3x5xm2di	1	81821033-2373	15	1	0	3	2
s2374	3x5xm2da	1	81821033-2374	15	1	0	3	3
s2375	3x5xm2de	1	81821033-2375	15	1	0	3	4
s2376	3x5xm2du	1	81821033-2376	15	1	0	3	5
s2377	3x5xmd2	1	81821033-2377	15	1	0	4	0
s2378	3x5xmd2db	1	81821033-2378	15	1	0	4	1
s2379	3x5xmd2di	1	81821033-2379	15	1	0	4	2
s2380	3x5xmd2da	1	81821033-2380	15	1	0	4	3
s2381	3x5xmd2de	1	81821033-2381	15	1	0	4	4
s2382	3x5xmd2du	1	81821033-2382	15	1	0	4	5
s2383	3x5xm4	1	81821033-2383	15	1	0	5	0
s2384	3x5xm4db	1	81821033-2384	15	1	0	5	1
s2385	3x5xm4di	1	81821033-2385	15	1	0	5	2
s2386	3x5xm4da	1	81821033-2386	15	1	0	5	3
s2387	3x5xm4de	1	81821033-2387	15	1	0	5	4
s2388	3x5xm4du	1	81821033-2388	15	1	0	5	5
s2389	3x5xmd4	1	81821033-2389	15	1	0	6	0
s2390	3x5xmd4db	1	81821033-2390	15	1	0	6	1
s2391	3x5xmd4di	1	81821033-2391	15	1	0	6	2
s2392	3x5xmd4da	1	81821033-2392	15	1	0	6	3
s2393	3x5xmd4de	1	81821033-2393	15	1	0	6	4
s2394	3x5xmd4du	1	81821033-2394	15	1	0	6	5
s2395	3x5xm8	1	81821033-2395	15	1	0	7	0
s2396	3x5xm8db	1	81821033-2396	15	1	0	7	1
s2397	3x5xm8di	1	81821033-2397	15	1	0	7	2
s2398	3x5xm8da	1	81821033-2398	15	1	0	7	3
s2399	3x5xm8de	1	81821033-2399	15	1	0	7	4
s2400	3x5xm8du	1	81821033-2400	15	1	0	7	5
s2401	3x6a	1	81821033-2401	18	0	0	0	0
s2402	3x6adb	1	81821033-2402	18	0	0	0	1
s2403	3x6adi	1	81821033-2403	18	0	0	0	2
s2404	3x6ada	1	81821033-2404	18	0	0	0	3
s2405	3x6ade	0	81821033-2405	18	0	0	0	4
s2406	3x6adu	0	81821033-2406	18	0	0	0	5
s2407	3x6	1	81821033-2407	18	0	0	1	0
s2408	3x6db	1	81821033-2408	18	0	0	1	1
s2409	3x6di	1	81821033-2409	18	0	0	1	2
s2410	3x6da	1	81821033-2410	18	0	0	1	3
s2411	3x6de	0	81821033-2411	18	0	0	1	4
s2412	3x6du	0	81821033-2412	18	0	0	1	5
s2413	3x6r4	1	81821033-2413	18	0	0	2	0
s2414	3x6r4db	1	81821033-2414	18	0	0	2	1
s2415	3x6r4di	1	81821033-2415	18	0	0	2	2
s2416	3x6r4da	1	81821033-2416	18	0	0	2	3
s2417	3x6r4de	0	81821033-2417	18	0	0	2	4
s2418	3x6r4du	0	81821033-2418	18	0	0	2	5
s2419	3x6m2	1	81821033-2419	18	0	0	3	0
s2420	3x6m2db	1	81821033-2420	18	0	0	3	1
s2421	3x6m2di	1	81821033-2421	18	0	0	3	2
s2422	3x6m2da	1	81821033-2422	18	0	0	3	3
s2423	3x6m2de	0	81821033-2423	18	0	0	3	4
s2424	3x6m2du	0	81821033-2424	18	0	0	3	5
s2425	3x6md2	1	81821033-2425	18	0	0	4	0
s2426	3x6md2db	1	81821033-2426	18	0	0	4	1
s2427	3x6md2di	1	81821033-2427	18	0	0	4	2
s2428	3x6md2da	1	81821033-2428	18	0	0	4	3
s2429	3x6md2de	0	81821033-2429	18	0	0	4	4
s2430	3x6md2du	0	81821033-2430	18	0	0	4	5
s2431	3x6m4	1	81821033-2431	18	0	0	5	0
s2432	3x6m4db	1	81821033-2432	18	0	0	5	1
s2433	3x6m4di	1	81821033-2433	18	0	0	5	2
s2434	3x6m4da	1	81821033-2434	18	0	0	5	3
s2435	3x6m4de	0	81821033-2435	18	0	0	5	4
s2436	3x6m4du	0	81821033-2436	18	0	0	5	5
s2437	3x6md4	1	81821033-2437	18	0	0	6	0
s2438	3x6md4db	1	81821033-2438	18	0	0	6	1
s2439	3x6md4di	1	81821033-2439	18	0	0	6	2
s2440	3x6md4da	1	81821033-2440	18	0	0	6	3
s2441	3x6md4de	0	81821033-2441	18	0	0	6	4
s2442	3x6md4du	0	81821033-2442	18	0	0	6	5
s2443	3x6m8	1	81821033-2443	18	0	0	7	0
s2444	3x6m8db	1	81821033-2444	18	0	0	7	1
s2445	3x6m8di	1	81821033-2445	18	0	0	7	2
s2446	3x6m8da	1	81821033-2446	18	0	0	7	3
s2447	3x6m8de	0	81821033-2447	18	0	0	7	4
s2448	3x6m8du	0	81821033-2448	18	0	0	7	5
s2449	3x6xa	1	81821033-2449	18	1	0	0	0
s2450	3x6xadb	1	81821033-2450	18	1	0	0	1
s2451	3x6xadi	1	81821033-2451	18	1	0	0	2
s2452	3x6xada	1	81821033-2452	18	1	0	0	3
s2453	3x6xade	0	81821033-2453	18	1	0	0	4
s2454	3x6xadu	0	81821033-2454	18	1	0	0	5
s2455	3x6x	1	81821033-2455	18	1	0	1	0
s2456	3x6xdb	1	81821033-2456	18	1	0	1	1
s2457	3x6xdi	1	81821033-2457	18	1	0	1	2
s2458	3x6xda	1	81821033-2458	18	1	0	1	3
s2459	3x6xde	0	81821033-2459	18	1	0	1	4
s2460	3x6xdu	0	81821033-2460	18	1	0	1	5
s2461	3x6xr4	1	81821033-2461	18	1	0	2	0
s2462	3x6xr4db	1	81821033-2462	18	1	0	2	1
s2463	3x6xr4di	1	81821033-2463	18	1	0	2	2
s2464	3x6xr4da	1	81821033-2464	18	1	0	2	3
s2465	3x6xr4de	0	81821033-2465	18	1	0	2	4
s2466	3x6xr4du	0	81821033-2466	18	1	0	2	5
s2467	3x6xm2	1	81821033-2467	18	1	0	3	0
s2468	3x6xm2db	1	81821033-2468	18	1	0	3	1
s2469	3x6xm2di	1	81821033-2469	18	1	0	3	2
s2470	3x6xm2da	1	81821033-2470	18	1	0	3	3
s2471	3x6xm2de	0	81821033-2471	18	1	0	3	4
s2472	3x6xm2du	0	81821033-2472	18	1	0	3	5
s2473	3x6xmd2	1	81821033-2473	18	1	0	4	0
s2474	3x6xmd2db	1	81821033-2474	18	1	0	4	1
s2475	3x6xmd2di	1	81821033-2475	18	1	0	4	2
s2476	3x6xmd2da	1	81821033-2476	18	1	0	4	3
s2477	3x6xmd2de	0	81821033-2477	18	1	0	4	4
s2478	3x6xmd2du	0	81821033-2478	18	1	0	4	5
s2479	3x6xm4	1	81821033-2479	18	1	0	5	0
s2480	3x6xm4db	1	81821033-2480	18	1	0	5	1
s2481	3x6xm4di	1	81821033-2481	18	1	0	5	2
s2482	3x6xm4da	1	81821033-2482	18	1	0	5	3
s2483	3x6xm4de	0	81821033-2483	18	1	0	5	4
s2484	3x6xm4du	0	81821033-2484	18	1	0	5	5
s2485	3x6xmd4	1	81821033-2485	18	1	0	6	0
s2486	3x6xmd4db	1	81821033-2486	18	1	0	6	1
s2487	3x6xmd4di	1	81821033-2487	18	1	0	6	2
s2488	3x6xmd4da	1	81821033-2488	18	1	0	6	3
s2489	3x6xmd4de	0	81821033-2489	18	1	0	6	4
s2490	3x6xmd4du	0	81821033-2490	18	1	0	6	5
s2491	3x6xm8	1	81821033-2491	18	1	0	7	0
s2492	3x6xm8db	1	81821033-2492	18	1	0	7	1
s2493	3x6xm8di	1	81821033-2493	18	1	0	7	2
s2494	3x6xm8da	1	81821033-2494	18	1	0	7	3
s2495	3x6xm8de	0	81821033-2495	18	1	0	7	4
s2496	3x6xm8du	0	81821033-2496	18	1	0	7	5
s2497	3x7a	1	81821033-2497	21	0	0	0	0
s2498	3x7adb	1	81821033-2498	21	0	0	0	1
s2499	3x7adi	1	81821033-2499	21	0	0	0	2
s2500	3x7ada	1	81821033-2500	21	0	0	0	3
s2501	3x7ade	0	81821033-2501	21	0	0	0	4
s2502	3x7adu	0	81821033-2502	21	0	0	0	5
s2503	3x7	1	81821033-2503	21	0	0	1	0
s2504	3x7db	1	81821033-2504	21	0	0	1	1
s2505	3x7di	1	81821033-2505	21	0	0	1	2
s2506	3x7da	1	81821033-2506	21	0	0	1	3
s2507	3x7de	0	81821033-2507	21	0	0	1	4
s2508	3x7du	0	81821033-2508	21	0	0	1	5
s2509	3x7r4	1	81821033-2509	21	0	0	2	0
s2510	3x7r4db	1	81821033-2510	21	0	0	2	1
s2511	3x7r4di	1	81821033-2511	21	0	0	2	2
s2512	3x7r4da	1	81821033-2512	21	0	0	2	3
s2513	3x7r4de	0	81821033-2513	21	0	0	2	4
s2514	3x7r4du	0	81821033-2514	21	0	0	2	5
s2515	3x7m2	1	81821033-2515	21	0	0	3	0
s2516	3x7m2db	1	81821033-2516	21	0	0	3	1
s2517	3x7m2di	1	81821033-2517	21	0	0	3	2
s2518	3x7m2da	1	81821033-2518	21	0	0	3	3
s2519	3x7m2de	0	81821033-2519	21	0	0	3	4
s2520	3x7m2du	0	81821033-2520	21	0	0	3	5
s2521	3x7md2	1	81821033-2521	21	0	0	4	0
s2522	3x7md2db	1	81821033-2522	21	0	0	4	1
s2523	3x7md2di	1	81821033-2523	21	0	0	4	2
s2524	3x7md2da	1	81821033-2524	21	0	0	4	3
s2525	3x7md2de	0	81821033-2525	21	0	0	4	4
s2526	3x7md2du	0	81821033-2526	21	0	0	4	5
s2527	3x7m4	1	81821033-2527	21	0	0	5	0
s2528	3x7m4db	1	81821033-2528	21	0	0	5	1
s2529	3x7m4di	1	81821033-2529	21	0	0	5	2
s2530	3x7m4da	1	81821033-2530	21	0	0	5	3
s2531	3x7m4de	0	81821033-2531	21	0	0	5	4
s2532	3x7m4du	0	81821033-2532	21	0	0	5	5
s2533	3x7md4	1	81821033-2533	21	0	0	6	0
s2534	3x7md4db	1	81821033-2534	21	0	0	6	1
s2535	3x7md4di	1	81821033-2535	21	0	0	6	2
s2536	3x7md4da	1	81821033-2536	21	0	0	6	3
s2537	3x7md4de	0	81821033-2537	21	0	0	6	4
s2538	3x7md4du	0	81821033-2538	21	0	0	6	5
s2539	3x7m8	1	81821033-2539	21	0	0	7	0
s2540	3x7m8db	1	81821033-2540	21	0	0	7	1
s2541	3x7m8di	1	81821033-2541	21	0	0	7	2
s2542	3x7m8da	1	81821033-2542	21	0	0	7	3
s2543	3x7m8de	0	81821033-2543	21	0	0	7	4
s2544	3x7m8du	0	81821033-2544	21	0	0	7	5
s2545	3x7xa	1	81821033-2545	21	1	0	0	0
s2546	3x7xadb	1	81821033-2546	21	1	0	0	1
s2547	3x7xadi	1	81821033-2547	21	1	0	0	2
s2548	3x7xada	1	81821033-2548	21	1	0	0	3
s2549	3x7xade	0	81821033-2549	21	1	0	0	4
s2550	3x7xadu	0	81821033-2550	21	1	0	0	5
s2551	3x7x	1	81821033-2551	21	1	0	1	0
s2552	3x7xdb	1	81821033-2552	21	1	0	1	1
s2553	3x7xdi	1	81821033-2553	21	1	0	1	2
s2554	3x7xda	1	81821033-2554	21	1	0	1	3
s2555	3x7xde	0	81821033-2555	21	1	0	1	4
s2556	3x7xdu	0	81821033-2556	21	1	0	1	5
s2557	3x7xr4	1	81821033-2557	21	1	0	2	0
s2558	3x7xr4db	1	81821033-2558	21	1	0	2	1
s2559	3x7xr4di	1	81821033-2559	21	1	0	2	2
s2560	3x7xr4da	1	81821033-2560	21	1	0	2	3
s2561	3x7xr4de	0	81821033-2561	21	1	0	2	4
s2562	3x7xr4du	0	81821033-2562	21	1	0	2	5
s2563	3x7xm2	1	81821033-2563	21	1	0	3	0
s2564	3x7xm2db	1	81821033-2564	21	1	0	3	1
s2565	3x7xm2di	1	81821033-2565	21	1	0	3	2
s2566	3x7xm2da	1	81821033-2566	21	1	0	3	3
s2567	3x7xm2de	0	81821033-2567	21	1	0	3	4
s2568	3x7xm2du	0	81821033-2568	21	1	0	3	5
s2569	3x7xmd2	1	81821033-2569	21	1	0	4	0
s2570	3x7xmd2db	1	81821033-2570	21	1	0	4	1
s2571	3x7xmd2di	1	81821033-2571	21	1	0	4	2
s2572	3x7xmd2da	1	81821033-2572	21	1	0	4	3
s2573	3x7xmd2de	0	81821033-2573	21	1	0	4	4
s2574	3x7xmd2du	0	81821033-2574	21	1	0	4	5
s2575	3x7xm4	1	81821033-2575	21	1	0	5	0
s2576	3x7xm4db	1	81821033-2576	21	1	0	5	1
s2577	3x7xm4di	1	81821033-2577	21	1	0	5	2
s2578	3x7xm4da	1	81821033-2578	21	1	0	5	3
s2579	3x7xm4de	0	81821033-2579	21	1	0	5	4
s2580	3x7xm4du	0	81821033-2580	21	1	0	5	5
s2581	3x7xmd4	1	81821033-2581	21	1	0	6	0
s2582	3x7xmd4db	1	81821033-2582	21	1	0	6	1
s2583	3x7xmd4di	1	81821033-2583	21	1	0	6	2
s2584	3x7xmd4da	1	81821033-2584	21	1	0	6	3
s2585	3x7xmd4de	0	81821033-2585	21	1	0	6	4
s2586	3x7xmd4du	0	81821033-2586	21	1	0	6	5
s2587	3x7xm8	1	81821033-2587	21	1	0	7	0
s2588	3x7xm8db	1	81821033-2588	21	1	0	7	1
s2589	3x7xm8di	1	81821033-2589	21	1	0	7	2
s2590	3x7xm8da	1	81821033-2590	21	1	0	7	3
s2591	3x7xm8de	0	81821033-2591	21	1	0	7	4
s2592	3x7xm8du	0	81821033-2592	21	1	0	7	5
s2593	3x8a	1	81821033-2593	24	0	0	0	0
s2594	3x8adb	1	81821033-2594	24	0	0	0	1
s2595	3x8adi	1	81821033-2595	24	0	0	0	2
s2596	3x8ada	1	81821033-2596	24	0	0	0	3
s2597	3x8ade	0	81821033-2597	24	0	0	0	4
s2598	3x8adu	0	81821033-2598	24	0	0	0	5
s2599	3x8	1	81821033-2599	24	0	0	1	0
s2600	3x8db	1	81821033-2600	24	0	0	1	1
s2601	3x8di	1	81821033-2601	24	0	0	1	2
s2602	3x8da	1	81821033-2602	24	0	0	1	3
s2603	3x8de	0	81821033-2603	24	0	0	1	4
s2604	3x8du	0	81821033-2604	24	0	0	1	5
s2605	3x8r4	1	81821033-2605	24	0	0	2	0
s2606	3x8r4db	1	81821033-2606	24	0	0	2	1
s2607	3x8r4di	1	81821033-2607	24	0	0	2	2
s2608	3x8r4da	1	81821033-2608	24	0	0	2	3
s2609	3x8r4de	0	81821033-2609	24	0	0	2	4
s2610	3x8r4du	0	81821033-2610	24	0	0	2	5
s2611	3x8m2	1	81821033-2611	24	0	0	3	0
s2612	3x8m2db	1	81821033-2612	24	0	0	3	1
s2613	3x8m2di	1	81821033-2613	24	0	0	3	2
s2614	3x8m2da	1	81821033-2614	24	0	0	3	3
s2615	3x8m2de	0	81821033-2615	24	0	0	3	4
s2616	3x8m2du	0	81821033-2616	24	0	0	3	5
s2617	3x8md2	1	81821033-2617	24	0	0	4	0
s2618	3x8md2db	1	81821033-2618	24	0	0	4	1
s2619	3x8md2di	1	81821033-2619	24	0	0	4	2
s2620	3x8md2da	1	81821033-2620	24	0	0	4	3
s2621	3x8md2de	0	81821033-2621	24	0	0	4	4
s2622	3x8md2du	0	81821033-2622	24	0	0	4	5
s2623	3x8m4	1	81821033-2623	24	0	0	5	0
s2624	3x8m4db	1	81821033-2624	24	0	0	5	1
s2625	3x8m4di	1	81821033-2625	24	0	0	5	2
s2626	3x8m4da	1	81821033-2626	24	0	0	5	3
s2627	3x8m4de	0	81821033-2627	24	0	0	5	4
s2628	3x8m4du	0	81821033-2628	24	0	0	5	5
s2629	3x8md4	1	81821033-2629	24	0	0	6	0
s2630	3x8md4db	1	81821033-2630	24	0	0	6	1
s2631	3x8md4di	1	81821033-2631	24	0	0	6	2
s2632	3x8md4da	1	81821033-2632	24	0	0	6	3
s2633	3x8md4de	0	81821033-2633	24	0	0	6	4
s2634	3x8md4du	0	81821033-2634	24	0	0	6	5
s2635	3x8m8	1	81821033-2635	24	0	0	7	0
s2636	3x8m8db	1	81821033-2636	24	0	0	7	1
s2637	3x8m8di	1	81821033-2637	24	0	0	7	2
s2638	3x8m8da	1	81821033-2638	24	0	0	7	3
s2639	3x8m8de	0	81821033-2639	24	0	0	7	4
s2640	3x8m8du	0	81821033-2640	24	0	0	7	5
s2641	3x8xa	1	81821033-2641	24	1	0	0	0
s2642	3x8xadb	1	81821033-2642	24	1	0	0	1
s2643	3x8xadi	1	81821033-2643	24	1	0	0	2
s2644	3x8xada	1	81821033-2644	24	1	0	0	3
s2645	3x8xade	0	81821033-2645	24	1	0	0	4
s2646	3x8xadu	0	81821033-2646	24	1	0	0	5
s2647	3x8x	1	81821033-2647	24	1	0	1	0
s2648	3x8xdb	1	81821033-2648	24	1	0	1	1
s2649	3x8xdi	1	81821033-2649	24	1	0	1	2
s2650	3x8xda	1	81821033-2650	24	1	0	1	3
s2651	3x8xde	0	81821033-2651	24	1	0	1	4
s2652	3x8xdu	0	81821033-2652	24	1	0	1	5
s2653	3x8xr4	1	81821033-2653	24	1	0	2	0
s2654	3x8xr4db	1	81821033-2654	24	1	0	2	1
s2655	3x8xr4di	1	81821033-2655	24	1	0	2	2
s2656	3x8xr4da	1	81821033-2656	24	1	0	2	3
s2657	3x8xr4de	0	81821033-2657	24	1	0	2	4
s2658	3x8xr4du	0	81821033-2658	24	1	0	2	5
s2659	3x8xm2	1	81821033-2659	24	1	0	3	0
s2660	3x8xm2db	1	81821033-2660	24	1	0	3	1
s2661	3x8xm2di	1	81821033-2661	24	1	0	3	2
s2662	3x8xm2da	1	81821033-2662	24	1	0	3	3
s2663	3x8xm2de	0	81821033-2663	24	1	0	3	4
s2664	3x8xm2du	0	81821033-2664	24	1	0	3	5
s2665	3x8xmd2	1	81821033-2665	24	1	0	4	0
s2666	3x8xmd2db	1	81821033-2666	24	1	0	4	1
s2667	3x8xmd2di	1	81821033-2667	24	1	0	4	2
s2668	3x8xmd2da	1	81821033-2668	24	1	0	4	3
s2669	3x8xmd2de	0	81821033-2669	24	1	0	4	4
s2670	3x8xmd2du	0	81821033-2670	24	1	0	4	5
s2671	3x8xm4	1	81821033-2671	24	1	0	5	0
s2672	3x8xm4db	1	81821033-2672	24	1	0	5	1
s2673	3x8xm4di	1	81821033-2673	24	1	0	5	2
s2674	3x8xm4da	1	81821033-2674	24	1	0	5	3
s2675	3x8xm4de	0	81821033-2675	24	1	0	5	4
s2676	3x8xm4du	0	81821033-2676	24	1	0	5	5
s2677	3x8xmd4	1	81821033-2677	24	1	0	6	0
s2678	3x8xmd4db	1	81821033-2678	24	1	0	6	1
s2679	3x8xmd4di	1	81821033-2679	24	1	0	6	2
s2680	3x8xmd4da	1	81821033-2680	24	1	0	6	3
s2681	3x8xmd4de	0	81821033-2681	24	1	0	6	4
s2682	3x8xmd4du	0	81821033-2682	24	1	0	6	5
s2683	3x8xm8	1	81821033-2683	24	1	0	7	0
s2684	3x8xm8db	1	81821033-2684	24	1	0	7	1
s2685	3x8xm8di	1	81821033-2685	24	1	0	7	2
s2686	3x8xm8da	1	81821033-2686	24	1	0	7	3
s2687	3x8xm8de	0	81821033-2687	24	1	0	7	4
s2688	3x8xm8du	0	81821033-2688	24	1	0	7	5
s2689	3x9a	1	81821033-2689	27	0	0	0	0
s2690	3x9adb	1	81821033-2690	27	0	0	0	1
s2691	3x9adi	0	81821033-2691	27	0	0	0	2
s2692	3x9ada	0	81821033-2692	27	0	0	0	3
s2693	3x9ade	0	81821033-2693	27	0	0	0	4
s2694	3x9adu	0	81821033-2694	27	0	0	0	5
s2695	3x9	1	81821033-2695	27	0	0	1	0
s2696	3x9db	1	81821033-2696	27	0	0	1	1
s2697	3x9di	0	81821033-2697	27	0	0	1	2
s2698	3x9da	0	81821033-2698	27	0	0	1	3
s2699	3x9de	0	81821033-2699	27	0	0	1	4
s2700	3x9du	0	81821033-2700	27	0	0	1	5
s2701	3x9r4	1	81821033-2701	27	0	0	2	0
s2702	3x9r4db	1	81821033-2702	27	0	0	2	1
s2703	3x9r4di	0	81821033-2703	27	0	0	2	2
s2704	3x9r4da	0	81821033-2704	27	0	0	2	3
s2705	3x9r4de	0	81821033-2705	27	0	0	2	4
s2706	3x9r4du	0	81821033-2706	27	0	0	2	5
s2707	3x9m2	1	81821033-2707	27	0	0	3	0
s2708	3x9m2db	1	81821033-2708	27	0	0	3	1
s2709	3x9m2di	0	81821033-2709	27	0	0	3	2
s2710	3x9m2da	0	81821033-2710	27	0	0	3	3
s2711	3x9m2de	0	81821033-2711	27	0	0	3	4
s2712	3x9m2du	0	81821033-2712	27	0	0	3	5
s2713	3x9md2	1	81821033-2713	27	0	0	4	0
s2714	3x9md2db	1	81821033-2714	27	0	0	4	1
s2715	3x9md2di	0	81821033-2715	27	0	0	4	2
s2716	3x9md2da	0	81821033-2716	27	0	0	4	3
s2717	3x9md2de	0	81821033-2717	27	0	0	4	4
s2718	3x9md2du	0	81821033-2718	27	0	0	4	5
s2719	3x9m4	1	81821033-2719	27	0	0	5	0
s2720	3x9m4db	1	81821033-2720	27	0	0	5	1
s2721	3x9m4di	0	81821033-2721	27	0	0	5	2
s2722	3x9m4da	0	81821033-2722	27	0	0	5	3
s2723	3x9m4de	0	81821033-2723	27	0	0	5	4
s2724	3x9m4du	0	81821033-2724	27	0	0	5	5
s2725	3x9md4	1	81821033-2725	27	0	0	6	0
s2726	3x9md4db	1	81821033-2726	27	0	0	6	1
s2727	3x9md4di	0	81821033-2727	27	0	0	6	2
s2728	3x9md4da	0	81821033-2728	27	0	0	6	3
s2729	3x9md4de	0	81821033-2729	27	0	0	6	4
s2730	3x9md4du	0	81821033-2730	27	0	0	6	5
s2731	3x9m8	1	81821033-2731	27	0	0	7	0
s2732	3x9m8db	1	81821033-2732	27	0	0	7	1
s2733	3x9m8di	0	81821033-2733	27	0	0	7	2
s2734	3x9m8da	0	81821033-2734	27	0	0	7	3
s2735	3x9m8de	0	81821033-2735	27	0	0	7	4
s2736	3x9m8du	0	81821033-2736	27	0	0	7	5
s2737	3x9xa	1	81821033-2737	27	1	0	0	0
s2738	3x9xadb	1	81821033-2738	27	1	0	0	1
s2739	3x9xadi	0	81821033-2739	27	1	0	0	2
s2740	3x9xada	0	81821033-2740	27	1	0	0	3
s2741	3x9xade	0	81821033-2741	27	1	0	0	4
s2742	3x9xadu	0	81821033-2742	27	1	0	0	5
s2743	3x9x	1	81821033-2743	27	1	0	1	0
s2744	3x9xdb	1	81821033-2744	27	1	0	1	1
s2745	3x9xdi	0	81821033-2745	27	1	0	1	2
s2746	3x9xda	0	81821033-2746	27	1	0	1	3
s2747	3x9xde	0	81821033-2747	27	1	0	1	4
s2748	3x9xdu	0	81821033-2748	27	1	0	1	5
s2749	3x9xr4	1	81821033-2749	27	1	0	2	0
s2750	3x9xr4db	1	81821033-2750	27	1	0	2	1
s2751	3x9xr4di	0	81821033-2751	27	1	0	2	2
s2752	3x9xr4da	0	81821033-2752	27	1	0	2	3
s2753	3x9xr4de	0	81821033-2753	27	1	0	2	4
s2754	3x9xr4du	0	81821033-2754	27	1	0	2	5
s2755	3x9xm2	1	81821033-2755	27	1	0	3	0
s2756	3x9xm2db	1	81821033-2756	27	1	0	3	1
s2757	3x9xm2di	0	81821033-2757	27	1	0	3	2
s2758	3x9xm2da	0	81821033-2758	27	1	0	3	3
s2759	3x9xm2de	0	81821033-2759	27	1	0	3	4
s2760	3x9xm2du	0	81821033-2760	27	1	0	3	5
s2761	3x9xmd2	1	81821033-2761	27	1	0	4	0
s2762	3x9xmd2db	1	81821033-2762	27	1	0	4	1
s2763	3x9xmd2di	0	81821033-2763	27	1	0	4	2
s2764	3x9xmd2da	0	81821033-2764	27	1	0	4	3
s2765	3x9xmd2de	0	81821033-2765	27	1	0	4	4
s2766	3x9xmd2du	0	81821033-2766	27	1	0	4	5
s2767	3x9xm4	1	81821033-2767	27	1	0	5	0
s2768	3x9xm4db	1	81821033-2768	27	1	0	5	1
s2769	3x9xm4di	0	81821033-2769	27	1	0	5	2
s2770	3x9xm4da	0	81821033-2770	27	1	0	5	3
s2771	3x9xm4de	0	81821033-2771	27	1	0	5	4
s2772	3x9xm4du	0	81821033-2772	27	1	0	5	5
s2773	3x9xmd4	1	81821033-2773	27	1	0	6	0
s2774	3x9xmd4db	1	81821033-2774	27	1	0	6	1
s2775	3x9xmd4di	0	81821033-2775	27	1	0	6	2
s2776	3x9xmd4da	0	81821033-2776	27	1	0	6	3
s2777	3x9xmd4de	0	81821033-2777	27	1	0	6	4
s2778	3x9xmd4du	0	81821033-2778	27	1	0	6	5
s2779	3x9xm8	1	81821033-2779	27	1	0	7	0
s2780	3x9xm8db	1	81821033-2780	27	1	0	7	1
s2781	3x9xm8di	0	81821033-2781	27	1	0	7	2
s2782	3x9xm8da	0	81821033-2782	27	1	0	7	3
s2783	3x9xm8de	0	81821033-2783	27	1	0	7	4
s2784	3x9xm8du	0	81821033-2784	27	1	0	7	5
s2785	3x10a	1	81821033-2785	30	0	0	0	0
s2786	3x10adb	1	81821033-2786	30	0	0	0	1
s2787	3x10adi	0	81821033-2787	30	0	0	0	2
s2788	3x10ada	0	81821033-2788	30	0	0	0	3
s2789	3x10ade	0	81821033-2789	30	0	0	0	4
s2790	3x10adu	0	81821033-2790	30	0	0	0	5
s2791	3x10	1	81821033-2791	30	0	0	1	0
s2792	3x10db	1	81821033-2792	30	0	0	1	1
s2793	3x10di	0	81821033-2793	30	0	0	1	2
s2794	3x10da	0	81821033-2794	30	0	0	1	3
s2795	3x10de	0	81821033-2795	30	0	0	1	4
s2796	3x10du	0	81821033-2796	30	0	0	1	5
s2797	3x10r4	1	81821033-2797	30	0	0	2	0
s2798	3x10r4db	1	81821033-2798	30	0	0	2	1
s2799	3x10r4di	0	81821033-2799	30	0	0	2	2
s2800	3x10r4da	0	81821033-2800	30	0	0	2	3
s2801	3x10r4de	0	81821033-2801	30	0	0	2	4
s2802	3x10r4du	0	81821033-2802	30	0	0	2	5
s2803	3x10m2	1	81821033-2803	30	0	0	3	0
s2804	3x10m2db	1	81821033-2804	30	0	0	3	1
s2805	3x10m2di	0	81821033-2805	30	0	0	3	2
s2806	3x10m2da	0	81821033-2806	30	0	0	3	3
s2807	3x10m2de	0	81821033-2807	30	0	0	3	4
s2808	3x10m2du	0	81821033-2808	30	0	0	3	5
s2809	3x10md2	1	81821033-2809	30	0	0	4	0
s2810	3x10md2db	1	81821033-2810	30	0	0	4	1
s2811	3x10md2di	0	81821033-2811	30	0	0	4	2
s2812	3x10md2da	0	81821033-2812	30	0	0	4	3
s2813	3x10md2de	0	81821033-2813	30	0	0	4	4
s2814	3x10md2du	0	81821033-2814	30	0	0	4	5
s2815	3x10m4	1	81821033-2815	30	0	0	5	0
s2816	3x10m4db	1	81821033-2816	30	0	0	5	1
s2817	3x10m4di	0	81821033-2817	30	0	0	5	2
s2818	3x10m4da	0	81821033-2818	30	0	0	5	3
s2819	3x10m4de	0	81821033-2819	30	0	0	5	4
s2820	3x10m4du	0	81821033-2820	30	0	0	5	5
s2821	3x10md4	1	81821033-2821	30	0	0	6	0
s2822	3x10md4db	1	81821033-2822	30	0	0	6	1
s2823	3x10md4di	0	81821033-2823	30	0	0	6	2
s2824	3x10md4da	0	81821033-2824	30	0	0	6	3
s2825	3x10md4de	0	81821033-2825	30	0	0	6	4
s2826	3x10md4du	0	81821033-2826	30	0	0	6	5
s2827	3x10m8	1	81821033-2827	30	0	0	7	0
s2828	3x10m8db	1	81821033-2828	30	0	0	7	1
s2829	3x10m8di	0	81821033-2829	30	0	0	7	2
s2830	3x10m8da	0	81821033-2830	30	0	0	7	3
s2831	3x10m8de	0	81821033-2831	30	0	0	7	4
s2832	3x10m8du	0	81821033-2832	30	0	0	7	5
s2833	3x10xa	1	81821033-2833	30	1	0	0	0
s2834	3x10xadb	1	81821033-2834	30	1	0	0	1
s2835	3x10xadi	0	81821033-2835	30	1	0	0	2
s2836	3x10xada	0	81821033-2836	30	1	0	0	3
s2837	3x10xade	0	81821033-2837	30	1	0	0	4
s2838	3x10xadu	0	81821033-2838	30	1	0	0	5
s2839	3x10x	1	81821033-2839	30	1	0	1	0
s2840	3x10xdb	1	81821033-2840	30	1	0	1	1
s2841	3x10xdi	0	81821033-2841	30	1	0	1	2
s2842	3x10xda	0	81821033-2842	30	1	0	1	3
s2843	3x10xde	0	81821033-2843	30	1	0	1	4
s2844	3x10xdu	0	81821033-2844	30	1	0	1	5
s2845	3x10xr4	1	81821033-2845	30	1	0	2	0
s2846	3x10xr4db	1	81821033-2846	30	1	0	2	1
s2847	3x10xr4di	0	81821033-2847	30	1	0	2	2
s2848	3x10xr4da	0	81821033-2848	30	1	0	2	3
s2849	3x10xr4de	0	81821033-2849	30	1	0	2	4
s2850	3x10xr4du	0	81821033-2850	30	1	0	2	5
s2851	3x10xm2	1	81821033-2851	30	1	0	3	0
s2852	3x10xm2db	1	81821033-2852	30	1	0	3	1
s2853	3x10xm2di	0	81821033-2853	30	1	0	3	2
s2854	3x10xm2da	0	81821033-2854	30	1	0	3	3
s2855	3x10xm2de	0	81821033-2855	30	1	0	3	4
s2856	3x10xm2du	0	81821033-2856	30	1	0	3	5
s2857	3x10xmd2	1	81821033-2857	30	1	0	4	0
s2858	3x10xmd2db	1	81821033-2858	30	1	0	4	1
s2859	3x10xmd2di	0	81821033-2859	30	1	0	4	2
s2860	3x10xmd2da	0	81821033-2860	30	1	0	4	3
s2861	3x10xmd2de	0	81821033-2861	30	1	0	4	4
s2862	3x10xmd2du	0	81821033-2862	30	1	0	4	5
s2863	3x10xm4	1	81821033-2863	30	1	0	5	0
s2864	3x10xm4db	1	81821033-2864	30	1	0	5	1
s2865	3x10xm4di	0	81821033-2865	30	1	0	5	2
s2866	3x10xm4da	0	81821033-2866	30	1	0	5	3
s2867	3x10xm4de	0	81821033-2867	30	1	0	5	4
s2868	3x10xm4du	0	81821033-2868	30	1	0	5	5
s2869	3x10xmd4	1	81821033-2869	30	1	0	6	0
s2870	3x10xmd4db	1	81821033-2870	30	1	0	6	1
s2871	3x10xmd4di	0	81821033-2871	30	1	0	6	2
s2872	3x10xmd4da	0	81821033-2872	30	1	0	6	3
s2873	3x10xmd4de	0	81821033-2873	30	1	0	6	4
s2874	3x10xmd4du	0	81821033-2874	30	1	0	6	5
s2875	3x10xm8	1	81821033-2875	30	1	0	7	0
s2876	3x10xm8db	1	81821033-2876	30	1	0	7	1
s2877	3x10xm8di	0	81821033-2877	30	1	0	7	2
s2878	3x10xm8da	0	81821033-2878	30	1	0	7	3
s2879	3x10xm8de	0	81821033-2879	30	1	0	7	4
s2880	3x10xm8du	0	81821033-2880	30	1	0	7	5
s2881	4ja	1	81821033-2881	4	0	0	0	0
s2882	4jadb	1	81821033-2882	4	0	0	0	1
s2883	4jadi	1	81821033-2883	4	0	0	0	2
s2884	4jada	1	81821033-2884	4	0	0	0	3
s2885	4jade	1	81821033-2885	4	0	0	0	4
s2886	4jadu	1	81821033-2886	4	0	0	0	5
s2887	4j	1	81821033-2887	4	0	0	1	0
s2888	4jdb	1	81821033-2888	4	0	0	1	1
s2889	4jdi	1	81821033-2889	4	0	0	1	2
s2890	4jda	1	81821033-2890	4	0	0	1	3
s2891	4jde	1	81821033-2891	4	0	0	1	4
s2892	4jdu	1	81821033-2892	4	0	0	1	5
s2893	4jr4	1	81821033-2893	4	0	0	2	0
s2894	4jr4db	1	81821033-2894	4	0	0	2	1
s2895	4jr4di	1	81821033-2895	4	0	0	2	2
s2896	4jr4da	1	81821033-2896	4	0	0	2	3
s2897	4jr4de	1	81821033-2897	4	0	0	2	4
s2898	4jr4du	1	81821033-2898	4	0	0	2	5
s2899	4jm2	1	81821033-2899	4	0	0	3	0
s2900	4jm2db	1	81821033-2900	4	0	0	3	1
s2901	4jm2di	1	81821033-2901	4	0	0	3	2
s2902	4jm2da	1	81821033-2902	4	0	0	3	3
s2903	4jm2de	1	81821033-2903	4	0	0	3	4
s2904	4jm2du	1	81821033-2904	4	0	0	3	5
s2905	4jmd2	1	81821033-2905	4	0	0	4	0
s2906	4jmd2db	1	81821033-2906	4	0	0	4	1
s2907	4jmd2di	1	81821033-2907	4	0	0	4	2
s2908	4jmd2da	1	81821033-2908	4	0	0	4	3
s2909	4jmd2de	1	81821033-2909	4	0	0	4	4
s2910	4jmd2du	1	81821033-2910	4	0	0	4	5
s2911	4jm4	1	81821033-2911	4	0	0	5	0
s2912	4jm4db	1	81821033-2912	4	0	0	5	1
s2913	4jm4di	1	81821033-2913	4	0	0	5	2
s2914	4jm4da	1	81821033-2914	4	0	0	5	3
s2915	4jm4de	1	81821033-2915	4	0	0	5	4
s2916	4jm4du	1	81821033-2916	4	0	0	5	5
s2917	4jmd4	1	81821033-2917	4	0	0	6	0
s2918	4jmd4db	1	81821033-2918	4	0	0	6	1
s2919	4jmd4di	1	81821033-2919	4	0	0	6	2
s2920	4jmd4da	1	81821033-2920	4	0	0	6	3
s2921	4jmd4de	1	81821033-2921	4	0	0	6	4
s2922	4jmd4du	1	81821033-2922	4	0	0	6	5
s2923	4jm8	1	81821033-2923	4	0	0	7	0
s2924	4jm8db	1	81821033-2924	4	0	0	7	1
s2925	4jm8di	1	81821033-2925	4	0	0	7	2
s2926	4jm8da	1	81821033-2926	4	0	0	7	3
s2927	4jm8de	1	81821033-2927	4	0	0	7	4
s2928	4jm8du	1	81821033-2928	4	0	0	7	5
s2929	4jka	1	81821033-2929	4	0	1	0	0
s2930	4jkadb	1	81821033-2930	4	0	1	0	1
s2931	4jkadi	1	81821033-2931	4	0	1	0	2
s2932	4jkada	1	81821033-2932	4	0	1	0	3
s2933	4jkade	1	81821033-2933	4	0	1	0	4
s2934	4jkadu	1	81821033-2934	4	0	1	0	5
s2935	4jk	0	81821033-2935	4	0	1	1	0
s2936	4jkdb	0	81821033-2936	4	0	1	1	1
s2937	4jkdi	0	81821033-2937	4	0	1	1	2
s2938	4jkda	0	81821033-2938	4	0	1	1	3
s2939	4jkde	0	81821033-2939	4	0	1	1	4
s2940	4jkdu	0	81821033-2940	4	0	1	1	5
s2941	4jkr4	0	81821033-2941	4	0	1	2	0
s2942	4jkr4db	0	81821033-2942	4	0	1	2	1
s2943	4jkr4di	0	81821033-2943	4	0	1	2	2
s2944	4jkr4da	0	81821033-2944	4	0	1	2	3
s2945	4jkr4de	0	81821033-2945	4	0	1	2	4
s2946	4jkr4du	0	81821033-2946	4	0	1	2	5
s2947	4jkm2	0	81821033-2947	4	0	1	3	0
s2948	4jkm2db	0	81821033-2948	4	0	1	3	1
s2949	4jkm2di	0	81821033-2949	4	0	1	3	2
s2950	4jkm2da	0	81821033-2950	4	0	1	3	3
s2951	4jkm2de	0	81821033-2951	4	0	1	3	4
s2952	4jkm2du	0	81821033-2952	4	0	1	3	5
s2953	4jkmd2	0	81821033-2953	4	0	1	4	0
s2954	4jkmd2db	0	81821033-2954	4	0	1	4	1
s2955	4jkmd2di	0	81821033-2955	4	0	1	4	2
s2956	4jkmd2da	0	81821033-2956	4	0	1	4	3
s2957	4jkmd2de	0	81821033-2957	4	0	1	4	4
s2958	4jkmd2du	0	81821033-2958	4	0	1	4	5
s2959	4jkm4	0	81821033-2959	4	0	1	5	0
s2960	4jkm4db	0	81821033-2960	4	0	1	5	1
s2961	4jkm4di	0	81821033-2961	4	0	1	5	2
s2962	4jkm4da	0	81821033-2962	4	0	1	5	3
s2963	4jkm4de	0	81821033-2963	4	0	1	5	4
s2964	4jkm4du	0	81821033-2964	4	0	1	5	5
s2965	4jkmd4	0	81821033-2965	4	0	1	6	0
s2966	4jkmd4db	0	81821033-2966	4	0	1	6	1
s2967	4jkmd4di	0	81821033-2967	4	0	1	6	2
s2968	4jkmd4da	0	81821033-2968	4	0	1	6	3
s2969	4jkmd4de	0	81821033-2969	4	0	1	6	4
s2970	4jkmd4du	0	81821033-2970	4	0	1	6	5
s2971	4jkm8	0	81821033-2971	4	0	1	7	0
s2972	4jkm8db	0	81821033-2972	4	0	1	7	1
s2973	4jkm8di	0	81821033-2973	4	0	1	7	2
s2974	4jkm8da	0	81821033-2974	4	0	1	7	3
s2975	4jkm8de	0	81821033-2975	4	0	1	7	4
s2976	4jkm8du	0	81821033-2976	4	0	1	7	5
s2977	4jxa	1	81821033-2977	4	1	0	0	0
s2978	4jxadb	1	81821033-2978	4	1	0	0	1
s2979	4jxadi	1	81821033-2979	4	1	0	0	2
s2980	4jxada	1	81821033-2980	4	1	0	0	3
s2981	4jxade	1	81821033-2981	4	1	0	0	4
s2982	4jxadu	1	81821033-2982	4	1	0	0	5
s2983	4jx	1	81821033-2983	4	1	0	1	0
s2984	4jxdb	1	81821033-2984	4	1	0	1	1
s2985	4jxdi	1	81821033-2985	4	1	0	1	2
s2986	4jxda	1	81821033-2986	4	1	0	1	3
s2987	4jxde	1	81821033-2987	4	1	0	1	4
s2988	4jxdu	1	81821033-2988	4	1	0	1	5
s2989	4jxr4	1	81821033-2989	4	1	0	2	0
s2990	4jxr4db	1	81821033-2990	4	1	0	2	1
s2991	4jxr4di	1	81821033-2991	4	1	0	2	2
s2992	4jxr4da	1	81821033-2992	4	1	0	2	3
s2993	4jxr4de	1	81821033-2993	4	1	0	2	4
s2994	4jxr4du	1	81821033-2994	4	1	0	2	5
s2995	4jxm2	1	81821033-2995	4	1	0	3	0
s2996	4jxm2db	1	81821033-2996	4	1	0	3	1
s2997	4jxm2di	1	81821033-2997	4	1	0	3	2
s2998	4jxm2da	1	81821033-2998	4	1	0	3	3
s2999	4jxm2de	1	81821033-2999	4	1	0	3	4
s3000	4jxm2du	1	81821033-3000	4	1	0	3	5
s3001	4jxmd2	1	81821033-3001	4	1	0	4	0
s3002	4jxmd2db	1	81821033-3002	4	1	0	4	1
s3003	4jxmd2di	1	81821033-3003	4	1	0	4	2
s3004	4jxmd2da	1	81821033-3004	4	1	0	4	3
s3005	4jxmd2de	1	81821033-3005	4	1	0	4	4
s3006	4jxmd2du	1	81821033-3006	4	1	0	4	5
s3007	4jxm4	1	81821033-3007	4	1	0	5	0
s3008	4jxm4db	1	81821033-3008	4	1	0	5	1
s3009	4jxm4di	1	81821033-3009	4	1	0	5	2
s3010	4jxm4da	1	81821033-3010	4	1	0	5	3
s3011	4jxm4de	1	81821033-3011	4	1	0	5	4
s3012	4jxm4du	1	81821033-3012	4	1	0	5	5
s3013	4jxmd4	1	81821033-3013	4	1	0	6	0
s3014	4jxmd4db	1	81821033-3014	4	1	0	6	1
s3015	4jxmd4di	1	81821033-3015	4	1	0	6	2
s3016	4jxmd4da	1	81821033-3016	4	1	0	6	3
s3017	4jxmd4de	1	81821033-3017	4	1	0	6	4
s3018	4jxmd4du	1	81821033-3018	4	1	0	6	5
s3019	4jxm8	1	81821033-3019	4	1	0	7	0
s3020	4jxm8db	1	81821033-3020	4	1	0	7	1
s3021	4jxm8di	1	81821033-3021	4	1	0	7	2
s3022	4jxm8da	1	81821033-3022	4	1	0	7	3
s3023	4jxm8de	1	81821033-3023	4	1	0	7	4
s3024	4jxm8du	1	81821033-3024	4	1	0	7	5
s3025	4jxka	1	81821033-3025	4	1	1	0	0
s3026	4jxkadb	1	81821033-3026	4	1	1	0	1
s3027	4jxkadi	1	81821033-3027	4	1	1	0	2
s3028	4jxkada	1	81821033-3028	4	1	1	0	3
s3029	4jxkade	1	81821033-3029	4	1	1	0	4
s3030	4jxkadu	1	81821033-3030	4	1	1	0	5
s3031	4jxk	0	81821033-3031	4	1	1	1	0
s3032	4jxkdb	0	81821033-3032	4	1	1	1	1
s3033	4jxkdi	0	81821033-3033	4	1	1	1	2
s3034	4jxkda	0	81821033-3034	4	1	1	1	3
s3035	4jxkde	0	81821033-3035	4	1	1	1	4
s3036	4jxkdu	0	81821033-3036	4	1	1	1	5
s3037	4jxkr4	0	81821033-3037	4	1	1	2	0
s3038	4jxkr4db	0	81821033-3038	4	1	1	2	1
s3039	4jxkr4di	0	81821033-3039	4	1	1	2	2
s3040	4jxkr4da	0	81821033-3040	4	1	1	2	3
s3041	4jxkr4de	0	81821033-3041	4	1	1	2	4
s3042	4jxkr4du	0	81821033-3042	4	1	1	2	5
s3043	4jxkm2	0	81821033-3043	4	1	1	3	0
s3044	4jxkm2db	0	81821033-3044	4	1	1	3	1
s3045	4jxkm2di	0	81821033-3045	4	1	1	3	2
s3046	4jxkm2da	0	81821033-3046	4	1	1	3	3
s3047	4jxkm2de	0	81821033-3047	4	1	1	3	4
s3048	4jxkm2du	0	81821033-3048	4	1	1	3	5
s3049	4jxkmd2	0	81821033-3049	4	1	1	4	0
s3050	4jxkmd2db	0	81821033-3050	4	1	1	4	1
s3051	4jxkmd2di	0	81821033-3051	4	1	1	4	2
s3052	4jxkmd2da	0	81821033-3052	4	1	1	4	3
s3053	4jxkmd2de	0	81821033-3053	4	1	1	4	4
s3054	4jxkmd2du	0	81821033-3054	4	1	1	4	5
s3055	4jxkm4	0	81821033-3055	4	1	1	5	0
s3056	4jxkm4db	0	81821033-3056	4	1	1	5	1
s3057	4jxkm4di	0	81821033-3057	4	1	1	5	2
s3058	4jxkm4da	0	81821033-3058	4	1	1	5	3
s3059	4jxkm4de	0	81821033-3059	4	1	1	5	4
s3060	4jxkm4du	0	81821033-3060	4	1	1	5	5
s3061	4jxkmd4	0	81821033-3061	4	1	1	6	0
s3062	4jxkmd4db	0	81821033-3062	4	1	1	6	1
s3063	4jxkmd4di	0	81821033-3063	4	1	1	6	2
s3064	4jxkmd4da	0	81821033-3064	4	1	1	6	3
s3065	4jxkmd4de	0	81821033-3065	4	1	1	6	4
s3066	4jxkmd4du	0	81821033-3066	4	1	1	6	5
s3067	4jxkm8	0	81821033-3067	4	1	1	7	0
s3068	4jxkm8db	0	81821033-3068	4	1	1	7	1
s3069	4jxkm8di	0	81821033-3069	4	1	1	7	2
s3070	4jxkm8da	0	81821033-3070	4	1	1	7	3
s3071	4jxkm8de	0	81821033-3071	4	1	1	7	4
s3072	4jxkm8du	0	81821033-3072	4	1	1	7	5
s3073	4x2a	1	81821033-3073	8	0	0	0	0
s3074	4x2adb	1	81821033-3074	8	0	0	0	1
s3075	4x2adi	1	81821033-3075	8	0	0	0	2
s3076	4x2ada	1	81821033-3076	8	0	0	0	3
s3077	4x2ade	1	81821033-3077	8	0	0	0	4
s3078	4x2adu	1	81821033-3078	8	0	0	0	5
s3079	4x2	1	81821033-3079	8	0	0	1	0
s3080	4x2db	1	81821033-3080	8	0	0	1	1
s3081	4x2di	1	81821033-3081	8	0	0	1	2
s3082	4x2da	1	81821033-3082	8	0	0	1	3
s3083	4x2de	1	81821033-3083	8	0	0	1	4
s3084	4x2du	1	81821033-3084	8	0	0	1	5
s3085	4x2r4	1	81821033-3085	8	0	0	2	0
s3086	4x2r4db	1	81821033-3086	8	0	0	2	1
s3087	4x2r4di	1	81821033-3087	8	0	0	2	2
s3088	4x2r4da	1	81821033-3088	8	0	0	2	3
s3089	4x2r4de	1	81821033-3089	8	0	0	2	4
s3090	4x2r4du	1	81821033-3090	8	0	0	2	5
s3091	4x2m2	1	81821033-3091	8	0	0	3	0
s3092	4x2m2db	1	81821033-3092	8	0	0	3	1
s3093	4x2m2di	1	81821033-3093	8	0	0	3	2
s3094	4x2m2da	1	81821033-3094	8	0	0	3	3
s3095	4x2m2de	1	81821033-3095	8	0	0	3	4
s3096	4x2m2du	1	81821033-3096	8	0	0	3	5
s3097	4x2md2	1	81821033-3097	8	0	0	4	0
s3098	4x2md2db	1	81821033-3098	8	0	0	4	1
s3099	4x2md2di	1	81821033-3099	8	0	0	4	2
s3100	4x2md2da	1	81821033-3100	8	0	0	4	3
s3101	4x2md2de	1	81821033-3101	8	0	0	4	4
s3102	4x2md2du	1	81821033-3102	8	0	0	4	5
s3103	4x2m4	1	81821033-3103	8	0	0	5	0
s3104	4x2m4db	1	81821033-3104	8	0	0	5	1
s3105	4x2m4di	1	81821033-3105	8	0	0	5	2
s3106	4x2m4da	1	81821033-3106	8	0	0	5	3
s3107	4x2m4de	1	81821033-3107	8	0	0	5	4
s3108	4x2m4du	1	81821033-3108	8	0	0	5	5
s3109	4x2md4	1	81821033-3109	8	0	0	6	0
s3110	4x2md4db	1	81821033-3110	8	0	0	6	1
s3111	4x2md4di	1	81821033-3111	8	0	0	6	2
s3112	4x2md4da	1	81821033-3112	8	0	0	6	3
s3113	4x2md4de	1	81821033-3113	8	0	0	6	4
s3114	4x2md4du	1	81821033-3114	8	0	0	6	5
s3115	4x2m8	1	81821033-3115	8	0	0	7	0
s3116	4x2m8db	1	81821033-3116	8	0	0	7	1
s3117	4x2m8di	1	81821033-3117	8	0	0	7	2
s3118	4x2m8da	1	81821033-3118	8	0	0	7	3
s3119	4x2m8de	1	81821033-3119	8	0	0	7	4
s3120	4x2m8du	1	81821033-3120	8	0	0	7	5
s3121	4x2ka	1	81821033-3121	8	0	1	0	0
s3122	4x2kadb	1	81821033-3122	8	0	1	0	1
s3123	4x2kadi	1	81821033-3123	8	0	1	0	2
s3124	4x2kada	1	81821033-3124	8	0	1	0	3
s3125	4x2kade	1	81821033-3125	8	0	1	0	4
s3126	4x2kadu	1	81821033-3126	8	0	1	0	5
s3127	4x2k	0	81821033-3127	8	0	1	1	0
s3128	4x2kdb	0	81821033-3128	8	0	1	1	1
s3129	4x2kdi	0	81821033-3129	8	0	1	1	2
s3130	4x2kda	0	81821033-3130	8	0	1	1	3
s3131	4x2kde	0	81821033-3131	8	0	1	1	4
s3132	4x2kdu	0	81821033-3132	8	0	1	1	5
s3133	4x2kr4	0	81821033-3133	8	0	1	2	0
s3134	4x2kr4db	0	81821033-3134	8	0	1	2	1
s3135	4x2kr4di	0	81821033-3135	8	0	1	2	2
s3136	4x2kr4da	0	81821033-3136	8	0	1	2	3
s3137	4x2kr4de	0	81821033-3137	8	0	1	2	4
s3138	4x2kr4du	0	81821033-3138	8	0	1	2	5
s3139	4x2km2	0	81821033-3139	8	0	1	3	0
s3140	4x2km2db	0	81821033-3140	8	0	1	3	1
s3141	4x2km2di	0	81821033-3141	8	0	1	3	2
s3142	4x2km2da	0	81821033-3142	8	0	1	3	3
s3143	4x2km2de	0	81821033-3143	8	0	1	3	4
s3144	4x2km2du	0	81821033-3144	8	0	1	3	5
s3145	4x2kmd2	0	81821033-3145	8	0	1	4	0
s3146	4x2kmd2db	0	81821033-3146	8	0	1	4	1
s3147	4x2kmd2di	0	81821033-3147	8	0	1	4	2
s3148	4x2kmd2da	0	81821033-3148	8	0	1	4	3
s3149	4x2kmd2de	0	81821033-3149	8	0	1	4	4
s3150	4x2kmd2du	0	81821033-3150	8	0	1	4	5
s3151	4x2km4	0	81821033-3151	8	0	1	5	0
s3152	4x2km4db	0	81821033-3152	8	0	1	5	1
s3153	4x2km4di	0	81821033-3153	8	0	1	5	2
s3154	4x2km4da	0	81821033-3154	8	0	1	5	3
s3155	4x2km4de	0	81821033-3155	8	0	1	5	4
s3156	4x2km4du	0	81821033-3156	8	0	1	5	5
s3157	4x2kmd4	0	81821033-3157	8	0	1	6	0
s3158	4x2kmd4db	0	81821033-3158	8	0	1	6	1
s3159	4x2kmd4di	0	81821033-3159	8	0	1	6	2
s3160	4x2kmd4da	0	81821033-3160	8	0	1	6	3
s3161	4x2kmd4de	0	81821033-3161	8	0	1	6	4
s3162	4x2kmd4du	0	81821033-3162	8	0	1	6	5
s3163	4x2km8	0	81821033-3163	8	0	1	7	0
s3164	4x2km8db	0	81821033-3164	8	0	1	7	1
s3165	4x2km8di	0	81821033-3165	8	0	1	7	2
s3166	4x2km8da	0	81821033-3166	8	0	1	7	3
s3167	4x2km8de	0	81821033-3167	8	0	1	7	4
s3168	4x2km8du	0	81821033-3168	8	0	1	7	5
s3169	4x2xa	1	81821033-3169	8	1	0	0	0
s3170	4x2xadb	1	81821033-3170	8	1	0	0	1
s3171	4x2xadi	1	81821033-3171	8	1	0	0	2
s3172	4x2xada	1	81821033-3172	8	1	0	0	3
s3173	4x2xade	1	81821033-3173	8	1	0	0	4
s3174	4x2xadu	1	81821033-3174	8	1	0	0	5
s3175	4x2x	1	81821033-3175	8	1	0	1	0
s3176	4x2xdb	1	81821033-3176	8	1	0	1	1
s3177	4x2xdi	1	81821033-3177	8	1	0	1	2
s3178	4x2xda	1	81821033-3178	8	1	0	1	3
s3179	4x2xde	1	81821033-3179	8	1	0	1	4
s3180	4x2xdu	1	81821033-3180	8	1	0	1	5
s3181	4x2xr4	1	81821033-3181	8	1	0	2	0
s3182	4x2xr4db	1	81821033-3182	8	1	0	2	1
s3183	4x2xr4di	1	81821033-3183	8	1	0	2	2
s3184	4x2xr4da	1	81821033-3184	8	1	0	2	3
s3185	4x2xr4de	1	81821033-3185	8	1	0	2	4
s3186	4x2xr4du	1	81821033-3186	8	1	0	2	5
s3187	4x2xm2	1	81821033-3187	8	1	0	3	0
s3188	4x2xm2db	1	81821033-3188	8	1	0	3	1
s3189	4x2xm2di	1	81821033-3189	8	1	0	3	2
s3190	4x2xm2da	1	81821033-3190	8	1	0	3	3
s3191	4x2xm2de	1	81821033-3191	8	1	0	3	4
s3192	4x2xm2du	1	81821033-3192	8	1	0	3	5
s3193	4x2xmd2	1	81821033-3193	8	1	0	4	0
s3194	4x2xmd2db	1	81821033-3194	8	1	0	4	1
s3195	4x2xmd2di	1	81821033-3195	8	1	0	4	2
s3196	4x2xmd2da	1	81821033-3196	8	1	0	4	3
s3197	4x2xmd2de	1	81821033-3197	8	1	0	4	4
s3198	4x2xmd2du	1	81821033-3198	8	1	0	4	5
s3199	4x2xm4	1	81821033-3199	8	1	0	5	0
s3200	4x2xm4db	1	81821033-3200	8	1	0	5	1
s3201	4x2xm4di	1	81821033-3201	8	1	0	5	2
s3202	4x2xm4da	1	81821033-3202	8	1	0	5	3
s3203	4x2xm4de	1	81821033-3203	8	1	0	5	4
s3204	4x2xm4du	1	81821033-3204	8	1	0	5	5
s3205	4x2xmd4	1	81821033-3205	8	1	0	6	0
s3206	4x2xmd4db	1	81821033-3206	8	1	0	6	1
s3207	4x2xmd4di	1	81821033-3207	8	1	0	6	2
s3208	4x2xmd4da	1	81821033-3208	8	1	0	6	3
s3209	4x2xmd4de	1	81821033-3209	8	1	0	6	4
s3210	4x2xmd4du	1	81821033-3210	8	1	0	6	5
s3211	4x2xm8	1	81821033-3211	8	1	0	7	0
s3212	4x2xm8db	1	81821033-3212	8	1	0	7	1
s3213	4x2xm8di	1	81821033-3213	8	1	0	7	2
s3214	4x2xm8da	1	81821033-3214	8	1	0	7	3
s3215	4x2xm8de	1	81821033-3215	8	1	0	7	4
s3216	4x2xm8du	1	81821033-3216	8	1	0	7	5
s3217	4x2xka	1	81821033-3217	8	1	1	0	0
s3218	4x2xkadb	1	81821033-3218	8	1	1	0	1
s3219	4x2xkadi	1	81821033-3219	8	1	1	0	2
s3220	4x2xkada	1	81821033-3220	8	1	1	0	3
s3221	4x2xkade	1	81821033-3221	8	1	1	0	4
s3222	4x2xkadu	1	81821033-3222	8	1	1	0	5
s3223	4x2xk	0	81821033-3223	8	1	1	1	0
s3224	4x2xkdb	0	81821033-3224	8	1	1	1	1
s3225	4x2xkdi	0	81821033-3225	8	1	1	1	2
s3226	4x2xkda	0	81821033-3226	8	1	1	1	3
s3227	4x2xkde	0	81821033-3227	8	1	1	1	4
s3228	4x2xkdu	0	81821033-3228	8	1	1	1	5
s3229	4x2xkr4	0	81821033-3229	8	1	1	2	0
s3230	4x2xkr4db	0	81821033-3230	8	1	1	2	1
s3231	4x2xkr4di	0	81821033-3231	8	1	1	2	2
s3232	4x2xkr4da	0	81821033-3232	8	1	1	2	3
s3233	4x2xkr4de	0	81821033-3233	8	1	1	2	4
s3234	4x2xkr4du	0	81821033-3234	8	1	1	2	5
s3235	4x2xkm2	0	81821033-3235	8	1	1	3	0
s3236	4x2xkm2db	0	81821033-3236	8	1	1	3	1
s3237	4x2xkm2di	0	81821033-3237	8	1	1	3	2
s3238	4x2xkm2da	0	81821033-3238	8	1	1	3	3
s3239	4x2xkm2de	0	81821033-3239	8	1	1	3	4
s3240	4x2xkm2du	0	81821033-3240	8	1	1	3	5
s3241	4x2xkmd2	0	81821033-3241	8	1	1	4	0
s3242	4x2xkmd2db	0	81821033-3242	8	1	1	4	1
s3243	4x2xkmd2di	0	81821033-3243	8	1	1	4	2
s3244	4x2xkmd2da	0	81821033-3244	8	1	1	4	3
s3245	4x2xkmd2de	0	81821033-3245	8	1	1	4	4
s3246	4x2xkmd2du	0	81821033-3246	8	1	1	4	5
s3247	4x2xkm4	0	81821033-3247	8	1	1	5	0
s3248	4x2xkm4db	0	81821033-3248	8	1	1	5	1
s3249	4x2xkm4di	0	81821033-3249	8	1	1	5	2
s3250	4x2xkm4da	0	81821033-3250	8	1	1	5	3
s3251	4x2xkm4de	0	81821033-3251	8	1	1	5	4
s3252	4x2xkm4du	0	81821033-3252	8	1	1	5	5
s3253	4x2xkmd4	0	81821033-3253	8	1	1	6	0
s3254	4x2xkmd4db	0	81821033-3254	8	1	1	6	1
s3255	4x2xkmd4di	0	81821033-3255	8	1	1	6	2
s3256	4x2xkmd4da	0	81821033-3256	8	1	1	6	3
s3257	4x2xkmd4de	0	81821033-3257	8	1	1	6	4
s3258	4x2xkmd4du	0	81821033-3258	8	1	1	6	5
s3259	4x2xkm8	0	81821033-3259	8	1	1	7	0
s3260	4x2xkm8db	0	81821033-3260	8	1	1	7	1
s3261	4x2xkm8di	0	81821033-3261	8	1	1	7	2
s3262	4x2xkm8da	0	81821033-3262	8	1	1	7	3
s3263	4x2xkm8de	0	81821033-3263	8	1	1	7	4
s3264	4x2xkm8du	0	81821033-3264	8	1	1	7	5
s3265	4x3a	1	81821033-3265	12	0	0	0	0
s3266	4x3adb	1	81821033-3266	12	0	0	0	1
s3267	4x3adi	1	81821033-3267	12	0	0	0	2
s3268	4x3ada	1	81821033-3268	12	0	0	0	3
s3269	4x3ade	1	81821033-3269	12	0	0	0	4
s3270	4x3adu	1	81821033-3270	12	0	0	0	5
s3271	4x3	1	81821033-3271	12	0	0	1	0
s3272	4x3db	1	81821033-3272	12	0	0	1	1
s3273	4x3di	1	81821033-3273	12	0	0	1	2
s3274	4x3da	1	81821033-3274	12	0	0	1	3
s3275	4x3de	1	81821033-3275	12	0	0	1	4
s3276	4x3du	1	81821033-3276	12	0	0	1	5
s3277	4x3r4	1	81821033-3277	12	0	0	2	0
s3278	4x3r4db	1	81821033-3278	12	0	0	2	1
s3279	4x3r4di	1	81821033-3279	12	0	0	2	2
s3280	4x3r4da	1	81821033-3280	12	0	0	2	3
s3281	4x3r4de	1	81821033-3281	12	0	0	2	4
s3282	4x3r4du	1	81821033-3282	12	0	0	2	5
s3283	4x3m2	1	81821033-3283	12	0	0	3	0
s3284	4x3m2db	1	81821033-3284	12	0	0	3	1
s3285	4x3m2di	1	81821033-3285	12	0	0	3	2
s3286	4x3m2da	1	81821033-3286	12	0	0	3	3
s3287	4x3m2de	1	81821033-3287	12	0	0	3	4
s3288	4x3m2du	1	81821033-3288	12	0	0	3	5
s3289	4x3md2	1	81821033-3289	12	0	0	4	0
s3290	4x3md2db	1	81821033-3290	12	0	0	4	1
s3291	4x3md2di	1	81821033-3291	12	0	0	4	2
s3292	4x3md2da	1	81821033-3292	12	0	0	4	3
s3293	4x3md2de	1	81821033-3293	12	0	0	4	4
s3294	4x3md2du	1	81821033-3294	12	0	0	4	5
s3295	4x3m4	1	81821033-3295	12	0	0	5	0
s3296	4x3m4db	1	81821033-3296	12	0	0	5	1
s3297	4x3m4di	1	81821033-3297	12	0	0	5	2
s3298	4x3m4da	1	81821033-3298	12	0	0	5	3
s3299	4x3m4de	1	81821033-3299	12	0	0	5	4
s3300	4x3m4du	1	81821033-3300	12	0	0	5	5
s3301	4x3md4	1	81821033-3301	12	0	0	6	0
s3302	4x3md4db	1	81821033-3302	12	0	0	6	1
s3303	4x3md4di	1	81821033-3303	12	0	0	6	2
s3304	4x3md4da	1	81821033-3304	12	0	0	6	3
s3305	4x3md4de	1	81821033-3305	12	0	0	6	4
s3306	4x3md4du	1	81821033-3306	12	0	0	6	5
s3307	4x3m8	1	81821033-3307	12	0	0	7	0
s3308	4x3m8db	1	81821033-3308	12	0	0	7	1
s3309	4x3m8di	1	81821033-3309	12	0	0	7	2
s3310	4x3m8da	1	81821033-3310	12	0	0	7	3
s3311	4x3m8de	1	81821033-3311	12	0	0	7	4
s3312	4x3m8du	1	81821033-3312	12	0	0	7	5
s3313	4x3xa	1	81821033-3313	12	1	0	0	0
s3314	4x3xadb	1	81821033-3314	12	1	0	0	1
s3315	4x3xadi	1	81821033-3315	12	1	0	0	2
s3316	4x3xada	1	81821033-3316	12	1	0	0	3
s3317	4x3xade	1	81821033-3317	12	1	0	0	4
s3318	4x3xadu	1	81821033-3318	12	1	0	0	5
s3319	4x3x	1	81821033-3319	12	1	0	1	0
s3320	4x3xdb	1	81821033-3320	12	1	0	1	1
s3321	4x3xdi	1	81821033-3321	12	1	0	1	2
s3322	4x3xda	1	81821033-3322	12	1	0	1	3
s3323	4x3xde	1	81821033-3323	12	1	0	1	4
s3324	4x3xdu	1	81821033-3324	12	1	0	1	5
s3325	4x3xr4	1	81821033-3325	12	1	0	2	0
s3326	4x3xr4db	1	81821033-3326	12	1	0	2	1
s3327	4x3xr4di	1	81821033-3327	12	1	0	2	2
s3328	4x3xr4da	1	81821033-3328	12	1	0	2	3
s3329	4x3xr4de	1	81821033-3329	12	1	0	2	4
s3330	4x3xr4du	1	81821033-3330	12	1	0	2	5
s3331	4x3xm2	1	81821033-3331	12	1	0	3	0
s3332	4x3xm2db	1	81821033-3332	12	1	0	3	1
s3333	4x3xm2di	1	81821033-3333	12	1	0	3	2
s3334	4x3xm2da	1	81821033-3334	12	1	0	3	3
s3335	4x3xm2de	1	81821033-3335	12	1	0	3	4
s3336	4x3xm2du	1	81821033-3336	12	1	0	3	5
s3337	4x3xmd2	1	81821033-3337	12	1	0	4	0
s3338	4x3xmd2db	1	81821033-3338	12	1	0	4	1
s3339	4x3xmd2di	1	81821033-3339	12	1	0	4	2
s3340	4x3xmd2da	1	81821033-3340	12	1	0	4	3
s3341	4x3xmd2de	1	81821033-3341	12	1	0	4	4
s3342	4x3xmd2du	1	81821033-3342	12	1	0	4	5
s3343	4x3xm4	1	81821033-3343	12	1	0	5	0
s3344	4x3xm4db	1	81821033-3344	12	1	0	5	1
s3345	4x3xm4di	1	81821033-3345	12	1	0	5	2
s3346	4x3xm4da	1	81821033-3346	12	1	0	5	3
s3347	4x3xm4de	1	81821033-3347	12	1	0	5	4
s3348	4x3xm4du	1	81821033-3348	12	1	0	5	5
s3349	4x3xmd4	1	81821033-3349	12	1	0	6	0
s3350	4x3xmd4db	1	81821033-3350	12	1	0	6	1
s3351	4x3xmd4di	1	81821033-3351	12	1	0	6	2
s3352	4x3xmd4da	1	81821033-3352	12	1	0	6	3
s3353	4x3xmd4de	1	81821033-3353	12	1	0	6	4
s3354	4x3xmd4du	1	81821033-3354	12	1	0	6	5
s3355	4x3xm8	1	81821033-3355	12	1	0	7	0
s3356	4x3xm8db	1	81821033-3356	12	1	0	7	1
s3357	4x3xm8di	1	81821033-3357	12	1	0	7	2
s3358	4x3xm8da	1	81821033-3358	12	1	0	7	3
s3359	4x3xm8de	1	81821033-3359	12	1	0	7	4
s3360	4x3xm8du	1	81821033-3360	12	1	0	7	5
s3361	4x4a	1	81821033-3361	16	0	0	0	0
s3362	4x4adb	1	81821033-3362	16	0	0	0	1
s3363	4x4adi	1	81821033-3363	16	0	0	0	2
s3364	4x4ada	1	81821033-3364	16	0	0	0	3
s3365	4x4ade	1	81821033-3365	16	0	0	0	4
s3366	4x4adu	1	81821033-3366	16	0	0	0	5
s3367	4x4	1	81821033-3367	16	0	0	1	0
s3368	4x4db	1	81821033-3368	16	0	0	1	1
s3369	4x4di	1	81821033-3369	16	0	0	1	2
s3370	4x4da	1	81821033-3370	16	0	0	1	3
s3371	4x4de	1	81821033-3371	16	0	0	1	4
s3372	4x4du	1	81821033-3372	16	0	0	1	5
s3373	4x4r4	1	81821033-3373	16	0	0	2	0
s3374	4x4r4db	1	81821033-3374	16	0	0	2	1
s3375	4x4r4di	1	81821033-3375	16	0	0	2	2
s3376	4x4r4da	1	81821033-3376	16	0	0	2	3
s3377	4x4r4de	1	81821033-3377	16	0	0	2	4
s3378	4x4r4du	1	81821033-3378	16	0	0	2	5
s3379	4x4m2	1	81821033-3379	16	0	0	3	0
s3380	4x4m2db	1	81821033-3380	16	0	0	3	1
s3381	4x4m2di	1	81821033-3381	16	0	0	3	2
s3382	4x4m2da	1	81821033-3382	16	0	0	3	3
s3383	4x4m2de	1	81821033-3383	16	0	0	3	4
s3384	4x4m2du	1	81821033-3384	16	0	0	3	5
s3385	4x4md2	1	81821033-3385	16	0	0	4	0
s3386	4x4md2db	1	81821033-3386	16	0	0	4	1
s3387	4x4md2di	1	81821033-3387	16	0	0	4	2
s3388	4x4md2da	1	81821033-3388	16	0	0	4	3
s3389	4x4md2de	1	81821033-3389	16	0	0	4	4
s3390	4x4md2du	1	81821033-3390	16	0	0	4	5
s3391	4x4m4	1	81821033-3391	16	0	0	5	0
s3392	4x4m4db	1	81821033-3392	16	0	0	5	1
s3393	4x4m4di	1	81821033-3393	16	0	0	5	2
s3394	4x4m4da	1	81821033-3394	16	0	0	5	3
s3395	4x4m4de	1	81821033-3395	16	0	0	5	4
s3396	4x4m4du	1	81821033-3396	16	0	0	5	5
s3397	4x4md4	1	81821033-3397	16	0	0	6	0
s3398	4x4md4db	1	81821033-3398	16	0	0	6	1
s3399	4x4md4di	1	81821033-3399	16	0	0	6	2
s3400	4x4md4da	1	81821033-3400	16	0	0	6	3
s3401	4x4md4de	1	81821033-3401	16	0	0	6	4
s3402	4x4md4du	1	81821033-3402	16	0	0	6	5
s3403	4x4m8	1	81821033-3403	16	0	0	7	0
s3404	4x4m8db	1	81821033-3404	16	0	0	7	1
s3405	4x4m8di	1	81821033-3405	16	0	0	7	2
s3406	4x4m8da	1	81821033-3406	16	0	0	7	3
s3407	4x4m8de	1	81821033-3407	16	0	0	7	4
s3408	4x4m8du	1	81821033-3408	16	0	0	7	5
s3409	4x4xa	1	81821033-3409	16	1	0	0	0
s3410	4x4xadb	1	81821033-3410	16	1	0	0	1
s3411	4x4xadi	1	81821033-3411	16	1	0	0	2
s3412	4x4xada	1	81821033-3412	16	1	0	0	3
s3413	4x4xade	1	81821033-3413	16	1	0	0	4
s3414	4x4xadu	1	81821033-3414	16	1	0	0	5
s3415	4x4x	1	81821033-3415	16	1	0	1	0
s3416	4x4xdb	1	81821033-3416	16	1	0	1	1
s3417	4x4xdi	1	81821033-3417	16	1	0	1	2
s3418	4x4xda	1	81821033-3418	16	1	0	1	3
s3419	4x4xde	1	81821033-3419	16	1	0	1	4
s3420	4x4xdu	1	81821033-3420	16	1	0	1	5
s3421	4x4xr4	1	81821033-3421	16	1	0	2	0
s3422	4x4xr4db	1	81821033-3422	16	1	0	2	1
s3423	4x4xr4di	1	81821033-3423	16	1	0	2	2
s3424	4x4xr4da	1	81821033-3424	16	1	0	2	3
s3425	4x4xr4de	1	81821033-3425	16	1	0	2	4
s3426	4x4xr4du	1	81821033-3426	16	1	0	2	5
s3427	4x4xm2	1	81821033-3427	16	1	0	3	0
s3428	4x4xm2db	1	81821033-3428	16	1	0	3	1
s3429	4x4xm2di	1	81821033-3429	16	1	0	3	2
s3430	4x4xm2da	1	81821033-3430	16	1	0	3	3
s3431	4x4xm2de	1	81821033-3431	16	1	0	3	4
s3432	4x4xm2du	1	81821033-3432	16	1	0	3	5
s3433	4x4xmd2	1	81821033-3433	16	1	0	4	0
s3434	4x4xmd2db	1	81821033-3434	16	1	0	4	1
s3435	4x4xmd2di	1	81821033-3435	16	1	0	4	2
s3436	4x4xmd2da	1	81821033-3436	16	1	0	4	3
s3437	4x4xmd2de	1	81821033-3437	16	1	0	4	4
s3438	4x4xmd2du	1	81821033-3438	16	1	0	4	5
s3439	4x4xm4	1	81821033-3439	16	1	0	5	0
s3440	4x4xm4db	1	81821033-3440	16	1	0	5	1
s3441	4x4xm4di	1	81821033-3441	16	1	0	5	2
s3442	4x4xm4da	1	81821033-3442	16	1	0	5	3
s3443	4x4xm4de	1	81821033-3443	16	1	0	5	4
s3444	4x4xm4du	1	81821033-3444	16	1	0	5	5
s3445	4x4xmd4	1	81821033-3445	16	1	0	6	0
s3446	4x4xmd4db	1	81821033-3446	16	1	0	6	1
s3447	4x4xmd4di	1	81821033-3447	16	1	0	6	2
s3448	4x4xmd4da	1	81821033-3448	16	1	0	6	3
s3449	4x4xmd4de	1	81821033-3449	16	1	0	6	4
s3450	4x4xmd4du	1	81821033-3450	16	1	0	6	5
s3451	4x4xm8	1	81821033-3451	16	1	0	7	0
s3452	4x4xm8db	1	81821033-3452	16	1	0	7	1
s3453	4x4xm8di	1	81821033-3453	16	1	0	7	2
s3454	4x4xm8da	1	81821033-3454	16	1	0	7	3
s3455	4x4xm8de	1	81821033-3455	16	1	0	7	4
s3456	4x4xm8du	1	81821033-3456	16	1	0	7	5
s3457	4x5a	1	81821033-3457	20	0	0	0	0
s3458	4x5adb	1	81821033-3458	20	0	0	0	1
s3459	4x5adi	1	81821033-3459	20	0	0	0	2
s3460	4x5ada	1	81821033-3460	20	0	0	0	3
s3461	4x5ade	0	81821033-3461	20	0	0	0	4
s3462	4x5adu	0	81821033-3462	20	0	0	0	5
s3463	4x5	1	81821033-3463	20	0	0	1	0
s3464	4x5db	1	81821033-3464	20	0	0	1	1
s3465	4x5di	1	81821033-3465	20	0	0	1	2
s3466	4x5da	1	81821033-3466	20	0	0	1	3
s3467	4x5de	0	81821033-3467	20	0	0	1	4
s3468	4x5du	0	81821033-3468	20	0	0	1	5
s3469	4x5r4	1	81821033-3469	20	0	0	2	0
s3470	4x5r4db	1	81821033-3470	20	0	0	2	1
s3471	4x5r4di	1	81821033-3471	20	0	0	2	2
s3472	4x5r4da	1	81821033-3472	20	0	0	2	3
s3473	4x5r4de	0	81821033-3473	20	0	0	2	4
s3474	4x5r4du	0	81821033-3474	20	0	0	2	5
s3475	4x5m2	1	81821033-3475	20	0	0	3	0
s3476	4x5m2db	1	81821033-3476	20	0	0	3	1
s3477	4x5m2di	1	81821033-3477	20	0	0	3	2
s3478	4x5m2da	1	81821033-3478	20	0	0	3	3
s3479	4x5m2de	0	81821033-3479	20	0	0	3	4
s3480	4x5m2du	0	81821033-3480	20	0	0	3	5
s3481	4x5md2	1	81821033-3481	20	0	0	4	0
s3482	4x5md2db	1	81821033-3482	20	0	0	4	1
s3483	4x5md2di	1	81821033-3483	20	0	0	4	2
s3484	4x5md2da	1	81821033-3484	20	0	0	4	3
s3485	4x5md2de	0	81821033-3485	20	0	0	4	4
s3486	4x5md2du	0	81821033-3486	20	0	0	4	5
s3487	4x5m4	1	81821033-3487	20	0	0	5	0
s3488	4x5m4db	1	81821033-3488	20	0	0	5	1
s3489	4x5m4di	1	81821033-3489	20	0	0	5	2
s3490	4x5m4da	1	81821033-3490	20	0	0	5	3
s3491	4x5m4de	0	81821033-3491	20	0	0	5	4
s3492	4x5m4du	0	81821033-3492	20	0	0	5	5
s3493	4x5md4	1	81821033-3493	20	0	0	6	0
s3494	4x5md4db	1	81821033-3494	20	0	0	6	1
s3495	4x5md4di	1	81821033-3495	20	0	0	6	2
s3496	4x5md4da	1	81821033-3496	20	0	0	6	3
s3497	4x5md4de	0	81821033-3497	20	0	0	6	4
s3498	4x5md4du	0	81821033-3498	20	0	0	6	5
s3499	4x5m8	1	81821033-3499	20	0	0	7	0
s3500	4x5m8db	1	81821033-3500	20	0	0	7	1
s3501	4x5m8di	1	81821033-3501	20	0	0	7	2
s3502	4x5m8da	1	81821033-3502	20	0	0	7	3
s3503	4x5m8de	0	81821033-3503	20	0	0	7	4
s3504	4x5m8du	0	81821033-3504	20	0	0	7	5
s3505	4x5xa	1	81821033-3505	20	1	0	0	0
s3506	4x5xadb	1	81821033-3506	20	1	0	0	1
s3507	4x5xadi	1	81821033-3507	20	1	0	0	2
s3508	4x5xada	1	81821033-3508	20	1	0	0	3
s3509	4x5xade	0	81821033-3509	20	1	0	0	4
s3510	4x5xadu	0	81821033-3510	20	1	0	0	5
s3511	4x5x	1	81821033-3511	20	1	0	1	0
s3512	4x5xdb	1	81821033-3512	20	1	0	1	1
s3513	4x5xdi	1	81821033-3513	20	1	0	1	2
s3514	4x5xda	1	81821033-3514	20	1	0	1	3
s3515	4x5xde	0	81821033-3515	20	1	0	1	4
s3516	4x5xdu	0	81821033-3516	20	1	0	1	5
s3517	4x5xr4	1	81821033-3517	20	1	0	2	0
s3518	4x5xr4db	1	81821033-3518	20	1	0	2	1
s3519	4x5xr4di	1	81821033-3519	20	1	0	2	2
s3520	4x5xr4da	1	81821033-3520	20	1	0	2	3
s3521	4x5xr4de	0	81821033-3521	20	1	0	2	4
s3522	4x5xr4du	0	81821033-3522	20	1	0	2	5
s3523	4x5xm2	1	81821033-3523	20	1	0	3	0
s3524	4x5xm2db	1	81821033-3524	20	1	0	3	1
s3525	4x5xm2di	1	81821033-3525	20	1	0	3	2
s3526	4x5xm2da	1	81821033-3526	20	1	0	3	3
s3527	4x5xm2de	0	81821033-3527	20	1	0	3	4
s3528	4x5xm2du	0	81821033-3528	20	1	0	3	5
s3529	4x5xmd2	1	81821033-3529	20	1	0	4	0
s3530	4x5xmd2db	1	81821033-3530	20	1	0	4	1
s3531	4x5xmd2di	1	81821033-3531	20	1	0	4	2
s3532	4x5xmd2da	1	81821033-3532	20	1	0	4	3
s3533	4x5xmd2de	0	81821033-3533	20	1	0	4	4
s3534	4x5xmd2du	0	81821033-3534	20	1	0	4	5
s3535	4x5xm4	1	81821033-3535	20	1	0	5	0
s3536	4x5xm4db	1	81821033-3536	20	1	0	5	1
s3537	4x5xm4di	1	81821033-3537	20	1	0	5	2
s3538	4x5xm4da	1	81821033-3538	20	1	0	5	3
s3539	4x5xm4de	0	81821033-3539	20	1	0	5	4
s3540	4x5xm4du	0	81821033-3540	20	1	0	5	5
s3541	4x5xmd4	1	81821033-3541	20	1	0	6	0
s3542	4x5xmd4db	1	81821033-3542	20	1	0	6	1
s3543	4x5xmd4di	1	81821033-3543	20	1	0	6	2
s3544	4x5xmd4da	1	81821033-3544	20	1	0	6	3
s3545	4x5xmd4de	0	81821033-3545	20	1	0	6	4
s3546	4x5xmd4du	0	81821033-3546	20	1	0	6	5
s3547	4x5xm8	1	81821033-3547	20	1	0	7	0
s3548	4x5xm8db	1	81821033-3548	20	1	0	7	1
s3549	4x5xm8di	1	81821033-3549	20	1	0	7	2
s3550	4x5xm8da	1	81821033-3550	20	1	0	7	3
s3551	4x5xm8de	0	81821033-3551	20	1	0	7	4
s3552	4x5xm8du	0	81821033-3552	20	1	0	7	5
s3553	4x6a	1	81821033-3553	24	0	0	0	0
s3554	4x6adb	1	81821033-3554	24	0	0	0	1
s3555	4x6adi	1	81821033-3555	24	0	0	0	2
s3556	4x6ada	1	81821033-3556	24	0	0	0	3
s3557	4x6ade	0	81821033-3557	24	0	0	0	4
s3558	4x6adu	0	81821033-3558	24	0	0	0	5
s3559	4x6	1	81821033-3559	24	0	0	1	0
s3560	4x6db	1	81821033-3560	24	0	0	1	1
s3561	4x6di	1	81821033-3561	24	0	0	1	2
s3562	4x6da	1	81821033-3562	24	0	0	1	3
s3563	4x6de	0	81821033-3563	24	0	0	1	4
s3564	4x6du	0	81821033-3564	24	0	0	1	5
s3565	4x6r4	1	81821033-3565	24	0	0	2	0
s3566	4x6r4db	1	81821033-3566	24	0	0	2	1
s3567	4x6r4di	1	81821033-3567	24	0	0	2	2
s3568	4x6r4da	1	81821033-3568	24	0	0	2	3
s3569	4x6r4de	0	81821033-3569	24	0	0	2	4
s3570	4x6r4du	0	81821033-3570	24	0	0	2	5
s3571	4x6m2	1	81821033-3571	24	0	0	3	0
s3572	4x6m2db	1	81821033-3572	24	0	0	3	1
s3573	4x6m2di	1	81821033-3573	24	0	0	3	2
s3574	4x6m2da	1	81821033-3574	24	0	0	3	3
s3575	4x6m2de	0	81821033-3575	24	0	0	3	4
s3576	4x6m2du	0	81821033-3576	24	0	0	3	5
s3577	4x6md2	1	81821033-3577	24	0	0	4	0
s3578	4x6md2db	1	81821033-3578	24	0	0	4	1
s3579	4x6md2di	1	81821033-3579	24	0	0	4	2
s3580	4x6md2da	1	81821033-3580	24	0	0	4	3
s3581	4x6md2de	0	81821033-3581	24	0	0	4	4
s3582	4x6md2du	0	81821033-3582	24	0	0	4	5
s3583	4x6m4	1	81821033-3583	24	0	0	5	0
s3584	4x6m4db	1	81821033-3584	24	0	0	5	1
s3585	4x6m4di	1	81821033-3585	24	0	0	5	2
s3586	4x6m4da	1	81821033-3586	24	0	0	5	3
s3587	4x6m4de	0	81821033-3587	24	0	0	5	4
s3588	4x6m4du	0	81821033-3588	24	0	0	5	5
s3589	4x6md4	1	81821033-3589	24	0	0	6	0
s3590	4x6md4db	1	81821033-3590	24	0	0	6	1
s3591	4x6md4di	1	81821033-3591	24	0	0	6	2
s3592	4x6md4da	1	81821033-3592	24	0	0	6	3
s3593	4x6md4de	0	81821033-3593	24	0	0	6	4
s3594	4x6md4du	0	81821033-3594	24	0	0	6	5
s3595	4x6m8	1	81821033-3595	24	0	0	7	0
s3596	4x6m8db	1	81821033-3596	24	0	0	7	1
s3597	4x6m8di	1	81821033-3597	24	0	0	7	2
s3598	4x6m8da	1	81821033-3598	24	0	0	7	3
s3599	4x6m8de	0	81821033-3599	24	0	0	7	4
s3600	4x6m8du	0	81821033-3600	24	0	0	7	5
s3601	4x6xa	1	81821033-3601	24	1	0	0	0
s3602	4x6xadb	1	81821033-3602	24	1	0	0	1
s3603	4x6xadi	1	81821033-3603	24	1	0	0	2
s3604	4x6xada	1	81821033-3604	24	1	0	0	3
s3605	4x6xade	0	81821033-3605	24	1	0	0	4
s3606	4x6xadu	0	81821033-3606	24	1	0	0	5
s3607	4x6x	1	81821033-3607	24	1	0	1	0
s3608	4x6xdb	1	81821033-3608	24	1	0	1	1
s3609	4x6xdi	1	81821033-3609	24	1	0	1	2
s3610	4x6xda	1	81821033-3610	24	1	0	1	3
s3611	4x6xde	0	81821033-3611	24	1	0	1	4
s3612	4x6xdu	0	81821033-3612	24	1	0	1	5
s3613	4x6xr4	1	81821033-3613	24	1	0	2	0
s3614	4x6xr4db	1	81821033-3614	24	1	0	2	1
s3615	4x6xr4di	1	81821033-3615	24	1	0	2	2
s3616	4x6xr4da	1	81821033-3616	24	1	0	2	3
s3617	4x6xr4de	0	81821033-3617	24	1	0	2	4
s3618	4x6xr4du	0	81821033-3618	24	1	0	2	5
s3619	4x6xm2	1	81821033-3619	24	1	0	3	0
s3620	4x6xm2db	1	81821033-3620	24	1	0	3	1
s3621	4x6xm2di	1	81821033-3621	24	1	0	3	2
s3622	4x6xm2da	1	81821033-3622	24	1	0	3	3
s3623	4x6xm2de	0	81821033-3623	24	1	0	3	4
s3624	4x6xm2du	0	81821033-3624	24	1	0	3	5
s3625	4x6xmd2	1	81821033-3625	24	1	0	4	0
s3626	4x6xmd2db	1	81821033-3626	24	1	0	4	1
s3627	4x6xmd2di	1	81821033-3627	24	1	0	4	2
s3628	4x6xmd2da	1	81821033-3628	24	1	0	4	3
s3629	4x6xmd2de	0	81821033-3629	24	1	0	4	4
s3630	4x6xmd2du	0	81821033-3630	24	1	0	4	5
s3631	4x6xm4	1	81821033-3631	24	1	0	5	0
s3632	4x6xm4db	1	81821033-3632	24	1	0	5	1
s3633	4x6xm4di	1	81821033-3633	24	1	0	5	2
s3634	4x6xm4da	1	81821033-3634	24	1	0	5	3
s3635	4x6xm4de	0	81821033-3635	24	1	0	5	4
s3636	4x6xm4du	0	81821033-3636	24	1	0	5	5
s3637	4x6xmd4	1	81821033-3637	24	1	0	6	0
s3638	4x6xmd4db	1	81821033-3638	24	1	0	6	1
s3639	4x6xmd4di	1	81821033-3639	24	1	0	6	2
s3640	4x6xmd4da	1	81821033-3640	24	1	0	6	3
s3641	4x6xmd4de	0	81821033-3641	24	1	0	6	4
s3642	4x6xmd4du	0	81821033-3642	24	1	0	6	5
s3643	4x6xm8	1	81821033-3643	24	1	0	7	0
s3644	4x6xm8db	1	81821033-3644	24	1	0	7	1
s3645	4x6xm8di	1	81821033-3645	24	1	0	7	2
s3646	4x6xm8da	1	81821033-3646	24	1	0	7	3
s3647	4x6xm8de	0	81821033-3647	24	1	0	7	4
s3648	4x6xm8du	0	81821033-3648	24	1	0	7	5
s3649	4x7a	1	81821033-3649	28	0	0	0	0
s3650	4x7adb	1	81821033-3650	28	0	0	0	1
s3651	4x7adi	0	81821033-3651	28	0	0	0	2
s3652	4x7ada	0	81821033-3652	28	0	0	0	3
s3653	4x7ade	0	81821033-3653	28	0	0	0	4
s3654	4x7adu	0	81821033-3654	28	0	0	0	5
s3655	4x7	1	81821033-3655	28	0	0	1	0
s3656	4x7db	1	81821033-3656	28	0	0	1	1
s3657	4x7di	0	81821033-3657	28	0	0	1	2
s3658	4x7da	0	81821033-3658	28	0	0	1	3
s3659	4x7de	0	81821033-3659	28	0	0	1	4
s3660	4x7du	0	81821033-3660	28	0	0	1	5
s3661	4x7r4	1	81821033-3661	28	0	0	2	0
s3662	4x7r4db	1	81821033-3662	28	0	0	2	1
s3663	4x7r4di	0	81821033-3663	28	0	0	2	2
s3664	4x7r4da	0	81821033-3664	28	0	0	2	3
s3665	4x7r4de	0	81821033-3665	28	0	0	2	4
s3666	4x7r4du	0	81821033-3666	28	0	0	2	5
s3667	4x7m2	1	81821033-3667	28	0	0	3	0
s3668	4x7m2db	1	81821033-3668	28	0	0	3	1
s3669	4x7m2di	0	81821033-3669	28	0	0	3	2
s3670	4x7m2da	0	81821033-3670	28	0	0	3	3
s3671	4x7m2de	0	81821033-3671	28	0	0	3	4
s3672	4x7m2du	0	81821033-3672	28	0	0	3	5
s3673	4x7md2	1	81821033-3673	28	0	0	4	0
s3674	4x7md2db	1	81821033-3674	28	0	0	4	1
s3675	4x7md2di	0	81821033-3675	28	0	0	4	2
s3676	4x7md2da	0	81821033-3676	28	0	0	4	3
s3677	4x7md2de	0	81821033-3677	28	0	0	4	4
s3678	4x7md2du	0	81821033-3678	28	0	0	4	5
s3679	4x7m4	1	81821033-3679	28	0	0	5	0
s3680	4x7m4db	1	81821033-3680	28	0	0	5	1
s3681	4x7m4di	0	81821033-3681	28	0	0	5	2
s3682	4x7m4da	0	81821033-3682	28	0	0	5	3
s3683	4x7m4de	0	81821033-3683	28	0	0	5	4
s3684	4x7m4du	0	81821033-3684	28	0	0	5	5
s3685	4x7md4	1	81821033-3685	28	0	0	6	0
s3686	4x7md4db	1	81821033-3686	28	0	0	6	1
s3687	4x7md4di	0	81821033-3687	28	0	0	6	2
s3688	4x7md4da	0	81821033-3688	28	0	0	6	3
s3689	4x7md4de	0	81821033-3689	28	0	0	6	4
s3690	4x7md4du	0	81821033-3690	28	0	0	6	5
s3691	4x7m8	1	81821033-3691	28	0	0	7	0
s3692	4x7m8db	1	81821033-3692	28	0	0	7	1
s3693	4x7m8di	0	81821033-3693	28	0	0	7	2
s3694	4x7m8da	0	81821033-3694	28	0	0	7	3
s3695	4x7m8de	0	81821033-3695	28	0	0	7	4
s3696	4x7m8du	0	81821033-3696	28	0	0	7	5
s3697	4x7xa	1	81821033-3697	28	1	0	0	0
s3698	4x7xadb	1	81821033-3698	28	1	0	0	1
s3699	4x7xadi	0	81821033-3699	28	1	0	0	2
s3700	4x7xada	0	81821033-3700	28	1	0	0	3
s3701	4x7xade	0	81821033-3701	28	1	0	0	4
s3702	4x7xadu	0	81821033-3702	28	1	0	0	5
s3703	4x7x	1	81821033-3703	28	1	0	1	0
s3704	4x7xdb	1	81821033-3704	28	1	0	1	1
s3705	4x7xdi	0	81821033-3705	28	1	0	1	2
s3706	4x7xda	0	81821033-3706	28	1	0	1	3
s3707	4x7xde	0	81821033-3707	28	1	0	1	4
s3708	4x7xdu	0	81821033-3708	28	1	0	1	5
s3709	4x7xr4	1	81821033-3709	28	1	0	2	0
s3710	4x7xr4db	1	81821033-3710	28	1	0	2	1
s3711	4x7xr4di	0	81821033-3711	28	1	0	2	2
s3712	4x7xr4da	0	81821033-3712	28	1	0	2	3
s3713	4x7xr4de	0	81821033-3713	28	1	0	2	4
s3714	4x7xr4du	0	81821033-3714	28	1	0	2	5
s3715	4x7xm2	1	81821033-3715	28	1	0	3	0
s3716	4x7xm2db	1	81821033-3716	28	1	0	3	1
s3717	4x7xm2di	0	81821033-3717	28	1	0	3	2
s3718	4x7xm2da	0	81821033-3718	28	1	0	3	3
s3719	4x7xm2de	0	81821033-3719	28	1	0	3	4
s3720	4x7xm2du	0	81821033-3720	28	1	0	3	5
s3721	4x7xmd2	1	81821033-3721	28	1	0	4	0
s3722	4x7xmd2db	1	81821033-3722	28	1	0	4	1
s3723	4x7xmd2di	0	81821033-3723	28	1	0	4	2
s3724	4x7xmd2da	0	81821033-3724	28	1	0	4	3
s3725	4x7xmd2de	0	81821033-3725	28	1	0	4	4
s3726	4x7xmd2du	0	81821033-3726	28	1	0	4	5
s3727	4x7xm4	1	81821033-3727	28	1	0	5	0
s3728	4x7xm4db	1	81821033-3728	28	1	0	5	1
s3729	4x7xm4di	0	81821033-3729	28	1	0	5	2
s3730	4x7xm4da	0	81821033-3730	28	1	0	5	3
s3731	4x7xm4de	0	81821033-3731	28	1	0	5	4
s3732	4x7xm4du	0	81821033-3732	28	1	0	5	5
s3733	4x7xmd4	1	81821033-3733	28	1	0	6	0
s3734	4x7xmd4db	1	81821033-3734	28	1	0	6	1
s3735	4x7xmd4di	0	81821033-3735	28	1	0	6	2
s3736	4x7xmd4da	0	81821033-3736	28	1	0	6	3
s3737	4x7xmd4de	0	81821033-3737	28	1	0	6	4
s3738	4x7xmd4du	0	81821033-3738	28	1	0	6	5
s3739	4x7xm8	1	81821033-3739	28	1	0	7	0
s3740	4x7xm8db	1	81821033-3740	28	1	0	7	1
s3741	4x7xm8di	0	81821033-3741	28	1	0	7	2
s3742	4x7xm8da	0	81821033-3742	28	1	0	7	3
s3743	4x7xm8de	0	81821033-3743	28	1	0	7	4
s3744	4x7xm8du	0	81821033-3744	28	1	0	7	5
s3745	5ja	1	81821033-3745	5	0	0	0	0
s3746	5jadb	1	81821033-3746	5	0	0	0	1
s3747	5jadi	1	81821033-3747	5	0	0	0	2
s3748	5jada	1	81821033-3748	5	0	0	0	3
s3749	5jade	1	81821033-3749	5	0	0	0	4
s3750	5jadu	1	81821033-3750	5	0	0	0	5
s3751	5j	1	81821033-3751	5	0	0	1	0
s3752	5jdb	1	81821033-3752	5	0	0	1	1
s3753	5jdi	1	81821033-3753	5	0	0	1	2
s3754	5jda	1	81821033-3754	5	0	0	1	3
s3755	5jde	1	81821033-3755	5	0	0	1	4
s3756	5jdu	1	81821033-3756	5	0	0	1	5
s3757	5jr4	1	81821033-3757	5	0	0	2	0
s3758	5jr4db	1	81821033-3758	5	0	0	2	1
s3759	5jr4di	1	81821033-3759	5	0	0	2	2
s3760	5jr4da	1	81821033-3760	5	0	0	2	3
s3761	5jr4de	1	81821033-3761	5	0	0	2	4
s3762	5jr4du	1	81821033-3762	5	0	0	2	5
s3763	5jm2	1	81821033-3763	5	0	0	3	0
s3764	5jm2db	1	81821033-3764	5	0	0	3	1
s3765	5jm2di	1	81821033-3765	5	0	0	3	2
s3766	5jm2da	1	81821033-3766	5	0	0	3	3
s3767	5jm2de	1	81821033-3767	5	0	0	3	4
s3768	5jm2du	1	81821033-3768	5	0	0	3	5
s3769	5jmd2	1	81821033-3769	5	0	0	4	0
s3770	5jmd2db	1	81821033-3770	5	0	0	4	1
s3771	5jmd2di	1	81821033-3771	5	0	0	4	2
s3772	5jmd2da	1	81821033-3772	5	0	0	4	3
s3773	5jmd2de	1	81821033-3773	5	0	0	4	4
s3774	5jmd2du	1	81821033-3774	5	0	0	4	5
s3775	5jm4	1	81821033-3775	5	0	0	5	0
s3776	5jm4db	1	81821033-3776	5	0	0	5	1
s3777	5jm4di	1	81821033-3777	5	0	0	5	2
s3778	5jm4da	1	81821033-3778	5	0	0	5	3
s3779	5jm4de	1	81821033-3779	5	0	0	5	4
s3780	5jm4du	1	81821033-3780	5	0	0	5	5
s3781	5jmd4	1	81821033-3781	5	0	0	6	0
s3782	5jmd4db	1	81821033-3782	5	0	0	6	1
s3783	5jmd4di	1	81821033-3783	5	0	0	6	2
s3784	5jmd4da	1	81821033-3784	5	0	0	6	3
s3785	5jmd4de	1	81821033-3785	5	0	0	6	4
s3786	5jmd4du	1	81821033-3786	5	0	0	6	5
s3787	5jm8	1	81821033-3787	5	0	0	7	0
s3788	5jm8db	1	81821033-3788	5	0	0	7	1
s3789	5jm8di	1	81821033-3789	5	0	0	7	2
s3790	5jm8da	1	81821033-3790	5	0	0	7	3
s3791	5jm8de	1	81821033-3791	5	0	0	7	4
s3792	5jm8du	1	81821033-3792	5	0	0	7	5
s3793	5jka	1	81821033-3793	5	0	1	0	0
s3794	5jkadb	1	81821033-3794	5	0	1	0	1
s3795	5jkadi	1	81821033-3795	5	0	1	0	2
s3796	5jkada	1	81821033-3796	5	0	1	0	3
s3797	5jkade	1	81821033-3797	5	0	1	0	4
s3798	5jkadu	1	81821033-3798	5	0	1	0	5
s3799	5jk	0	81821033-3799	5	0	1	1	0
s3800	5jkdb	0	81821033-3800	5	0	1	1	1
s3801	5jkdi	0	81821033-3801	5	0	1	1	2
s3802	5jkda	0	81821033-3802	5	0	1	1	3
s3803	5jkde	0	81821033-3803	5	0	1	1	4
s3804	5jkdu	0	81821033-3804	5	0	1	1	5
s3805	5jkr4	0	81821033-3805	5	0	1	2	0
s3806	5jkr4db	0	81821033-3806	5	0	1	2	1
s3807	5jkr4di	0	81821033-3807	5	0	1	2	2
s3808	5jkr4da	0	81821033-3808	5	0	1	2	3
s3809	5jkr4de	0	81821033-3809	5	0	1	2	4
s3810	5jkr4du	0	81821033-3810	5	0	1	2	5
s3811	5jkm2	0	81821033-3811	5	0	1	3	0
s3812	5jkm2db	0	81821033-3812	5	0	1	3	1
s3813	5jkm2di	0	81821033-3813	5	0	1	3	2
s3814	5jkm2da	0	81821033-3814	5	0	1	3	3
s3815	5jkm2de	0	81821033-3815	5	0	1	3	4
s3816	5jkm2du	0	81821033-3816	5	0	1	3	5
s3817	5jkmd2	0	81821033-3817	5	0	1	4	0
s3818	5jkmd2db	0	81821033-3818	5	0	1	4	1
s3819	5jkmd2di	0	81821033-3819	5	0	1	4	2
s3820	5jkmd2da	0	81821033-3820	5	0	1	4	3
s3821	5jkmd2de	0	81821033-3821	5	0	1	4	4
s3822	5jkmd2du	0	81821033-3822	5	0	1	4	5
s3823	5jkm4	0	81821033-3823	5	0	1	5	0
s3824	5jkm4db	0	81821033-3824	5	0	1	5	1
s3825	5jkm4di	0	81821033-3825	5	0	1	5	2
s3826	5jkm4da	0	81821033-3826	5	0	1	5	3
s3827	5jkm4de	0	81821033-3827	5	0	1	5	4
s3828	5jkm4du	0	81821033-3828	5	0	1	5	5
s3829	5jkmd4	0	81821033-3829	5	0	1	6	0
s3830	5jkmd4db	0	81821033-3830	5	0	1	6	1
s3831	5jkmd4di	0	81821033-3831	5	0	1	6	2
s3832	5jkmd4da	0	81821033-3832	5	0	1	6	3
s3833	5jkmd4de	0	81821033-3833	5	0	1	6	4
s3834	5jkmd4du	0	81821033-3834	5	0	1	6	5
s3835	5jkm8	0	81821033-3835	5	0	1	7	0
s3836	5jkm8db	0	81821033-3836	5	0	1	7	1
s3837	5jkm8di	0	81821033-3837	5	0	1	7	2
s3838	5jkm8da	0	81821033-3838	5	0	1	7	3
s3839	5jkm8de	0	81821033-3839	5	0	1	7	4
s3840	5jkm8du	0	81821033-3840	5	0	1	7	5
s3841	5jxa	1	81821033-3841	5	1	0	0	0
s3842	5jxadb	1	81821033-3842	5	1	0	0	1
s3843	5jxadi	1	81821033-3843	5	1	0	0	2
s3844	5jxada	1	81821033-3844	5	1	0	0	3
s3845	5jxade	1	81821033-3845	5	1	0	0	4
s3846	5jxadu	1	81821033-3846	5	1	0	0	5
s3847	5jx	1	81821033-3847	5	1	0	1	0
s3848	5jxdb	1	81821033-3848	5	1	0	1	1
s3849	5jxdi	1	81821033-3849	5	1	0	1	2
s3850	5jxda	1	81821033-3850	5	1	0	1	3
s3851	5jxde	1	81821033-3851	5	1	0	1	4
s3852	5jxdu	1	81821033-3852	5	1	0	1	5
s3853	5jxr4	1	81821033-3853	5	1	0	2	0
s3854	5jxr4db	1	81821033-3854	5	1	0	2	1
s3855	5jxr4di	1	81821033-3855	5	1	0	2	2
s3856	5jxr4da	1	81821033-3856	5	1	0	2	3
s3857	5jxr4de	1	81821033-3857	5	1	0	2	4
s3858	5jxr4du	1	81821033-3858	5	1	0	2	5
s3859	5jxm2	1	81821033-3859	5	1	0	3	0
s3860	5jxm2db	1	81821033-3860	5	1	0	3	1
s3861	5jxm2di	1	81821033-3861	5	1	0	3	2
s3862	5jxm2da	1	81821033-3862	5	1	0	3	3
s3863	5jxm2de	1	81821033-3863	5	1	0	3	4
s3864	5jxm2du	1	81821033-3864	5	1	0	3	5
s3865	5jxmd2	1	81821033-3865	5	1	0	4	0
s3866	5jxmd2db	1	81821033-3866	5	1	0	4	1
s3867	5jxmd2di	1	81821033-3867	5	1	0	4	2
s3868	5jxmd2da	1	81821033-3868	5	1	0	4	3
s3869	5jxmd2de	1	81821033-3869	5	1	0	4	4
s3870	5jxmd2du	1	81821033-3870	5	1	0	4	5
s3871	5jxm4	1	81821033-3871	5	1	0	5	0
s3872	5jxm4db	1	81821033-3872	5	1	0	5	1
s3873	5jxm4di	1	81821033-3873	5	1	0	5	2
s3874	5jxm4da	1	81821033-3874	5	1	0	5	3
s3875	5jxm4de	1	81821033-3875	5	1	0	5	4
s3876	5jxm4du	1	81821033-3876	5	1	0	5	5
s3877	5jxmd4	1	81821033-3877	5	1	0	6	0
s3878	5jxmd4db	1	81821033-3878	5	1	0	6	1
s3879	5jxmd4di	1	81821033-3879	5	1	0	6	2
s3880	5jxmd4da	1	81821033-3880	5	1	0	6	3
s3881	5jxmd4de	1	81821033-3881	5	1	0	6	4
s3882	5jxmd4du	1	81821033-3882	5	1	0	6	5
s3883	5jxm8	1	81821033-3883	5	1	0	7	0
s3884	5jxm8db	1	81821033-3884	5	1	0	7	1
s3885	5jxm8di	1	81821033-3885	5	1	0	7	2
s3886	5jxm8da	1	81821033-3886	5	1	0	7	3
s3887	5jxm8de	1	81821033-3887	5	1	0	7	4
s3888	5jxm8du	1	81821033-3888	5	1	0	7	5
s3889	5jxka	1	81821033-3889	5	1	1	0	0
s3890	5jxkadb	1	81821033-3890	5	1	1	0	1
s3891	5jxkadi	1	81821033-3891	5	1	1	0	2
s3892	5jxkada	1	81821033-3892	5	1	1	0	3
s3893	5jxkade	1	81821033-3893	5	1	1	0	4
s3894	5jxkadu	1	81821033-3894	5	1	1	0	5
s3895	5jxk	0	81821033-3895	5	1	1	1	0
s3896	5jxkdb	0	81821033-3896	5	1	1	1	1
s3897	5jxkdi	0	81821033-3897	5	1	1	1	2
s3898	5jxkda	0	81821033-3898	5	1	1	1	3
s3899	5jxkde	0	81821033-3899	5	1	1	1	4
s3900	5jxkdu	0	81821033-3900	5	1	1	1	5
s3901	5jxkr4	0	81821033-3901	5	1	1	2	0
s3902	5jxkr4db	0	81821033-3902	5	1	1	2	1
s3903	5jxkr4di	0	81821033-3903	5	1	1	2	2
s3904	5jxkr4da	0	81821033-3904	5	1	1	2	3
s3905	5jxkr4de	0	81821033-3905	5	1	1	2	4
s3906	5jxkr4du	0	81821033-3906	5	1	1	2	5
s3907	5jxkm2	0	81821033-3907	5	1	1	3	0
s3908	5jxkm2db	0	81821033-3908	5	1	1	3	1
s3909	5jxkm2di	0	81821033-3909	5	1	1	3	2
s3910	5jxkm2da	0	81821033-3910	5	1	1	3	3
s3911	5jxkm2de	0	81821033-3911	5	1	1	3	4
s3912	5jxkm2du	0	81821033-3912	5	1	1	3	5
s3913	5jxkmd2	0	81821033-3913	5	1	1	4	0
s3914	5jxkmd2db	0	81821033-3914	5	1	1	4	1
s3915	5jxkmd2di	0	81821033-3915	5	1	1	4	2
s3916	5jxkmd2da	0	81821033-3916	5	1	1	4	3
s3917	5jxkmd2de	0	81821033-3917	5	1	1	4	4
s3918	5jxkmd2du	0	81821033-3918	5	1	1	4	5
s3919	5jxkm4	0	81821033-3919	5	1	1	5	0
s3920	5jxkm4db	0	81821033-3920	5	1	1	5	1
s3921	5jxkm4di	0	81821033-3921	5	1	1	5	2
s3922	5jxkm4da	0	81821033-3922	5	1	1	5	3
s3923	5jxkm4de	0	81821033-3923	5	1	1	5	4
s3924	5jxkm4du	0	81821033-3924	5	1	1	5	5
s3925	5jxkmd4	0	81821033-3925	5	1	1	6	0
s3926	5jxkmd4db	0	81821033-3926	5	1	1	6	1
s3927	5jxkmd4di	0	81821033-3927	5	1	1	6	2
s3928	5jxkmd4da	0	81821033-3928	5	1	1	6	3
s3929	5jxkmd4de	0	81821033-3929	5	1	1	6	4
s3930	5jxkmd4du	0	81821033-3930	5	1	1	6	5
s3931	5jxkm8	0	81821033-3931	5	1	1	7	0
s3932	5jxkm8db	0	81821033-3932	5	1	1	7	1
s3933	5jxkm8di	0	81821033-3933	5	1	1	7	2
s3934	5jxkm8da	0	81821033-3934	5	1	1	7	3
s3935	5jxkm8de	0	81821033-3935	5	1	1	7	4
s3936	5jxkm8du	0	81821033-3936	5	1	1	7	5
s3937	5x2a	1	81821033-3937	10	0	0	0	0
s3938	5x2adb	1	81821033-3938	10	0	0	0	1
s3939	5x2adi	1	81821033-3939	10	0	0	0	2
s3940	5x2ada	1	81821033-3940	10	0	0	0	3
s3941	5x2ade	1	81821033-3941	10	0	0	0	4
s3942	5x2adu	1	81821033-3942	10	0	0	0	5
s3943	5x2	1	81821033-3943	10	0	0	1	0
s3944	5x2db	1	81821033-3944	10	0	0	1	1
s3945	5x2di	1	81821033-3945	10	0	0	1	2
s3946	5x2da	1	81821033-3946	10	0	0	1	3
s3947	5x2de	1	81821033-3947	10	0	0	1	4
s3948	5x2du	1	81821033-3948	10	0	0	1	5
s3949	5x2r4	1	81821033-3949	10	0	0	2	0
s3950	5x2r4db	1	81821033-3950	10	0	0	2	1
s3951	5x2r4di	1	81821033-3951	10	0	0	2	2
s3952	5x2r4da	1	81821033-3952	10	0	0	2	3
s3953	5x2r4de	1	81821033-3953	10	0	0	2	4
s3954	5x2r4du	1	81821033-3954	10	0	0	2	5
s3955	5x2m2	1	81821033-3955	10	0	0	3	0
s3956	5x2m2db	1	81821033-3956	10	0	0	3	1
s3957	5x2m2di	1	81821033-3957	10	0	0	3	2
s3958	5x2m2da	1	81821033-3958	10	0	0	3	3
s3959	5x2m2de	1	81821033-3959	10	0	0	3	4
s3960	5x2m2du	1	81821033-3960	10	0	0	3	5
s3961	5x2md2	1	81821033-3961	10	0	0	4	0
s3962	5x2md2db	1	81821033-3962	10	0	0	4	1
s3963	5x2md2di	1	81821033-3963	10	0	0	4	2
s3964	5x2md2da	1	81821033-3964	10	0	0	4	3
s3965	5x2md2de	1	81821033-3965	10	0	0	4	4
s3966	5x2md2du	1	81821033-3966	10	0	0	4	5
s3967	5x2m4	1	81821033-3967	10	0	0	5	0
s3968	5x2m4db	1	81821033-3968	10	0	0	5	1
s3969	5x2m4di	1	81821033-3969	10	0	0	5	2
s3970	5x2m4da	1	81821033-3970	10	0	0	5	3
s3971	5x2m4de	1	81821033-3971	10	0	0	5	4
s3972	5x2m4du	1	81821033-3972	10	0	0	5	5
s3973	5x2md4	1	81821033-3973	10	0	0	6	0
s3974	5x2md4db	1	81821033-3974	10	0	0	6	1
s3975	5x2md4di	1	81821033-3975	10	0	0	6	2
s3976	5x2md4da	1	81821033-3976	10	0	0	6	3
s3977	5x2md4de	1	81821033-3977	10	0	0	6	4
s3978	5x2md4du	1	81821033-3978	10	0	0	6	5
s3979	5x2m8	1	81821033-3979	10	0	0	7	0
s3980	5x2m8db	1	81821033-3980	10	0	0	7	1
s3981	5x2m8di	1	81821033-3981	10	0	0	7	2
s3982	5x2m8da	1	81821033-3982	10	0	0	7	3
s3983	5x2m8de	1	81821033-3983	10	0	0	7	4
s3984	5x2m8du	1	81821033-3984	10	0	0	7	5
s3985	5x2xa	1	81821033-3985	10	1	0	0	0
s3986	5x2xadb	1	81821033-3986	10	1	0	0	1
s3987	5x2xadi	1	81821033-3987	10	1	0	0	2
s3988	5x2xada	1	81821033-3988	10	1	0	0	3
s3989	5x2xade	1	81821033-3989	10	1	0	0	4
s3990	5x2xadu	1	81821033-3990	10	1	0	0	5
s3991	5x2x	1	81821033-3991	10	1	0	1	0
s3992	5x2xdb	1	81821033-3992	10	1	0	1	1
s3993	5x2xdi	1	81821033-3993	10	1	0	1	2
s3994	5x2xda	1	81821033-3994	10	1	0	1	3
s3995	5x2xde	1	81821033-3995	10	1	0	1	4
s3996	5x2xdu	1	81821033-3996	10	1	0	1	5
s3997	5x2xr4	1	81821033-3997	10	1	0	2	0
s3998	5x2xr4db	1	81821033-3998	10	1	0	2	1
s3999	5x2xr4di	1	81821033-3999	10	1	0	2	2
s4000	5x2xr4da	1	81821033-4000	10	1	0	2	3
s4001	5x2xr4de	1	81821033-4001	10	1	0	2	4
s4002	5x2xr4du	1	81821033-4002	10	1	0	2	5
s4003	5x2xm2	1	81821033-4003	10	1	0	3	0
s4004	5x2xm2db	1	81821033-4004	10	1	0	3	1
s4005	5x2xm2di	1	81821033-4005	10	1	0	3	2
s4006	5x2xm2da	1	81821033-4006	10	1	0	3	3
s4007	5x2xm2de	1	81821033-4007	10	1	0	3	4
s4008	5x2xm2du	1	81821033-4008	10	1	0	3	5
s4009	5x2xmd2	1	81821033-4009	10	1	0	4	0
s4010	5x2xmd2db	1	81821033-4010	10	1	0	4	1
s4011	5x2xmd2di	1	81821033-4011	10	1	0	4	2
s4012	5x2xmd2da	1	81821033-4012	10	1	0	4	3
s4013	5x2xmd2de	1	81821033-4013	10	1	0	4	4
s4014	5x2xmd2du	1	81821033-4014	10	1	0	4	5
s4015	5x2xm4	1	81821033-4015	10	1	0	5	0
s4016	5x2xm4db	1	81821033-4016	10	1	0	5	1
s4017	5x2xm4di	1	81821033-4017	10	1	0	5	2
s4018	5x2xm4da	1	81821033-4018	10	1	0	5	3
s4019	5x2xm4de	1	81821033-4019	10	1	0	5	4
s4020	5x2xm4du	1	81821033-4020	10	1	0	5	5
s4021	5x2xmd4	1	81821033-4021	10	1	0	6	0
s4022	5x2xmd4db	1	81821033-4022	10	1	0	6	1
s4023	5x2xmd4di	1	81821033-4023	10	1	0	6	2
s4024	5x2xmd4da	1	81821033-4024	10	1	0	6	3
s4025	5x2xmd4de	1	81821033-4025	10	1	0	6	4
s4026	5x2xmd4du	1	81821033-4026	10	1	0	6	5
s4027	5x2xm8	1	81821033-4027	10	1	0	7	0
s4028	5x2xm8db	1	81821033-4028	10	1	0	7	1
s4029	5x2xm8di	1	81821033-4029	10	1	0	7	2
s4030	5x2xm8da	1	81821033-4030	10	1	0	7	3
s4031	5x2xm8de	1	81821033-4031	10	1	0	7	4
s4032	5x2xm8du	1	81821033-4032	10	1	0	7	5
s4033	5x3a	1	81821033-4033	15	0	0	0	0
s4034	5x3adb	1	81821033-4034	15	0	0	0	1
s4035	5x3adi	1	81821033-4035	15	0	0	0	2
s4036	5x3ada	1	81821033-4036	15	0	0	0	3
s4037	5x3ade	1	81821033-4037	15	0	0	0	4
s4038	5x3adu	1	81821033-4038	15	0	0	0	5
s4039	5x3	1	81821033-4039	15	0	0	1	0
s4040	5x3db	1	81821033-4040	15	0	0	1	1
s4041	5x3di	1	81821033-4041	15	0	0	1	2
s4042	5x3da	1	81821033-4042	15	0	0	1	3
s4043	5x3de	1	81821033-4043	15	0	0	1	4
s4044	5x3du	1	81821033-4044	15	0	0	1	5
s4045	5x3r4	1	81821033-4045	15	0	0	2	0
s4046	5x3r4db	1	81821033-4046	15	0	0	2	1
s4047	5x3r4di	1	81821033-4047	15	0	0	2	2
s4048	5x3r4da	1	81821033-4048	15	0	0	2	3
s4049	5x3r4de	1	81821033-4049	15	0	0	2	4
s4050	5x3r4du	1	81821033-4050	15	0	0	2	5
s4051	5x3m2	1	81821033-4051	15	0	0	3	0
s4052	5x3m2db	1	81821033-4052	15	0	0	3	1
s4053	5x3m2di	1	81821033-4053	15	0	0	3	2
s4054	5x3m2da	1	81821033-4054	15	0	0	3	3
s4055	5x3m2de	1	81821033-4055	15	0	0	3	4
s4056	5x3m2du	1	81821033-4056	15	0	0	3	5
s4057	5x3md2	1	81821033-4057	15	0	0	4	0
s4058	5x3md2db	1	81821033-4058	15	0	0	4	1
s4059	5x3md2di	1	81821033-4059	15	0	0	4	2
s4060	5x3md2da	1	81821033-4060	15	0	0	4	3
s4061	5x3md2de	1	81821033-4061	15	0	0	4	4
s4062	5x3md2du	1	81821033-4062	15	0	0	4	5
s4063	5x3m4	1	81821033-4063	15	0	0	5	0
s4064	5x3m4db	1	81821033-4064	15	0	0	5	1
s4065	5x3m4di	1	81821033-4065	15	0	0	5	2
s4066	5x3m4da	1	81821033-4066	15	0	0	5	3
s4067	5x3m4de	1	81821033-4067	15	0	0	5	4
s4068	5x3m4du	1	81821033-4068	15	0	0	5	5
s4069	5x3md4	1	81821033-4069	15	0	0	6	0
s4070	5x3md4db	1	81821033-4070	15	0	0	6	1
s4071	5x3md4di	1	81821033-4071	15	0	0	6	2
s4072	5x3md4da	1	81821033-4072	15	0	0	6	3
s4073	5x3md4de	1	81821033-4073	15	0	0	6	4
s4074	5x3md4du	1	81821033-4074	15	0	0	6	5
s4075	5x3m8	1	81821033-4075	15	0	0	7	0
s4076	5x3m8db	1	81821033-4076	15	0	0	7	1
s4077	5x3m8di	1	81821033-4077	15	0	0	7	2
s4078	5x3m8da	1	81821033-4078	15	0	0	7	3
s4079	5x3m8de	1	81821033-4079	15	0	0	7	4
s4080	5x3m8du	1	81821033-4080	15	0	0	7	5
s4081	5x3xa	1	81821033-4081	15	1	0	0	0
s4082	5x3xadb	1	81821033-4082	15	1	0	0	1
s4083	5x3xadi	1	81821033-4083	15	1	0	0	2
s4084	5x3xada	1	81821033-4084	15	1	0	0	3
s4085	5x3xade	1	81821033-4085	15	1	0	0	4
s4086	5x3xadu	1	81821033-4086	15	1	0	0	5
s4087	5x3x	1	81821033-4087	15	1	0	1	0
s4088	5x3xdb	1	81821033-4088	15	1	0	1	1
s4089	5x3xdi	1	81821033-4089	15	1	0	1	2
s4090	5x3xda	1	81821033-4090	15	1	0	1	3
s4091	5x3xde	1	81821033-4091	15	1	0	1	4
s4092	5x3xdu	1	81821033-4092	15	1	0	1	5
s4093	5x3xr4	1	81821033-4093	15	1	0	2	0
s4094	5x3xr4db	1	81821033-4094	15	1	0	2	1
s4095	5x3xr4di	1	81821033-4095	15	1	0	2	2
s4096	5x3xr4da	1	81821033-4096	15	1	0	2	3
s4097	5x3xr4de	1	81821033-4097	15	1	0	2	4
s4098	5x3xr4du	1	81821033-4098	15	1	0	2	5
s4099	5x3xm2	1	81821033-4099	15	1	0	3	0
s4100	5x3xm2db	1	81821033-4100	15	1	0	3	1
s4101	5x3xm2di	1	81821033-4101	15	1	0	3	2
s4102	5x3xm2da	1	81821033-4102	15	1	0	3	3
s4103	5x3xm2de	1	81821033-4103	15	1	0	3	4
s4104	5x3xm2du	1	81821033-4104	15	1	0	3	5
s4105	5x3xmd2	1	81821033-4105	15	1	0	4	0
s4106	5x3xmd2db	1	81821033-4106	15	1	0	4	1
s4107	5x3xmd2di	1	81821033-4107	15	1	0	4	2
s4108	5x3xmd2da	1	81821033-4108	15	1	0	4	3
s4109	5x3xmd2de	1	81821033-4109	15	1	0	4	4
s4110	5x3xmd2du	1	81821033-4110	15	1	0	4	5
s4111	5x3xm4	1	81821033-4111	15	1	0	5	0
s4112	5x3xm4db	1	81821033-4112	15	1	0	5	1
s4113	5x3xm4di	1	81821033-4113	15	1	0	5	2
s4114	5x3xm4da	1	81821033-4114	15	1	0	5	3
s4115	5x3xm4de	1	81821033-4115	15	1	0	5	4
s4116	5x3xm4du	1	81821033-4116	15	1	0	5	5
s4117	5x3xmd4	1	81821033-4117	15	1	0	6	0
s4118	5x3xmd4db	1	81821033-4118	15	1	0	6	1
s4119	5x3xmd4di	1	81821033-4119	15	1	0	6	2
s4120	5x3xmd4da	1	81821033-4120	15	1	0	6	3
s4121	5x3xmd4de	1	81821033-4121	15	1	0	6	4
s4122	5x3xmd4du	1	81821033-4122	15	1	0	6	5
s4123	5x3xm8	1	81821033-4123	15	1	0	7	0
s4124	5x3xm8db	1	81821033-4124	15	1	0	7	1
s4125	5x3xm8di	1	81821033-4125	15	1	0	7	2
s4126	5x3xm8da	1	81821033-4126	15	1	0	7	3
s4127	5x3xm8de	1	81821033-4127	15	1	0	7	4
s4128	5x3xm8du	1	81821033-4128	15	1	0	7	5
s4129	5x4a	1	81821033-4129	20	0	0	0	0
s4130	5x4adb	1	81821033-4130	20	0	0	0	1
s4131	5x4adi	1	81821033-4131	20	0	0	0	2
s4132	5x4ada	1	81821033-4132	20	0	0	0	3
s4133	5x4ade	0	81821033-4133	20	0	0	0	4
s4134	5x4adu	0	81821033-4134	20	0	0	0	5
s4135	5x4	1	81821033-4135	20	0	0	1	0
s4136	5x4db	1	81821033-4136	20	0	0	1	1
s4137	5x4di	1	81821033-4137	20	0	0	1	2
s4138	5x4da	1	81821033-4138	20	0	0	1	3
s4139	5x4de	0	81821033-4139	20	0	0	1	4
s4140	5x4du	0	81821033-4140	20	0	0	1	5
s4141	5x4r4	1	81821033-4141	20	0	0	2	0
s4142	5x4r4db	1	81821033-4142	20	0	0	2	1
s4143	5x4r4di	1	81821033-4143	20	0	0	2	2
s4144	5x4r4da	1	81821033-4144	20	0	0	2	3
s4145	5x4r4de	0	81821033-4145	20	0	0	2	4
s4146	5x4r4du	0	81821033-4146	20	0	0	2	5
s4147	5x4m2	1	81821033-4147	20	0	0	3	0
s4148	5x4m2db	1	81821033-4148	20	0	0	3	1
s4149	5x4m2di	1	81821033-4149	20	0	0	3	2
s4150	5x4m2da	1	81821033-4150	20	0	0	3	3
s4151	5x4m2de	0	81821033-4151	20	0	0	3	4
s4152	5x4m2du	0	81821033-4152	20	0	0	3	5
s4153	5x4md2	1	81821033-4153	20	0	0	4	0
s4154	5x4md2db	1	81821033-4154	20	0	0	4	1
s4155	5x4md2di	1	81821033-4155	20	0	0	4	2
s4156	5x4md2da	1	81821033-4156	20	0	0	4	3
s4157	5x4md2de	0	81821033-4157	20	0	0	4	4
s4158	5x4md2du	0	81821033-4158	20	0	0	4	5
s4159	5x4m4	1	81821033-4159	20	0	0	5	0
s4160	5x4m4db	1	81821033-4160	20	0	0	5	1
s4161	5x4m4di	1	81821033-4161	20	0	0	5	2
s4162	5x4m4da	1	81821033-4162	20	0	0	5	3
s4163	5x4m4de	0	81821033-4163	20	0	0	5	4
s4164	5x4m4du	0	81821033-4164	20	0	0	5	5
s4165	5x4md4	1	81821033-4165	20	0	0	6	0
s4166	5x4md4db	1	81821033-4166	20	0	0	6	1
s4167	5x4md4di	1	81821033-4167	20	0	0	6	2
s4168	5x4md4da	1	81821033-4168	20	0	0	6	3
s4169	5x4md4de	0	81821033-4169	20	0	0	6	4
s4170	5x4md4du	0	81821033-4170	20	0	0	6	5
s4171	5x4m8	1	81821033-4171	20	0	0	7	0
s4172	5x4m8db	1	81821033-4172	20	0	0	7	1
s4173	5x4m8di	1	81821033-4173	20	0	0	7	2
s4174	5x4m8da	1	81821033-4174	20	0	0	7	3
s4175	5x4m8de	0	81821033-4175	20	0	0	7	4
s4176	5x4m8du	0	81821033-4176	20	0	0	7	5
s4177	5x4xa	1	81821033-4177	20	1	0	0	0
s4178	5x4xadb	1	81821033-4178	20	1	0	0	1
s4179	5x4xadi	1	81821033-4179	20	1	0	0	2
s4180	5x4xada	1	81821033-4180	20	1	0	0	3
s4181	5x4xade	0	81821033-4181	20	1	0	0	4
s4182	5x4xadu	0	81821033-4182	20	1	0	0	5
s4183	5x4x	1	81821033-4183	20	1	0	1	0
s4184	5x4xdb	1	81821033-4184	20	1	0	1	1
s4185	5x4xdi	1	81821033-4185	20	1	0	1	2
s4186	5x4xda	1	81821033-4186	20	1	0	1	3
s4187	5x4xde	0	81821033-4187	20	1	0	1	4
s4188	5x4xdu	0	81821033-4188	20	1	0	1	5
s4189	5x4xr4	1	81821033-4189	20	1	0	2	0
s4190	5x4xr4db	1	81821033-4190	20	1	0	2	1
s4191	5x4xr4di	1	81821033-4191	20	1	0	2	2
s4192	5x4xr4da	1	81821033-4192	20	1	0	2	3
s4193	5x4xr4de	0	81821033-4193	20	1	0	2	4
s4194	5x4xr4du	0	81821033-4194	20	1	0	2	5
s4195	5x4xm2	1	81821033-4195	20	1	0	3	0
s4196	5x4xm2db	1	81821033-4196	20	1	0	3	1
s4197	5x4xm2di	1	81821033-4197	20	1	0	3	2
s4198	5x4xm2da	1	81821033-4198	20	1	0	3	3
s4199	5x4xm2de	0	81821033-4199	20	1	0	3	4
s4200	5x4xm2du	0	81821033-4200	20	1	0	3	5
s4201	5x4xmd2	1	81821033-4201	20	1	0	4	0
s4202	5x4xmd2db	1	81821033-4202	20	1	0	4	1
s4203	5x4xmd2di	1	81821033-4203	20	1	0	4	2
s4204	5x4xmd2da	1	81821033-4204	20	1	0	4	3
s4205	5x4xmd2de	0	81821033-4205	20	1	0	4	4
s4206	5x4xmd2du	0	81821033-4206	20	1	0	4	5
s4207	5x4xm4	1	81821033-4207	20	1	0	5	0
s4208	5x4xm4db	1	81821033-4208	20	1	0	5	1
s4209	5x4xm4di	1	81821033-4209	20	1	0	5	2
s4210	5x4xm4da	1	81821033-4210	20	1	0	5	3
s4211	5x4xm4de	0	81821033-4211	20	1	0	5	4
s4212	5x4xm4du	0	81821033-4212	20	1	0	5	5
s4213	5x4xmd4	1	81821033-4213	20	1	0	6	0
s4214	5x4xmd4db	1	81821033-4214	20	1	0	6	1
s4215	5x4xmd4di	1	81821033-4215	20	1	0	6	2
s4216	5x4xmd4da	1	81821033-4216	20	1	0	6	3
s4217	5x4xmd4de	0	81821033-4217	20	1	0	6	4
s4218	5x4xmd4du	0	81821033-4218	20	1	0	6	5
s4219	5x4xm8	1	81821033-4219	20	1	0	7	0
s4220	5x4xm8db	1	81821033-4220	20	1	0	7	1
s4221	5x4xm8di	1	81821033-4221	20	1	0	7	2
s4222	5x4xm8da	1	81821033-4222	20	1	0	7	3
s4223	5x4xm8de	0	81821033-4223	20	1	0	7	4
s4224	5x4xm8du	0	81821033-4224	20	1	0	7	5
s4225	5x5a	1	81821033-4225	25	0	0	0	0
s4226	5x5adb	1	81821033-4226	25	0	0	0	1
s4227	5x5adi	1	81821033-4227	25	0	0	0	2
s4228	5x5ada	1	81821033-4228	25	0	0	0	3
s4229	5x5ade	0	81821033-4229	25	0	0	0	4
s4230	5x5adu	0	81821033-4230	25	0	0	0	5
s4231	5x5	1	81821033-4231	25	0	0	1	0
s4232	5x5db	1	81821033-4232	25	0	0	1	1
s4233	5x5di	1	81821033-4233	25	0	0	1	2
s4234	5x5da	1	81821033-4234	25	0	0	1	3
s4235	5x5de	0	81821033-4235	25	0	0	1	4
s4236	5x5du	0	81821033-4236	25	0	0	1	5
s4237	5x5r4	1	81821033-4237	25	0	0	2	0
s4238	5x5r4db	1	81821033-4238	25	0	0	2	1
s4239	5x5r4di	1	81821033-4239	25	0	0	2	2
s4240	5x5r4da	1	81821033-4240	25	0	0	2	3
s4241	5x5r4de	0	81821033-4241	25	0	0	2	4
s4242	5x5r4du	0	81821033-4242	25	0	0	2	5
s4243	5x5m2	1	81821033-4243	25	0	0	3	0
s4244	5x5m2db	1	81821033-4244	25	0	0	3	1
s4245	5x5m2di	1	81821033-4245	25	0	0	3	2
s4246	5x5m2da	1	81821033-4246	25	0	0	3	3
s4247	5x5m2de	0	81821033-4247	25	0	0	3	4
s4248	5x5m2du	0	81821033-4248	25	0	0	3	5
s4249	5x5md2	1	81821033-4249	25	0	0	4	0
s4250	5x5md2db	1	81821033-4250	25	0	0	4	1
s4251	5x5md2di	1	81821033-4251	25	0	0	4	2
s4252	5x5md2da	1	81821033-4252	25	0	0	4	3
s4253	5x5md2de	0	81821033-4253	25	0	0	4	4
s4254	5x5md2du	0	81821033-4254	25	0	0	4	5
s4255	5x5m4	1	81821033-4255	25	0	0	5	0
s4256	5x5m4db	1	81821033-4256	25	0	0	5	1
s4257	5x5m4di	1	81821033-4257	25	0	0	5	2
s4258	5x5m4da	1	81821033-4258	25	0	0	5	3
s4259	5x5m4de	0	81821033-4259	25	0	0	5	4
s4260	5x5m4du	0	81821033-4260	25	0	0	5	5
s4261	5x5md4	1	81821033-4261	25	0	0	6	0
s4262	5x5md4db	1	81821033-4262	25	0	0	6	1
s4263	5x5md4di	1	81821033-4263	25	0	0	6	2
s4264	5x5md4da	1	81821033-4264	25	0	0	6	3
s4265	5x5md4de	0	81821033-4265	25	0	0	6	4
s4266	5x5md4du	0	81821033-4266	25	0	0	6	5
s4267	5x5m8	1	81821033-4267	25	0	0	7	0
s4268	5x5m8db	1	81821033-4268	25	0	0	7	1
s4269	5x5m8di	1	81821033-4269	25	0	0	7	2
s4270	5x5m8da	1	81821033-4270	25	0	0	7	3
s4271	5x5m8de	0	81821033-4271	25	0	0	7	4
s4272	5x5m8du	0	81821033-4272	25	0	0	7	5
s4273	5x5xa	1	81821033-4273	25	1	0	0	0
s4274	5x5xadb	1	81821033-4274	25	1	0	0	1
s4275	5x5xadi	1	81821033-4275	25	1	0	0	2
s4276	5x5xada	1	81821033-4276	25	1	0	0	3
s4277	5x5xade	0	81821033-4277	25	1	0	0	4
s4278	5x5xadu	0	81821033-4278	25	1	0	0	5
s4279	5x5x	1	81821033-4279	25	1	0	1	0
s4280	5x5xdb	1	81821033-4280	25	1	0	1	1
s4281	5x5xdi	1	81821033-4281	25	1	0	1	2
s4282	5x5xda	1	81821033-4282	25	1	0	1	3
s4283	5x5xde	0	81821033-4283	25	1	0	1	4
s4284	5x5xdu	0	81821033-4284	25	1	0	1	5
s4285	5x5xr4	1	81821033-4285	25	1	0	2	0
s4286	5x5xr4db	1	81821033-4286	25	1	0	2	1
s4287	5x5xr4di	1	81821033-4287	25	1	0	2	2
s4288	5x5xr4da	1	81821033-4288	25	1	0	2	3
s4289	5x5xr4de	0	81821033-4289	25	1	0	2	4
s4290	5x5xr4du	0	81821033-4290	25	1	0	2	5
s4291	5x5xm2	1	81821033-4291	25	1	0	3	0
s4292	5x5xm2db	1	81821033-4292	25	1	0	3	1
s4293	5x5xm2di	1	81821033-4293	25	1	0	3	2
s4294	5x5xm2da	1	81821033-4294	25	1	0	3	3
s4295	5x5xm2de	0	81821033-4295	25	1	0	3	4
s4296	5x5xm2du	0	81821033-4296	25	1	0	3	5
s4297	5x5xmd2	1	81821033-4297	25	1	0	4	0
s4298	5x5xmd2db	1	81821033-4298	25	1	0	4	1
s4299	5x5xmd2di	1	81821033-4299	25	1	0	4	2
s4300	5x5xmd2da	1	81821033-4300	25	1	0	4	3
s4301	5x5xmd2de	0	81821033-4301	25	1	0	4	4
s4302	5x5xmd2du	0	81821033-4302	25	1	0	4	5
s4303	5x5xm4	1	81821033-4303	25	1	0	5	0
s4304	5x5xm4db	1	81821033-4304	25	1	0	5	1
s4305	5x5xm4di	1	81821033-4305	25	1	0	5	2
s4306	5x5xm4da	1	81821033-4306	25	1	0	5	3
s4307	5x5xm4de	0	81821033-4307	25	1	0	5	4
s4308	5x5xm4du	0	81821033-4308	25	1	0	5	5
s4309	5x5xmd4	1	81821033-4309	25	1	0	6	0
s4310	5x5xmd4db	1	81821033-4310	25	1	0	6	1
s4311	5x5xmd4di	1	81821033-4311	25	1	0	6	2
s4312	5x5xmd4da	1	81821033-4312	25	1	0	6	3
s4313	5x5xmd4de	0	81821033-4313	25	1	0	6	4
s4314	5x5xmd4du	0	81821033-4314	25	1	0	6	5
s4315	5x5xm8	1	81821033-4315	25	1	0	7	0
s4316	5x5xm8db	1	81821033-4316	25	1	0	7	1
s4317	5x5xm8di	1	81821033-4317	25	1	0	7	2
s4318	5x5xm8da	1	81821033-4318	25	1	0	7	3
s4319	5x5xm8de	0	81821033-4319	25	1	0	7	4
s4320	5x5xm8du	0	81821033-4320	25	1	0	7	5
s4321	5x6a	1	81821033-4321	30	0	0	0	0
s4322	5x6adb	1	81821033-4322	30	0	0	0	1
s4323	5x6adi	0	81821033-4323	30	0	0	0	2
s4324	5x6ada	0	81821033-4324	30	0	0	0	3
s4325	5x6ade	0	81821033-4325	30	0	0	0	4
s4326	5x6adu	0	81821033-4326	30	0	0	0	5
s4327	5x6	1	81821033-4327	30	0	0	1	0
s4328	5x6db	1	81821033-4328	30	0	0	1	1
s4329	5x6di	0	81821033-4329	30	0	0	1	2
s4330	5x6da	0	81821033-4330	30	0	0	1	3
s4331	5x6de	0	81821033-4331	30	0	0	1	4
s4332	5x6du	0	81821033-4332	30	0	0	1	5
s4333	5x6r4	1	81821033-4333	30	0	0	2	0
s4334	5x6r4db	1	81821033-4334	30	0	0	2	1
s4335	5x6r4di	0	81821033-4335	30	0	0	2	2
s4336	5x6r4da	0	81821033-4336	30	0	0	2	3
s4337	5x6r4de	0	81821033-4337	30	0	0	2	4
s4338	5x6r4du	0	81821033-4338	30	0	0	2	5
s4339	5x6m2	1	81821033-4339	30	0	0	3	0
s4340	5x6m2db	1	81821033-4340	30	0	0	3	1
s4341	5x6m2di	0	81821033-4341	30	0	0	3	2
s4342	5x6m2da	0	81821033-4342	30	0	0	3	3
s4343	5x6m2de	0	81821033-4343	30	0	0	3	4
s4344	5x6m2du	0	81821033-4344	30	0	0	3	5
s4345	5x6md2	1	81821033-4345	30	0	0	4	0
s4346	5x6md2db	1	81821033-4346	30	0	0	4	1
s4347	5x6md2di	0	81821033-4347	30	0	0	4	2
s4348	5x6md2da	0	81821033-4348	30	0	0	4	3
s4349	5x6md2de	0	81821033-4349	30	0	0	4	4
s4350	5x6md2du	0	81821033-4350	30	0	0	4	5
s4351	5x6m4	1	81821033-4351	30	0	0	5	0
s4352	5x6m4db	1	81821033-4352	30	0	0	5	1
s4353	5x6m4di	0	81821033-4353	30	0	0	5	2
s4354	5x6m4da	0	81821033-4354	30	0	0	5	3
s4355	5x6m4de	0	81821033-4355	30	0	0	5	4
s4356	5x6m4du	0	81821033-4356	30	0	0	5	5
s4357	5x6md4	1	81821033-4357	30	0	0	6	0
s4358	5x6md4db	1	81821033-4358	30	0	0	6	1
s4359	5x6md4di	0	81821033-4359	30	0	0	6	2
s4360	5x6md4da	0	81821033-4360	30	0	0	6	3
s4361	5x6md4de	0	81821033-4361	30	0	0	6	4
s4362	5x6md4du	0	81821033-4362	30	0	0	6	5
s4363	5x6m8	1	81821033-4363	30	0	0	7	0
s4364	5x6m8db	1	81821033-4364	30	0	0	7	1
s4365	5x6m8di	0	81821033-4365	30	0	0	7	2
s4366	5x6m8da	0	81821033-4366	30	0	0	7	3
s4367	5x6m8de	0	81821033-4367	30	0	0	7	4
s4368	5x6m8du	0	81821033-4368	30	0	0	7	5
s4369	5x6xa	1	81821033-4369	30	1	0	0	0
s4370	5x6xadb	1	81821033-4370	30	1	0	0	1
s4371	5x6xadi	0	81821033-4371	30	1	0	0	2
s4372	5x6xada	0	81821033-4372	30	1	0	0	3
s4373	5x6xade	0	81821033-4373	30	1	0	0	4
s4374	5x6xadu	0	81821033-4374	30	1	0	0	5
s4375	5x6x	1	81821033-4375	30	1	0	1	0
s4376	5x6xdb	1	81821033-4376	30	1	0	1	1
s4377	5x6xdi	0	81821033-4377	30	1	0	1	2
s4378	5x6xda	0	81821033-4378	30	1	0	1	3
s4379	5x6xde	0	81821033-4379	30	1	0	1	4
s4380	5x6xdu	0	81821033-4380	30	1	0	1	5
s4381	5x6xr4	1	81821033-4381	30	1	0	2	0
s4382	5x6xr4db	1	81821033-4382	30	1	0	2	1
s4383	5x6xr4di	0	81821033-4383	30	1	0	2	2
s4384	5x6xr4da	0	81821033-4384	30	1	0	2	3
s4385	5x6xr4de	0	81821033-4385	30	1	0	2	4
s4386	5x6xr4du	0	81821033-4386	30	1	0	2	5
s4387	5x6xm2	1	81821033-4387	30	1	0	3	0
s4388	5x6xm2db	1	81821033-4388	30	1	0	3	1
s4389	5x6xm2di	0	81821033-4389	30	1	0	3	2
s4390	5x6xm2da	0	81821033-4390	30	1	0	3	3
s4391	5x6xm2de	0	81821033-4391	30	1	0	3	4
s4392	5x6xm2du	0	81821033-4392	30	1	0	3	5
s4393	5x6xmd2	1	81821033-4393	30	1	0	4	0
s4394	5x6xmd2db	1	81821033-4394	30	1	0	4	1
s4395	5x6xmd2di	0	81821033-4395	30	1	0	4	2
s4396	5x6xmd2da	0	81821033-4396	30	1	0	4	3
s4397	5x6xmd2de	0	81821033-4397	30	1	0	4	4
s4398	5x6xmd2du	0	81821033-4398	30	1	0	4	5
s4399	5x6xm4	1	81821033-4399	30	1	0	5	0
s4400	5x6xm4db	1	81821033-4400	30	1	0	5	1
s4401	5x6xm4di	0	81821033-4401	30	1	0	5	2
s4402	5x6xm4da	0	81821033-4402	30	1	0	5	3
s4403	5x6xm4de	0	81821033-4403	30	1	0	5	4
s4404	5x6xm4du	0	81821033-4404	30	1	0	5	5
s4405	5x6xmd4	1	81821033-4405	30	1	0	6	0
s4406	5x6xmd4db	1	81821033-4406	30	1	0	6	1
s4407	5x6xmd4di	0	81821033-4407	30	1	0	6	2
s4408	5x6xmd4da	0	81821033-4408	30	1	0	6	3
s4409	5x6xmd4de	0	81821033-4409	30	1	0	6	4
s4410	5x6xmd4du	0	81821033-4410	30	1	0	6	5
s4411	5x6xm8	1	81821033-4411	30	1	0	7	0
s4412	5x6xm8db	1	81821033-4412	30	1	0	7	1
s4413	5x6xm8di	0	81821033-4413	30	1	0	7	2
s4414	5x6xm8da	0	81821033-4414	30	1	0	7	3
s4415	5x6xm8de	0	81821033-4415	30	1	0	7	4
s4416	5x6xm8du	0	81821033-4416	30	1	0	7	5
s4417	6ja	1	81821033-4417	6	0	0	0	0
s4418	6jadb	1	81821033-4418	6	0	0	0	1
s4419	6jadi	1	81821033-4419	6	0	0	0	2
s4420	6jada	1	81821033-4420	6	0	0	0	3
s4421	6jade	1	81821033-4421	6	0	0	0	4
s4422	6jadu	1	81821033-4422	6	0	0	0	5
s4423	6j	1	81821033-4423	6	0	0	1	0
s4424	6jdb	1	81821033-4424	6	0	0	1	1
s4425	6jdi	1	81821033-4425	6	0	0	1	2
s4426	6jda	1	81821033-4426	6	0	0	1	3
s4427	6jde	1	81821033-4427	6	0	0	1	4
s4428	6jdu	1	81821033-4428	6	0	0	1	5
s4429	6jr4	1	81821033-4429	6	0	0	2	0
s4430	6jr4db	1	81821033-4430	6	0	0	2	1
s4431	6jr4di	1	81821033-4431	6	0	0	2	2
s4432	6jr4da	1	81821033-4432	6	0	0	2	3
s4433	6jr4de	1	81821033-4433	6	0	0	2	4
s4434	6jr4du	1	81821033-4434	6	0	0	2	5
s4435	6jm2	1	81821033-4435	6	0	0	3	0
s4436	6jm2db	1	81821033-4436	6	0	0	3	1
s4437	6jm2di	1	81821033-4437	6	0	0	3	2
s4438	6jm2da	1	81821033-4438	6	0	0	3	3
s4439	6jm2de	1	81821033-4439	6	0	0	3	4
s4440	6jm2du	1	81821033-4440	6	0	0	3	5
s4441	6jmd2	1	81821033-4441	6	0	0	4	0
s4442	6jmd2db	1	81821033-4442	6	0	0	4	1
s4443	6jmd2di	1	81821033-4443	6	0	0	4	2
s4444	6jmd2da	1	81821033-4444	6	0	0	4	3
s4445	6jmd2de	1	81821033-4445	6	0	0	4	4
s4446	6jmd2du	1	81821033-4446	6	0	0	4	5
s4447	6jm4	1	81821033-4447	6	0	0	5	0
s4448	6jm4db	1	81821033-4448	6	0	0	5	1
s4449	6jm4di	1	81821033-4449	6	0	0	5	2
s4450	6jm4da	1	81821033-4450	6	0	0	5	3
s4451	6jm4de	1	81821033-4451	6	0	0	5	4
s4452	6jm4du	1	81821033-4452	6	0	0	5	5
s4453	6jmd4	1	81821033-4453	6	0	0	6	0
s4454	6jmd4db	1	81821033-4454	6	0	0	6	1
s4455	6jmd4di	1	81821033-4455	6	0	0	6	2
s4456	6jmd4da	1	81821033-4456	6	0	0	6	3
s4457	6jmd4de	1	81821033-4457	6	0	0	6	4
s4458	6jmd4du	1	81821033-4458	6	0	0	6	5
s4459	6jm8	1	81821033-4459	6	0	0	7	0
s4460	6jm8db	1	81821033-4460	6	0	0	7	1
s4461	6jm8di	1	81821033-4461	6	0	0	7	2
s4462	6jm8da	1	81821033-4462	6	0	0	7	3
s4463	6jm8de	1	81821033-4463	6	0	0	7	4
s4464	6jm8du	1	81821033-4464	6	0	0	7	5
s4465	6jka	1	81821033-4465	6	0	1	0	0
s4466	6jkadb	1	81821033-4466	6	0	1	0	1
s4467	6jkadi	1	81821033-4467	6	0	1	0	2
s4468	6jkada	1	81821033-4468	6	0	1	0	3
s4469	6jkade	1	81821033-4469	6	0	1	0	4
s4470	6jkadu	1	81821033-4470	6	0	1	0	5
s4471	6jk	0	81821033-4471	6	0	1	1	0
s4472	6jkdb	0	81821033-4472	6	0	1	1	1
s4473	6jkdi	0	81821033-4473	6	0	1	1	2
s4474	6jkda	0	81821033-4474	6	0	1	1	3
s4475	6jkde	0	81821033-4475	6	0	1	1	4
s4476	6jkdu	0	81821033-4476	6	0	1	1	5
s4477	6jkr4	0	81821033-4477	6	0	1	2	0
s4478	6jkr4db	0	81821033-4478	6	0	1	2	1
s4479	6jkr4di	0	81821033-4479	6	0	1	2	2
s4480	6jkr4da	0	81821033-4480	6	0	1	2	3
s4481	6jkr4de	0	81821033-4481	6	0	1	2	4
s4482	6jkr4du	0	81821033-4482	6	0	1	2	5
s4483	6jkm2	0	81821033-4483	6	0	1	3	0
s4484	6jkm2db	0	81821033-4484	6	0	1	3	1
s4485	6jkm2di	0	81821033-4485	6	0	1	3	2
s4486	6jkm2da	0	81821033-4486	6	0	1	3	3
s4487	6jkm2de	0	81821033-4487	6	0	1	3	4
s4488	6jkm2du	0	81821033-4488	6	0	1	3	5
s4489	6jkmd2	0	81821033-4489	6	0	1	4	0
s4490	6jkmd2db	0	81821033-4490	6	0	1	4	1
s4491	6jkmd2di	0	81821033-4491	6	0	1	4	2
s4492	6jkmd2da	0	81821033-4492	6	0	1	4	3
s4493	6jkmd2de	0	81821033-4493	6	0	1	4	4
s4494	6jkmd2du	0	81821033-4494	6	0	1	4	5
s4495	6jkm4	0	81821033-4495	6	0	1	5	0
s4496	6jkm4db	0	81821033-4496	6	0	1	5	1
s4497	6jkm4di	0	81821033-4497	6	0	1	5	2
s4498	6jkm4da	0	81821033-4498	6	0	1	5	3
s4499	6jkm4de	0	81821033-4499	6	0	1	5	4
s4500	6jkm4du	0	81821033-4500	6	0	1	5	5
s4501	6jkmd4	0	81821033-4501	6	0	1	6	0
s4502	6jkmd4db	0	81821033-4502	6	0	1	6	1
s4503	6jkmd4di	0	81821033-4503	6	0	1	6	2
s4504	6jkmd4da	0	81821033-4504	6	0	1	6	3
s4505	6jkmd4de	0	81821033-4505	6	0	1	6	4
s4506	6jkmd4du	0	81821033-4506	6	0	1	6	5
s4507	6jkm8	0	81821033-4507	6	0	1	7	0
s4508	6jkm8db	0	81821033-4508	6	0	1	7	1
s4509	6jkm8di	0	81821033-4509	6	0	1	7	2
s4510	6jkm8da	0	81821033-4510	6	0	1	7	3
s4511	6jkm8de	0	81821033-4511	6	0	1	7	4
s4512	6jkm8du	0	81821033-4512	6	0	1	7	5
s4513	6jxa	1	81821033-4513	6	1	0	0	0
s4514	6jxadb	1	81821033-4514	6	1	0	0	1
s4515	6jxadi	1	81821033-4515	6	1	0	0	2
s4516	6jxada	1	81821033-4516	6	1	0	0	3
s4517	6jxade	1	81821033-4517	6	1	0	0	4
s4518	6jxadu	1	81821033-4518	6	1	0	0	5
s4519	6jx	1	81821033-4519	6	1	0	1	0
s4520	6jxdb	1	81821033-4520	6	1	0	1	1
s4521	6jxdi	1	81821033-4521	6	1	0	1	2
s4522	6jxda	1	81821033-4522	6	1	0	1	3
s4523	6jxde	1	81821033-4523	6	1	0	1	4
s4524	6jxdu	1	81821033-4524	6	1	0	1	5
s4525	6jxr4	1	81821033-4525	6	1	0	2	0
s4526	6jxr4db	1	81821033-4526	6	1	0	2	1
s4527	6jxr4di	1	81821033-4527	6	1	0	2	2
s4528	6jxr4da	1	81821033-4528	6	1	0	2	3
s4529	6jxr4de	1	81821033-4529	6	1	0	2	4
s4530	6jxr4du	1	81821033-4530	6	1	0	2	5
s4531	6jxm2	1	81821033-4531	6	1	0	3	0
s4532	6jxm2db	1	81821033-4532	6	1	0	3	1
s4533	6jxm2di	1	81821033-4533	6	1	0	3	2
s4534	6jxm2da	1	81821033-4534	6	1	0	3	3
s4535	6jxm2de	1	81821033-4535	6	1	0	3	4
s4536	6jxm2du	1	81821033-4536	6	1	0	3	5
s4537	6jxmd2	1	81821033-4537	6	1	0	4	0
s4538	6jxmd2db	1	81821033-4538	6	1	0	4	1
s4539	6jxmd2di	1	81821033-4539	6	1	0	4	2
s4540	6jxmd2da	1	81821033-4540	6	1	0	4	3
s4541	6jxmd2de	1	81821033-4541	6	1	0	4	4
s4542	6jxmd2du	1	81821033-4542	6	1	0	4	5
s4543	6jxm4	1	81821033-4543	6	1	0	5	0
s4544	6jxm4db	1	81821033-4544	6	1	0	5	1
s4545	6jxm4di	1	81821033-4545	6	1	0	5	2
s4546	6jxm4da	1	81821033-4546	6	1	0	5	3
s4547	6jxm4de	1	81821033-4547	6	1	0	5	4
s4548	6jxm4du	1	81821033-4548	6	1	0	5	5
s4549	6jxmd4	1	81821033-4549	6	1	0	6	0
s4550	6jxmd4db	1	81821033-4550	6	1	0	6	1
s4551	6jxmd4di	1	81821033-4551	6	1	0	6	2
s4552	6jxmd4da	1	81821033-4552	6	1	0	6	3
s4553	6jxmd4de	1	81821033-4553	6	1	0	6	4
s4554	6jxmd4du	1	81821033-4554	6	1	0	6	5
s4555	6jxm8	1	81821033-4555	6	1	0	7	0
s4556	6jxm8db	1	81821033-4556	6	1	0	7	1
s4557	6jxm8di	1	81821033-4557	6	1	0	7	2
s4558	6jxm8da	1	81821033-4558	6	1	0	7	3
s4559	6jxm8de	1	81821033-4559	6	1	0	7	4
s4560	6jxm8du	1	81821033-4560	6	1	0	7	5
s4561	6jxka	1	81821033-4561	6	1	1	0	0
s4562	6jxkadb	1	81821033-4562	6	1	1	0	1
s4563	6jxkadi	1	81821033-4563	6	1	1	0	2
s4564	6jxkada	1	81821033-4564	6	1	1	0	3
s4565	6jxkade	1	81821033-4565	6	1	1	0	4
s4566	6jxkadu	1	81821033-4566	6	1	1	0	5
s4567	6jxk	0	81821033-4567	6	1	1	1	0
s4568	6jxkdb	0	81821033-4568	6	1	1	1	1
s4569	6jxkdi	0	81821033-4569	6	1	1	1	2
s4570	6jxkda	0	81821033-4570	6	1	1	1	3
s4571	6jxkde	0	81821033-4571	6	1	1	1	4
s4572	6jxkdu	0	81821033-4572	6	1	1	1	5
s4573	6jxkr4	0	81821033-4573	6	1	1	2	0
s4574	6jxkr4db	0	81821033-4574	6	1	1	2	1
s4575	6jxkr4di	0	81821033-4575	6	1	1	2	2
s4576	6jxkr4da	0	81821033-4576	6	1	1	2	3
s4577	6jxkr4de	0	81821033-4577	6	1	1	2	4
s4578	6jxkr4du	0	81821033-4578	6	1	1	2	5
s4579	6jxkm2	0	81821033-4579	6	1	1	3	0
s4580	6jxkm2db	0	81821033-4580	6	1	1	3	1
s4581	6jxkm2di	0	81821033-4581	6	1	1	3	2
s4582	6jxkm2da	0	81821033-4582	6	1	1	3	3
s4583	6jxkm2de	0	81821033-4583	6	1	1	3	4
s4584	6jxkm2du	0	81821033-4584	6	1	1	3	5
s4585	6jxkmd2	0	81821033-4585	6	1	1	4	0
s4586	6jxkmd2db	0	81821033-4586	6	1	1	4	1
s4587	6jxkmd2di	0	81821033-4587	6	1	1	4	2
s4588	6jxkmd2da	0	81821033-4588	6	1	1	4	3
s4589	6jxkmd2de	0	81821033-4589	6	1	1	4	4
s4590	6jxkmd2du	0	81821033-4590	6	1	1	4	5
s4591	6jxkm4	0	81821033-4591	6	1	1	5	0
s4592	6jxkm4db	0	81821033-4592	6	1	1	5	1
s4593	6jxkm4di	0	81821033-4593	6	1	1	5	2
s4594	6jxkm4da	0	81821033-4594	6	1	1	5	3
s4595	6jxkm4de	0	81821033-4595	6	1	1	5	4
s4596	6jxkm4du	0	81821033-4596	6	1	1	5	5
s4597	6jxkmd4	0	81821033-4597	6	1	1	6	0
s4598	6jxkmd4db	0	81821033-4598	6	1	1	6	1
s4599	6jxkmd4di	0	81821033-4599	6	1	1	6	2
s4600	6jxkmd4da	0	81821033-4600	6	1	1	6	3
s4601	6jxkmd4de	0	81821033-4601	6	1	1	6	4
s4602	6jxkmd4du	0	81821033-4602	6	1	1	6	5
s4603	6jxkm8	0	81821033-4603	6	1	1	7	0
s4604	6jxkm8db	0	81821033-4604	6	1	1	7	1
s4605	6jxkm8di	0	81821033-4605	6	1	1	7	2
s4606	6jxkm8da	0	81821033-4606	6	1	1	7	3
s4607	6jxkm8de	0	81821033-4607	6	1	1	7	4
s4608	6jxkm8du	0	81821033-4608	6	1	1	7	5
s4609	6x2a	1	81821033-4609	12	0	0	0	0
s4610	6x2adb	1	81821033-4610	12	0	0	0	1
s4611	6x2adi	1	81821033-4611	12	0	0	0	2
s4612	6x2ada	1	81821033-4612	12	0	0	0	3
s4613	6x2ade	1	81821033-4613	12	0	0	0	4
s4614	6x2adu	1	81821033-4614	12	0	0	0	5
s4615	6x2	1	81821033-4615	12	0	0	1	0
s4616	6x2db	1	81821033-4616	12	0	0	1	1
s4617	6x2di	1	81821033-4617	12	0	0	1	2
s4618	6x2da	1	81821033-4618	12	0	0	1	3
s4619	6x2de	1	81821033-4619	12	0	0	1	4
s4620	6x2du	1	81821033-4620	12	0	0	1	5
s4621	6x2r4	1	81821033-4621	12	0	0	2	0
s4622	6x2r4db	1	81821033-4622	12	0	0	2	1
s4623	6x2r4di	1	81821033-4623	12	0	0	2	2
s4624	6x2r4da	1	81821033-4624	12	0	0	2	3
s4625	6x2r4de	1	81821033-4625	12	0	0	2	4
s4626	6x2r4du	1	81821033-4626	12	0	0	2	5
s4627	6x2m2	1	81821033-4627	12	0	0	3	0
s4628	6x2m2db	1	81821033-4628	12	0	0	3	1
s4629	6x2m2di	1	81821033-4629	12	0	0	3	2
s4630	6x2m2da	1	81821033-4630	12	0	0	3	3
s4631	6x2m2de	1	81821033-4631	12	0	0	3	4
s4632	6x2m2du	1	81821033-4632	12	0	0	3	5
s4633	6x2md2	1	81821033-4633	12	0	0	4	0
s4634	6x2md2db	1	81821033-4634	12	0	0	4	1
s4635	6x2md2di	1	81821033-4635	12	0	0	4	2
s4636	6x2md2da	1	81821033-4636	12	0	0	4	3
s4637	6x2md2de	1	81821033-4637	12	0	0	4	4
s4638	6x2md2du	1	81821033-4638	12	0	0	4	5
s4639	6x2m4	1	81821033-4639	12	0	0	5	0
s4640	6x2m4db	1	81821033-4640	12	0	0	5	1
s4641	6x2m4di	1	81821033-4641	12	0	0	5	2
s4642	6x2m4da	1	81821033-4642	12	0	0	5	3
s4643	6x2m4de	1	81821033-4643	12	0	0	5	4
s4644	6x2m4du	1	81821033-4644	12	0	0	5	5
s4645	6x2md4	1	81821033-4645	12	0	0	6	0
s4646	6x2md4db	1	81821033-4646	12	0	0	6	1
s4647	6x2md4di	1	81821033-4647	12	0	0	6	2
s4648	6x2md4da	1	81821033-4648	12	0	0	6	3
s4649	6x2md4de	1	81821033-4649	12	0	0	6	4
s4650	6x2md4du	1	81821033-4650	12	0	0	6	5
s4651	6x2m8	1	81821033-4651	12	0	0	7	0
s4652	6x2m8db	1	81821033-4652	12	0	0	7	1
s4653	6x2m8di	1	81821033-4653	12	0	0	7	2
s4654	6x2m8da	1	81821033-4654	12	0	0	7	3
s4655	6x2m8de	1	81821033-4655	12	0	0	7	4
s4656	6x2m8du	1	81821033-4656	12	0	0	7	5
s4657	6x2xa	1	81821033-4657	12	1	0	0	0
s4658	6x2xadb	1	81821033-4658	12	1	0	0	1
s4659	6x2xadi	1	81821033-4659	12	1	0	0	2
s4660	6x2xada	1	81821033-4660	12	1	0	0	3
s4661	6x2xade	1	81821033-4661	12	1	0	0	4
s4662	6x2xadu	1	81821033-4662	12	1	0	0	5
s4663	6x2x	1	81821033-4663	12	1	0	1	0
s4664	6x2xdb	1	81821033-4664	12	1	0	1	1
s4665	6x2xdi	1	81821033-4665	12	1	0	1	2
s4666	6x2xda	1	81821033-4666	12	1	0	1	3
s4667	6x2xde	1	81821033-4667	12	1	0	1	4
s4668	6x2xdu	1	81821033-4668	12	1	0	1	5
s4669	6x2xr4	1	81821033-4669	12	1	0	2	0
s4670	6x2xr4db	1	81821033-4670	12	1	0	2	1
s4671	6x2xr4di	1	81821033-4671	12	1	0	2	2
s4672	6x2xr4da	1	81821033-4672	12	1	0	2	3
s4673	6x2xr4de	1	81821033-4673	12	1	0	2	4
s4674	6x2xr4du	1	81821033-4674	12	1	0	2	5
s4675	6x2xm2	1	81821033-4675	12	1	0	3	0
s4676	6x2xm2db	1	81821033-4676	12	1	0	3	1
s4677	6x2xm2di	1	81821033-4677	12	1	0	3	2
s4678	6x2xm2da	1	81821033-4678	12	1	0	3	3
s4679	6x2xm2de	1	81821033-4679	12	1	0	3	4
s4680	6x2xm2du	1	81821033-4680	12	1	0	3	5
s4681	6x2xmd2	1	81821033-4681	12	1	0	4	0
s4682	6x2xmd2db	1	81821033-4682	12	1	0	4	1
s4683	6x2xmd2di	1	81821033-4683	12	1	0	4	2
s4684	6x2xmd2da	1	81821033-4684	12	1	0	4	3
s4685	6x2xmd2de	1	81821033-4685	12	1	0	4	4
s4686	6x2xmd2du	1	81821033-4686	12	1	0	4	5
s4687	6x2xm4	1	81821033-4687	12	1	0	5	0
s4688	6x2xm4db	1	81821033-4688	12	1	0	5	1
s4689	6x2xm4di	1	81821033-4689	12	1	0	5	2
s4690	6x2xm4da	1	81821033-4690	12	1	0	5	3
s4691	6x2xm4de	1	81821033-4691	12	1	0	5	4
s4692	6x2xm4du	1	81821033-4692	12	1	0	5	5
s4693	6x2xmd4	1	81821033-4693	12	1	0	6	0
s4694	6x2xmd4db	1	81821033-4694	12	1	0	6	1
s4695	6x2xmd4di	1	81821033-4695	12	1	0	6	2
s4696	6x2xmd4da	1	81821033-4696	12	1	0	6	3
s4697	6x2xmd4de	1	81821033-4697	12	1	0	6	4
s4698	6x2xmd4du	1	81821033-4698	12	1	0	6	5
s4699	6x2xm8	1	81821033-4699	12	1	0	7	0
s4700	6x2xm8db	1	81821033-4700	12	1	0	7	1
s4701	6x2xm8di	1	81821033-4701	12	1	0	7	2
s4702	6x2xm8da	1	81821033-4702	12	1	0	7	3
s4703	6x2xm8de	1	81821033-4703	12	1	0	7	4
s4704	6x2xm8du	1	81821033-4704	12	1	0	7	5
s4705	6x3a	1	81821033-4705	18	0	0	0	0
s4706	6x3adb	1	81821033-4706	18	0	0	0	1
s4707	6x3adi	1	81821033-4707	18	0	0	0	2
s4708	6x3ada	1	81821033-4708	18	0	0	0	3
s4709	6x3ade	0	81821033-4709	18	0	0	0	4
s4710	6x3adu	0	81821033-4710	18	0	0	0	5
s4711	6x3	1	81821033-4711	18	0	0	1	0
s4712	6x3db	1	81821033-4712	18	0	0	1	1
s4713	6x3di	1	81821033-4713	18	0	0	1	2
s4714	6x3da	1	81821033-4714	18	0	0	1	3
s4715	6x3de	0	81821033-4715	18	0	0	1	4
s4716	6x3du	0	81821033-4716	18	0	0	1	5
s4717	6x3r4	1	81821033-4717	18	0	0	2	0
s4718	6x3r4db	1	81821033-4718	18	0	0	2	1
s4719	6x3r4di	1	81821033-4719	18	0	0	2	2
s4720	6x3r4da	1	81821033-4720	18	0	0	2	3
s4721	6x3r4de	0	81821033-4721	18	0	0	2	4
s4722	6x3r4du	0	81821033-4722	18	0	0	2	5
s4723	6x3m2	1	81821033-4723	18	0	0	3	0
s4724	6x3m2db	1	81821033-4724	18	0	0	3	1
s4725	6x3m2di	1	81821033-4725	18	0	0	3	2
s4726	6x3m2da	1	81821033-4726	18	0	0	3	3
s4727	6x3m2de	0	81821033-4727	18	0	0	3	4
s4728	6x3m2du	0	81821033-4728	18	0	0	3	5
s4729	6x3md2	1	81821033-4729	18	0	0	4	0
s4730	6x3md2db	1	81821033-4730	18	0	0	4	1
s4731	6x3md2di	1	81821033-4731	18	0	0	4	2
s4732	6x3md2da	1	81821033-4732	18	0	0	4	3
s4733	6x3md2de	0	81821033-4733	18	0	0	4	4
s4734	6x3md2du	0	81821033-4734	18	0	0	4	5
s4735	6x3m4	1	81821033-4735	18	0	0	5	0
s4736	6x3m4db	1	81821033-4736	18	0	0	5	1
s4737	6x3m4di	1	81821033-4737	18	0	0	5	2
s4738	6x3m4da	1	81821033-4738	18	0	0	5	3
s4739	6x3m4de	0	81821033-4739	18	0	0	5	4
s4740	6x3m4du	0	81821033-4740	18	0	0	5	5
s4741	6x3md4	1	81821033-4741	18	0	0	6	0
s4742	6x3md4db	1	81821033-4742	18	0	0	6	1
s4743	6x3md4di	1	81821033-4743	18	0	0	6	2
s4744	6x3md4da	1	81821033-4744	18	0	0	6	3
s4745	6x3md4de	0	81821033-4745	18	0	0	6	4
s4746	6x3md4du	0	81821033-4746	18	0	0	6	5
s4747	6x3m8	1	81821033-4747	18	0	0	7	0
s4748	6x3m8db	1	81821033-4748	18	0	0	7	1
s4749	6x3m8di	1	81821033-4749	18	0	0	7	2
s4750	6x3m8da	1	81821033-4750	18	0	0	7	3
s4751	6x3m8de	0	81821033-4751	18	0	0	7	4
s4752	6x3m8du	0	81821033-4752	18	0	0	7	5
s4753	6x3xa	1	81821033-4753	18	1	0	0	0
s4754	6x3xadb	1	81821033-4754	18	1	0	0	1
s4755	6x3xadi	1	81821033-4755	18	1	0	0	2
s4756	6x3xada	1	81821033-4756	18	1	0	0	3
s4757	6x3xade	0	81821033-4757	18	1	0	0	4
s4758	6x3xadu	0	81821033-4758	18	1	0	0	5
s4759	6x3x	1	81821033-4759	18	1	0	1	0
s4760	6x3xdb	1	81821033-4760	18	1	0	1	1
s4761	6x3xdi	1	81821033-4761	18	1	0	1	2
s4762	6x3xda	1	81821033-4762	18	1	0	1	3
s4763	6x3xde	0	81821033-4763	18	1	0	1	4
s4764	6x3xdu	0	81821033-4764	18	1	0	1	5
s4765	6x3xr4	1	81821033-4765	18	1	0	2	0
s4766	6x3xr4db	1	81821033-4766	18	1	0	2	1
s4767	6x3xr4di	1	81821033-4767	18	1	0	2	2
s4768	6x3xr4da	1	81821033-4768	18	1	0	2	3
s4769	6x3xr4de	0	81821033-4769	18	1	0	2	4
s4770	6x3xr4du	0	81821033-4770	18	1	0	2	5
s4771	6x3xm2	1	81821033-4771	18	1	0	3	0
s4772	6x3xm2db	1	81821033-4772	18	1	0	3	1
s4773	6x3xm2di	1	81821033-4773	18	1	0	3	2
s4774	6x3xm2da	1	81821033-4774	18	1	0	3	3
s4775	6x3xm2de	0	81821033-4775	18	1	0	3	4
s4776	6x3xm2du	0	81821033-4776	18	1	0	3	5
s4777	6x3xmd2	1	81821033-4777	18	1	0	4	0
s4778	6x3xmd2db	1	81821033-4778	18	1	0	4	1
s4779	6x3xmd2di	1	81821033-4779	18	1	0	4	2
s4780	6x3xmd2da	1	81821033-4780	18	1	0	4	3
s4781	6x3xmd2de	0	81821033-4781	18	1	0	4	4
s4782	6x3xmd2du	0	81821033-4782	18	1	0	4	5
s4783	6x3xm4	1	81821033-4783	18	1	0	5	0
s4784	6x3xm4db	1	81821033-4784	18	1	0	5	1
s4785	6x3xm4di	1	81821033-4785	18	1	0	5	2
s4786	6x3xm4da	1	81821033-4786	18	1	0	5	3
s4787	6x3xm4de	0	81821033-4787	18	1	0	5	4
s4788	6x3xm4du	0	81821033-4788	18	1	0	5	5
s4789	6x3xmd4	1	81821033-4789	18	1	0	6	0
s4790	6x3xmd4db	1	81821033-4790	18	1	0	6	1
s4791	6x3xmd4di	1	81821033-4791	18	1	0	6	2
s4792	6x3xmd4da	1	81821033-4792	18	1	0	6	3
s4793	6x3xmd4de	0	81821033-4793	18	1	0	6	4
s4794	6x3xmd4du	0	81821033-4794	18	1	0	6	5
s4795	6x3xm8	1	81821033-4795	18	1	0	7	0
s4796	6x3xm8db	1	81821033-4796	18	1	0	7	1
s4797	6x3xm8di	1	81821033-4797	18	1	0	7	2
s4798	6x3xm8da	1	81821033-4798	18	1	0	7	3
s4799	6x3xm8de	0	81821033-4799	18	1	0	7	4
s4800	6x3xm8du	0	81821033-4800	18	1	0	7	5
s4801	6x4a	1	81821033-4801	24	0	0	0	0
s4802	6x4adb	1	81821033-4802	24	0	0	0	1
s4803	6x4adi	1	81821033-4803	24	0	0	0	2
s4804	6x4ada	1	81821033-4804	24	0	0	0	3
s4805	6x4ade	0	81821033-4805	24	0	0	0	4
s4806	6x4adu	0	81821033-4806	24	0	0	0	5
s4807	6x4	1	81821033-4807	24	0	0	1	0
s4808	6x4db	1	81821033-4808	24	0	0	1	1
s4809	6x4di	1	81821033-4809	24	0	0	1	2
s4810	6x4da	1	81821033-4810	24	0	0	1	3
s4811	6x4de	0	81821033-4811	24	0	0	1	4
s4812	6x4du	0	81821033-4812	24	0	0	1	5
s4813	6x4r4	1	81821033-4813	24	0	0	2	0
s4814	6x4r4db	1	81821033-4814	24	0	0	2	1
s4815	6x4r4di	1	81821033-4815	24	0	0	2	2
s4816	6x4r4da	1	81821033-4816	24	0	0	2	3
s4817	6x4r4de	0	81821033-4817	24	0	0	2	4
s4818	6x4r4du	0	81821033-4818	24	0	0	2	5
s4819	6x4m2	1	81821033-4819	24	0	0	3	0
s4820	6x4m2db	1	81821033-4820	24	0	0	3	1
s4821	6x4m2di	1	81821033-4821	24	0	0	3	2
s4822	6x4m2da	1	81821033-4822	24	0	0	3	3
s4823	6x4m2de	0	81821033-4823	24	0	0	3	4
s4824	6x4m2du	0	81821033-4824	24	0	0	3	5
s4825	6x4md2	1	81821033-4825	24	0	0	4	0
s4826	6x4md2db	1	81821033-4826	24	0	0	4	1
s4827	6x4md2di	1	81821033-4827	24	0	0	4	2
s4828	6x4md2da	1	81821033-4828	24	0	0	4	3
s4829	6x4md2de	0	81821033-4829	24	0	0	4	4
s4830	6x4md2du	0	81821033-4830	24	0	0	4	5
s4831	6x4m4	1	81821033-4831	24	0	0	5	0
s4832	6x4m4db	1	81821033-4832	24	0	0	5	1
s4833	6x4m4di	1	81821033-4833	24	0	0	5	2
s4834	6x4m4da	1	81821033-4834	24	0	0	5	3
s4835	6x4m4de	0	81821033-4835	24	0	0	5	4
s4836	6x4m4du	0	81821033-4836	24	0	0	5	5
s4837	6x4md4	1	81821033-4837	24	0	0	6	0
s4838	6x4md4db	1	81821033-4838	24	0	0	6	1
s4839	6x4md4di	1	81821033-4839	24	0	0	6	2
s4840	6x4md4da	1	81821033-4840	24	0	0	6	3
s4841	6x4md4de	0	81821033-4841	24	0	0	6	4
s4842	6x4md4du	0	81821033-4842	24	0	0	6	5
s4843	6x4m8	1	81821033-4843	24	0	0	7	0
s4844	6x4m8db	1	81821033-4844	24	0	0	7	1
s4845	6x4m8di	1	81821033-4845	24	0	0	7	2
s4846	6x4m8da	1	81821033-4846	24	0	0	7	3
s4847	6x4m8de	0	81821033-4847	24	0	0	7	4
s4848	6x4m8du	0	81821033-4848	24	0	0	7	5
s4849	6x4xa	1	81821033-4849	24	1	0	0	0
s4850	6x4xadb	1	81821033-4850	24	1	0	0	1
s4851	6x4xadi	1	81821033-4851	24	1	0	0	2
s4852	6x4xada	1	81821033-4852	24	1	0	0	3
s4853	6x4xade	0	81821033-4853	24	1	0	0	4
s4854	6x4xadu	0	81821033-4854	24	1	0	0	5
s4855	6x4x	1	81821033-4855	24	1	0	1	0
s4856	6x4xdb	1	81821033-4856	24	1	0	1	1
s4857	6x4xdi	1	81821033-4857	24	1	0	1	2
s4858	6x4xda	1	81821033-4858	24	1	0	1	3
s4859	6x4xde	0	81821033-4859	24	1	0	1	4
s4860	6x4xdu	0	81821033-4860	24	1	0	1	5
s4861	6x4xr4	1	81821033-4861	24	1	0	2	0
s4862	6x4xr4db	1	81821033-4862	24	1	0	2	1
s4863	6x4xr4di	1	81821033-4863	24	1	0	2	2
s4864	6x4xr4da	1	81821033-4864	24	1	0	2	3
s4865	6x4xr4de	0	81821033-4865	24	1	0	2	4
s4866	6x4xr4du	0	81821033-4866	24	1	0	2	5
s4867	6x4xm2	1	81821033-4867	24	1	0	3	0
s4868	6x4xm2db	1	81821033-4868	24	1	0	3	1
s4869	6x4xm2di	1	81821033-4869	24	1	0	3	2
s4870	6x4xm2da	1	81821033-4870	24	1	0	3	3
s4871	6x4xm2de	0	81821033-4871	24	1	0	3	4
s4872	6x4xm2du	0	81821033-4872	24	1	0	3	5
s4873	6x4xmd2	1	81821033-4873	24	1	0	4	0
s4874	6x4xmd2db	1	81821033-4874	24	1	0	4	1
s4875	6x4xmd2di	1	81821033-4875	24	1	0	4	2
s4876	6x4xmd2da	1	81821033-4876	24	1	0	4	3
s4877	6x4xmd2de	0	81821033-4877	24	1	0	4	4
s4878	6x4xmd2du	0	81821033-4878	24	1	0	4	5
s4879	6x4xm4	1	81821033-4879	24	1	0	5	0
s4880	6x4xm4db	1	81821033-4880	24	1	0	5	1
s4881	6x4xm4di	1	81821033-4881	24	1	0	5	2
s4882	6x4xm4da	1	81821033-4882	24	1	0	5	3
s4883	6x4xm4de	0	81821033-4883	24	1	0	5	4
s4884	6x4xm4du	0	81821033-4884	24	1	0	5	5
s4885	6x4xmd4	1	81821033-4885	24	1	0	6	0
s4886	6x4xmd4db	1	81821033-4886	24	1	0	6	1
s4887	6x4xmd4di	1	81821033-4887	24	1	0	6	2
s4888	6x4xmd4da	1	81821033-4888	24	1	0	6	3
s4889	6x4xmd4de	0	81821033-4889	24	1	0	6	4
s4890	6x4xmd4du	0	81821033-4890	24	1	0	6	5
s4891	6x4xm8	1	81821033-4891	24	1	0	7	0
s4892	6x4xm8db	1	81821033-4892	24	1	0	7	1
s4893	6x4xm8di	1	81821033-4893	24	1	0	7	2
s4894	6x4xm8da	1	81821033-4894	24	1	0	7	3
s4895	6x4xm8de	0	81821033-4895	24	1	0	7	4
s4896	6x4xm8du	0	81821033-4896	24	1	0	7	5
s4897	6x5a	1	81821033-4897	30	0	0	0	0
s4898	6x5adb	1	81821033-4898	30	0	0	0	1
s4899	6x5adi	0	81821033-4899	30	0	0	0	2
s4900	6x5ada	0	81821033-4900	30	0	0	0	3
s4901	6x5ade	0	81821033-4901	30	0	0	0	4
s4902	6x5adu	0	81821033-4902	30	0	0	0	5
s4903	6x5	1	81821033-4903	30	0	0	1	0
s4904	6x5db	1	81821033-4904	30	0	0	1	1
s4905	6x5di	0	81821033-4905	30	0	0	1	2
s4906	6x5da	0	81821033-4906	30	0	0	1	3
s4907	6x5de	0	81821033-4907	30	0	0	1	4
s4908	6x5du	0	81821033-4908	30	0	0	1	5
s4909	6x5r4	1	81821033-4909	30	0	0	2	0
s4910	6x5r4db	1	81821033-4910	30	0	0	2	1
s4911	6x5r4di	0	81821033-4911	30	0	0	2	2
s4912	6x5r4da	0	81821033-4912	30	0	0	2	3
s4913	6x5r4de	0	81821033-4913	30	0	0	2	4
s4914	6x5r4du	0	81821033-4914	30	0	0	2	5
s4915	6x5m2	1	81821033-4915	30	0	0	3	0
s4916	6x5m2db	1	81821033-4916	30	0	0	3	1
s4917	6x5m2di	0	81821033-4917	30	0	0	3	2
s4918	6x5m2da	0	81821033-4918	30	0	0	3	3
s4919	6x5m2de	0	81821033-4919	30	0	0	3	4
s4920	6x5m2du	0	81821033-4920	30	0	0	3	5
s4921	6x5md2	1	81821033-4921	30	0	0	4	0
s4922	6x5md2db	1	81821033-4922	30	0	0	4	1
s4923	6x5md2di	0	81821033-4923	30	0	0	4	2
s4924	6x5md2da	0	81821033-4924	30	0	0	4	3
s4925	6x5md2de	0	81821033-4925	30	0	0	4	4
s4926	6x5md2du	0	81821033-4926	30	0	0	4	5
s4927	6x5m4	1	81821033-4927	30	0	0	5	0
s4928	6x5m4db	1	81821033-4928	30	0	0	5	1
s4929	6x5m4di	0	81821033-4929	30	0	0	5	2
s4930	6x5m4da	0	81821033-4930	30	0	0	5	3
s4931	6x5m4de	0	81821033-4931	30	0	0	5	4
s4932	6x5m4du	0	81821033-4932	30	0	0	5	5
s4933	6x5md4	1	81821033-4933	30	0	0	6	0
s4934	6x5md4db	1	81821033-4934	30	0	0	6	1
s4935	6x5md4di	0	81821033-4935	30	0	0	6	2
s4936	6x5md4da	0	81821033-4936	30	0	0	6	3
s4937	6x5md4de	0	81821033-4937	30	0	0	6	4
s4938	6x5md4du	0	81821033-4938	30	0	0	6	5
s4939	6x5m8	1	81821033-4939	30	0	0	7	0
s4940	6x5m8db	1	81821033-4940	30	0	0	7	1
s4941	6x5m8di	0	81821033-4941	30	0	0	7	2
s4942	6x5m8da	0	81821033-4942	30	0	0	7	3
s4943	6x5m8de	0	81821033-4943	30	0	0	7	4
s4944	6x5m8du	0	81821033-4944	30	0	0	7	5
s4945	6x5xa	1	81821033-4945	30	1	0	0	0
s4946	6x5xadb	1	81821033-4946	30	1	0	0	1
s4947	6x5xadi	0	81821033-4947	30	1	0	0	2
s4948	6x5xada	0	81821033-4948	30	1	0	0	3
s4949	6x5xade	0	81821033-4949	30	1	0	0	4
s4950	6x5xadu	0	81821033-4950	30	1	0	0	5
s4951	6x5x	1	81821033-4951	30	1	0	1	0
s4952	6x5xdb	1	81821033-4952	30	1	0	1	1
s4953	6x5xdi	0	81821033-4953	30	1	0	1	2
s4954	6x5xda	0	81821033-4954	30	1	0	1	3
s4955	6x5xde	0	81821033-4955	30	1	0	1	4
s4956	6x5xdu	0	81821033-4956	30	1	0	1	5
s4957	6x5xr4	1	81821033-4957	30	1	0	2	0
s4958	6x5xr4db	1	81821033-4958	30	1	0	2	1
s4959	6x5xr4di	0	81821033-4959	30	1	0	2	2
s4960	6x5xr4da	0	81821033-4960	30	1	0	2	3
s4961	6x5xr4de	0	81821033-4961	30	1	0	2	4
s4962	6x5xr4du	0	81821033-4962	30	1	0	2	5
s4963	6x5xm2	1	81821033-4963	30	1	0	3	0
s4964	6x5xm2db	1	81821033-4964	30	1	0	3	1
s4965	6x5xm2di	0	81821033-4965	30	1	0	3	2
s4966	6x5xm2da	0	81821033-4966	30	1	0	3	3
s4967	6x5xm2de	0	81821033-4967	30	1	0	3	4
s4968	6x5xm2du	0	81821033-4968	30	1	0	3	5
s4969	6x5xmd2	1	81821033-4969	30	1	0	4	0
s4970	6x5xmd2db	1	81821033-4970	30	1	0	4	1
s4971	6x5xmd2di	0	81821033-4971	30	1	0	4	2
s4972	6x5xmd2da	0	81821033-4972	30	1	0	4	3
s4973	6x5xmd2de	0	81821033-4973	30	1	0	4	4
s4974	6x5xmd2du	0	81821033-4974	30	1	0	4	5
s4975	6x5xm4	1	81821033-4975	30	1	0	5	0
s4976	6x5xm4db	1	81821033-4976	30	1	0	5	1
s4977	6x5xm4di	0	81821033-4977	30	1	0	5	2
s4978	6x5xm4da	0	81821033-4978	30	1	0	5	3
s4979	6x5xm4de	0	81821033-4979	30	1	0	5	4
s4980	6x5xm4du	0	81821033-4980	30	1	0	5	5
s4981	6x5xmd4	1	81821033-4981	30	1	0	6	0
s4982	6x5xmd4db	1	81821033-4982	30	1	0	6	1
s4983	6x5xmd4di	0	81821033-4983	30	1	0	6	2
s4984	6x5xmd4da	0	81821033-4984	30	1	0	6	3
s4985	6x5xmd4de	0	81821033-4985	30	1	0	6	4
s4986	6x5xmd4du	0	81821033-4986	30	1	0	6	5
s4987	6x5xm8	1	81821033-4987	30	1	0	7	0
s4988	6x5xm8db	1	81821033-4988	30	1	0	7	1
s4989	6x5xm8di	0	81821033-4989	30	1	0	7	2
s4990	6x5xm8da	0	81821033-4990	30	1	0	7	3
s4991	6x5xm8de	0	81821033-4991	30	1	0	7	4
s4992	6x5xm8du	0	81821033-4992	30	1	0	7	5
s4993	7ja	1	81821033-4993	7	0	0	0	0
s4994	7jadb	1	81821033-4994	7	0	0	0	1
s4995	7jadi	1	81821033-4995	7	0	0	0	2
s4996	7jada	1	81821033-4996	7	0	0	0	3
s4997	7jade	1	81821033-4997	7	0	0	0	4
s4998	7jadu	1	81821033-4998	7	0	0	0	5
s4999	7j	1	81821033-4999	7	0	0	1	0
s5000	7jdb	1	81821033-5000	7	0	0	1	1
s5001	7jdi	1	81821033-5001	7	0	0	1	2
s5002	7jda	1	81821033-5002	7	0	0	1	3
s5003	7jde	1	81821033-5003	7	0	0	1	4
s5004	7jdu	1	81821033-5004	7	0	0	1	5
s5005	7jr4	1	81821033-5005	7	0	0	2	0
s5006	7jr4db	1	81821033-5006	7	0	0	2	1
s5007	7jr4di	1	81821033-5007	7	0	0	2	2
s5008	7jr4da	1	81821033-5008	7	0	0	2	3
s5009	7jr4de	1	81821033-5009	7	0	0	2	4
s5010	7jr4du	1	81821033-5010	7	0	0	2	5
s5011	7jm2	1	81821033-5011	7	0	0	3	0
s5012	7jm2db	1	81821033-5012	7	0	0	3	1
s5013	7jm2di	1	81821033-5013	7	0	0	3	2
s5014	7jm2da	1	81821033-5014	7	0	0	3	3
s5015	7jm2de	1	81821033-5015	7	0	0	3	4
s5016	7jm2du	1	81821033-5016	7	0	0	3	5
s5017	7jmd2	1	81821033-5017	7	0	0	4	0
s5018	7jmd2db	1	81821033-5018	7	0	0	4	1
s5019	7jmd2di	1	81821033-5019	7	0	0	4	2
s5020	7jmd2da	1	81821033-5020	7	0	0	4	3
s5021	7jmd2de	1	81821033-5021	7	0	0	4	4
s5022	7jmd2du	1	81821033-5022	7	0	0	4	5
s5023	7jm4	1	81821033-5023	7	0	0	5	0
s5024	7jm4db	1	81821033-5024	7	0	0	5	1
s5025	7jm4di	1	81821033-5025	7	0	0	5	2
s5026	7jm4da	1	81821033-5026	7	0	0	5	3
s5027	7jm4de	1	81821033-5027	7	0	0	5	4
s5028	7jm4du	1	81821033-5028	7	0	0	5	5
s5029	7jmd4	1	81821033-5029	7	0	0	6	0
s5030	7jmd4db	1	81821033-5030	7	0	0	6	1
s5031	7jmd4di	1	81821033-5031	7	0	0	6	2
s5032	7jmd4da	1	81821033-5032	7	0	0	6	3
s5033	7jmd4de	1	81821033-5033	7	0	0	6	4
s5034	7jmd4du	1	81821033-5034	7	0	0	6	5
s5035	7jm8	1	81821033-5035	7	0	0	7	0
s5036	7jm8db	1	81821033-5036	7	0	0	7	1
s5037	7jm8di	1	81821033-5037	7	0	0	7	2
s5038	7jm8da	1	81821033-5038	7	0	0	7	3
s5039	7jm8de	1	81821033-5039	7	0	0	7	4
s5040	7jm8du	1	81821033-5040	7	0	0	7	5
s5041	7jka	1	81821033-5041	7	0	1	0	0
s5042	7jkadb	1	81821033-5042	7	0	1	0	1
s5043	7jkadi	1	81821033-5043	7	0	1	0	2
s5044	7jkada	1	81821033-5044	7	0	1	0	3
s5045	7jkade	1	81821033-5045	7	0	1	0	4
s5046	7jkadu	1	81821033-5046	7	0	1	0	5
s5047	7jk	0	81821033-5047	7	0	1	1	0
s5048	7jkdb	0	81821033-5048	7	0	1	1	1
s5049	7jkdi	0	81821033-5049	7	0	1	1	2
s5050	7jkda	0	81821033-5050	7	0	1	1	3
s5051	7jkde	0	81821033-5051	7	0	1	1	4
s5052	7jkdu	0	81821033-5052	7	0	1	1	5
s5053	7jkr4	0	81821033-5053	7	0	1	2	0
s5054	7jkr4db	0	81821033-5054	7	0	1	2	1
s5055	7jkr4di	0	81821033-5055	7	0	1	2	2
s5056	7jkr4da	0	81821033-5056	7	0	1	2	3
s5057	7jkr4de	0	81821033-5057	7	0	1	2	4
s5058	7jkr4du	0	81821033-5058	7	0	1	2	5
s5059	7jkm2	0	81821033-5059	7	0	1	3	0
s5060	7jkm2db	0	81821033-5060	7	0	1	3	1
s5061	7jkm2di	0	81821033-5061	7	0	1	3	2
s5062	7jkm2da	0	81821033-5062	7	0	1	3	3
s5063	7jkm2de	0	81821033-5063	7	0	1	3	4
s5064	7jkm2du	0	81821033-5064	7	0	1	3	5
s5065	7jkmd2	0	81821033-5065	7	0	1	4	0
s5066	7jkmd2db	0	81821033-5066	7	0	1	4	1
s5067	7jkmd2di	0	81821033-5067	7	0	1	4	2
s5068	7jkmd2da	0	81821033-5068	7	0	1	4	3
s5069	7jkmd2de	0	81821033-5069	7	0	1	4	4
s5070	7jkmd2du	0	81821033-5070	7	0	1	4	5
s5071	7jkm4	0	81821033-5071	7	0	1	5	0
s5072	7jkm4db	0	81821033-5072	7	0	1	5	1
s5073	7jkm4di	0	81821033-5073	7	0	1	5	2
s5074	7jkm4da	0	81821033-5074	7	0	1	5	3
s5075	7jkm4de	0	81821033-5075	7	0	1	5	4
s5076	7jkm4du	0	81821033-5076	7	0	1	5	5
s5077	7jkmd4	0	81821033-5077	7	0	1	6	0
s5078	7jkmd4db	0	81821033-5078	7	0	1	6	1
s5079	7jkmd4di	0	81821033-5079	7	0	1	6	2
s5080	7jkmd4da	0	81821033-5080	7	0	1	6	3
s5081	7jkmd4de	0	81821033-5081	7	0	1	6	4
s5082	7jkmd4du	0	81821033-5082	7	0	1	6	5
s5083	7jkm8	0	81821033-5083	7	0	1	7	0
s5084	7jkm8db	0	81821033-5084	7	0	1	7	1
s5085	7jkm8di	0	81821033-5085	7	0	1	7	2
s5086	7jkm8da	0	81821033-5086	7	0	1	7	3
s5087	7jkm8de	0	81821033-5087	7	0	1	7	4
s5088	7jkm8du	0	81821033-5088	7	0	1	7	5
s5089	7jxa	1	81821033-5089	7	1	0	0	0
s5090	7jxadb	1	81821033-5090	7	1	0	0	1
s5091	7jxadi	1	81821033-5091	7	1	0	0	2
s5092	7jxada	1	81821033-5092	7	1	0	0	3
s5093	7jxade	1	81821033-5093	7	1	0	0	4
s5094	7jxadu	1	81821033-5094	7	1	0	0	5
s5095	7jx	1	81821033-5095	7	1	0	1	0
s5096	7jxdb	1	81821033-5096	7	1	0	1	1
s5097	7jxdi	1	81821033-5097	7	1	0	1	2
s5098	7jxda	1	81821033-5098	7	1	0	1	3
s5099	7jxde	1	81821033-5099	7	1	0	1	4
s5100	7jxdu	1	81821033-5100	7	1	0	1	5
s5101	7jxr4	1	81821033-5101	7	1	0	2	0
s5102	7jxr4db	1	81821033-5102	7	1	0	2	1
s5103	7jxr4di	1	81821033-5103	7	1	0	2	2
s5104	7jxr4da	1	81821033-5104	7	1	0	2	3
s5105	7jxr4de	1	81821033-5105	7	1	0	2	4
s5106	7jxr4du	1	81821033-5106	7	1	0	2	5
s5107	7jxm2	1	81821033-5107	7	1	0	3	0
s5108	7jxm2db	1	81821033-5108	7	1	0	3	1
s5109	7jxm2di	1	81821033-5109	7	1	0	3	2
s5110	7jxm2da	1	81821033-5110	7	1	0	3	3
s5111	7jxm2de	1	81821033-5111	7	1	0	3	4
s5112	7jxm2du	1	81821033-5112	7	1	0	3	5
s5113	7jxmd2	1	81821033-5113	7	1	0	4	0
s5114	7jxmd2db	1	81821033-5114	7	1	0	4	1
s5115	7jxmd2di	1	81821033-5115	7	1	0	4	2
s5116	7jxmd2da	1	81821033-5116	7	1	0	4	3
s5117	7jxmd2de	1	81821033-5117	7	1	0	4	4
s5118	7jxmd2du	1	81821033-5118	7	1	0	4	5
s5119	7jxm4	1	81821033-5119	7	1	0	5	0
s5120	7jxm4db	1	81821033-5120	7	1	0	5	1
s5121	7jxm4di	1	81821033-5121	7	1	0	5	2
s5122	7jxm4da	1	81821033-5122	7	1	0	5	3
s5123	7jxm4de	1	81821033-5123	7	1	0	5	4
s5124	7jxm4du	1	81821033-5124	7	1	0	5	5
s5125	7jxmd4	1	81821033-5125	7	1	0	6	0
s5126	7jxmd4db	1	81821033-5126	7	1	0	6	1
s5127	7jxmd4di	1	81821033-5127	7	1	0	6	2
s5128	7jxmd4da	1	81821033-5128	7	1	0	6	3
s5129	7jxmd4de	1	81821033-5129	7	1	0	6	4
s5130	7jxmd4du	1	81821033-5130	7	1	0	6	5
s5131	7jxm8	1	81821033-5131	7	1	0	7	0
s5132	7jxm8db	1	81821033-5132	7	1	0	7	1
s5133	7jxm8di	1	81821033-5133	7	1	0	7	2
s5134	7jxm8da	1	81821033-5134	7	1	0	7	3
s5135	7jxm8de	1	81821033-5135	7	1	0	7	4
s5136	7jxm8du	1	81821033-5136	7	1	0	7	5
s5137	7jxka	1	81821033-5137	7	1	1	0	0
s5138	7jxkadb	1	81821033-5138	7	1	1	0	1
s5139	7jxkadi	1	81821033-5139	7	1	1	0	2
s5140	7jxkada	1	81821033-5140	7	1	1	0	3
s5141	7jxkade	1	81821033-5141	7	1	1	0	4
s5142	7jxkadu	1	81821033-5142	7	1	1	0	5
s5143	7jxk	0	81821033-5143	7	1	1	1	0
s5144	7jxkdb	0	81821033-5144	7	1	1	1	1
s5145	7jxkdi	0	81821033-5145	7	1	1	1	2
s5146	7jxkda	0	81821033-5146	7	1	1	1	3
s5147	7jxkde	0	81821033-5147	7	1	1	1	4
s5148	7jxkdu	0	81821033-5148	7	1	1	1	5
s5149	7jxkr4	0	81821033-5149	7	1	1	2	0
s5150	7jxkr4db	0	81821033-5150	7	1	1	2	1
s5151	7jxkr4di	0	81821033-5151	7	1	1	2	2
s5152	7jxkr4da	0	81821033-5152	7	1	1	2	3
s5153	7jxkr4de	0	81821033-5153	7	1	1	2	4
s5154	7jxkr4du	0	81821033-5154	7	1	1	2	5
s5155	7jxkm2	0	81821033-5155	7	1	1	3	0
s5156	7jxkm2db	0	81821033-5156	7	1	1	3	1
s5157	7jxkm2di	0	81821033-5157	7	1	1	3	2
s5158	7jxkm2da	0	81821033-5158	7	1	1	3	3
s5159	7jxkm2de	0	81821033-5159	7	1	1	3	4
s5160	7jxkm2du	0	81821033-5160	7	1	1	3	5
s5161	7jxkmd2	0	81821033-5161	7	1	1	4	0
s5162	7jxkmd2db	0	81821033-5162	7	1	1	4	1
s5163	7jxkmd2di	0	81821033-5163	7	1	1	4	2
s5164	7jxkmd2da	0	81821033-5164	7	1	1	4	3
s5165	7jxkmd2de	0	81821033-5165	7	1	1	4	4
s5166	7jxkmd2du	0	81821033-5166	7	1	1	4	5
s5167	7jxkm4	0	81821033-5167	7	1	1	5	0
s5168	7jxkm4db	0	81821033-5168	7	1	1	5	1
s5169	7jxkm4di	0	81821033-5169	7	1	1	5	2
s5170	7jxkm4da	0	81821033-5170	7	1	1	5	3
s5171	7jxkm4de	0	81821033-5171	7	1	1	5	4
s5172	7jxkm4du	0	81821033-5172	7	1	1	5	5
s5173	7jxkmd4	0	81821033-5173	7	1	1	6	0
s5174	7jxkmd4db	0	81821033-5174	7	1	1	6	1
s5175	7jxkmd4di	0	81821033-5175	7	1	1	6	2
s5176	7jxkmd4da	0	81821033-5176	7	1	1	6	3
s5177	7jxkmd4de	0	81821033-5177	7	1	1	6	4
s5178	7jxkmd4du	0	81821033-5178	7	1	1	6	5
s5179	7jxkm8	0	81821033-5179	7	1	1	7	0
s5180	7jxkm8db	0	81821033-5180	7	1	1	7	1
s5181	7jxkm8di	0	81821033-5181	7	1	1	7	2
s5182	7jxkm8da	0	81821033-5182	7	1	1	7	3
s5183	7jxkm8de	0	81821033-5183	7	1	1	7	4
s5184	7jxkm8du	0	81821033-5184	7	1	1	7	5
s5185	7x2a	1	81821033-5185	14	0	0	0	0
s5186	7x2adb	1	81821033-5186	14	0	0	0	1
s5187	7x2adi	1	81821033-5187	14	0	0	0	2
s5188	7x2ada	1	81821033-5188	14	0	0	0	3
s5189	7x2ade	1	81821033-5189	14	0	0	0	4
s5190	7x2adu	1	81821033-5190	14	0	0	0	5
s5191	7x2	1	81821033-5191	14	0	0	1	0
s5192	7x2db	1	81821033-5192	14	0	0	1	1
s5193	7x2di	1	81821033-5193	14	0	0	1	2
s5194	7x2da	1	81821033-5194	14	0	0	1	3
s5195	7x2de	1	81821033-5195	14	0	0	1	4
s5196	7x2du	1	81821033-5196	14	0	0	1	5
s5197	7x2r4	1	81821033-5197	14	0	0	2	0
s5198	7x2r4db	1	81821033-5198	14	0	0	2	1
s5199	7x2r4di	1	81821033-5199	14	0	0	2	2
s5200	7x2r4da	1	81821033-5200	14	0	0	2	3
s5201	7x2r4de	1	81821033-5201	14	0	0	2	4
s5202	7x2r4du	1	81821033-5202	14	0	0	2	5
s5203	7x2m2	1	81821033-5203	14	0	0	3	0
s5204	7x2m2db	1	81821033-5204	14	0	0	3	1
s5205	7x2m2di	1	81821033-5205	14	0	0	3	2
s5206	7x2m2da	1	81821033-5206	14	0	0	3	3
s5207	7x2m2de	1	81821033-5207	14	0	0	3	4
s5208	7x2m2du	1	81821033-5208	14	0	0	3	5
s5209	7x2md2	1	81821033-5209	14	0	0	4	0
s5210	7x2md2db	1	81821033-5210	14	0	0	4	1
s5211	7x2md2di	1	81821033-5211	14	0	0	4	2
s5212	7x2md2da	1	81821033-5212	14	0	0	4	3
s5213	7x2md2de	1	81821033-5213	14	0	0	4	4
s5214	7x2md2du	1	81821033-5214	14	0	0	4	5
s5215	7x2m4	1	81821033-5215	14	0	0	5	0
s5216	7x2m4db	1	81821033-5216	14	0	0	5	1
s5217	7x2m4di	1	81821033-5217	14	0	0	5	2
s5218	7x2m4da	1	81821033-5218	14	0	0	5	3
s5219	7x2m4de	1	81821033-5219	14	0	0	5	4
s5220	7x2m4du	1	81821033-5220	14	0	0	5	5
s5221	7x2md4	1	81821033-5221	14	0	0	6	0
s5222	7x2md4db	1	81821033-5222	14	0	0	6	1
s5223	7x2md4di	1	81821033-5223	14	0	0	6	2
s5224	7x2md4da	1	81821033-5224	14	0	0	6	3
s5225	7x2md4de	1	81821033-5225	14	0	0	6	4
s5226	7x2md4du	1	81821033-5226	14	0	0	6	5
s5227	7x2m8	1	81821033-5227	14	0	0	7	0
s5228	7x2m8db	1	81821033-5228	14	0	0	7	1
s5229	7x2m8di	1	81821033-5229	14	0	0	7	2
s5230	7x2m8da	1	81821033-5230	14	0	0	7	3
s5231	7x2m8de	1	81821033-5231	14	0	0	7	4
s5232	7x2m8du	1	81821033-5232	14	0	0	7	5
s5233	7x2xa	1	81821033-5233	14	1	0	0	0
s5234	7x2xadb	1	81821033-5234	14	1	0	0	1
s5235	7x2xadi	1	81821033-5235	14	1	0	0	2
s5236	7x2xada	1	81821033-5236	14	1	0	0	3
s5237	7x2xade	1	81821033-5237	14	1	0	0	4
s5238	7x2xadu	1	81821033-5238	14	1	0	0	5
s5239	7x2x	1	81821033-5239	14	1	0	1	0
s5240	7x2xdb	1	81821033-5240	14	1	0	1	1
s5241	7x2xdi	1	81821033-5241	14	1	0	1	2
s5242	7x2xda	1	81821033-5242	14	1	0	1	3
s5243	7x2xde	1	81821033-5243	14	1	0	1	4
s5244	7x2xdu	1	81821033-5244	14	1	0	1	5
s5245	7x2xr4	1	81821033-5245	14	1	0	2	0
s5246	7x2xr4db	1	81821033-5246	14	1	0	2	1
s5247	7x2xr4di	1	81821033-5247	14	1	0	2	2
s5248	7x2xr4da	1	81821033-5248	14	1	0	2	3
s5249	7x2xr4de	1	81821033-5249	14	1	0	2	4
s5250	7x2xr4du	1	81821033-5250	14	1	0	2	5
s5251	7x2xm2	1	81821033-5251	14	1	0	3	0
s5252	7x2xm2db	1	81821033-5252	14	1	0	3	1
s5253	7x2xm2di	1	81821033-5253	14	1	0	3	2
s5254	7x2xm2da	1	81821033-5254	14	1	0	3	3
s5255	7x2xm2de	1	81821033-5255	14	1	0	3	4
s5256	7x2xm2du	1	81821033-5256	14	1	0	3	5
s5257	7x2xmd2	1	81821033-5257	14	1	0	4	0
s5258	7x2xmd2db	1	81821033-5258	14	1	0	4	1
s5259	7x2xmd2di	1	81821033-5259	14	1	0	4	2
s5260	7x2xmd2da	1	81821033-5260	14	1	0	4	3
s5261	7x2xmd2de	1	81821033-5261	14	1	0	4	4
s5262	7x2xmd2du	1	81821033-5262	14	1	0	4	5
s5263	7x2xm4	1	81821033-5263	14	1	0	5	0
s5264	7x2xm4db	1	81821033-5264	14	1	0	5	1
s5265	7x2xm4di	1	81821033-5265	14	1	0	5	2
s5266	7x2xm4da	1	81821033-5266	14	1	0	5	3
s5267	7x2xm4de	1	81821033-5267	14	1	0	5	4
s5268	7x2xm4du	1	81821033-5268	14	1	0	5	5
s5269	7x2xmd4	1	81821033-5269	14	1	0	6	0
s5270	7x2xmd4db	1	81821033-5270	14	1	0	6	1
s5271	7x2xmd4di	1	81821033-5271	14	1	0	6	2
s5272	7x2xmd4da	1	81821033-5272	14	1	0	6	3
s5273	7x2xmd4de	1	81821033-5273	14	1	0	6	4
s5274	7x2xmd4du	1	81821033-5274	14	1	0	6	5
s5275	7x2xm8	1	81821033-5275	14	1	0	7	0
s5276	7x2xm8db	1	81821033-5276	14	1	0	7	1
s5277	7x2xm8di	1	81821033-5277	14	1	0	7	2
s5278	7x2xm8da	1	81821033-5278	14	1	0	7	3
s5279	7x2xm8de	1	81821033-5279	14	1	0	7	4
s5280	7x2xm8du	1	81821033-5280	14	1	0	7	5
s5281	7x3a	1	81821033-5281	21	0	0	0	0
s5282	7x3adb	1	81821033-5282	21	0	0	0	1
s5283	7x3adi	1	81821033-5283	21	0	0	0	2
s5284	7x3ada	1	81821033-5284	21	0	0	0	3
s5285	7x3ade	0	81821033-5285	21	0	0	0	4
s5286	7x3adu	0	81821033-5286	21	0	0	0	5
s5287	7x3	1	81821033-5287	21	0	0	1	0
s5288	7x3db	1	81821033-5288	21	0	0	1	1
s5289	7x3di	1	81821033-5289	21	0	0	1	2
s5290	7x3da	1	81821033-5290	21	0	0	1	3
s5291	7x3de	0	81821033-5291	21	0	0	1	4
s5292	7x3du	0	81821033-5292	21	0	0	1	5
s5293	7x3r4	1	81821033-5293	21	0	0	2	0
s5294	7x3r4db	1	81821033-5294	21	0	0	2	1
s5295	7x3r4di	1	81821033-5295	21	0	0	2	2
s5296	7x3r4da	1	81821033-5296	21	0	0	2	3
s5297	7x3r4de	0	81821033-5297	21	0	0	2	4
s5298	7x3r4du	0	81821033-5298	21	0	0	2	5
s5299	7x3m2	1	81821033-5299	21	0	0	3	0
s5300	7x3m2db	1	81821033-5300	21	0	0	3	1
s5301	7x3m2di	1	81821033-5301	21	0	0	3	2
s5302	7x3m2da	1	81821033-5302	21	0	0	3	3
s5303	7x3m2de	0	81821033-5303	21	0	0	3	4
s5304	7x3m2du	0	81821033-5304	21	0	0	3	5
s5305	7x3md2	1	81821033-5305	21	0	0	4	0
s5306	7x3md2db	1	81821033-5306	21	0	0	4	1
s5307	7x3md2di	1	81821033-5307	21	0	0	4	2
s5308	7x3md2da	1	81821033-5308	21	0	0	4	3
s5309	7x3md2de	0	81821033-5309	21	0	0	4	4
s5310	7x3md2du	0	81821033-5310	21	0	0	4	5
s5311	7x3m4	1	81821033-5311	21	0	0	5	0
s5312	7x3m4db	1	81821033-5312	21	0	0	5	1
s5313	7x3m4di	1	81821033-5313	21	0	0	5	2
s5314	7x3m4da	1	81821033-5314	21	0	0	5	3
s5315	7x3m4de	0	81821033-5315	21	0	0	5	4
s5316	7x3m4du	0	81821033-5316	21	0	0	5	5
s5317	7x3md4	1	81821033-5317	21	0	0	6	0
s5318	7x3md4db	1	81821033-5318	21	0	0	6	1
s5319	7x3md4di	1	81821033-5319	21	0	0	6	2
s5320	7x3md4da	1	81821033-5320	21	0	0	6	3
s5321	7x3md4de	0	81821033-5321	21	0	0	6	4
s5322	7x3md4du	0	81821033-5322	21	0	0	6	5
s5323	7x3m8	1	81821033-5323	21	0	0	7	0
s5324	7x3m8db	1	81821033-5324	21	0	0	7	1
s5325	7x3m8di	1	81821033-5325	21	0	0	7	2
s5326	7x3m8da	1	81821033-5326	21	0	0	7	3
s5327	7x3m8de	0	81821033-5327	21	0	0	7	4
s5328	7x3m8du	0	81821033-5328	21	0	0	7	5
s5329	7x3xa	1	81821033-5329	21	1	0	0	0
s5330	7x3xadb	1	81821033-5330	21	1	0	0	1
s5331	7x3xadi	1	81821033-5331	21	1	0	0	2
s5332	7x3xada	1	81821033-5332	21	1	0	0	3
s5333	7x3xade	0	81821033-5333	21	1	0	0	4
s5334	7x3xadu	0	81821033-5334	21	1	0	0	5
s5335	7x3x	1	81821033-5335	21	1	0	1	0
s5336	7x3xdb	1	81821033-5336	21	1	0	1	1
s5337	7x3xdi	1	81821033-5337	21	1	0	1	2
s5338	7x3xda	1	81821033-5338	21	1	0	1	3
s5339	7x3xde	0	81821033-5339	21	1	0	1	4
s5340	7x3xdu	0	81821033-5340	21	1	0	1	5
s5341	7x3xr4	1	81821033-5341	21	1	0	2	0
s5342	7x3xr4db	1	81821033-5342	21	1	0	2	1
s5343	7x3xr4di	1	81821033-5343	21	1	0	2	2
s5344	7x3xr4da	1	81821033-5344	21	1	0	2	3
s5345	7x3xr4de	0	81821033-5345	21	1	0	2	4
s5346	7x3xr4du	0	81821033-5346	21	1	0	2	5
s5347	7x3xm2	1	81821033-5347	21	1	0	3	0
s5348	7x3xm2db	1	81821033-5348	21	1	0	3	1
s5349	7x3xm2di	1	81821033-5349	21	1	0	3	2
s5350	7x3xm2da	1	81821033-5350	21	1	0	3	3
s5351	7x3xm2de	0	81821033-5351	21	1	0	3	4
s5352	7x3xm2du	0	81821033-5352	21	1	0	3	5
s5353	7x3xmd2	1	81821033-5353	21	1	0	4	0
s5354	7x3xmd2db	1	81821033-5354	21	1	0	4	1
s5355	7x3xmd2di	1	81821033-5355	21	1	0	4	2
s5356	7x3xmd2da	1	81821033-5356	21	1	0	4	3
s5357	7x3xmd2de	0	81821033-5357	21	1	0	4	4
s5358	7x3xmd2du	0	81821033-5358	21	1	0	4	5
s5359	7x3xm4	1	81821033-5359	21	1	0	5	0
s5360	7x3xm4db	1	81821033-5360	21	1	0	5	1
s5361	7x3xm4di	1	81821033-5361	21	1	0	5	2
s5362	7x3xm4da	1	81821033-5362	21	1	0	5	3
s5363	7x3xm4de	0	81821033-5363	21	1	0	5	4
s5364	7x3xm4du	0	81821033-5364	21	1	0	5	5
s5365	7x3xmd4	1	81821033-5365	21	1	0	6	0
s5366	7x3xmd4db	1	81821033-5366	21	1	0	6	1
s5367	7x3xmd4di	1	81821033-5367	21	1	0	6	2
s5368	7x3xmd4da	1	81821033-5368	21	1	0	6	3
s5369	7x3xmd4de	0	81821033-5369	21	1	0	6	4
s5370	7x3xmd4du	0	81821033-5370	21	1	0	6	5
s5371	7x3xm8	1	81821033-5371	21	1	0	7	0
s5372	7x3xm8db	1	81821033-5372	21	1	0	7	1
s5373	7x3xm8di	1	81821033-5373	21	1	0	7	2
s5374	7x3xm8da	1	81821033-5374	21	1	0	7	3
s5375	7x3xm8de	0	81821033-5375	21	1	0	7	4
s5376	7x3xm8du	0	81821033-5376	21	1	0	7	5
s5377	7x4a	1	81821033-5377	28	0	0	0	0
s5378	7x4adb	1	81821033-5378	28	0	0	0	1
s5379	7x4adi	0	81821033-5379	28	0	0	0	2
s5380	7x4ada	0	81821033-5380	28	0	0	0	3
s5381	7x4ade	0	81821033-5381	28	0	0	0	4
s5382	7x4adu	0	81821033-5382	28	0	0	0	5
s5383	7x4	1	81821033-5383	28	0	0	1	0
s5384	7x4db	1	81821033-5384	28	0	0	1	1
s5385	7x4di	0	81821033-5385	28	0	0	1	2
s5386	7x4da	0	81821033-5386	28	0	0	1	3
s5387	7x4de	0	81821033-5387	28	0	0	1	4
s5388	7x4du	0	81821033-5388	28	0	0	1	5
s5389	7x4r4	1	81821033-5389	28	0	0	2	0
s5390	7x4r4db	1	81821033-5390	28	0	0	2	1
s5391	7x4r4di	0	81821033-5391	28	0	0	2	2
s5392	7x4r4da	0	81821033-5392	28	0	0	2	3
s5393	7x4r4de	0	81821033-5393	28	0	0	2	4
s5394	7x4r4du	0	81821033-5394	28	0	0	2	5
s5395	7x4m2	1	81821033-5395	28	0	0	3	0
s5396	7x4m2db	1	81821033-5396	28	0	0	3	1
s5397	7x4m2di	0	81821033-5397	28	0	0	3	2
s5398	7x4m2da	0	81821033-5398	28	0	0	3	3
s5399	7x4m2de	0	81821033-5399	28	0	0	3	4
s5400	7x4m2du	0	81821033-5400	28	0	0	3	5
s5401	7x4md2	1	81821033-5401	28	0	0	4	0
s5402	7x4md2db	1	81821033-5402	28	0	0	4	1
s5403	7x4md2di	0	81821033-5403	28	0	0	4	2
s5404	7x4md2da	0	81821033-5404	28	0	0	4	3
s5405	7x4md2de	0	81821033-5405	28	0	0	4	4
s5406	7x4md2du	0	81821033-5406	28	0	0	4	5
s5407	7x4m4	1	81821033-5407	28	0	0	5	0
s5408	7x4m4db	1	81821033-5408	28	0	0	5	1
s5409	7x4m4di	0	81821033-5409	28	0	0	5	2
s5410	7x4m4da	0	81821033-5410	28	0	0	5	3
s5411	7x4m4de	0	81821033-5411	28	0	0	5	4
s5412	7x4m4du	0	81821033-5412	28	0	0	5	5
s5413	7x4md4	1	81821033-5413	28	0	0	6	0
s5414	7x4md4db	1	81821033-5414	28	0	0	6	1
s5415	7x4md4di	0	81821033-5415	28	0	0	6	2
s5416	7x4md4da	0	81821033-5416	28	0	0	6	3
s5417	7x4md4de	0	81821033-5417	28	0	0	6	4
s5418	7x4md4du	0	81821033-5418	28	0	0	6	5
s5419	7x4m8	1	81821033-5419	28	0	0	7	0
s5420	7x4m8db	1	81821033-5420	28	0	0	7	1
s5421	7x4m8di	0	81821033-5421	28	0	0	7	2
s5422	7x4m8da	0	81821033-5422	28	0	0	7	3
s5423	7x4m8de	0	81821033-5423	28	0	0	7	4
s5424	7x4m8du	0	81821033-5424	28	0	0	7	5
s5425	7x4xa	1	81821033-5425	28	1	0	0	0
s5426	7x4xadb	1	81821033-5426	28	1	0	0	1
s5427	7x4xadi	0	81821033-5427	28	1	0	0	2
s5428	7x4xada	0	81821033-5428	28	1	0	0	3
s5429	7x4xade	0	81821033-5429	28	1	0	0	4
s5430	7x4xadu	0	81821033-5430	28	1	0	0	5
s5431	7x4x	1	81821033-5431	28	1	0	1	0
s5432	7x4xdb	1	81821033-5432	28	1	0	1	1
s5433	7x4xdi	0	81821033-5433	28	1	0	1	2
s5434	7x4xda	0	81821033-5434	28	1	0	1	3
s5435	7x4xde	0	81821033-5435	28	1	0	1	4
s5436	7x4xdu	0	81821033-5436	28	1	0	1	5
s5437	7x4xr4	1	81821033-5437	28	1	0	2	0
s5438	7x4xr4db	1	81821033-5438	28	1	0	2	1
s5439	7x4xr4di	0	81821033-5439	28	1	0	2	2
s5440	7x4xr4da	0	81821033-5440	28	1	0	2	3
s5441	7x4xr4de	0	81821033-5441	28	1	0	2	4
s5442	7x4xr4du	0	81821033-5442	28	1	0	2	5
s5443	7x4xm2	1	81821033-5443	28	1	0	3	0
s5444	7x4xm2db	1	81821033-5444	28	1	0	3	1
s5445	7x4xm2di	0	81821033-5445	28	1	0	3	2
s5446	7x4xm2da	0	81821033-5446	28	1	0	3	3
s5447	7x4xm2de	0	81821033-5447	28	1	0	3	4
s5448	7x4xm2du	0	81821033-5448	28	1	0	3	5
s5449	7x4xmd2	1	81821033-5449	28	1	0	4	0
s5450	7x4xmd2db	1	81821033-5450	28	1	0	4	1
s5451	7x4xmd2di	0	81821033-5451	28	1	0	4	2
s5452	7x4xmd2da	0	81821033-5452	28	1	0	4	3
s5453	7x4xmd2de	0	81821033-5453	28	1	0	4	4
s5454	7x4xmd2du	0	81821033-5454	28	1	0	4	5
s5455	7x4xm4	1	81821033-5455	28	1	0	5	0
s5456	7x4xm4db	1	81821033-5456	28	1	0	5	1
s5457	7x4xm4di	0	81821033-5457	28	1	0	5	2
s5458	7x4xm4da	0	81821033-5458	28	1	0	5	3
s5459	7x4xm4de	0	81821033-5459	28	1	0	5	4
s5460	7x4xm4du	0	81821033-5460	28	1	0	5	5
s5461	7x4xmd4	1	81821033-5461	28	1	0	6	0
s5462	7x4xmd4db	1	81821033-5462	28	1	0	6	1
s5463	7x4xmd4di	0	81821033-5463	28	1	0	6	2
s5464	7x4xmd4da	0	81821033-5464	28	1	0	6	3
s5465	7x4xmd4de	0	81821033-5465	28	1	0	6	4
s5466	7x4xmd4du	0	81821033-5466	28	1	0	6	5
s5467	7x4xm8	1	81821033-5467	28	1	0	7	0
s5468	7x4xm8db	1	81821033-5468	28	1	0	7	1
s5469	7x4xm8di	0	81821033-5469	28	1	0	7	2
s5470	7x4xm8da	0	81821033-5470	28	1	0	7	3
s5471	7x4xm8de	0	81821033-5471	28	1	0	7	4
s5472	7x4xm8du	0	81821033-5472	28	1	0	7	5
s5473	8ja	1	81821033-5473	8	0	0	0	0
s5474	8jadb	1	81821033-5474	8	0	0	0	1
s5475	8jadi	1	81821033-5475	8	0	0	0	2
s5476	8jada	1	81821033-5476	8	0	0	0	3
s5477	8jade	1	81821033-5477	8	0	0	0	4
s5478	8jadu	1	81821033-5478	8	0	0	0	5
s5479	8j	1	81821033-5479	8	0	0	1	0
s5480	8jdb	1	81821033-5480	8	0	0	1	1
s5481	8jdi	1	81821033-5481	8	0	0	1	2
s5482	8jda	1	81821033-5482	8	0	0	1	3
s5483	8jde	1	81821033-5483	8	0	0	1	4
s5484	8jdu	1	81821033-5484	8	0	0	1	5
s5485	8jr4	1	81821033-5485	8	0	0	2	0
s5486	8jr4db	1	81821033-5486	8	0	0	2	1
s5487	8jr4di	1	81821033-5487	8	0	0	2	2
s5488	8jr4da	1	81821033-5488	8	0	0	2	3
s5489	8jr4de	1	81821033-5489	8	0	0	2	4
s5490	8jr4du	1	81821033-5490	8	0	0	2	5
s5491	8jm2	1	81821033-5491	8	0	0	3	0
s5492	8jm2db	1	81821033-5492	8	0	0	3	1
s5493	8jm2di	1	81821033-5493	8	0	0	3	2
s5494	8jm2da	1	81821033-5494	8	0	0	3	3
s5495	8jm2de	1	81821033-5495	8	0	0	3	4
s5496	8jm2du	1	81821033-5496	8	0	0	3	5
s5497	8jmd2	1	81821033-5497	8	0	0	4	0
s5498	8jmd2db	1	81821033-5498	8	0	0	4	1
s5499	8jmd2di	1	81821033-5499	8	0	0	4	2
s5500	8jmd2da	1	81821033-5500	8	0	0	4	3
s5501	8jmd2de	1	81821033-5501	8	0	0	4	4
s5502	8jmd2du	1	81821033-5502	8	0	0	4	5
s5503	8jm4	1	81821033-5503	8	0	0	5	0
s5504	8jm4db	1	81821033-5504	8	0	0	5	1
s5505	8jm4di	1	81821033-5505	8	0	0	5	2
s5506	8jm4da	1	81821033-5506	8	0	0	5	3
s5507	8jm4de	1	81821033-5507	8	0	0	5	4
s5508	8jm4du	1	81821033-5508	8	0	0	5	5
s5509	8jmd4	1	81821033-5509	8	0	0	6	0
s5510	8jmd4db	1	81821033-5510	8	0	0	6	1
s5511	8jmd4di	1	81821033-5511	8	0	0	6	2
s5512	8jmd4da	1	81821033-5512	8	0	0	6	3
s5513	8jmd4de	1	81821033-5513	8	0	0	6	4
s5514	8jmd4du	1	81821033-5514	8	0	0	6	5
s5515	8jm8	1	81821033-5515	8	0	0	7	0
s5516	8jm8db	1	81821033-5516	8	0	0	7	1
s5517	8jm8di	1	81821033-5517	8	0	0	7	2
s5518	8jm8da	1	81821033-5518	8	0	0	7	3
s5519	8jm8de	1	81821033-5519	8	0	0	7	4
s5520	8jm8du	1	81821033-5520	8	0	0	7	5
s5521	8jka	1	81821033-5521	8	0	1	0	0
s5522	8jkadb	1	81821033-5522	8	0	1	0	1
s5523	8jkadi	1	81821033-5523	8	0	1	0	2
s5524	8jkada	1	81821033-5524	8	0	1	0	3
s5525	8jkade	1	81821033-5525	8	0	1	0	4
s5526	8jkadu	1	81821033-5526	8	0	1	0	5
s5527	8jk	0	81821033-5527	8	0	1	1	0
s5528	8jkdb	0	81821033-5528	8	0	1	1	1
s5529	8jkdi	0	81821033-5529	8	0	1	1	2
s5530	8jkda	0	81821033-5530	8	0	1	1	3
s5531	8jkde	0	81821033-5531	8	0	1	1	4
s5532	8jkdu	0	81821033-5532	8	0	1	1	5
s5533	8jkr4	0	81821033-5533	8	0	1	2	0
s5534	8jkr4db	0	81821033-5534	8	0	1	2	1
s5535	8jkr4di	0	81821033-5535	8	0	1	2	2
s5536	8jkr4da	0	81821033-5536	8	0	1	2	3
s5537	8jkr4de	0	81821033-5537	8	0	1	2	4
s5538	8jkr4du	0	81821033-5538	8	0	1	2	5
s5539	8jkm2	0	81821033-5539	8	0	1	3	0
s5540	8jkm2db	0	81821033-5540	8	0	1	3	1
s5541	8jkm2di	0	81821033-5541	8	0	1	3	2
s5542	8jkm2da	0	81821033-5542	8	0	1	3	3
s5543	8jkm2de	0	81821033-5543	8	0	1	3	4
s5544	8jkm2du	0	81821033-5544	8	0	1	3	5
s5545	8jkmd2	0	81821033-5545	8	0	1	4	0
s5546	8jkmd2db	0	81821033-5546	8	0	1	4	1
s5547	8jkmd2di	0	81821033-5547	8	0	1	4	2
s5548	8jkmd2da	0	81821033-5548	8	0	1	4	3
s5549	8jkmd2de	0	81821033-5549	8	0	1	4	4
s5550	8jkmd2du	0	81821033-5550	8	0	1	4	5
s5551	8jkm4	0	81821033-5551	8	0	1	5	0
s5552	8jkm4db	0	81821033-5552	8	0	1	5	1
s5553	8jkm4di	0	81821033-5553	8	0	1	5	2
s5554	8jkm4da	0	81821033-5554	8	0	1	5	3
s5555	8jkm4de	0	81821033-5555	8	0	1	5	4
s5556	8jkm4du	0	81821033-5556	8	0	1	5	5
s5557	8jkmd4	0	81821033-5557	8	0	1	6	0
s5558	8jkmd4db	0	81821033-5558	8	0	1	6	1
s5559	8jkmd4di	0	81821033-5559	8	0	1	6	2
s5560	8jkmd4da	0	81821033-5560	8	0	1	6	3
s5561	8jkmd4de	0	81821033-5561	8	0	1	6	4
s5562	8jkmd4du	0	81821033-5562	8	0	1	6	5
s5563	8jkm8	0	81821033-5563	8	0	1	7	0
s5564	8jkm8db	0	81821033-5564	8	0	1	7	1
s5565	8jkm8di	0	81821033-5565	8	0	1	7	2
s5566	8jkm8da	0	81821033-5566	8	0	1	7	3
s5567	8jkm8de	0	81821033-5567	8	0	1	7	4
s5568	8jkm8du	0	81821033-5568	8	0	1	7	5
s5569	8jxa	1	81821033-5569	8	1	0	0	0
s5570	8jxadb	1	81821033-5570	8	1	0	0	1
s5571	8jxadi	1	81821033-5571	8	1	0	0	2
s5572	8jxada	1	81821033-5572	8	1	0	0	3
s5573	8jxade	1	81821033-5573	8	1	0	0	4
s5574	8jxadu	1	81821033-5574	8	1	0	0	5
s5575	8jx	1	81821033-5575	8	1	0	1	0
s5576	8jxdb	1	81821033-5576	8	1	0	1	1
s5577	8jxdi	1	81821033-5577	8	1	0	1	2
s5578	8jxda	1	81821033-5578	8	1	0	1	3
s5579	8jxde	1	81821033-5579	8	1	0	1	4
s5580	8jxdu	1	81821033-5580	8	1	0	1	5
s5581	8jxr4	1	81821033-5581	8	1	0	2	0
s5582	8jxr4db	1	81821033-5582	8	1	0	2	1
s5583	8jxr4di	1	81821033-5583	8	1	0	2	2
s5584	8jxr4da	1	81821033-5584	8	1	0	2	3
s5585	8jxr4de	1	81821033-5585	8	1	0	2	4
s5586	8jxr4du	1	81821033-5586	8	1	0	2	5
s5587	8jxm2	1	81821033-5587	8	1	0	3	0
s5588	8jxm2db	1	81821033-5588	8	1	0	3	1
s5589	8jxm2di	1	81821033-5589	8	1	0	3	2
s5590	8jxm2da	1	81821033-5590	8	1	0	3	3
s5591	8jxm2de	1	81821033-5591	8	1	0	3	4
s5592	8jxm2du	1	81821033-5592	8	1	0	3	5
s5593	8jxmd2	1	81821033-5593	8	1	0	4	0
s5594	8jxmd2db	1	81821033-5594	8	1	0	4	1
s5595	8jxmd2di	1	81821033-5595	8	1	0	4	2
s5596	8jxmd2da	1	81821033-5596	8	1	0	4	3
s5597	8jxmd2de	1	81821033-5597	8	1	0	4	4
s5598	8jxmd2du	1	81821033-5598	8	1	0	4	5
s5599	8jxm4	1	81821033-5599	8	1	0	5	0
s5600	8jxm4db	1	81821033-5600	8	1	0	5	1
s5601	8jxm4di	1	81821033-5601	8	1	0	5	2
s5602	8jxm4da	1	81821033-5602	8	1	0	5	3
s5603	8jxm4de	1	81821033-5603	8	1	0	5	4
s5604	8jxm4du	1	81821033-5604	8	1	0	5	5
s5605	8jxmd4	1	81821033-5605	8	1	0	6	0
s5606	8jxmd4db	1	81821033-5606	8	1	0	6	1
s5607	8jxmd4di	1	81821033-5607	8	1	0	6	2
s5608	8jxmd4da	1	81821033-5608	8	1	0	6	3
s5609	8jxmd4de	1	81821033-5609	8	1	0	6	4
s5610	8jxmd4du	1	81821033-5610	8	1	0	6	5
s5611	8jxm8	1	81821033-5611	8	1	0	7	0
s5612	8jxm8db	1	81821033-5612	8	1	0	7	1
s5613	8jxm8di	1	81821033-5613	8	1	0	7	2
s5614	8jxm8da	1	81821033-5614	8	1	0	7	3
s5615	8jxm8de	1	81821033-5615	8	1	0	7	4
s5616	8jxm8du	1	81821033-5616	8	1	0	7	5
s5617	8jxka	1	81821033-5617	8	1	1	0	0
s5618	8jxkadb	1	81821033-5618	8	1	1	0	1
s5619	8jxkadi	1	81821033-5619	8	1	1	0	2
s5620	8jxkada	1	81821033-5620	8	1	1	0	3
s5621	8jxkade	1	81821033-5621	8	1	1	0	4
s5622	8jxkadu	1	81821033-5622	8	1	1	0	5
s5623	8jxk	0	81821033-5623	8	1	1	1	0
s5624	8jxkdb	0	81821033-5624	8	1	1	1	1
s5625	8jxkdi	0	81821033-5625	8	1	1	1	2
s5626	8jxkda	0	81821033-5626	8	1	1	1	3
s5627	8jxkde	0	81821033-5627	8	1	1	1	4
s5628	8jxkdu	0	81821033-5628	8	1	1	1	5
s5629	8jxkr4	0	81821033-5629	8	1	1	2	0
s5630	8jxkr4db	0	81821033-5630	8	1	1	2	1
s5631	8jxkr4di	0	81821033-5631	8	1	1	2	2
s5632	8jxkr4da	0	81821033-5632	8	1	1	2	3
s5633	8jxkr4de	0	81821033-5633	8	1	1	2	4
s5634	8jxkr4du	0	81821033-5634	8	1	1	2	5
s5635	8jxkm2	0	81821033-5635	8	1	1	3	0
s5636	8jxkm2db	0	81821033-5636	8	1	1	3	1
s5637	8jxkm2di	0	81821033-5637	8	1	1	3	2
s5638	8jxkm2da	0	81821033-5638	8	1	1	3	3
s5639	8jxkm2de	0	81821033-5639	8	1	1	3	4
s5640	8jxkm2du	0	81821033-5640	8	1	1	3	5
s5641	8jxkmd2	0	81821033-5641	8	1	1	4	0
s5642	8jxkmd2db	0	81821033-5642	8	1	1	4	1
s5643	8jxkmd2di	0	81821033-5643	8	1	1	4	2
s5644	8jxkmd2da	0	81821033-5644	8	1	1	4	3
s5645	8jxkmd2de	0	81821033-5645	8	1	1	4	4
s5646	8jxkmd2du	0	81821033-5646	8	1	1	4	5
s5647	8jxkm4	0	81821033-5647	8	1	1	5	0
s5648	8jxkm4db	0	81821033-5648	8	1	1	5	1
s5649	8jxkm4di	0	81821033-5649	8	1	1	5	2
s5650	8jxkm4da	0	81821033-5650	8	1	1	5	3
s5651	8jxkm4de	0	81821033-5651	8	1	1	5	4
s5652	8jxkm4du	0	81821033-5652	8	1	1	5	5
s5653	8jxkmd4	0	81821033-5653	8	1	1	6	0
s5654	8jxkmd4db	0	81821033-5654	8	1	1	6	1
s5655	8jxkmd4di	0	81821033-5655	8	1	1	6	2
s5656	8jxkmd4da	0	81821033-5656	8	1	1	6	3
s5657	8jxkmd4de	0	81821033-5657	8	1	1	6	4
s5658	8jxkmd4du	0	81821033-5658	8	1	1	6	5
s5659	8jxkm8	0	81821033-5659	8	1	1	7	0
s5660	8jxkm8db	0	81821033-5660	8	1	1	7	1
s5661	8jxkm8di	0	81821033-5661	8	1	1	7	2
s5662	8jxkm8da	0	81821033-5662	8	1	1	7	3
s5663	8jxkm8de	0	81821033-5663	8	1	1	7	4
s5664	8jxkm8du	0	81821033-5664	8	1	1	7	5
s5665	8x2a	1	81821033-5665	16	0	0	0	0
s5666	8x2adb	1	81821033-5666	16	0	0	0	1
s5667	8x2adi	1	81821033-5667	16	0	0	0	2
s5668	8x2ada	1	81821033-5668	16	0	0	0	3
s5669	8x2ade	1	81821033-5669	16	0	0	0	4
s5670	8x2adu	1	81821033-5670	16	0	0	0	5
s5671	8x2	1	81821033-5671	16	0	0	1	0
s5672	8x2db	1	81821033-5672	16	0	0	1	1
s5673	8x2di	1	81821033-5673	16	0	0	1	2
s5674	8x2da	1	81821033-5674	16	0	0	1	3
s5675	8x2de	1	81821033-5675	16	0	0	1	4
s5676	8x2du	1	81821033-5676	16	0	0	1	5
s5677	8x2r4	1	81821033-5677	16	0	0	2	0
s5678	8x2r4db	1	81821033-5678	16	0	0	2	1
s5679	8x2r4di	1	81821033-5679	16	0	0	2	2
s5680	8x2r4da	1	81821033-5680	16	0	0	2	3
s5681	8x2r4de	1	81821033-5681	16	0	0	2	4
s5682	8x2r4du	1	81821033-5682	16	0	0	2	5
s5683	8x2m2	1	81821033-5683	16	0	0	3	0
s5684	8x2m2db	1	81821033-5684	16	0	0	3	1
s5685	8x2m2di	1	81821033-5685	16	0	0	3	2
s5686	8x2m2da	1	81821033-5686	16	0	0	3	3
s5687	8x2m2de	1	81821033-5687	16	0	0	3	4
s5688	8x2m2du	1	81821033-5688	16	0	0	3	5
s5689	8x2md2	1	81821033-5689	16	0	0	4	0
s5690	8x2md2db	1	81821033-5690	16	0	0	4	1
s5691	8x2md2di	1	81821033-5691	16	0	0	4	2
s5692	8x2md2da	1	81821033-5692	16	0	0	4	3
s5693	8x2md2de	1	81821033-5693	16	0	0	4	4
s5694	8x2md2du	1	81821033-5694	16	0	0	4	5
s5695	8x2m4	1	81821033-5695	16	0	0	5	0
s5696	8x2m4db	1	81821033-5696	16	0	0	5	1
s5697	8x2m4di	1	81821033-5697	16	0	0	5	2
s5698	8x2m4da	1	81821033-5698	16	0	0	5	3
s5699	8x2m4de	1	81821033-5699	16	0	0	5	4
s5700	8x2m4du	1	81821033-5700	16	0	0	5	5
s5701	8x2md4	1	81821033-5701	16	0	0	6	0
s5702	8x2md4db	1	81821033-5702	16	0	0	6	1
s5703	8x2md4di	1	81821033-5703	16	0	0	6	2
s5704	8x2md4da	1	81821033-5704	16	0	0	6	3
s5705	8x2md4de	1	81821033-5705	16	0	0	6	4
s5706	8x2md4du	1	81821033-5706	16	0	0	6	5
s5707	8x2m8	1	81821033-5707	16	0	0	7	0
s5708	8x2m8db	1	81821033-5708	16	0	0	7	1
s5709	8x2m8di	1	81821033-5709	16	0	0	7	2
s5710	8x2m8da	1	81821033-5710	16	0	0	7	3
s5711	8x2m8de	1	81821033-5711	16	0	0	7	4
s5712	8x2m8du	1	81821033-5712	16	0	0	7	5
s5713	8x2xa	1	81821033-5713	16	1	0	0	0
s5714	8x2xadb	1	81821033-5714	16	1	0	0	1
s5715	8x2xadi	1	81821033-5715	16	1	0	0	2
s5716	8x2xada	1	81821033-5716	16	1	0	0	3
s5717	8x2xade	1	81821033-5717	16	1	0	0	4
s5718	8x2xadu	1	81821033-5718	16	1	0	0	5
s5719	8x2x	1	81821033-5719	16	1	0	1	0
s5720	8x2xdb	1	81821033-5720	16	1	0	1	1
s5721	8x2xdi	1	81821033-5721	16	1	0	1	2
s5722	8x2xda	1	81821033-5722	16	1	0	1	3
s5723	8x2xde	1	81821033-5723	16	1	0	1	4
s5724	8x2xdu	1	81821033-5724	16	1	0	1	5
s5725	8x2xr4	1	81821033-5725	16	1	0	2	0
s5726	8x2xr4db	1	81821033-5726	16	1	0	2	1
s5727	8x2xr4di	1	81821033-5727	16	1	0	2	2
s5728	8x2xr4da	1	81821033-5728	16	1	0	2	3
s5729	8x2xr4de	1	81821033-5729	16	1	0	2	4
s5730	8x2xr4du	1	81821033-5730	16	1	0	2	5
s5731	8x2xm2	1	81821033-5731	16	1	0	3	0
s5732	8x2xm2db	1	81821033-5732	16	1	0	3	1
s5733	8x2xm2di	1	81821033-5733	16	1	0	3	2
s5734	8x2xm2da	1	81821033-5734	16	1	0	3	3
s5735	8x2xm2de	1	81821033-5735	16	1	0	3	4
s5736	8x2xm2du	1	81821033-5736	16	1	0	3	5
s5737	8x2xmd2	1	81821033-5737	16	1	0	4	0
s5738	8x2xmd2db	1	81821033-5738	16	1	0	4	1
s5739	8x2xmd2di	1	81821033-5739	16	1	0	4	2
s5740	8x2xmd2da	1	81821033-5740	16	1	0	4	3
s5741	8x2xmd2de	1	81821033-5741	16	1	0	4	4
s5742	8x2xmd2du	1	81821033-5742	16	1	0	4	5
s5743	8x2xm4	1	81821033-5743	16	1	0	5	0
s5744	8x2xm4db	1	81821033-5744	16	1	0	5	1
s5745	8x2xm4di	1	81821033-5745	16	1	0	5	2
s5746	8x2xm4da	1	81821033-5746	16	1	0	5	3
s5747	8x2xm4de	1	81821033-5747	16	1	0	5	4
s5748	8x2xm4du	1	81821033-5748	16	1	0	5	5
s5749	8x2xmd4	1	81821033-5749	16	1	0	6	0
s5750	8x2xmd4db	1	81821033-5750	16	1	0	6	1
s5751	8x2xmd4di	1	81821033-5751	16	1	0	6	2
s5752	8x2xmd4da	1	81821033-5752	16	1	0	6	3
s5753	8x2xmd4de	1	81821033-5753	16	1	0	6	4
s5754	8x2xmd4du	1	81821033-5754	16	1	0	6	5
s5755	8x2xm8	1	81821033-5755	16	1	0	7	0
s5756	8x2xm8db	1	81821033-5756	16	1	0	7	1
s5757	8x2xm8di	1	81821033-5757	16	1	0	7	2
s5758	8x2xm8da	1	81821033-5758	16	1	0	7	3
s5759	8x2xm8de	1	81821033-5759	16	1	0	7	4
s5760	8x2xm8du	1	81821033-5760	16	1	0	7	5
s5761	8x3a	1	81821033-5761	24	0	0	0	0
s5762	8x3adb	1	81821033-5762	24	0	0	0	1
s5763	8x3adi	1	81821033-5763	24	0	0	0	2
s5764	8x3ada	1	81821033-5764	24	0	0	0	3
s5765	8x3ade	0	81821033-5765	24	0	0	0	4
s5766	8x3adu	0	81821033-5766	24	0	0	0	5
s5767	8x3	1	81821033-5767	24	0	0	1	0
s5768	8x3db	1	81821033-5768	24	0	0	1	1
s5769	8x3di	1	81821033-5769	24	0	0	1	2
s5770	8x3da	1	81821033-5770	24	0	0	1	3
s5771	8x3de	0	81821033-5771	24	0	0	1	4
s5772	8x3du	0	81821033-5772	24	0	0	1	5
s5773	8x3r4	1	81821033-5773	24	0	0	2	0
s5774	8x3r4db	1	81821033-5774	24	0	0	2	1
s5775	8x3r4di	1	81821033-5775	24	0	0	2	2
s5776	8x3r4da	1	81821033-5776	24	0	0	2	3
s5777	8x3r4de	0	81821033-5777	24	0	0	2	4
s5778	8x3r4du	0	81821033-5778	24	0	0	2	5
s5779	8x3m2	1	81821033-5779	24	0	0	3	0
s5780	8x3m2db	1	81821033-5780	24	0	0	3	1
s5781	8x3m2di	1	81821033-5781	24	0	0	3	2
s5782	8x3m2da	1	81821033-5782	24	0	0	3	3
s5783	8x3m2de	0	81821033-5783	24	0	0	3	4
s5784	8x3m2du	0	81821033-5784	24	0	0	3	5
s5785	8x3md2	1	81821033-5785	24	0	0	4	0
s5786	8x3md2db	1	81821033-5786	24	0	0	4	1
s5787	8x3md2di	1	81821033-5787	24	0	0	4	2
s5788	8x3md2da	1	81821033-5788	24	0	0	4	3
s5789	8x3md2de	0	81821033-5789	24	0	0	4	4
s5790	8x3md2du	0	81821033-5790	24	0	0	4	5
s5791	8x3m4	1	81821033-5791	24	0	0	5	0
s5792	8x3m4db	1	81821033-5792	24	0	0	5	1
s5793	8x3m4di	1	81821033-5793	24	0	0	5	2
s5794	8x3m4da	1	81821033-5794	24	0	0	5	3
s5795	8x3m4de	0	81821033-5795	24	0	0	5	4
s5796	8x3m4du	0	81821033-5796	24	0	0	5	5
s5797	8x3md4	1	81821033-5797	24	0	0	6	0
s5798	8x3md4db	1	81821033-5798	24	0	0	6	1
s5799	8x3md4di	1	81821033-5799	24	0	0	6	2
s5800	8x3md4da	1	81821033-5800	24	0	0	6	3
s5801	8x3md4de	0	81821033-5801	24	0	0	6	4
s5802	8x3md4du	0	81821033-5802	24	0	0	6	5
s5803	8x3m8	1	81821033-5803	24	0	0	7	0
s5804	8x3m8db	1	81821033-5804	24	0	0	7	1
s5805	8x3m8di	1	81821033-5805	24	0	0	7	2
s5806	8x3m8da	1	81821033-5806	24	0	0	7	3
s5807	8x3m8de	0	81821033-5807	24	0	0	7	4
s5808	8x3m8du	0	81821033-5808	24	0	0	7	5
s5809	8x3xa	1	81821033-5809	24	1	0	0	0
s5810	8x3xadb	1	81821033-5810	24	1	0	0	1
s5811	8x3xadi	1	81821033-5811	24	1	0	0	2
s5812	8x3xada	1	81821033-5812	24	1	0	0	3
s5813	8x3xade	0	81821033-5813	24	1	0	0	4
s5814	8x3xadu	0	81821033-5814	24	1	0	0	5
s5815	8x3x	1	81821033-5815	24	1	0	1	0
s5816	8x3xdb	1	81821033-5816	24	1	0	1	1
s5817	8x3xdi	1	81821033-5817	24	1	0	1	2
s5818	8x3xda	1	81821033-5818	24	1	0	1	3
s5819	8x3xde	0	81821033-5819	24	1	0	1	4
s5820	8x3xdu	0	81821033-5820	24	1	0	1	5
s5821	8x3xr4	1	81821033-5821	24	1	0	2	0
s5822	8x3xr4db	1	81821033-5822	24	1	0	2	1
s5823	8x3xr4di	1	81821033-5823	24	1	0	2	2
s5824	8x3xr4da	1	81821033-5824	24	1	0	2	3
s5825	8x3xr4de	0	81821033-5825	24	1	0	2	4
s5826	8x3xr4du	0	81821033-5826	24	1	0	2	5
s5827	8x3xm2	1	81821033-5827	24	1	0	3	0
s5828	8x3xm2db	1	81821033-5828	24	1	0	3	1
s5829	8x3xm2di	1	81821033-5829	24	1	0	3	2
s5830	8x3xm2da	1	81821033-5830	24	1	0	3	3
s5831	8x3xm2de	0	81821033-5831	24	1	0	3	4
s5832	8x3xm2du	0	81821033-5832	24	1	0	3	5
s5833	8x3xmd2	1	81821033-5833	24	1	0	4	0
s5834	8x3xmd2db	1	81821033-5834	24	1	0	4	1
s5835	8x3xmd2di	1	81821033-5835	24	1	0	4	2
s5836	8x3xmd2da	1	81821033-5836	24	1	0	4	3
s5837	8x3xmd2de	0	81821033-5837	24	1	0	4	4
s5838	8x3xmd2du	0	81821033-5838	24	1	0	4	5
s5839	8x3xm4	1	81821033-5839	24	1	0	5	0
s5840	8x3xm4db	1	81821033-5840	24	1	0	5	1
s5841	8x3xm4di	1	81821033-5841	24	1	0	5	2
s5842	8x3xm4da	1	81821033-5842	24	1	0	5	3
s5843	8x3xm4de	0	81821033-5843	24	1	0	5	4
s5844	8x3xm4du	0	81821033-5844	24	1	0	5	5
s5845	8x3xmd4	1	81821033-5845	24	1	0	6	0
s5846	8x3xmd4db	1	81821033-5846	24	1	0	6	1
s5847	8x3xmd4di	1	81821033-5847	24	1	0	6	2
s5848	8x3xmd4da	1	81821033-5848	24	1	0	6	3
s5849	8x3xmd4de	0	81821033-5849	24	1	0	6	4
s5850	8x3xmd4du	0	81821033-5850	24	1	0	6	5
s5851	8x3xm8	1	81821033-5851	24	1	0	7	0
s5852	8x3xm8db	1	81821033-5852	24	1	0	7	1
s5853	8x3xm8di	1	81821033-5853	24	1	0	7	2
s5854	8x3xm8da	1	81821033-5854	24	1	0	7	3
s5855	8x3xm8de	0	81821033-5855	24	1	0	7	4
s5856	8x3xm8du	0	81821033-5856	24	1	0	7	5
s5857	9ja	1	81821033-5857	9	0	0	0	0
s5858	9jadb	1	81821033-5858	9	0	0	0	1
s5859	9jadi	1	81821033-5859	9	0	0	0	2
s5860	9jada	1	81821033-5860	9	0	0	0	3
s5861	9jade	1	81821033-5861	9	0	0	0	4
s5862	9jadu	1	81821033-5862	9	0	0	0	5
s5863	9j	1	81821033-5863	9	0	0	1	0
s5864	9jdb	1	81821033-5864	9	0	0	1	1
s5865	9jdi	1	81821033-5865	9	0	0	1	2
s5866	9jda	1	81821033-5866	9	0	0	1	3
s5867	9jde	1	81821033-5867	9	0	0	1	4
s5868	9jdu	1	81821033-5868	9	0	0	1	5
s5869	9jr4	1	81821033-5869	9	0	0	2	0
s5870	9jr4db	1	81821033-5870	9	0	0	2	1
s5871	9jr4di	1	81821033-5871	9	0	0	2	2
s5872	9jr4da	1	81821033-5872	9	0	0	2	3
s5873	9jr4de	1	81821033-5873	9	0	0	2	4
s5874	9jr4du	1	81821033-5874	9	0	0	2	5
s5875	9jm2	1	81821033-5875	9	0	0	3	0
s5876	9jm2db	1	81821033-5876	9	0	0	3	1
s5877	9jm2di	1	81821033-5877	9	0	0	3	2
s5878	9jm2da	1	81821033-5878	9	0	0	3	3
s5879	9jm2de	1	81821033-5879	9	0	0	3	4
s5880	9jm2du	1	81821033-5880	9	0	0	3	5
s5881	9jmd2	1	81821033-5881	9	0	0	4	0
s5882	9jmd2db	1	81821033-5882	9	0	0	4	1
s5883	9jmd2di	1	81821033-5883	9	0	0	4	2
s5884	9jmd2da	1	81821033-5884	9	0	0	4	3
s5885	9jmd2de	1	81821033-5885	9	0	0	4	4
s5886	9jmd2du	1	81821033-5886	9	0	0	4	5
s5887	9jm4	1	81821033-5887	9	0	0	5	0
s5888	9jm4db	1	81821033-5888	9	0	0	5	1
s5889	9jm4di	1	81821033-5889	9	0	0	5	2
s5890	9jm4da	1	81821033-5890	9	0	0	5	3
s5891	9jm4de	1	81821033-5891	9	0	0	5	4
s5892	9jm4du	1	81821033-5892	9	0	0	5	5
s5893	9jmd4	1	81821033-5893	9	0	0	6	0
s5894	9jmd4db	1	81821033-5894	9	0	0	6	1
s5895	9jmd4di	1	81821033-5895	9	0	0	6	2
s5896	9jmd4da	1	81821033-5896	9	0	0	6	3
s5897	9jmd4de	1	81821033-5897	9	0	0	6	4
s5898	9jmd4du	1	81821033-5898	9	0	0	6	5
s5899	9jm8	1	81821033-5899	9	0	0	7	0
s5900	9jm8db	1	81821033-5900	9	0	0	7	1
s5901	9jm8di	1	81821033-5901	9	0	0	7	2
s5902	9jm8da	1	81821033-5902	9	0	0	7	3
s5903	9jm8de	1	81821033-5903	9	0	0	7	4
s5904	9jm8du	1	81821033-5904	9	0	0	7	5
s5905	9jka	1	81821033-5905	9	0	1	0	0
s5906	9jkadb	1	81821033-5906	9	0	1	0	1
s5907	9jkadi	1	81821033-5907	9	0	1	0	2
s5908	9jkada	1	81821033-5908	9	0	1	0	3
s5909	9jkade	1	81821033-5909	9	0	1	0	4
s5910	9jkadu	1	81821033-5910	9	0	1	0	5
s5911	9jk	0	81821033-5911	9	0	1	1	0
s5912	9jkdb	0	81821033-5912	9	0	1	1	1
s5913	9jkdi	0	81821033-5913	9	0	1	1	2
s5914	9jkda	0	81821033-5914	9	0	1	1	3
s5915	9jkde	0	81821033-5915	9	0	1	1	4
s5916	9jkdu	0	81821033-5916	9	0	1	1	5
s5917	9jkr4	0	81821033-5917	9	0	1	2	0
s5918	9jkr4db	0	81821033-5918	9	0	1	2	1
s5919	9jkr4di	0	81821033-5919	9	0	1	2	2
s5920	9jkr4da	0	81821033-5920	9	0	1	2	3
s5921	9jkr4de	0	81821033-5921	9	0	1	2	4
s5922	9jkr4du	0	81821033-5922	9	0	1	2	5
s5923	9jkm2	0	81821033-5923	9	0	1	3	0
s5924	9jkm2db	0	81821033-5924	9	0	1	3	1
s5925	9jkm2di	0	81821033-5925	9	0	1	3	2
s5926	9jkm2da	0	81821033-5926	9	0	1	3	3
s5927	9jkm2de	0	81821033-5927	9	0	1	3	4
s5928	9jkm2du	0	81821033-5928	9	0	1	3	5
s5929	9jkmd2	0	81821033-5929	9	0	1	4	0
s5930	9jkmd2db	0	81821033-5930	9	0	1	4	1
s5931	9jkmd2di	0	81821033-5931	9	0	1	4	2
s5932	9jkmd2da	0	81821033-5932	9	0	1	4	3
s5933	9jkmd2de	0	81821033-5933	9	0	1	4	4
s5934	9jkmd2du	0	81821033-5934	9	0	1	4	5
s5935	9jkm4	0	81821033-5935	9	0	1	5	0
s5936	9jkm4db	0	81821033-5936	9	0	1	5	1
s5937	9jkm4di	0	81821033-5937	9	0	1	5	2
s5938	9jkm4da	0	81821033-5938	9	0	1	5	3
s5939	9jkm4de	0	81821033-5939	9	0	1	5	4
s5940	9jkm4du	0	81821033-5940	9	0	1	5	5
s5941	9jkmd4	0	81821033-5941	9	0	1	6	0
s5942	9jkmd4db	0	81821033-5942	9	0	1	6	1
s5943	9jkmd4di	0	81821033-5943	9	0	1	6	2
s5944	9jkmd4da	0	81821033-5944	9	0	1	6	3
s5945	9jkmd4de	0	81821033-5945	9	0	1	6	4
s5946	9jkmd4du	0	81821033-5946	9	0	1	6	5
s5947	9jkm8	0	81821033-5947	9	0	1	7	0
s5948	9jkm8db	0	81821033-5948	9	0	1	7	1
s5949	9jkm8di	0	81821033-5949	9	0	1	7	2
s5950	9jkm8da	0	81821033-5950	9	0	1	7	3
s5951	9jkm8de	0	81821033-5951	9	0	1	7	4
s5952	9jkm8du	0	81821033-5952	9	0	1	7	5
s5953	9jxa	1	81821033-5953	9	1	0	0	0
s5954	9jxadb	1	81821033-5954	9	1	0	0	1
s5955	9jxadi	1	81821033-5955	9	1	0	0	2
s5956	9jxada	1	81821033-5956	9	1	0	0	3
s5957	9jxade	1	81821033-5957	9	1	0	0	4
s5958	9jxadu	1	81821033-5958	9	1	0	0	5
s5959	9jx	1	81821033-5959	9	1	0	1	0
s5960	9jxdb	1	81821033-5960	9	1	0	1	1
s5961	9jxdi	1	81821033-5961	9	1	0	1	2
s5962	9jxda	1	81821033-5962	9	1	0	1	3
s5963	9jxde	1	81821033-5963	9	1	0	1	4
s5964	9jxdu	1	81821033-5964	9	1	0	1	5
s5965	9jxr4	1	81821033-5965	9	1	0	2	0
s5966	9jxr4db	1	81821033-5966	9	1	0	2	1
s5967	9jxr4di	1	81821033-5967	9	1	0	2	2
s5968	9jxr4da	1	81821033-5968	9	1	0	2	3
s5969	9jxr4de	1	81821033-5969	9	1	0	2	4
s5970	9jxr4du	1	81821033-5970	9	1	0	2	5
s5971	9jxm2	1	81821033-5971	9	1	0	3	0
s5972	9jxm2db	1	81821033-5972	9	1	0	3	1
s5973	9jxm2di	1	81821033-5973	9	1	0	3	2
s5974	9jxm2da	1	81821033-5974	9	1	0	3	3
s5975	9jxm2de	1	81821033-5975	9	1	0	3	4
s5976	9jxm2du	1	81821033-5976	9	1	0	3	5
s5977	9jxmd2	1	81821033-5977	9	1	0	4	0
s5978	9jxmd2db	1	81821033-5978	9	1	0	4	1
s5979	9jxmd2di	1	81821033-5979	9	1	0	4	2
s5980	9jxmd2da	1	81821033-5980	9	1	0	4	3
s5981	9jxmd2de	1	81821033-5981	9	1	0	4	4
s5982	9jxmd2du	1	81821033-5982	9	1	0	4	5
s5983	9jxm4	1	81821033-5983	9	1	0	5	0
s5984	9jxm4db	1	81821033-5984	9	1	0	5	1
s5985	9jxm4di	1	81821033-5985	9	1	0	5	2
s5986	9jxm4da	1	81821033-5986	9	1	0	5	3
s5987	9jxm4de	1	81821033-5987	9	1	0	5	4
s5988	9jxm4du	1	81821033-5988	9	1	0	5	5
s5989	9jxmd4	1	81821033-5989	9	1	0	6	0
s5990	9jxmd4db	1	81821033-5990	9	1	0	6	1
s5991	9jxmd4di	1	81821033-5991	9	1	0	6	2
s5992	9jxmd4da	1	81821033-5992	9	1	0	6	3
s5993	9jxmd4de	1	81821033-5993	9	1	0	6	4
s5994	9jxmd4du	1	81821033-5994	9	1	0	6	5
s5995	9jxm8	1	81821033-5995	9	1	0	7	0
s5996	9jxm8db	1	81821033-5996	9	1	0	7	1
s5997	9jxm8di	1	81821033-5997	9	1	0	7	2
s5998	9jxm8da	1	81821033-5998	9	1	0	7	3
s5999	9jxm8de	1	81821033-5999	9	1	0	7	4
s6000	9jxm8du	1	81821033-6000	9	1	0	7	5
s6001	9jxka	1	81821033-6001	9	1	1	0	0
s6002	9jxkadb	1	81821033-6002	9	1	1	0	1
s6003	9jxkadi	1	81821033-6003	9	1	1	0	2
s6004	9jxkada	1	81821033-6004	9	1	1	0	3
s6005	9jxkade	1	81821033-6005	9	1	1	0	4
s6006	9jxkadu	1	81821033-6006	9	1	1	0	5
s6007	9jxk	0	81821033-6007	9	1	1	1	0
s6008	9jxkdb	0	81821033-6008	9	1	1	1	1
s6009	9jxkdi	0	81821033-6009	9	1	1	1	2
s6010	9jxkda	0	81821033-6010	9	1	1	1	3
s6011	9jxkde	0	81821033-6011	9	1	1	1	4
s6012	9jxkdu	0	81821033-6012	9	1	1	1	5
s6013	9jxkr4	0	81821033-6013	9	1	1	2	0
s6014	9jxkr4db	0	81821033-6014	9	1	1	2	1
s6015	9jxkr4di	0	81821033-6015	9	1	1	2	2
s6016	9jxkr4da	0	81821033-6016	9	1	1	2	3
s6017	9jxkr4de	0	81821033-6017	9	1	1	2	4
s6018	9jxkr4du	0	81821033-6018	9	1	1	2	5
s6019	9jxkm2	0	81821033-6019	9	1	1	3	0
s6020	9jxkm2db	0	81821033-6020	9	1	1	3	1
s6021	9jxkm2di	0	81821033-6021	9	1	1	3	2
s6022	9jxkm2da	0	81821033-6022	9	1	1	3	3
s6023	9jxkm2de	0	81821033-6023	9	1	1	3	4
s6024	9jxkm2du	0	81821033-6024	9	1	1	3	5
s6025	9jxkmd2	0	81821033-6025	9	1	1	4	0
s6026	9jxkmd2db	0	81821033-6026	9	1	1	4	1
s6027	9jxkmd2di	0	81821033-6027	9	1	1	4	2
s6028	9jxkmd2da	0	81821033-6028	9	1	1	4	3
s6029	9jxkmd2de	0	81821033-6029	9	1	1	4	4
s6030	9jxkmd2du	0	81821033-6030	9	1	1	4	5
s6031	9jxkm4	0	81821033-6031	9	1	1	5	0
s6032	9jxkm4db	0	81821033-6032	9	1	1	5	1
s6033	9jxkm4di	0	81821033-6033	9	1	1	5	2
s6034	9jxkm4da	0	81821033-6034	9	1	1	5	3
s6035	9jxkm4de	0	81821033-6035	9	1	1	5	4
s6036	9jxkm4du	0	81821033-6036	9	1	1	5	5
s6037	9jxkmd4	0	81821033-6037	9	1	1	6	0
s6038	9jxkmd4db	0	81821033-6038	9	1	1	6	1
s6039	9jxkmd4di	0	81821033-6039	9	1	1	6	2
s6040	9jxkmd4da	0	81821033-6040	9	1	1	6	3
s6041	9jxkmd4de	0	81821033-6041	9	1	1	6	4
s6042	9jxkmd4du	0	81821033-6042	9	1	1	6	5
s6043	9jxkm8	0	81821033-6043	9	1	1	7	0
s6044	9jxkm8db	0	81821033-6044	9	1	1	7	1
s6045	9jxkm8di	0	81821033-6045	9	1	1	7	2
s6046	9jxkm8da	0	81821033-6046	9	1	1	7	3
s6047	9jxkm8de	0	81821033-6047	9	1	1	7	4
s6048	9jxkm8du	0	81821033-6048	9	1	1	7	5
s6049	9x2a	1	81821033-6049	18	0	0	0	0
s6050	9x2adb	1	81821033-6050	18	0	0	0	1
s6051	9x2adi	1	81821033-6051	18	0	0	0	2
s6052	9x2ada	1	81821033-6052	18	0	0	0	3
s6053	9x2ade	0	81821033-6053	18	0	0	0	4
s6054	9x2adu	0	81821033-6054	18	0	0	0	5
s6055	9x2	1	81821033-6055	18	0	0	1	0
s6056	9x2db	1	81821033-6056	18	0	0	1	1
s6057	9x2di	1	81821033-6057	18	0	0	1	2
s6058	9x2da	1	81821033-6058	18	0	0	1	3
s6059	9x2de	0	81821033-6059	18	0	0	1	4
s6060	9x2du	0	81821033-6060	18	0	0	1	5
s6061	9x2r4	1	81821033-6061	18	0	0	2	0
s6062	9x2r4db	1	81821033-6062	18	0	0	2	1
s6063	9x2r4di	1	81821033-6063	18	0	0	2	2
s6064	9x2r4da	1	81821033-6064	18	0	0	2	3
s6065	9x2r4de	0	81821033-6065	18	0	0	2	4
s6066	9x2r4du	0	81821033-6066	18	0	0	2	5
s6067	9x2m2	1	81821033-6067	18	0	0	3	0
s6068	9x2m2db	1	81821033-6068	18	0	0	3	1
s6069	9x2m2di	1	81821033-6069	18	0	0	3	2
s6070	9x2m2da	1	81821033-6070	18	0	0	3	3
s6071	9x2m2de	0	81821033-6071	18	0	0	3	4
s6072	9x2m2du	0	81821033-6072	18	0	0	3	5
s6073	9x2md2	1	81821033-6073	18	0	0	4	0
s6074	9x2md2db	1	81821033-6074	18	0	0	4	1
s6075	9x2md2di	1	81821033-6075	18	0	0	4	2
s6076	9x2md2da	1	81821033-6076	18	0	0	4	3
s6077	9x2md2de	0	81821033-6077	18	0	0	4	4
s6078	9x2md2du	0	81821033-6078	18	0	0	4	5
s6079	9x2m4	1	81821033-6079	18	0	0	5	0
s6080	9x2m4db	1	81821033-6080	18	0	0	5	1
s6081	9x2m4di	1	81821033-6081	18	0	0	5	2
s6082	9x2m4da	1	81821033-6082	18	0	0	5	3
s6083	9x2m4de	0	81821033-6083	18	0	0	5	4
s6084	9x2m4du	0	81821033-6084	18	0	0	5	5
s6085	9x2md4	1	81821033-6085	18	0	0	6	0
s6086	9x2md4db	1	81821033-6086	18	0	0	6	1
s6087	9x2md4di	1	81821033-6087	18	0	0	6	2
s6088	9x2md4da	1	81821033-6088	18	0	0	6	3
s6089	9x2md4de	0	81821033-6089	18	0	0	6	4
s6090	9x2md4du	0	81821033-6090	18	0	0	6	5
s6091	9x2m8	1	81821033-6091	18	0	0	7	0
s6092	9x2m8db	1	81821033-6092	18	0	0	7	1
s6093	9x2m8di	1	81821033-6093	18	0	0	7	2
s6094	9x2m8da	1	81821033-6094	18	0	0	7	3
s6095	9x2m8de	0	81821033-6095	18	0	0	7	4
s6096	9x2m8du	0	81821033-6096	18	0	0	7	5
s6097	9x2xa	1	81821033-6097	18	1	0	0	0
s6098	9x2xadb	1	81821033-6098	18	1	0	0	1
s6099	9x2xadi	1	81821033-6099	18	1	0	0	2
s6100	9x2xada	1	81821033-6100	18	1	0	0	3
s6101	9x2xade	0	81821033-6101	18	1	0	0	4
s6102	9x2xadu	0	81821033-6102	18	1	0	0	5
s6103	9x2x	1	81821033-6103	18	1	0	1	0
s6104	9x2xdb	1	81821033-6104	18	1	0	1	1
s6105	9x2xdi	1	81821033-6105	18	1	0	1	2
s6106	9x2xda	1	81821033-6106	18	1	0	1	3
s6107	9x2xde	0	81821033-6107	18	1	0	1	4
s6108	9x2xdu	0	81821033-6108	18	1	0	1	5
s6109	9x2xr4	1	81821033-6109	18	1	0	2	0
s6110	9x2xr4db	1	81821033-6110	18	1	0	2	1
s6111	9x2xr4di	1	81821033-6111	18	1	0	2	2
s6112	9x2xr4da	1	81821033-6112	18	1	0	2	3
s6113	9x2xr4de	0	81821033-6113	18	1	0	2	4
s6114	9x2xr4du	0	81821033-6114	18	1	0	2	5
s6115	9x2xm2	1	81821033-6115	18	1	0	3	0
s6116	9x2xm2db	1	81821033-6116	18	1	0	3	1
s6117	9x2xm2di	1	81821033-6117	18	1	0	3	2
s6118	9x2xm2da	1	81821033-6118	18	1	0	3	3
s6119	9x2xm2de	0	81821033-6119	18	1	0	3	4
s6120	9x2xm2du	0	81821033-6120	18	1	0	3	5
s6121	9x2xmd2	1	81821033-6121	18	1	0	4	0
s6122	9x2xmd2db	1	81821033-6122	18	1	0	4	1
s6123	9x2xmd2di	1	81821033-6123	18	1	0	4	2
s6124	9x2xmd2da	1	81821033-6124	18	1	0	4	3
s6125	9x2xmd2de	0	81821033-6125	18	1	0	4	4
s6126	9x2xmd2du	0	81821033-6126	18	1	0	4	5
s6127	9x2xm4	1	81821033-6127	18	1	0	5	0
s6128	9x2xm4db	1	81821033-6128	18	1	0	5	1
s6129	9x2xm4di	1	81821033-6129	18	1	0	5	2
s6130	9x2xm4da	1	81821033-6130	18	1	0	5	3
s6131	9x2xm4de	0	81821033-6131	18	1	0	5	4
s6132	9x2xm4du	0	81821033-6132	18	1	0	5	5
s6133	9x2xmd4	1	81821033-6133	18	1	0	6	0
s6134	9x2xmd4db	1	81821033-6134	18	1	0	6	1
s6135	9x2xmd4di	1	81821033-6135	18	1	0	6	2
s6136	9x2xmd4da	1	81821033-6136	18	1	0	6	3
s6137	9x2xmd4de	0	81821033-6137	18	1	0	6	4
s6138	9x2xmd4du	0	81821033-6138	18	1	0	6	5
s6139	9x2xm8	1	81821033-6139	18	1	0	7	0
s6140	9x2xm8db	1	81821033-6140	18	1	0	7	1
s6141	9x2xm8di	1	81821033-6141	18	1	0	7	2
s6142	9x2xm8da	1	81821033-6142	18	1	0	7	3
s6143	9x2xm8de	0	81821033-6143	18	1	0	7	4
s6144	9x2xm8du	0	81821033-6144	18	1	0	7	5
s6145	9x3a	1	81821033-6145	27	0	0	0	0
s6146	9x3adb	1	81821033-6146	27	0	0	0	1
s6147	9x3adi	0	81821033-6147	27	0	0	0	2
s6148	9x3ada	0	81821033-6148	27	0	0	0	3
s6149	9x3ade	0	81821033-6149	27	0	0	0	4
s6150	9x3adu	0	81821033-6150	27	0	0	0	5
s6151	9x3	1	81821033-6151	27	0	0	1	0
s6152	9x3db	1	81821033-6152	27	0	0	1	1
s6153	9x3di	0	81821033-6153	27	0	0	1	2
s6154	9x3da	0	81821033-6154	27	0	0	1	3
s6155	9x3de	0	81821033-6155	27	0	0	1	4
s6156	9x3du	0	81821033-6156	27	0	0	1	5
s6157	9x3r4	1	81821033-6157	27	0	0	2	0
s6158	9x3r4db	1	81821033-6158	27	0	0	2	1
s6159	9x3r4di	0	81821033-6159	27	0	0	2	2
s6160	9x3r4da	0	81821033-6160	27	0	0	2	3
s6161	9x3r4de	0	81821033-6161	27	0	0	2	4
s6162	9x3r4du	0	81821033-6162	27	0	0	2	5
s6163	9x3m2	1	81821033-6163	27	0	0	3	0
s6164	9x3m2db	1	81821033-6164	27	0	0	3	1
s6165	9x3m2di	0	81821033-6165	27	0	0	3	2
s6166	9x3m2da	0	81821033-6166	27	0	0	3	3
s6167	9x3m2de	0	81821033-6167	27	0	0	3	4
s6168	9x3m2du	0	81821033-6168	27	0	0	3	5
s6169	9x3md2	1	81821033-6169	27	0	0	4	0
s6170	9x3md2db	1	81821033-6170	27	0	0	4	1
s6171	9x3md2di	0	81821033-6171	27	0	0	4	2
s6172	9x3md2da	0	81821033-6172	27	0	0	4	3
s6173	9x3md2de	0	81821033-6173	27	0	0	4	4
s6174	9x3md2du	0	81821033-6174	27	0	0	4	5
s6175	9x3m4	1	81821033-6175	27	0	0	5	0
s6176	9x3m4db	1	81821033-6176	27	0	0	5	1
s6177	9x3m4di	0	81821033-6177	27	0	0	5	2
s6178	9x3m4da	0	81821033-6178	27	0	0	5	3
s6179	9x3m4de	0	81821033-6179	27	0	0	5	4
s6180	9x3m4du	0	81821033-6180	27	0	0	5	5
s6181	9x3md4	1	81821033-6181	27	0	0	6	0
s6182	9x3md4db	1	81821033-6182	27	0	0	6	1
s6183	9x3md4di	0	81821033-6183	27	0	0	6	2
s6184	9x3md4da	0	81821033-6184	27	0	0	6	3
s6185	9x3md4de	0	81821033-6185	27	0	0	6	4
s6186	9x3md4du	0	81821033-6186	27	0	0	6	5
s6187	9x3m8	1	81821033-6187	27	0	0	7	0
s6188	9x3m8db	1	81821033-6188	27	0	0	7	1
s6189	9x3m8di	0	81821033-6189	27	0	0	7	2
s6190	9x3m8da	0	81821033-6190	27	0	0	7	3
s6191	9x3m8de	0	81821033-6191	27	0	0	7	4
s6192	9x3m8du	0	81821033-6192	27	0	0	7	5
s6193	9x3xa	1	81821033-6193	27	1	0	0	0
s6194	9x3xadb	1	81821033-6194	27	1	0	0	1
s6195	9x3xadi	0	81821033-6195	27	1	0	0	2
s6196	9x3xada	0	81821033-6196	27	1	0	0	3
s6197	9x3xade	0	81821033-6197	27	1	0	0	4
s6198	9x3xadu	0	81821033-6198	27	1	0	0	5
s6199	9x3x	1	81821033-6199	27	1	0	1	0
s6200	9x3xdb	1	81821033-6200	27	1	0	1	1
s6201	9x3xdi	0	81821033-6201	27	1	0	1	2
s6202	9x3xda	0	81821033-6202	27	1	0	1	3
s6203	9x3xde	0	81821033-6203	27	1	0	1	4
s6204	9x3xdu	0	81821033-6204	27	1	0	1	5
s6205	9x3xr4	1	81821033-6205	27	1	0	2	0
s6206	9x3xr4db	1	81821033-6206	27	1	0	2	1
s6207	9x3xr4di	0	81821033-6207	27	1	0	2	2
s6208	9x3xr4da	0	81821033-6208	27	1	0	2	3
s6209	9x3xr4de	0	81821033-6209	27	1	0	2	4
s6210	9x3xr4du	0	81821033-6210	27	1	0	2	5
s6211	9x3xm2	1	81821033-6211	27	1	0	3	0
s6212	9x3xm2db	1	81821033-6212	27	1	0	3	1
s6213	9x3xm2di	0	81821033-6213	27	1	0	3	2
s6214	9x3xm2da	0	81821033-6214	27	1	0	3	3
s6215	9x3xm2de	0	81821033-6215	27	1	0	3	4
s6216	9x3xm2du	0	81821033-6216	27	1	0	3	5
s6217	9x3xmd2	1	81821033-6217	27	1	0	4	0
s6218	9x3xmd2db	1	81821033-6218	27	1	0	4	1
s6219	9x3xmd2di	0	81821033-6219	27	1	0	4	2
s6220	9x3xmd2da	0	81821033-6220	27	1	0	4	3
s6221	9x3xmd2de	0	81821033-6221	27	1	0	4	4
s6222	9x3xmd2du	0	81821033-6222	27	1	0	4	5
s6223	9x3xm4	1	81821033-6223	27	1	0	5	0
s6224	9x3xm4db	1	81821033-6224	27	1	0	5	1
s6225	9x3xm4di	0	81821033-6225	27	1	0	5	2
s6226	9x3xm4da	0	81821033-6226	27	1	0	5	3
s6227	9x3xm4de	0	81821033-6227	27	1	0	5	4
s6228	9x3xm4du	0	81821033-6228	27	1	0	5	5
s6229	9x3xmd4	1	81821033-6229	27	1	0	6	0
s6230	9x3xmd4db	1	81821033-6230	27	1	0	6	1
s6231	9x3xmd4di	0	81821033-6231	27	1	0	6	2
s6232	9x3xmd4da	0	81821033-6232	27	1	0	6	3
s6233	9x3xmd4de	0	81821033-6233	27	1	0	6	4
s6234	9x3xmd4du	0	81821033-6234	27	1	0	6	5
s6235	9x3xm8	1	81821033-6235	27	1	0	7	0
s6236	9x3xm8db	1	81821033-6236	27	1	0	7	1
s6237	9x3xm8di	0	81821033-6237	27	1	0	7	2
s6238	9x3xm8da	0	81821033-6238	27	1	0	7	3
s6239	9x3xm8de	0	81821033-6239	27	1	0	7	4
s6240	9x3xm8du	0	81821033-6240	27	1	0	7	5
s6241	10ja	1	81821033-6241	10	0	0	0	0
s6242	10jadb	1	81821033-6242	10	0	0	0	1
s6243	10jadi	1	81821033-6243	10	0	0	0	2
s6244	10jada	1	81821033-6244	10	0	0	0	3
s6245	10jade	1	81821033-6245	10	0	0	0	4
s6246	10jadu	1	81821033-6246	10	0	0	0	5
s6247	10j	1	81821033-6247	10	0	0	1	0
s6248	10jdb	1	81821033-6248	10	0	0	1	1
s6249	10jdi	1	81821033-6249	10	0	0	1	2
s6250	10jda	1	81821033-6250	10	0	0	1	3
s6251	10jde	1	81821033-6251	10	0	0	1	4
s6252	10jdu	1	81821033-6252	10	0	0	1	5
s6253	10jr4	1	81821033-6253	10	0	0	2	0
s6254	10jr4db	1	81821033-6254	10	0	0	2	1
s6255	10jr4di	1	81821033-6255	10	0	0	2	2
s6256	10jr4da	1	81821033-6256	10	0	0	2	3
s6257	10jr4de	1	81821033-6257	10	0	0	2	4
s6258	10jr4du	1	81821033-6258	10	0	0	2	5
s6259	10jm2	1	81821033-6259	10	0	0	3	0
s6260	10jm2db	1	81821033-6260	10	0	0	3	1
s6261	10jm2di	1	81821033-6261	10	0	0	3	2
s6262	10jm2da	1	81821033-6262	10	0	0	3	3
s6263	10jm2de	1	81821033-6263	10	0	0	3	4
s6264	10jm2du	1	81821033-6264	10	0	0	3	5
s6265	10jmd2	1	81821033-6265	10	0	0	4	0
s6266	10jmd2db	1	81821033-6266	10	0	0	4	1
s6267	10jmd2di	1	81821033-6267	10	0	0	4	2
s6268	10jmd2da	1	81821033-6268	10	0	0	4	3
s6269	10jmd2de	1	81821033-6269	10	0	0	4	4
s6270	10jmd2du	1	81821033-6270	10	0	0	4	5
s6271	10jm4	1	81821033-6271	10	0	0	5	0
s6272	10jm4db	1	81821033-6272	10	0	0	5	1
s6273	10jm4di	1	81821033-6273	10	0	0	5	2
s6274	10jm4da	1	81821033-6274	10	0	0	5	3
s6275	10jm4de	1	81821033-6275	10	0	0	5	4
s6276	10jm4du	1	81821033-6276	10	0	0	5	5
s6277	10jmd4	1	81821033-6277	10	0	0	6	0
s6278	10jmd4db	1	81821033-6278	10	0	0	6	1
s6279	10jmd4di	1	81821033-6279	10	0	0	6	2
s6280	10jmd4da	1	81821033-6280	10	0	0	6	3
s6281	10jmd4de	1	81821033-6281	10	0	0	6	4
s6282	10jmd4du	1	81821033-6282	10	0	0	6	5
s6283	10jm8	1	81821033-6283	10	0	0	7	0
s6284	10jm8db	1	81821033-6284	10	0	0	7	1
s6285	10jm8di	1	81821033-6285	10	0	0	7	2
s6286	10jm8da	1	81821033-6286	10	0	0	7	3
s6287	10jm8de	1	81821033-6287	10	0	0	7	4
s6288	10jm8du	1	81821033-6288	10	0	0	7	5
s6289	10jxa	1	81821033-6289	10	1	0	0	0
s6290	10jxadb	1	81821033-6290	10	1	0	0	1
s6291	10jxadi	1	81821033-6291	10	1	0	0	2
s6292	10jxada	1	81821033-6292	10	1	0	0	3
s6293	10jxade	1	81821033-6293	10	1	0	0	4
s6294	10jxadu	1	81821033-6294	10	1	0	0	5
s6295	10jx	1	81821033-6295	10	1	0	1	0
s6296	10jxdb	1	81821033-6296	10	1	0	1	1
s6297	10jxdi	1	81821033-6297	10	1	0	1	2
s6298	10jxda	1	81821033-6298	10	1	0	1	3
s6299	10jxde	1	81821033-6299	10	1	0	1	4
s6300	10jxdu	1	81821033-6300	10	1	0	1	5
s6301	10jxr4	1	81821033-6301	10	1	0	2	0
s6302	10jxr4db	1	81821033-6302	10	1	0	2	1
s6303	10jxr4di	1	81821033-6303	10	1	0	2	2
s6304	10jxr4da	1	81821033-6304	10	1	0	2	3
s6305	10jxr4de	1	81821033-6305	10	1	0	2	4
s6306	10jxr4du	1	81821033-6306	10	1	0	2	5
s6307	10jxm2	1	81821033-6307	10	1	0	3	0
s6308	10jxm2db	1	81821033-6308	10	1	0	3	1
s6309	10jxm2di	1	81821033-6309	10	1	0	3	2
s6310	10jxm2da	1	81821033-6310	10	1	0	3	3
s6311	10jxm2de	1	81821033-6311	10	1	0	3	4
s6312	10jxm2du	1	81821033-6312	10	1	0	3	5
s6313	10jxmd2	1	81821033-6313	10	1	0	4	0
s6314	10jxmd2db	1	81821033-6314	10	1	0	4	1
s6315	10jxmd2di	1	81821033-6315	10	1	0	4	2
s6316	10jxmd2da	1	81821033-6316	10	1	0	4	3
s6317	10jxmd2de	1	81821033-6317	10	1	0	4	4
s6318	10jxmd2du	1	81821033-6318	10	1	0	4	5
s6319	10jxm4	1	81821033-6319	10	1	0	5	0
s6320	10jxm4db	1	81821033-6320	10	1	0	5	1
s6321	10jxm4di	1	81821033-6321	10	1	0	5	2
s6322	10jxm4da	1	81821033-6322	10	1	0	5	3
s6323	10jxm4de	1	81821033-6323	10	1	0	5	4
s6324	10jxm4du	1	81821033-6324	10	1	0	5	5
s6325	10jxmd4	1	81821033-6325	10	1	0	6	0
s6326	10jxmd4db	1	81821033-6326	10	1	0	6	1
s6327	10jxmd4di	1	81821033-6327	10	1	0	6	2
s6328	10jxmd4da	1	81821033-6328	10	1	0	6	3
s6329	10jxmd4de	1	81821033-6329	10	1	0	6	4
s6330	10jxmd4du	1	81821033-6330	10	1	0	6	5
s6331	10jxm8	1	81821033-6331	10	1	0	7	0
s6332	10jxm8db	1	81821033-6332	10	1	0	7	1
s6333	10jxm8di	1	81821033-6333	10	1	0	7	2
s6334	10jxm8da	1	81821033-6334	10	1	0	7	3
s6335	10jxm8de	1	81821033-6335	10	1	0	7	4
s6336	10jxm8du	1	81821033-6336	10	1	0	7	5
s6337	10x2a	1	81821033-6337	20	0	0	0	0
s6338	10x2adb	1	81821033-6338	20	0	0	0	1
s6339	10x2adi	1	81821033-6339	20	0	0	0	2
s6340	10x2ada	1	81821033-6340	20	0	0	0	3
s6341	10x2ade	0	81821033-6341	20	0	0	0	4
s6342	10x2adu	0	81821033-6342	20	0	0	0	5
s6343	10x2	1	81821033-6343	20	0	0	1	0
s6344	10x2db	1	81821033-6344	20	0	0	1	1
s6345	10x2di	1	81821033-6345	20	0	0	1	2
s6346	10x2da	1	81821033-6346	20	0	0	1	3
s6347	10x2de	0	81821033-6347	20	0	0	1	4
s6348	10x2du	0	81821033-6348	20	0	0	1	5
s6349	10x2r4	1	81821033-6349	20	0	0	2	0
s6350	10x2r4db	1	81821033-6350	20	0	0	2	1
s6351	10x2r4di	1	81821033-6351	20	0	0	2	2
s6352	10x2r4da	1	81821033-6352	20	0	0	2	3
s6353	10x2r4de	0	81821033-6353	20	0	0	2	4
s6354	10x2r4du	0	81821033-6354	20	0	0	2	5
s6355	10x2m2	1	81821033-6355	20	0	0	3	0
s6356	10x2m2db	1	81821033-6356	20	0	0	3	1
s6357	10x2m2di	1	81821033-6357	20	0	0	3	2
s6358	10x2m2da	1	81821033-6358	20	0	0	3	3
s6359	10x2m2de	0	81821033-6359	20	0	0	3	4
s6360	10x2m2du	0	81821033-6360	20	0	0	3	5
s6361	10x2md2	1	81821033-6361	20	0	0	4	0
s6362	10x2md2db	1	81821033-6362	20	0	0	4	1
s6363	10x2md2di	1	81821033-6363	20	0	0	4	2
s6364	10x2md2da	1	81821033-6364	20	0	0	4	3
s6365	10x2md2de	0	81821033-6365	20	0	0	4	4
s6366	10x2md2du	0	81821033-6366	20	0	0	4	5
s6367	10x2m4	1	81821033-6367	20	0	0	5	0
s6368	10x2m4db	1	81821033-6368	20	0	0	5	1
s6369	10x2m4di	1	81821033-6369	20	0	0	5	2
s6370	10x2m4da	1	81821033-6370	20	0	0	5	3
s6371	10x2m4de	0	81821033-6371	20	0	0	5	4
s6372	10x2m4du	0	81821033-6372	20	0	0	5	5
s6373	10x2md4	1	81821033-6373	20	0	0	6	0
s6374	10x2md4db	1	81821033-6374	20	0	0	6	1
s6375	10x2md4di	1	81821033-6375	20	0	0	6	2
s6376	10x2md4da	1	81821033-6376	20	0	0	6	3
s6377	10x2md4de	0	81821033-6377	20	0	0	6	4
s6378	10x2md4du	0	81821033-6378	20	0	0	6	5
s6379	10x2m8	1	81821033-6379	20	0	0	7	0
s6380	10x2m8db	1	81821033-6380	20	0	0	7	1
s6381	10x2m8di	1	81821033-6381	20	0	0	7	2
s6382	10x2m8da	1	81821033-6382	20	0	0	7	3
s6383	10x2m8de	0	81821033-6383	20	0	0	7	4
s6384	10x2m8du	0	81821033-6384	20	0	0	7	5
s6385	10x2xa	1	81821033-6385	20	1	0	0	0
s6386	10x2xadb	1	81821033-6386	20	1	0	0	1
s6387	10x2xadi	1	81821033-6387	20	1	0	0	2
s6388	10x2xada	1	81821033-6388	20	1	0	0	3
s6389	10x2xade	0	81821033-6389	20	1	0	0	4
s6390	10x2xadu	0	81821033-6390	20	1	0	0	5
s6391	10x2x	1	81821033-6391	20	1	0	1	0
s6392	10x2xdb	1	81821033-6392	20	1	0	1	1
s6393	10x2xdi	1	81821033-6393	20	1	0	1	2
s6394	10x2xda	1	81821033-6394	20	1	0	1	3
s6395	10x2xde	0	81821033-6395	20	1	0	1	4
s6396	10x2xdu	0	81821033-6396	20	1	0	1	5
s6397	10x2xr4	1	81821033-6397	20	1	0	2	0
s6398	10x2xr4db	1	81821033-6398	20	1	0	2	1
s6399	10x2xr4di	1	81821033-6399	20	1	0	2	2
s6400	10x2xr4da	1	81821033-6400	20	1	0	2	3
s6401	10x2xr4de	0	81821033-6401	20	1	0	2	4
s6402	10x2xr4du	0	81821033-6402	20	1	0	2	5
s6403	10x2xm2	1	81821033-6403	20	1	0	3	0
s6404	10x2xm2db	1	81821033-6404	20	1	0	3	1
s6405	10x2xm2di	1	81821033-6405	20	1	0	3	2
s6406	10x2xm2da	1	81821033-6406	20	1	0	3	3
s6407	10x2xm2de	0	81821033-6407	20	1	0	3	4
s6408	10x2xm2du	0	81821033-6408	20	1	0	3	5
s6409	10x2xmd2	1	81821033-6409	20	1	0	4	0
s6410	10x2xmd2db	1	81821033-6410	20	1	0	4	1
s6411	10x2xmd2di	1	81821033-6411	20	1	0	4	2
s6412	10x2xmd2da	1	81821033-6412	20	1	0	4	3
s6413	10x2xmd2de	0	81821033-6413	20	1	0	4	4
s6414	10x2xmd2du	0	81821033-6414	20	1	0	4	5
s6415	10x2xm4	1	81821033-6415	20	1	0	5	0
s6416	10x2xm4db	1	81821033-6416	20	1	0	5	1
s6417	10x2xm4di	1	81821033-6417	20	1	0	5	2
s6418	10x2xm4da	1	81821033-6418	20	1	0	5	3
s6419	10x2xm4de	0	81821033-6419	20	1	0	5	4
s6420	10x2xm4du	0	81821033-6420	20	1	0	5	5
s6421	10x2xmd4	1	81821033-6421	20	1	0	6	0
s6422	10x2xmd4db	1	81821033-6422	20	1	0	6	1
s6423	10x2xmd4di	1	81821033-6423	20	1	0	6	2
s6424	10x2xmd4da	1	81821033-6424	20	1	0	6	3
s6425	10x2xmd4de	0	81821033-6425	20	1	0	6	4
s6426	10x2xmd4du	0	81821033-6426	20	1	0	6	5
s6427	10x2xm8	1	81821033-6427	20	1	0	7	0
s6428	10x2xm8db	1	81821033-6428	20	1	0	7	1
s6429	10x2xm8di	1	81821033-6429	20	1	0	7	2
s6430	10x2xm8da	1	81821033-6430	20	1	0	7	3
s6431	10x2xm8de	0	81821033-6431	20	1	0	7	4
s6432	10x2xm8du	0	81821033-6432	20	1	0	7	5
s6433	10x3a	1	81821033-6433	30	0	0	0	0
s6434	10x3adb	1	81821033-6434	30	0	0	0	1
s6435	10x3adi	0	81821033-6435	30	0	0	0	2
s6436	10x3ada	0	81821033-6436	30	0	0	0	3
s6437	10x3ade	0	81821033-6437	30	0	0	0	4
s6438	10x3adu	0	81821033-6438	30	0	0	0	5
s6439	10x3	1	81821033-6439	30	0	0	1	0
s6440	10x3db	1	81821033-6440	30	0	0	1	1
s6441	10x3di	0	81821033-6441	30	0	0	1	2
s6442	10x3da	0	81821033-6442	30	0	0	1	3
s6443	10x3de	0	81821033-6443	30	0	0	1	4
s6444	10x3du	0	81821033-6444	30	0	0	1	5
s6445	10x3r4	1	81821033-6445	30	0	0	2	0
s6446	10x3r4db	1	81821033-6446	30	0	0	2	1
s6447	10x3r4di	0	81821033-6447	30	0	0	2	2
s6448	10x3r4da	0	81821033-6448	30	0	0	2	3
s6449	10x3r4de	0	81821033-6449	30	0	0	2	4
s6450	10x3r4du	0	81821033-6450	30	0	0	2	5
s6451	10x3m2	1	81821033-6451	30	0	0	3	0
s6452	10x3m2db	1	81821033-6452	30	0	0	3	1
s6453	10x3m2di	0	81821033-6453	30	0	0	3	2
s6454	10x3m2da	0	81821033-6454	30	0	0	3	3
s6455	10x3m2de	0	81821033-6455	30	0	0	3	4
s6456	10x3m2du	0	81821033-6456	30	0	0	3	5
s6457	10x3md2	1	81821033-6457	30	0	0	4	0
s6458	10x3md2db	1	81821033-6458	30	0	0	4	1
s6459	10x3md2di	0	81821033-6459	30	0	0	4	2
s6460	10x3md2da	0	81821033-6460	30	0	0	4	3
s6461	10x3md2de	0	81821033-6461	30	0	0	4	4
s6462	10x3md2du	0	81821033-6462	30	0	0	4	5
s6463	10x3m4	1	81821033-6463	30	0	0	5	0
s6464	10x3m4db	1	81821033-6464	30	0	0	5	1
s6465	10x3m4di	0	81821033-6465	30	0	0	5	2
s6466	10x3m4da	0	81821033-6466	30	0	0	5	3
s6467	10x3m4de	0	81821033-6467	30	0	0	5	4
s6468	10x3m4du	0	81821033-6468	30	0	0	5	5
s6469	10x3md4	1	81821033-6469	30	0	0	6	0
s6470	10x3md4db	1	81821033-6470	30	0	0	6	1
s6471	10x3md4di	0	81821033-6471	30	0	0	6	2
s6472	10x3md4da	0	81821033-6472	30	0	0	6	3
s6473	10x3md4de	0	81821033-6473	30	0	0	6	4
s6474	10x3md4du	0	81821033-6474	30	0	0	6	5
s6475	10x3m8	1	81821033-6475	30	0	0	7	0
s6476	10x3m8db	1	81821033-6476	30	0	0	7	1
s6477	10x3m8di	0	81821033-6477	30	0	0	7	2
s6478	10x3m8da	0	81821033-6478	30	0	0	7	3
s6479	10x3m8de	0	81821033-6479	30	0	0	7	4
s6480	10x3m8du	0	81821033-6480	30	0	0	7	5
s6481	10x3xa	1	81821033-6481	30	1	0	0	0
s6482	10x3xadb	1	81821033-6482	30	1	0	0	1
s6483	10x3xadi	0	81821033-6483	30	1	0	0	2
s6484	10x3xada	0	81821033-6484	30	1	0	0	3
s6485	10x3xade	0	81821033-6485	30	1	0	0	4
s6486	10x3xadu	0	81821033-6486	30	1	0	0	5
s6487	10x3x	1	81821033-6487	30	1	0	1	0
s6488	10x3xdb	1	81821033-6488	30	1	0	1	1
s6489	10x3xdi	0	81821033-6489	30	1	0	1	2
s6490	10x3xda	0	81821033-6490	30	1	0	1	3
s6491	10x3xde	0	81821033-6491	30	1	0	1	4
s6492	10x3xdu	0	81821033-6492	30	1	0	1	5
s6493	10x3xr4	1	81821033-6493	30	1	0	2	0
s6494	10x3xr4db	1	81821033-6494	30	1	0	2	1
s6495	10x3xr4di	0	81821033-6495	30	1	0	2	2
s6496	10x3xr4da	0	81821033-6496	30	1	0	2	3
s6497	10x3xr4de	0	81821033-6497	30	1	0	2	4
s6498	10x3xr4du	0	81821033-6498	30	1	0	2	5
s6499	10x3xm2	1	81821033-6499	30	1	0	3	0
s6500	10x3xm2db	1	81821033-6500	30	1	0	3	1
s6501	10x3xm2di	0	81821033-6501	30	1	0	3	2
s6502	10x3xm2da	0	81821033-6502	30	1	0	3	3
s6503	10x3xm2de	0	81821033-6503	30	1	0	3	4
s6504	10x3xm2du	0	81821033-6504	30	1	0	3	5
s6505	10x3xmd2	1	81821033-6505	30	1	0	4	0
s6506	10x3xmd2db	1	81821033-6506	30	1	0	4	1
s6507	10x3xmd2di	0	81821033-6507	30	1	0	4	2
s6508	10x3xmd2da	0	81821033-6508	30	1	0	4	3
s6509	10x3xmd2de	0	81821033-6509	30	1	0	4	4
s6510	10x3xmd2du	0	81821033-6510	30	1	0	4	5
s6511	10x3xm4	1	81821033-6511	30	1	0	5	0
s6512	10x3xm4db	1	81821033-6512	30	1	0	5	1
s6513	10x3xm4di	0	81821033-6513	30	1	0	5	2
s6514	10x3xm4da	0	81821033-6514	30	1	0	5	3
s6515	10x3xm4de	0	81821033-6515	30	1	0	5	4
s6516	10x3xm4du	0	81821033-6516	30	1	0	5	5
s6517	10x3xmd4	1	81821033-6517	30	1	0	6	0
s6518	10x3xmd4db	1	81821033-6518	30	1	0	6	1
s6519	10x3xmd4di	0	81821033-6519	30	1	0	6	2
s6520	10x3xmd4da	0	81821033-6520	30	1	0	6	3
s6521	10x3xmd4de	0	81821033-6521	30	1	0	6	4
s6522	10x3xmd4du	0	81821033-6522	30	1	0	6	5
s6523	10x3xm8	1	81821033-6523	30	1	0	7	0
s6524	10x3xm8db	1	81821033-6524	30	1	0	7	1
s6525	10x3xm8di	0	81821033-6525	30	1	0	7	2
s6526	10x3xm8da	0	81821033-6526	30	1	0	7	3
s6527	10x3xm8de	0	81821033-6527	30	1	0	7	4
s6528	10x3xm8du	0	81821033-6528	30	1	0	7	5
s6529	11ja	1	81821033-6529	11	0	0	0	0
s6530	11jadb	1	81821033-6530	11	0	0	0	1
s6531	11jadi	1	81821033-6531	11	0	0	0	2
s6532	11jada	1	81821033-6532	11	0	0	0	3
s6533	11jade	1	81821033-6533	11	0	0	0	4
s6534	11jadu	1	81821033-6534	11	0	0	0	5
s6535	11j	1	81821033-6535	11	0	0	1	0
s6536	11jdb	1	81821033-6536	11	0	0	1	1
s6537	11jdi	1	81821033-6537	11	0	0	1	2
s6538	11jda	1	81821033-6538	11	0	0	1	3
s6539	11jde	1	81821033-6539	11	0	0	1	4
s6540	11jdu	1	81821033-6540	11	0	0	1	5
s6541	11jr4	1	81821033-6541	11	0	0	2	0
s6542	11jr4db	1	81821033-6542	11	0	0	2	1
s6543	11jr4di	1	81821033-6543	11	0	0	2	2
s6544	11jr4da	1	81821033-6544	11	0	0	2	3
s6545	11jr4de	1	81821033-6545	11	0	0	2	4
s6546	11jr4du	1	81821033-6546	11	0	0	2	5
s6547	11jm2	1	81821033-6547	11	0	0	3	0
s6548	11jm2db	1	81821033-6548	11	0	0	3	1
s6549	11jm2di	1	81821033-6549	11	0	0	3	2
s6550	11jm2da	1	81821033-6550	11	0	0	3	3
s6551	11jm2de	1	81821033-6551	11	0	0	3	4
s6552	11jm2du	1	81821033-6552	11	0	0	3	5
s6553	11jmd2	1	81821033-6553	11	0	0	4	0
s6554	11jmd2db	1	81821033-6554	11	0	0	4	1
s6555	11jmd2di	1	81821033-6555	11	0	0	4	2
s6556	11jmd2da	1	81821033-6556	11	0	0	4	3
s6557	11jmd2de	1	81821033-6557	11	0	0	4	4
s6558	11jmd2du	1	81821033-6558	11	0	0	4	5
s6559	11jm4	1	81821033-6559	11	0	0	5	0
s6560	11jm4db	1	81821033-6560	11	0	0	5	1
s6561	11jm4di	1	81821033-6561	11	0	0	5	2
s6562	11jm4da	1	81821033-6562	11	0	0	5	3
s6563	11jm4de	1	81821033-6563	11	0	0	5	4
s6564	11jm4du	1	81821033-6564	11	0	0	5	5
s6565	11jmd4	1	81821033-6565	11	0	0	6	0
s6566	11jmd4db	1	81821033-6566	11	0	0	6	1
s6567	11jmd4di	1	81821033-6567	11	0	0	6	2
s6568	11jmd4da	1	81821033-6568	11	0	0	6	3
s6569	11jmd4de	1	81821033-6569	11	0	0	6	4
s6570	11jmd4du	1	81821033-6570	11	0	0	6	5
s6571	11jm8	1	81821033-6571	11	0	0	7	0
s6572	11jm8db	1	81821033-6572	11	0	0	7	1
s6573	11jm8di	1	81821033-6573	11	0	0	7	2
s6574	11jm8da	1	81821033-6574	11	0	0	7	3
s6575	11jm8de	1	81821033-6575	11	0	0	7	4
s6576	11jm8du	1	81821033-6576	11	0	0	7	5
s6577	11jxa	1	81821033-6577	11	1	0	0	0
s6578	11jxadb	1	81821033-6578	11	1	0	0	1
s6579	11jxadi	1	81821033-6579	11	1	0	0	2
s6580	11jxada	1	81821033-6580	11	1	0	0	3
s6581	11jxade	1	81821033-6581	11	1	0	0	4
s6582	11jxadu	1	81821033-6582	11	1	0	0	5
s6583	11jx	1	81821033-6583	11	1	0	1	0
s6584	11jxdb	1	81821033-6584	11	1	0	1	1
s6585	11jxdi	1	81821033-6585	11	1	0	1	2
s6586	11jxda	1	81821033-6586	11	1	0	1	3
s6587	11jxde	1	81821033-6587	11	1	0	1	4
s6588	11jxdu	1	81821033-6588	11	1	0	1	5
s6589	11jxr4	1	81821033-6589	11	1	0	2	0
s6590	11jxr4db	1	81821033-6590	11	1	0	2	1
s6591	11jxr4di	1	81821033-6591	11	1	0	2	2
s6592	11jxr4da	1	81821033-6592	11	1	0	2	3
s6593	11jxr4de	1	81821033-6593	11	1	0	2	4
s6594	11jxr4du	1	81821033-6594	11	1	0	2	5
s6595	11jxm2	1	81821033-6595	11	1	0	3	0
s6596	11jxm2db	1	81821033-6596	11	1	0	3	1
s6597	11jxm2di	1	81821033-6597	11	1	0	3	2
s6598	11jxm2da	1	81821033-6598	11	1	0	3	3
s6599	11jxm2de	1	81821033-6599	11	1	0	3	4
s6600	11jxm2du	1	81821033-6600	11	1	0	3	5
s6601	11jxmd2	1	81821033-6601	11	1	0	4	0
s6602	11jxmd2db	1	81821033-6602	11	1	0	4	1
s6603	11jxmd2di	1	81821033-6603	11	1	0	4	2
s6604	11jxmd2da	1	81821033-6604	11	1	0	4	3
s6605	11jxmd2de	1	81821033-6605	11	1	0	4	4
s6606	11jxmd2du	1	81821033-6606	11	1	0	4	5
s6607	11jxm4	1	81821033-6607	11	1	0	5	0
s6608	11jxm4db	1	81821033-6608	11	1	0	5	1
s6609	11jxm4di	1	81821033-6609	11	1	0	5	2
s6610	11jxm4da	1	81821033-6610	11	1	0	5	3
s6611	11jxm4de	1	81821033-6611	11	1	0	5	4
s6612	11jxm4du	1	81821033-6612	11	1	0	5	5
s6613	11jxmd4	1	81821033-6613	11	1	0	6	0
s6614	11jxmd4db	1	81821033-6614	11	1	0	6	1
s6615	11jxmd4di	1	81821033-6615	11	1	0	6	2
s6616	11jxmd4da	1	81821033-6616	11	1	0	6	3
s6617	11jxmd4de	1	81821033-6617	11	1	0	6	4
s6618	11jxmd4du	1	81821033-6618	11	1	0	6	5
s6619	11jxm8	1	81821033-6619	11	1	0	7	0
s6620	11jxm8db	1	81821033-6620	11	1	0	7	1
s6621	11jxm8di	1	81821033-6621	11	1	0	7	2
s6622	11jxm8da	1	81821033-6622	11	1	0	7	3
s6623	11jxm8de	1	81821033-6623	11	1	0	7	4
s6624	11jxm8du	1	81821033-6624	11	1	0	7	5
s6625	11x2a	1	81821033-6625	22	0	0	0	0
s6626	11x2adb	1	81821033-6626	22	0	0	0	1
s6627	11x2adi	1	81821033-6627	22	0	0	0	2
s6628	11x2ada	1	81821033-6628	22	0	0	0	3
s6629	11x2ade	0	81821033-6629	22	0	0	0	4
s6630	11x2adu	0	81821033-6630	22	0	0	0	5
s6631	11x2	1	81821033-6631	22	0	0	1	0
s6632	11x2db	1	81821033-6632	22	0	0	1	1
s6633	11x2di	1	81821033-6633	22	0	0	1	2
s6634	11x2da	1	81821033-6634	22	0	0	1	3
s6635	11x2de	0	81821033-6635	22	0	0	1	4
s6636	11x2du	0	81821033-6636	22	0	0	1	5
s6637	11x2r4	1	81821033-6637	22	0	0	2	0
s6638	11x2r4db	1	81821033-6638	22	0	0	2	1
s6639	11x2r4di	1	81821033-6639	22	0	0	2	2
s6640	11x2r4da	1	81821033-6640	22	0	0	2	3
s6641	11x2r4de	0	81821033-6641	22	0	0	2	4
s6642	11x2r4du	0	81821033-6642	22	0	0	2	5
s6643	11x2m2	1	81821033-6643	22	0	0	3	0
s6644	11x2m2db	1	81821033-6644	22	0	0	3	1
s6645	11x2m2di	1	81821033-6645	22	0	0	3	2
s6646	11x2m2da	1	81821033-6646	22	0	0	3	3
s6647	11x2m2de	0	81821033-6647	22	0	0	3	4
s6648	11x2m2du	0	81821033-6648	22	0	0	3	5
s6649	11x2md2	1	81821033-6649	22	0	0	4	0
s6650	11x2md2db	1	81821033-6650	22	0	0	4	1
s6651	11x2md2di	1	81821033-6651	22	0	0	4	2
s6652	11x2md2da	1	81821033-6652	22	0	0	4	3
s6653	11x2md2de	0	81821033-6653	22	0	0	4	4
s6654	11x2md2du	0	81821033-6654	22	0	0	4	5
s6655	11x2m4	1	81821033-6655	22	0	0	5	0
s6656	11x2m4db	1	81821033-6656	22	0	0	5	1
s6657	11x2m4di	1	81821033-6657	22	0	0	5	2
s6658	11x2m4da	1	81821033-6658	22	0	0	5	3
s6659	11x2m4de	0	81821033-6659	22	0	0	5	4
s6660	11x2m4du	0	81821033-6660	22	0	0	5	5
s6661	11x2md4	1	81821033-6661	22	0	0	6	0
s6662	11x2md4db	1	81821033-6662	22	0	0	6	1
s6663	11x2md4di	1	81821033-6663	22	0	0	6	2
s6664	11x2md4da	1	81821033-6664	22	0	0	6	3
s6665	11x2md4de	0	81821033-6665	22	0	0	6	4
s6666	11x2md4du	0	81821033-6666	22	0	0	6	5
s6667	11x2m8	1	81821033-6667	22	0	0	7	0
s6668	11x2m8db	1	81821033-6668	22	0	0	7	1
s6669	11x2m8di	1	81821033-6669	22	0	0	7	2
s6670	11x2m8da	1	81821033-6670	22	0	0	7	3
s6671	11x2m8de	0	81821033-6671	22	0	0	7	4
s6672	11x2m8du	0	81821033-6672	22	0	0	7	5
s6673	11x2xa	1	81821033-6673	22	1	0	0	0
s6674	11x2xadb	1	81821033-6674	22	1	0	0	1
s6675	11x2xadi	1	81821033-6675	22	1	0	0	2
s6676	11x2xada	1	81821033-6676	22	1	0	0	3
s6677	11x2xade	0	81821033-6677	22	1	0	0	4
s6678	11x2xadu	0	81821033-6678	22	1	0	0	5
s6679	11x2x	1	81821033-6679	22	1	0	1	0
s6680	11x2xdb	1	81821033-6680	22	1	0	1	1
s6681	11x2xdi	1	81821033-6681	22	1	0	1	2
s6682	11x2xda	1	81821033-6682	22	1	0	1	3
s6683	11x2xde	0	81821033-6683	22	1	0	1	4
s6684	11x2xdu	0	81821033-6684	22	1	0	1	5
s6685	11x2xr4	1	81821033-6685	22	1	0	2	0
s6686	11x2xr4db	1	81821033-6686	22	1	0	2	1
s6687	11x2xr4di	1	81821033-6687	22	1	0	2	2
s6688	11x2xr4da	1	81821033-6688	22	1	0	2	3
s6689	11x2xr4de	0	81821033-6689	22	1	0	2	4
s6690	11x2xr4du	0	81821033-6690	22	1	0	2	5
s6691	11x2xm2	1	81821033-6691	22	1	0	3	0
s6692	11x2xm2db	1	81821033-6692	22	1	0	3	1
s6693	11x2xm2di	1	81821033-6693	22	1	0	3	2
s6694	11x2xm2da	1	81821033-6694	22	1	0	3	3
s6695	11x2xm2de	0	81821033-6695	22	1	0	3	4
s6696	11x2xm2du	0	81821033-6696	22	1	0	3	5
s6697	11x2xmd2	1	81821033-6697	22	1	0	4	0
s6698	11x2xmd2db	1	81821033-6698	22	1	0	4	1
s6699	11x2xmd2di	1	81821033-6699	22	1	0	4	2
s6700	11x2xmd2da	1	81821033-6700	22	1	0	4	3
s6701	11x2xmd2de	0	81821033-6701	22	1	0	4	4
s6702	11x2xmd2du	0	81821033-6702	22	1	0	4	5
s6703	11x2xm4	1	81821033-6703	22	1	0	5	0
s6704	11x2xm4db	1	81821033-6704	22	1	0	5	1
s6705	11x2xm4di	1	81821033-6705	22	1	0	5	2
s6706	11x2xm4da	1	81821033-6706	22	1	0	5	3
s6707	11x2xm4de	0	81821033-6707	22	1	0	5	4
s6708	11x2xm4du	0	81821033-6708	22	1	0	5	5
s6709	11x2xmd4	1	81821033-6709	22	1	0	6	0
s6710	11x2xmd4db	1	81821033-6710	22	1	0	6	1
s6711	11x2xmd4di	1	81821033-6711	22	1	0	6	2
s6712	11x2xmd4da	1	81821033-6712	22	1	0	6	3
s6713	11x2xmd4de	0	81821033-6713	22	1	0	6	4
s6714	11x2xmd4du	0	81821033-6714	22	1	0	6	5
s6715	11x2xm8	1	81821033-6715	22	1	0	7	0
s6716	11x2xm8db	1	81821033-6716	22	1	0	7	1
s6717	11x2xm8di	1	81821033-6717	22	1	0	7	2
s6718	11x2xm8da	1	81821033-6718	22	1	0	7	3
s6719	11x2xm8de	0	81821033-6719	22	1	0	7	4
s6720	11x2xm8du	0	81821033-6720	22	1	0	7	5
s6721	12ja	1	81821033-6721	12	0	0	0	0
s6722	12jadb	1	81821033-6722	12	0	0	0	1
s6723	12jadi	1	81821033-6723	12	0	0	0	2
s6724	12jada	1	81821033-6724	12	0	0	0	3
s6725	12jade	1	81821033-6725	12	0	0	0	4
s6726	12jadu	1	81821033-6726	12	0	0	0	5
s6727	12j	1	81821033-6727	12	0	0	1	0
s6728	12jdb	1	81821033-6728	12	0	0	1	1
s6729	12jdi	1	81821033-6729	12	0	0	1	2
s6730	12jda	1	81821033-6730	12	0	0	1	3
s6731	12jde	1	81821033-6731	12	0	0	1	4
s6732	12jdu	1	81821033-6732	12	0	0	1	5
s6733	12jr4	1	81821033-6733	12	0	0	2	0
s6734	12jr4db	1	81821033-6734	12	0	0	2	1
s6735	12jr4di	1	81821033-6735	12	0	0	2	2
s6736	12jr4da	1	81821033-6736	12	0	0	2	3
s6737	12jr4de	1	81821033-6737	12	0	0	2	4
s6738	12jr4du	1	81821033-6738	12	0	0	2	5
s6739	12jm2	1	81821033-6739	12	0	0	3	0
s6740	12jm2db	1	81821033-6740	12	0	0	3	1
s6741	12jm2di	1	81821033-6741	12	0	0	3	2
s6742	12jm2da	1	81821033-6742	12	0	0	3	3
s6743	12jm2de	1	81821033-6743	12	0	0	3	4
s6744	12jm2du	1	81821033-6744	12	0	0	3	5
s6745	12jmd2	1	81821033-6745	12	0	0	4	0
s6746	12jmd2db	1	81821033-6746	12	0	0	4	1
s6747	12jmd2di	1	81821033-6747	12	0	0	4	2
s6748	12jmd2da	1	81821033-6748	12	0	0	4	3
s6749	12jmd2de	1	81821033-6749	12	0	0	4	4
s6750	12jmd2du	1	81821033-6750	12	0	0	4	5
s6751	12jm4	1	81821033-6751	12	0	0	5	0
s6752	12jm4db	1	81821033-6752	12	0	0	5	1
s6753	12jm4di	1	81821033-6753	12	0	0	5	2
s6754	12jm4da	1	81821033-6754	12	0	0	5	3
s6755	12jm4de	1	81821033-6755	12	0	0	5	4
s6756	12jm4du	1	81821033-6756	12	0	0	5	5
s6757	12jmd4	1	81821033-6757	12	0	0	6	0
s6758	12jmd4db	1	81821033-6758	12	0	0	6	1
s6759	12jmd4di	1	81821033-6759	12	0	0	6	2
s6760	12jmd4da	1	81821033-6760	12	0	0	6	3
s6761	12jmd4de	1	81821033-6761	12	0	0	6	4
s6762	12jmd4du	1	81821033-6762	12	0	0	6	5
s6763	12jm8	1	81821033-6763	12	0	0	7	0
s6764	12jm8db	1	81821033-6764	12	0	0	7	1
s6765	12jm8di	1	81821033-6765	12	0	0	7	2
s6766	12jm8da	1	81821033-6766	12	0	0	7	3
s6767	12jm8de	1	81821033-6767	12	0	0	7	4
s6768	12jm8du	1	81821033-6768	12	0	0	7	5
s6769	12jxa	1	81821033-6769	12	1	0	0	0
s6770	12jxadb	1	81821033-6770	12	1	0	0	1
s6771	12jxadi	1	81821033-6771	12	1	0	0	2
s6772	12jxada	1	81821033-6772	12	1	0	0	3
s6773	12jxade	1	81821033-6773	12	1	0	0	4
s6774	12jxadu	1	81821033-6774	12	1	0	0	5
s6775	12jx	1	81821033-6775	12	1	0	1	0
s6776	12jxdb	1	81821033-6776	12	1	0	1	1
s6777	12jxdi	1	81821033-6777	12	1	0	1	2
s6778	12jxda	1	81821033-6778	12	1	0	1	3
s6779	12jxde	1	81821033-6779	12	1	0	1	4
s6780	12jxdu	1	81821033-6780	12	1	0	1	5
s6781	12jxr4	1	81821033-6781	12	1	0	2	0
s6782	12jxr4db	1	81821033-6782	12	1	0	2	1
s6783	12jxr4di	1	81821033-6783	12	1	0	2	2
s6784	12jxr4da	1	81821033-6784	12	1	0	2	3
s6785	12jxr4de	1	81821033-6785	12	1	0	2	4
s6786	12jxr4du	1	81821033-6786	12	1	0	2	5
s6787	12jxm2	1	81821033-6787	12	1	0	3	0
s6788	12jxm2db	1	81821033-6788	12	1	0	3	1
s6789	12jxm2di	1	81821033-6789	12	1	0	3	2
s6790	12jxm2da	1	81821033-6790	12	1	0	3	3
s6791	12jxm2de	1	81821033-6791	12	1	0	3	4
s6792	12jxm2du	1	81821033-6792	12	1	0	3	5
s6793	12jxmd2	1	81821033-6793	12	1	0	4	0
s6794	12jxmd2db	1	81821033-6794	12	1	0	4	1
s6795	12jxmd2di	1	81821033-6795	12	1	0	4	2
s6796	12jxmd2da	1	81821033-6796	12	1	0	4	3
s6797	12jxmd2de	1	81821033-6797	12	1	0	4	4
s6798	12jxmd2du	1	81821033-6798	12	1	0	4	5
s6799	12jxm4	1	81821033-6799	12	1	0	5	0
s6800	12jxm4db	1	81821033-6800	12	1	0	5	1
s6801	12jxm4di	1	81821033-6801	12	1	0	5	2
s6802	12jxm4da	1	81821033-6802	12	1	0	5	3
s6803	12jxm4de	1	81821033-6803	12	1	0	5	4
s6804	12jxm4du	1	81821033-6804	12	1	0	5	5
s6805	12jxmd4	1	81821033-6805	12	1	0	6	0
s6806	12jxmd4db	1	81821033-6806	12	1	0	6	1
s6807	12jxmd4di	1	81821033-6807	12	1	0	6	2
s6808	12jxmd4da	1	81821033-6808	12	1	0	6	3
s6809	12jxmd4de	1	81821033-6809	12	1	0	6	4
s6810	12jxmd4du	1	81821033-6810	12	1	0	6	5
s6811	12jxm8	1	81821033-6811	12	1	0	7	0
s6812	12jxm8db	1	81821033-6812	12	1	0	7	1
s6813	12jxm8di	1	81821033-6813	12	1	0	7	2
s6814	12jxm8da	1	81821033-6814	12	1	0	7	3
s6815	12jxm8de	1	81821033-6815	12	1	0	7	4
s6816	12jxm8du	1	81821033-6816	12	1	0	7	5
s6817	12x2a	1	81821033-6817	24	0	0	0	0
s6818	12x2adb	1	81821033-6818	24	0	0	0	1
s6819	12x2adi	1	81821033-6819	24	0	0	0	2
s6820	12x2ada	1	81821033-6820	24	0	0	0	3
s6821	12x2ade	0	81821033-6821	24	0	0	0	4
s6822	12x2adu	0	81821033-6822	24	0	0	0	5
s6823	12x2	1	81821033-6823	24	0	0	1	0
s6824	12x2db	1	81821033-6824	24	0	0	1	1
s6825	12x2di	1	81821033-6825	24	0	0	1	2
s6826	12x2da	1	81821033-6826	24	0	0	1	3
s6827	12x2de	0	81821033-6827	24	0	0	1	4
s6828	12x2du	0	81821033-6828	24	0	0	1	5
s6829	12x2r4	1	81821033-6829	24	0	0	2	0
s6830	12x2r4db	1	81821033-6830	24	0	0	2	1
s6831	12x2r4di	1	81821033-6831	24	0	0	2	2
s6832	12x2r4da	1	81821033-6832	24	0	0	2	3
s6833	12x2r4de	0	81821033-6833	24	0	0	2	4
s6834	12x2r4du	0	81821033-6834	24	0	0	2	5
s6835	12x2m2	1	81821033-6835	24	0	0	3	0
s6836	12x2m2db	1	81821033-6836	24	0	0	3	1
s6837	12x2m2di	1	81821033-6837	24	0	0	3	2
s6838	12x2m2da	1	81821033-6838	24	0	0	3	3
s6839	12x2m2de	0	81821033-6839	24	0	0	3	4
s6840	12x2m2du	0	81821033-6840	24	0	0	3	5
s6841	12x2md2	1	81821033-6841	24	0	0	4	0
s6842	12x2md2db	1	81821033-6842	24	0	0	4	1
s6843	12x2md2di	1	81821033-6843	24	0	0	4	2
s6844	12x2md2da	1	81821033-6844	24	0	0	4	3
s6845	12x2md2de	0	81821033-6845	24	0	0	4	4
s6846	12x2md2du	0	81821033-6846	24	0	0	4	5
s6847	12x2m4	1	81821033-6847	24	0	0	5	0
s6848	12x2m4db	1	81821033-6848	24	0	0	5	1
s6849	12x2m4di	1	81821033-6849	24	0	0	5	2
s6850	12x2m4da	1	81821033-6850	24	0	0	5	3
s6851	12x2m4de	0	81821033-6851	24	0	0	5	4
s6852	12x2m4du	0	81821033-6852	24	0	0	5	5
s6853	12x2md4	1	81821033-6853	24	0	0	6	0
s6854	12x2md4db	1	81821033-6854	24	0	0	6	1
s6855	12x2md4di	1	81821033-6855	24	0	0	6	2
s6856	12x2md4da	1	81821033-6856	24	0	0	6	3
s6857	12x2md4de	0	81821033-6857	24	0	0	6	4
s6858	12x2md4du	0	81821033-6858	24	0	0	6	5
s6859	12x2m8	1	81821033-6859	24	0	0	7	0
s6860	12x2m8db	1	81821033-6860	24	0	0	7	1
s6861	12x2m8di	1	81821033-6861	24	0	0	7	2
s6862	12x2m8da	1	81821033-6862	24	0	0	7	3
s6863	12x2m8de	0	81821033-6863	24	0	0	7	4
s6864	12x2m8du	0	81821033-6864	24	0	0	7	5
s6865	12x2xa	1	81821033-6865	24	1	0	0	0
s6866	12x2xadb	1	81821033-6866	24	1	0	0	1
s6867	12x2xadi	1	81821033-6867	24	1	0	0	2
s6868	12x2xada	1	81821033-6868	24	1	0	0	3
s6869	12x2xade	0	81821033-6869	24	1	0	0	4
s6870	12x2xadu	0	81821033-6870	24	1	0	0	5
s6871	12x2x	1	81821033-6871	24	1	0	1	0
s6872	12x2xdb	1	81821033-6872	24	1	0	1	1
s6873	12x2xdi	1	81821033-6873	24	1	0	1	2
s6874	12x2xda	1	81821033-6874	24	1	0	1	3
s6875	12x2xde	0	81821033-6875	24	1	0	1	4
s6876	12x2xdu	0	81821033-6876	24	1	0	1	5
s6877	12x2xr4	1	81821033-6877	24	1	0	2	0
s6878	12x2xr4db	1	81821033-6878	24	1	0	2	1
s6879	12x2xr4di	1	81821033-6879	24	1	0	2	2
s6880	12x2xr4da	1	81821033-6880	24	1	0	2	3
s6881	12x2xr4de	0	81821033-6881	24	1	0	2	4
s6882	12x2xr4du	0	81821033-6882	24	1	0	2	5
s6883	12x2xm2	1	81821033-6883	24	1	0	3	0
s6884	12x2xm2db	1	81821033-6884	24	1	0	3	1
s6885	12x2xm2di	1	81821033-6885	24	1	0	3	2
s6886	12x2xm2da	1	81821033-6886	24	1	0	3	3
s6887	12x2xm2de	0	81821033-6887	24	1	0	3	4
s6888	12x2xm2du	0	81821033-6888	24	1	0	3	5
s6889	12x2xmd2	1	81821033-6889	24	1	0	4	0
s6890	12x2xmd2db	1	81821033-6890	24	1	0	4	1
s6891	12x2xmd2di	1	81821033-6891	24	1	0	4	2
s6892	12x2xmd2da	1	81821033-6892	24	1	0	4	3
s6893	12x2xmd2de	0	81821033-6893	24	1	0	4	4
s6894	12x2xmd2du	0	81821033-6894	24	1	0	4	5
s6895	12x2xm4	1	81821033-6895	24	1	0	5	0
s6896	12x2xm4db	1	81821033-6896	24	1	0	5	1
s6897	12x2xm4di	1	81821033-6897	24	1	0	5	2
s6898	12x2xm4da	1	81821033-6898	24	1	0	5	3
s6899	12x2xm4de	0	81821033-6899	24	1	0	5	4
s6900	12x2xm4du	0	81821033-6900	24	1	0	5	5
s6901	12x2xmd4	1	81821033-6901	24	1	0	6	0
s6902	12x2xmd4db	1	81821033-6902	24	1	0	6	1
s6903	12x2xmd4di	1	81821033-6903	24	1	0	6	2
s6904	12x2xmd4da	1	81821033-6904	24	1	0	6	3
s6905	12x2xmd4de	0	81821033-6905	24	1	0	6	4
s6906	12x2xmd4du	0	81821033-6906	24	1	0	6	5
s6907	12x2xm8	1	81821033-6907	24	1	0	7	0
s6908	12x2xm8db	1	81821033-6908	24	1	0	7	1
s6909	12x2xm8di	1	81821033-6909	24	1	0	7	2
s6910	12x2xm8da	1	81821033-6910	24	1	0	7	3
s6911	12x2xm8de	0	81821033-6911	24	1	0	7	4
s6912	12x2xm8du	0	81821033-6912	24	1	0	7	5
s6913	13ja	0	81821033-6913	13	0	0	0	0
s6914	13jadb	0	81821033-6914	13	0	0	0	1
s6915	13jadi	0	81821033-6915	13	0	0	0	2
s6916	13jada	0	81821033-6916	13	0	0	0	3
s6917	13jade	0	81821033-6917	13	0	0	0	4
s6918	13jadu	0	81821033-6918	13	0	0	0	5
s6919	13j	0	81821033-6919	13	0	0	1	0
s6920	13jdb	0	81821033-6920	13	0	0	1	1
s6921	13jdi	0	81821033-6921	13	0	0	1	2
s6922	13jda	0	81821033-6922	13	0	0	1	3
s6923	13jde	0	81821033-6923	13	0	0	1	4
s6924	13jdu	0	81821033-6924	13	0	0	1	5
s6925	13jr4	0	81821033-6925	13	0	0	2	0
s6926	13jr4db	0	81821033-6926	13	0	0	2	1
s6927	13jr4di	0	81821033-6927	13	0	0	2	2
s6928	13jr4da	0	81821033-6928	13	0	0	2	3
s6929	13jr4de	0	81821033-6929	13	0	0	2	4
s6930	13jr4du	0	81821033-6930	13	0	0	2	5
s6931	13jm2	0	81821033-6931	13	0	0	3	0
s6932	13jm2db	0	81821033-6932	13	0	0	3	1
s6933	13jm2di	0	81821033-6933	13	0	0	3	2
s6934	13jm2da	0	81821033-6934	13	0	0	3	3
s6935	13jm2de	0	81821033-6935	13	0	0	3	4
s6936	13jm2du	0	81821033-6936	13	0	0	3	5
s6937	13jmd2	0	81821033-6937	13	0	0	4	0
s6938	13jmd2db	0	81821033-6938	13	0	0	4	1
s6939	13jmd2di	0	81821033-6939	13	0	0	4	2
s6940	13jmd2da	0	81821033-6940	13	0	0	4	3
s6941	13jmd2de	0	81821033-6941	13	0	0	4	4
s6942	13jmd2du	0	81821033-6942	13	0	0	4	5
s6943	13jm4	0	81821033-6943	13	0	0	5	0
s6944	13jm4db	0	81821033-6944	13	0	0	5	1
s6945	13jm4di	0	81821033-6945	13	0	0	5	2
s6946	13jm4da	0	81821033-6946	13	0	0	5	3
s6947	13jm4de	0	81821033-6947	13	0	0	5	4
s6948	13jm4du	0	81821033-6948	13	0	0	5	5
s6949	13jmd4	0	81821033-6949	13	0	0	6	0
s6950	13jmd4db	0	81821033-6950	13	0	0	6	1
s6951	13jmd4di	0	81821033-6951	13	0	0	6	2
s6952	13jmd4da	0	81821033-6952	13	0	0	6	3
s6953	13jmd4de	0	81821033-6953	13	0	0	6	4
s6954	13jmd4du	0	81821033-6954	13	0	0	6	5
s6955	13jm8	0	81821033-6955	13	0	0	7	0
s6956	13jm8db	0	81821033-6956	13	0	0	7	1
s6957	13jm8di	0	81821033-6957	13	0	0	7	2
s6958	13jm8da	0	81821033-6958	13	0	0	7	3
s6959	13jm8de	0	81821033-6959	13	0	0	7	4
s6960	13jm8du	0	81821033-6960	13	0	0	7	5
s6961	13jxa	0	81821033-6961	13	1	0	0	0
s6962	13jxadb	0	81821033-6962	13	1	0	0	1
s6963	13jxadi	0	81821033-6963	13	1	0	0	2
s6964	13jxada	0	81821033-6964	13	1	0	0	3
s6965	13jxade	0	81821033-6965	13	1	0	0	4
s6966	13jxadu	0	81821033-6966	13	1	0	0	5
s6967	13jx	0	81821033-6967	13	1	0	1	0
s6968	13jxdb	0	81821033-6968	13	1	0	1	1
s6969	13jxdi	0	81821033-6969	13	1	0	1	2
s6970	13jxda	0	81821033-6970	13	1	0	1	3
s6971	13jxde	0	81821033-6971	13	1	0	1	4
s6972	13jxdu	0	81821033-6972	13	1	0	1	5
s6973	13jxr4	0	81821033-6973	13	1	0	2	0
s6974	13jxr4db	0	81821033-6974	13	1	0	2	1
s6975	13jxr4di	0	81821033-6975	13	1	0	2	2
s6976	13jxr4da	0	81821033-6976	13	1	0	2	3
s6977	13jxr4de	0	81821033-6977	13	1	0	2	4
s6978	13jxr4du	0	81821033-6978	13	1	0	2	5
s6979	13jxm2	0	81821033-6979	13	1	0	3	0
s6980	13jxm2db	0	81821033-6980	13	1	0	3	1
s6981	13jxm2di	0	81821033-6981	13	1	0	3	2
s6982	13jxm2da	0	81821033-6982	13	1	0	3	3
s6983	13jxm2de	0	81821033-6983	13	1	0	3	4
s6984	13jxm2du	0	81821033-6984	13	1	0	3	5
s6985	13jxmd2	0	81821033-6985	13	1	0	4	0
s6986	13jxmd2db	0	81821033-6986	13	1	0	4	1
s6987	13jxmd2di	0	81821033-6987	13	1	0	4	2
s6988	13jxmd2da	0	81821033-6988	13	1	0	4	3
s6989	13jxmd2de	0	81821033-6989	13	1	0	4	4
s6990	13jxmd2du	0	81821033-6990	13	1	0	4	5
s6991	13jxm4	0	81821033-6991	13	1	0	5	0
s6992	13jxm4db	0	81821033-6992	13	1	0	5	1
s6993	13jxm4di	0	81821033-6993	13	1	0	5	2
s6994	13jxm4da	0	81821033-6994	13	1	0	5	3
s6995	13jxm4de	0	81821033-6995	13	1	0	5	4
s6996	13jxm4du	0	81821033-6996	13	1	0	5	5
s6997	13jxmd4	0	81821033-6997	13	1	0	6	0
s6998	13jxmd4db	0	81821033-6998	13	1	0	6	1
s6999	13jxmd4di	0	81821033-6999	13	1	0	6	2
s7000	13jxmd4da	0	81821033-7000	13	1	0	6	3
s7001	13jxmd4de	0	81821033-7001	13	1	0	6	4
s7002	13jxmd4du	0	81821033-7002	13	1	0	6	5
s7003	13jxm8	0	81821033-7003	13	1	0	7	0
s7004	13jxm8db	0	81821033-7004	13	1	0	7	1
s7005	13jxm8di	0	81821033-7005	13	1	0	7	2
s7006	13jxm8da	0	81821033-7006	13	1	0	7	3
s7007	13jxm8de	0	81821033-7007	13	1	0	7	4
s7008	13jxm8du	0	81821033-7008	13	1	0	7	5
s7009	13x2a	1	81821033-7009	26	0	0	0	0
s7010	13x2adb	1	81821033-7010	26	0	0	0	1
s7011	13x2adi	0	81821033-7011	26	0	0	0	2
s7012	13x2ada	0	81821033-7012	26	0	0	0	3
s7013	13x2ade	0	81821033-7013	26	0	0	0	4
s7014	13x2adu	0	81821033-7014	26	0	0	0	5
s7015	13x2	1	81821033-7015	26	0	0	1	0
s7016	13x2db	1	81821033-7016	26	0	0	1	1
s7017	13x2di	0	81821033-7017	26	0	0	1	2
s7018	13x2da	0	81821033-7018	26	0	0	1	3
s7019	13x2de	0	81821033-7019	26	0	0	1	4
s7020	13x2du	0	81821033-7020	26	0	0	1	5
s7021	13x2r4	1	81821033-7021	26	0	0	2	0
s7022	13x2r4db	1	81821033-7022	26	0	0	2	1
s7023	13x2r4di	0	81821033-7023	26	0	0	2	2
s7024	13x2r4da	0	81821033-7024	26	0	0	2	3
s7025	13x2r4de	0	81821033-7025	26	0	0	2	4
s7026	13x2r4du	0	81821033-7026	26	0	0	2	5
s7027	13x2m2	1	81821033-7027	26	0	0	3	0
s7028	13x2m2db	1	81821033-7028	26	0	0	3	1
s7029	13x2m2di	0	81821033-7029	26	0	0	3	2
s7030	13x2m2da	0	81821033-7030	26	0	0	3	3
s7031	13x2m2de	0	81821033-7031	26	0	0	3	4
s7032	13x2m2du	0	81821033-7032	26	0	0	3	5
s7033	13x2md2	1	81821033-7033	26	0	0	4	0
s7034	13x2md2db	1	81821033-7034	26	0	0	4	1
s7035	13x2md2di	0	81821033-7035	26	0	0	4	2
s7036	13x2md2da	0	81821033-7036	26	0	0	4	3
s7037	13x2md2de	0	81821033-7037	26	0	0	4	4
s7038	13x2md2du	0	81821033-7038	26	0	0	4	5
s7039	13x2m4	1	81821033-7039	26	0	0	5	0
s7040	13x2m4db	1	81821033-7040	26	0	0	5	1
s7041	13x2m4di	0	81821033-7041	26	0	0	5	2
s7042	13x2m4da	0	81821033-7042	26	0	0	5	3
s7043	13x2m4de	0	81821033-7043	26	0	0	5	4
s7044	13x2m4du	0	81821033-7044	26	0	0	5	5
s7045	13x2md4	1	81821033-7045	26	0	0	6	0
s7046	13x2md4db	1	81821033-7046	26	0	0	6	1
s7047	13x2md4di	0	81821033-7047	26	0	0	6	2
s7048	13x2md4da	0	81821033-7048	26	0	0	6	3
s7049	13x2md4de	0	81821033-7049	26	0	0	6	4
s7050	13x2md4du	0	81821033-7050	26	0	0	6	5
s7051	13x2m8	1	81821033-7051	26	0	0	7	0
s7052	13x2m8db	1	81821033-7052	26	0	0	7	1
s7053	13x2m8di	0	81821033-7053	26	0	0	7	2
s7054	13x2m8da	0	81821033-7054	26	0	0	7	3
s7055	13x2m8de	0	81821033-7055	26	0	0	7	4
s7056	13x2m8du	0	81821033-7056	26	0	0	7	5
s7057	13x2xa	1	81821033-7057	26	1	0	0	0
s7058	13x2xadb	1	81821033-7058	26	1	0	0	1
s7059	13x2xadi	0	81821033-7059	26	1	0	0	2
s7060	13x2xada	0	81821033-7060	26	1	0	0	3
s7061	13x2xade	0	81821033-7061	26	1	0	0	4
s7062	13x2xadu	0	81821033-7062	26	1	0	0	5
s7063	13x2x	1	81821033-7063	26	1	0	1	0
s7064	13x2xdb	1	81821033-7064	26	1	0	1	1
s7065	13x2xdi	0	81821033-7065	26	1	0	1	2
s7066	13x2xda	0	81821033-7066	26	1	0	1	3
s7067	13x2xde	0	81821033-7067	26	1	0	1	4
s7068	13x2xdu	0	81821033-7068	26	1	0	1	5
s7069	13x2xr4	1	81821033-7069	26	1	0	2	0
s7070	13x2xr4db	1	81821033-7070	26	1	0	2	1
s7071	13x2xr4di	0	81821033-7071	26	1	0	2	2
s7072	13x2xr4da	0	81821033-7072	26	1	0	2	3
s7073	13x2xr4de	0	81821033-7073	26	1	0	2	4
s7074	13x2xr4du	0	81821033-7074	26	1	0	2	5
s7075	13x2xm2	1	81821033-7075	26	1	0	3	0
s7076	13x2xm2db	1	81821033-7076	26	1	0	3	1
s7077	13x2xm2di	0	81821033-7077	26	1	0	3	2
s7078	13x2xm2da	0	81821033-7078	26	1	0	3	3
s7079	13x2xm2de	0	81821033-7079	26	1	0	3	4
s7080	13x2xm2du	0	81821033-7080	26	1	0	3	5
s7081	13x2xmd2	1	81821033-7081	26	1	0	4	0
s7082	13x2xmd2db	1	81821033-7082	26	1	0	4	1
s7083	13x2xmd2di	0	81821033-7083	26	1	0	4	2
s7084	13x2xmd2da	0	81821033-7084	26	1	0	4	3
s7085	13x2xmd2de	0	81821033-7085	26	1	0	4	4
s7086	13x2xmd2du	0	81821033-7086	26	1	0	4	5
s7087	13x2xm4	1	81821033-7087	26	1	0	5	0
s7088	13x2xm4db	1	81821033-7088	26	1	0	5	1
s7089	13x2xm4di	0	81821033-7089	26	1	0	5	2
s7090	13x2xm4da	0	81821033-7090	26	1	0	5	3
s7091	13x2xm4de	0	81821033-7091	26	1	0	5	4
s7092	13x2xm4du	0	81821033-7092	26	1	0	5	5
s7093	13x2xmd4	1	81821033-7093	26	1	0	6	0
s7094	13x2xmd4db	1	81821033-7094	26	1	0	6	1
s7095	13x2xmd4di	0	81821033-7095	26	1	0	6	2
s7096	13x2xmd4da	0	81821033-7096	26	1	0	6	3
s7097	13x2xmd4de	0	81821033-7097	26	1	0	6	4
s7098	13x2xmd4du	0	81821033-7098	26	1	0	6	5
s7099	13x2xm8	1	81821033-7099	26	1	0	7	0
s7100	13x2xm8db	1	81821033-7100	26	1	0	7	1
s7101	13x2xm8di	0	81821033-7101	26	1	0	7	2
s7102	13x2xm8da	0	81821033-7102	26	1	0	7	3
s7103	13x2xm8de	0	81821033-7103	26	1	0	7	4
s7104	13x2xm8du	0	81821033-7104	26	1	0	7	5
s7105	14ja	0	81821033-7105	14	0	0	0	0
s7106	14jadb	0	81821033-7106	14	0	0	0	1
s7107	14jadi	0	81821033-7107	14	0	0	0	2
s7108	14jada	0	81821033-7108	14	0	0	0	3
s7109	14jade	0	81821033-7109	14	0	0	0	4
s7110	14jadu	0	81821033-7110	14	0	0	0	5
s7111	14j	0	81821033-7111	14	0	0	1	0
s7112	14jdb	0	81821033-7112	14	0	0	1	1
s7113	14jdi	0	81821033-7113	14	0	0	1	2
s7114	14jda	0	81821033-7114	14	0	0	1	3
s7115	14jde	0	81821033-7115	14	0	0	1	4
s7116	14jdu	0	81821033-7116	14	0	0	1	5
s7117	14jr4	0	81821033-7117	14	0	0	2	0
s7118	14jr4db	0	81821033-7118	14	0	0	2	1
s7119	14jr4di	0	81821033-7119	14	0	0	2	2
s7120	14jr4da	0	81821033-7120	14	0	0	2	3
s7121	14jr4de	0	81821033-7121	14	0	0	2	4
s7122	14jr4du	0	81821033-7122	14	0	0	2	5
s7123	14jm2	0	81821033-7123	14	0	0	3	0
s7124	14jm2db	0	81821033-7124	14	0	0	3	1
s7125	14jm2di	0	81821033-7125	14	0	0	3	2
s7126	14jm2da	0	81821033-7126	14	0	0	3	3
s7127	14jm2de	0	81821033-7127	14	0	0	3	4
s7128	14jm2du	0	81821033-7128	14	0	0	3	5
s7129	14jmd2	0	81821033-7129	14	0	0	4	0
s7130	14jmd2db	0	81821033-7130	14	0	0	4	1
s7131	14jmd2di	0	81821033-7131	14	0	0	4	2
s7132	14jmd2da	0	81821033-7132	14	0	0	4	3
s7133	14jmd2de	0	81821033-7133	14	0	0	4	4
s7134	14jmd2du	0	81821033-7134	14	0	0	4	5
s7135	14jm4	0	81821033-7135	14	0	0	5	0
s7136	14jm4db	0	81821033-7136	14	0	0	5	1
s7137	14jm4di	0	81821033-7137	14	0	0	5	2
s7138	14jm4da	0	81821033-7138	14	0	0	5	3
s7139	14jm4de	0	81821033-7139	14	0	0	5	4
s7140	14jm4du	0	81821033-7140	14	0	0	5	5
s7141	14jmd4	0	81821033-7141	14	0	0	6	0
s7142	14jmd4db	0	81821033-7142	14	0	0	6	1
s7143	14jmd4di	0	81821033-7143	14	0	0	6	2
s7144	14jmd4da	0	81821033-7144	14	0	0	6	3
s7145	14jmd4de	0	81821033-7145	14	0	0	6	4
s7146	14jmd4du	0	81821033-7146	14	0	0	6	5
s7147	14jm8	0	81821033-7147	14	0	0	7	0
s7148	14jm8db	0	81821033-7148	14	0	0	7	1
s7149	14jm8di	0	81821033-7149	14	0	0	7	2
s7150	14jm8da	0	81821033-7150	14	0	0	7	3
s7151	14jm8de	0	81821033-7151	14	0	0	7	4
s7152	14jm8du	0	81821033-7152	14	0	0	7	5
s7153	14jxa	0	81821033-7153	14	1	0	0	0
s7154	14jxadb	0	81821033-7154	14	1	0	0	1
s7155	14jxadi	0	81821033-7155	14	1	0	0	2
s7156	14jxada	0	81821033-7156	14	1	0	0	3
s7157	14jxade	0	81821033-7157	14	1	0	0	4
s7158	14jxadu	0	81821033-7158	14	1	0	0	5
s7159	14jx	0	81821033-7159	14	1	0	1	0
s7160	14jxdb	0	81821033-7160	14	1	0	1	1
s7161	14jxdi	0	81821033-7161	14	1	0	1	2
s7162	14jxda	0	81821033-7162	14	1	0	1	3
s7163	14jxde	0	81821033-7163	14	1	0	1	4
s7164	14jxdu	0	81821033-7164	14	1	0	1	5
s7165	14jxr4	0	81821033-7165	14	1	0	2	0
s7166	14jxr4db	0	81821033-7166	14	1	0	2	1
s7167	14jxr4di	0	81821033-7167	14	1	0	2	2
s7168	14jxr4da	0	81821033-7168	14	1	0	2	3
s7169	14jxr4de	0	81821033-7169	14	1	0	2	4
s7170	14jxr4du	0	81821033-7170	14	1	0	2	5
s7171	14jxm2	0	81821033-7171	14	1	0	3	0
s7172	14jxm2db	0	81821033-7172	14	1	0	3	1
s7173	14jxm2di	0	81821033-7173	14	1	0	3	2
s7174	14jxm2da	0	81821033-7174	14	1	0	3	3
s7175	14jxm2de	0	81821033-7175	14	1	0	3	4
s7176	14jxm2du	0	81821033-7176	14	1	0	3	5
s7177	14jxmd2	0	81821033-7177	14	1	0	4	0
s7178	14jxmd2db	0	81821033-7178	14	1	0	4	1
s7179	14jxmd2di	0	81821033-7179	14	1	0	4	2
s7180	14jxmd2da	0	81821033-7180	14	1	0	4	3
s7181	14jxmd2de	0	81821033-7181	14	1	0	4	4
s7182	14jxmd2du	0	81821033-7182	14	1	0	4	5
s7183	14jxm4	0	81821033-7183	14	1	0	5	0
s7184	14jxm4db	0	81821033-7184	14	1	0	5	1
s7185	14jxm4di	0	81821033-7185	14	1	0	5	2
s7186	14jxm4da	0	81821033-7186	14	1	0	5	3
s7187	14jxm4de	0	81821033-7187	14	1	0	5	4
s7188	14jxm4du	0	81821033-7188	14	1	0	5	5
s7189	14jxmd4	0	81821033-7189	14	1	0	6	0
s7190	14jxmd4db	0	81821033-7190	14	1	0	6	1
s7191	14jxmd4di	0	81821033-7191	14	1	0	6	2
s7192	14jxmd4da	0	81821033-7192	14	1	0	6	3
s7193	14jxmd4de	0	81821033-7193	14	1	0	6	4
s7194	14jxmd4du	0	81821033-7194	14	1	0	6	5
s7195	14jxm8	0	81821033-7195	14	1	0	7	0
s7196	14jxm8db	0	81821033-7196	14	1	0	7	1
s7197	14jxm8di	0	81821033-7197	14	1	0	7	2
s7198	14jxm8da	0	81821033-7198	14	1	0	7	3
s7199	14jxm8de	0	81821033-7199	14	1	0	7	4
s7200	14jxm8du	0	81821033-7200	14	1	0	7	5
s7201	14x2a	1	81821033-7201	28	0	0	0	0
s7202	14x2adb	1	81821033-7202	28	0	0	0	1
s7203	14x2adi	0	81821033-7203	28	0	0	0	2
s7204	14x2ada	0	81821033-7204	28	0	0	0	3
s7205	14x2ade	0	81821033-7205	28	0	0	0	4
s7206	14x2adu	0	81821033-7206	28	0	0	0	5
s7207	14x2	1	81821033-7207	28	0	0	1	0
s7208	14x2db	1	81821033-7208	28	0	0	1	1
s7209	14x2di	0	81821033-7209	28	0	0	1	2
s7210	14x2da	0	81821033-7210	28	0	0	1	3
s7211	14x2de	0	81821033-7211	28	0	0	1	4
s7212	14x2du	0	81821033-7212	28	0	0	1	5
s7213	14x2r4	1	81821033-7213	28	0	0	2	0
s7214	14x2r4db	1	81821033-7214	28	0	0	2	1
s7215	14x2r4di	0	81821033-7215	28	0	0	2	2
s7216	14x2r4da	0	81821033-7216	28	0	0	2	3
s7217	14x2r4de	0	81821033-7217	28	0	0	2	4
s7218	14x2r4du	0	81821033-7218	28	0	0	2	5
s7219	14x2m2	1	81821033-7219	28	0	0	3	0
s7220	14x2m2db	1	81821033-7220	28	0	0	3	1
s7221	14x2m2di	0	81821033-7221	28	0	0	3	2
s7222	14x2m2da	0	81821033-7222	28	0	0	3	3
s7223	14x2m2de	0	81821033-7223	28	0	0	3	4
s7224	14x2m2du	0	81821033-7224	28	0	0	3	5
s7225	14x2md2	1	81821033-7225	28	0	0	4	0
s7226	14x2md2db	1	81821033-7226	28	0	0	4	1
s7227	14x2md2di	0	81821033-7227	28	0	0	4	2
s7228	14x2md2da	0	81821033-7228	28	0	0	4	3
s7229	14x2md2de	0	81821033-7229	28	0	0	4	4
s7230	14x2md2du	0	81821033-7230	28	0	0	4	5
s7231	14x2m4	1	81821033-7231	28	0	0	5	0
s7232	14x2m4db	1	81821033-7232	28	0	0	5	1
s7233	14x2m4di	0	81821033-7233	28	0	0	5	2
s7234	14x2m4da	0	81821033-7234	28	0	0	5	3
s7235	14x2m4de	0	81821033-7235	28	0	0	5	4
s7236	14x2m4du	0	81821033-7236	28	0	0	5	5
s7237	14x2md4	1	81821033-7237	28	0	0	6	0
s7238	14x2md4db	1	81821033-7238	28	0	0	6	1
s7239	14x2md4di	0	81821033-7239	28	0	0	6	2
s7240	14x2md4da	0	81821033-7240	28	0	0	6	3
s7241	14x2md4de	0	81821033-7241	28	0	0	6	4
s7242	14x2md4du	0	81821033-7242	28	0	0	6	5
s7243	14x2m8	1	81821033-7243	28	0	0	7	0
s7244	14x2m8db	1	81821033-7244	28	0	0	7	1
s7245	14x2m8di	0	81821033-7245	28	0	0	7	2
s7246	14x2m8da	0	81821033-7246	28	0	0	7	3
s7247	14x2m8de	0	81821033-7247	28	0	0	7	4
s7248	14x2m8du	0	81821033-7248	28	0	0	7	5
s7249	14x2xa	1	81821033-7249	28	1	0	0	0
s7250	14x2xadb	1	81821033-7250	28	1	0	0	1
s7251	14x2xadi	0	81821033-7251	28	1	0	0	2
s7252	14x2xada	0	81821033-7252	28	1	0	0	3
s7253	14x2xade	0	81821033-7253	28	1	0	0	4
s7254	14x2xadu	0	81821033-7254	28	1	0	0	5
s7255	14x2x	1	81821033-7255	28	1	0	1	0
s7256	14x2xdb	1	81821033-7256	28	1	0	1	1
s7257	14x2xdi	0	81821033-7257	28	1	0	1	2
s7258	14x2xda	0	81821033-7258	28	1	0	1	3
s7259	14x2xde	0	81821033-7259	28	1	0	1	4
s7260	14x2xdu	0	81821033-7260	28	1	0	1	5
s7261	14x2xr4	1	81821033-7261	28	1	0	2	0
s7262	14x2xr4db	1	81821033-7262	28	1	0	2	1
s7263	14x2xr4di	0	81821033-7263	28	1	0	2	2
s7264	14x2xr4da	0	81821033-7264	28	1	0	2	3
s7265	14x2xr4de	0	81821033-7265	28	1	0	2	4
s7266	14x2xr4du	0	81821033-7266	28	1	0	2	5
s7267	14x2xm2	1	81821033-7267	28	1	0	3	0
s7268	14x2xm2db	1	81821033-7268	28	1	0	3	1
s7269	14x2xm2di	0	81821033-7269	28	1	0	3	2
s7270	14x2xm2da	0	81821033-7270	28	1	0	3	3
s7271	14x2xm2de	0	81821033-7271	28	1	0	3	4
s7272	14x2xm2du	0	81821033-7272	28	1	0	3	5
s7273	14x2xmd2	1	81821033-7273	28	1	0	4	0
s7274	14x2xmd2db	1	81821033-7274	28	1	0	4	1
s7275	14x2xmd2di	0	81821033-7275	28	1	0	4	2
s7276	14x2xmd2da	0	81821033-7276	28	1	0	4	3
s7277	14x2xmd2de	0	81821033-7277	28	1	0	4	4
s7278	14x2xmd2du	0	81821033-7278	28	1	0	4	5
s7279	14x2xm4	1	81821033-7279	28	1	0	5	0
s7280	14x2xm4db	1	81821033-7280	28	1	0	5	1
s7281	14x2xm4di	0	81821033-7281	28	1	0	5	2
s7282	14x2xm4da	0	81821033-7282	28	1	0	5	3
s7283	14x2xm4de	0	81821033-7283	28	1	0	5	4
s7284	14x2xm4du	0	81821033-7284	28	1	0	5	5
s7285	14x2xmd4	1	81821033-7285	28	1	0	6	0
s7286	14x2xmd4db	1	81821033-7286	28	1	0	6	1
s7287	14x2xmd4di	0	81821033-7287	28	1	0	6	2
s7288	14x2xmd4da	0	81821033-7288	28	1	0	6	3
s7289	14x2xmd4de	0	81821033-7289	28	1	0	6	4
s7290	14x2xmd4du	0	81821033-7290	28	1	0	6	5
s7291	14x2xm8	1	81821033-7291	28	1	0	7	0
s7292	14x2xm8db	1	81821033-7292	28	1	0	7	1
s7293	14x2xm8di	0	81821033-7293	28	1	0	7	2
s7294	14x2xm8da	0	81821033-7294	28	1	0	7	3
s7295	14x2xm8de	0	81821033-7295	28	1	0	7	4
s7296	14x2xm8du	0	81821033-7296	28	1	0	7	5
s7297	15ja	0	81821033-7297	15	0	0	0	0
s7298	15jadb	0	81821033-7298	15	0	0	0	1
s7299	15jadi	0	81821033-7299	15	0	0	0	2
s7300	15jada	0	81821033-7300	15	0	0	0	3
s7301	15jade	0	81821033-7301	15	0	0	0	4
s7302	15jadu	0	81821033-7302	15	0	0	0	5
s7303	15j	0	81821033-7303	15	0	0	1	0
s7304	15jdb	0	81821033-7304	15	0	0	1	1
s7305	15jdi	0	81821033-7305	15	0	0	1	2
s7306	15jda	0	81821033-7306	15	0	0	1	3
s7307	15jde	0	81821033-7307	15	0	0	1	4
s7308	15jdu	0	81821033-7308	15	0	0	1	5
s7309	15jr4	0	81821033-7309	15	0	0	2	0
s7310	15jr4db	0	81821033-7310	15	0	0	2	1
s7311	15jr4di	0	81821033-7311	15	0	0	2	2
s7312	15jr4da	0	81821033-7312	15	0	0	2	3
s7313	15jr4de	0	81821033-7313	15	0	0	2	4
s7314	15jr4du	0	81821033-7314	15	0	0	2	5
s7315	15jm2	0	81821033-7315	15	0	0	3	0
s7316	15jm2db	0	81821033-7316	15	0	0	3	1
s7317	15jm2di	0	81821033-7317	15	0	0	3	2
s7318	15jm2da	0	81821033-7318	15	0	0	3	3
s7319	15jm2de	0	81821033-7319	15	0	0	3	4
s7320	15jm2du	0	81821033-7320	15	0	0	3	5
s7321	15jmd2	0	81821033-7321	15	0	0	4	0
s7322	15jmd2db	0	81821033-7322	15	0	0	4	1
s7323	15jmd2di	0	81821033-7323	15	0	0	4	2
s7324	15jmd2da	0	81821033-7324	15	0	0	4	3
s7325	15jmd2de	0	81821033-7325	15	0	0	4	4
s7326	15jmd2du	0	81821033-7326	15	0	0	4	5
s7327	15jm4	0	81821033-7327	15	0	0	5	0
s7328	15jm4db	0	81821033-7328	15	0	0	5	1
s7329	15jm4di	0	81821033-7329	15	0	0	5	2
s7330	15jm4da	0	81821033-7330	15	0	0	5	3
s7331	15jm4de	0	81821033-7331	15	0	0	5	4
s7332	15jm4du	0	81821033-7332	15	0	0	5	5
s7333	15jmd4	0	81821033-7333	15	0	0	6	0
s7334	15jmd4db	0	81821033-7334	15	0	0	6	1
s7335	15jmd4di	0	81821033-7335	15	0	0	6	2
s7336	15jmd4da	0	81821033-7336	15	0	0	6	3
s7337	15jmd4de	0	81821033-7337	15	0	0	6	4
s7338	15jmd4du	0	81821033-7338	15	0	0	6	5
s7339	15jm8	0	81821033-7339	15	0	0	7	0
s7340	15jm8db	0	81821033-7340	15	0	0	7	1
s7341	15jm8di	0	81821033-7341	15	0	0	7	2
s7342	15jm8da	0	81821033-7342	15	0	0	7	3
s7343	15jm8de	0	81821033-7343	15	0	0	7	4
s7344	15jm8du	0	81821033-7344	15	0	0	7	5
s7345	15jxa	0	81821033-7345	15	1	0	0	0
s7346	15jxadb	0	81821033-7346	15	1	0	0	1
s7347	15jxadi	0	81821033-7347	15	1	0	0	2
s7348	15jxada	0	81821033-7348	15	1	0	0	3
s7349	15jxade	0	81821033-7349	15	1	0	0	4
s7350	15jxadu	0	81821033-7350	15	1	0	0	5
s7351	15jx	0	81821033-7351	15	1	0	1	0
s7352	15jxdb	0	81821033-7352	15	1	0	1	1
s7353	15jxdi	0	81821033-7353	15	1	0	1	2
s7354	15jxda	0	81821033-7354	15	1	0	1	3
s7355	15jxde	0	81821033-7355	15	1	0	1	4
s7356	15jxdu	0	81821033-7356	15	1	0	1	5
s7357	15jxr4	0	81821033-7357	15	1	0	2	0
s7358	15jxr4db	0	81821033-7358	15	1	0	2	1
s7359	15jxr4di	0	81821033-7359	15	1	0	2	2
s7360	15jxr4da	0	81821033-7360	15	1	0	2	3
s7361	15jxr4de	0	81821033-7361	15	1	0	2	4
s7362	15jxr4du	0	81821033-7362	15	1	0	2	5
s7363	15jxm2	0	81821033-7363	15	1	0	3	0
s7364	15jxm2db	0	81821033-7364	15	1	0	3	1
s7365	15jxm2di	0	81821033-7365	15	1	0	3	2
s7366	15jxm2da	0	81821033-7366	15	1	0	3	3
s7367	15jxm2de	0	81821033-7367	15	1	0	3	4
s7368	15jxm2du	0	81821033-7368	15	1	0	3	5
s7369	15jxmd2	0	81821033-7369	15	1	0	4	0
s7370	15jxmd2db	0	81821033-7370	15	1	0	4	1
s7371	15jxmd2di	0	81821033-7371	15	1	0	4	2
s7372	15jxmd2da	0	81821033-7372	15	1	0	4	3
s7373	15jxmd2de	0	81821033-7373	15	1	0	4	4
s7374	15jxmd2du	0	81821033-7374	15	1	0	4	5
s7375	15jxm4	0	81821033-7375	15	1	0	5	0
s7376	15jxm4db	0	81821033-7376	15	1	0	5	1
s7377	15jxm4di	0	81821033-7377	15	1	0	5	2
s7378	15jxm4da	0	81821033-7378	15	1	0	5	3
s7379	15jxm4de	0	81821033-7379	15	1	0	5	4
s7380	15jxm4du	0	81821033-7380	15	1	0	5	5
s7381	15jxmd4	0	81821033-7381	15	1	0	6	0
s7382	15jxmd4db	0	81821033-7382	15	1	0	6	1
s7383	15jxmd4di	0	81821033-7383	15	1	0	6	2
s7384	15jxmd4da	0	81821033-7384	15	1	0	6	3
s7385	15jxmd4de	0	81821033-7385	15	1	0	6	4
s7386	15jxmd4du	0	81821033-7386	15	1	0	6	5
s7387	15jxm8	0	81821033-7387	15	1	0	7	0
s7388	15jxm8db	0	81821033-7388	15	1	0	7	1
s7389	15jxm8di	0	81821033-7389	15	1	0	7	2
s7390	15jxm8da	0	81821033-7390	15	1	0	7	3
s7391	15jxm8de	0	81821033-7391	15	1	0	7	4
s7392	15jxm8du	0	81821033-7392	15	1	0	7	5
s7393	15x2a	1	81821033-7393	30	0	0	0	0
s7394	15x2adb	1	81821033-7394	30	0	0	0	1
s7395	15x2adi	0	81821033-7395	30	0	0	0	2
s7396	15x2ada	0	81821033-7396	30	0	0	0	3
s7397	15x2ade	0	81821033-7397	30	0	0	0	4
s7398	15x2adu	0	81821033-7398	30	0	0	0	5
s7399	15x2	1	81821033-7399	30	0	0	1	0
s7400	15x2db	1	81821033-7400	30	0	0	1	1
s7401	15x2di	0	81821033-7401	30	0	0	1	2
s7402	15x2da	0	81821033-7402	30	0	0	1	3
s7403	15x2de	0	81821033-7403	30	0	0	1	4
s7404	15x2du	0	81821033-7404	30	0	0	1	5
s7405	15x2r4	1	81821033-7405	30	0	0	2	0
s7406	15x2r4db	1	81821033-7406	30	0	0	2	1
s7407	15x2r4di	0	81821033-7407	30	0	0	2	2
s7408	15x2r4da	0	81821033-7408	30	0	0	2	3
s7409	15x2r4de	0	81821033-7409	30	0	0	2	4
s7410	15x2r4du	0	81821033-7410	30	0	0	2	5
s7411	15x2m2	1	81821033-7411	30	0	0	3	0
s7412	15x2m2db	1	81821033-7412	30	0	0	3	1
s7413	15x2m2di	0	81821033-7413	30	0	0	3	2
s7414	15x2m2da	0	81821033-7414	30	0	0	3	3
s7415	15x2m2de	0	81821033-7415	30	0	0	3	4
s7416	15x2m2du	0	81821033-7416	30	0	0	3	5
s7417	15x2md2	1	81821033-7417	30	0	0	4	0
s7418	15x2md2db	1	81821033-7418	30	0	0	4	1
s7419	15x2md2di	0	81821033-7419	30	0	0	4	2
s7420	15x2md2da	0	81821033-7420	30	0	0	4	3
s7421	15x2md2de	0	81821033-7421	30	0	0	4	4
s7422	15x2md2du	0	81821033-7422	30	0	0	4	5
s7423	15x2m4	1	81821033-7423	30	0	0	5	0
s7424	15x2m4db	1	81821033-7424	30	0	0	5	1
s7425	15x2m4di	0	81821033-7425	30	0	0	5	2
s7426	15x2m4da	0	81821033-7426	30	0	0	5	3
s7427	15x2m4de	0	81821033-7427	30	0	0	5	4
s7428	15x2m4du	0	81821033-7428	30	0	0	5	5
s7429	15x2md4	1	81821033-7429	30	0	0	6	0
s7430	15x2md4db	1	81821033-7430	30	0	0	6	1
s7431	15x2md4di	0	81821033-7431	30	0	0	6	2
s7432	15x2md4da	0	81821033-7432	30	0	0	6	3
s7433	15x2md4de	0	81821033-7433	30	0	0	6	4
s7434	15x2md4du	0	81821033-7434	30	0	0	6	5
s7435	15x2m8	1	81821033-7435	30	0	0	7	0
s7436	15x2m8db	1	81821033-7436	30	0	0	7	1
s7437	15x2m8di	0	81821033-7437	30	0	0	7	2
s7438	15x2m8da	0	81821033-7438	30	0	0	7	3
s7439	15x2m8de	0	81821033-7439	30	0	0	7	4
s7440	15x2m8du	0	81821033-7440	30	0	0	7	5
s7441	15x2xa	1	81821033-7441	30	1	0	0	0
s7442	15x2xadb	1	81821033-7442	30	1	0	0	1
s7443	15x2xadi	0	81821033-7443	30	1	0	0	2
s7444	15x2xada	0	81821033-7444	30	1	0	0	3
s7445	15x2xade	0	81821033-7445	30	1	0	0	4
s7446	15x2xadu	0	81821033-7446	30	1	0	0	5
s7447	15x2x	1	81821033-7447	30	1	0	1	0
s7448	15x2xdb	1	81821033-7448	30	1	0	1	1
s7449	15x2xdi	0	81821033-7449	30	1	0	1	2
s7450	15x2xda	0	81821033-7450	30	1	0	1	3
s7451	15x2xde	0	81821033-7451	30	1	0	1	4
s7452	15x2xdu	0	81821033-7452	30	1	0	1	5
s7453	15x2xr4	1	81821033-7453	30	1	0	2	0
s7454	15x2xr4db	1	81821033-7454	30	1	0	2	1
s7455	15x2xr4di	0	81821033-7455	30	1	0	2	2
s7456	15x2xr4da	0	81821033-7456	30	1	0	2	3
s7457	15x2xr4de	0	81821033-7457	30	1	0	2	4
s7458	15x2xr4du	0	81821033-7458	30	1	0	2	5
s7459	15x2xm2	1	81821033-7459	30	1	0	3	0
s7460	15x2xm2db	1	81821033-7460	30	1	0	3	1
s7461	15x2xm2di	0	81821033-7461	30	1	0	3	2
s7462	15x2xm2da	0	81821033-7462	30	1	0	3	3
s7463	15x2xm2de	0	81821033-7463	30	1	0	3	4
s7464	15x2xm2du	0	81821033-7464	30	1	0	3	5
s7465	15x2xmd2	1	81821033-7465	30	1	0	4	0
s7466	15x2xmd2db	1	81821033-7466	30	1	0	4	1
s7467	15x2xmd2di	0	81821033-7467	30	1	0	4	2
s7468	15x2xmd2da	0	81821033-7468	30	1	0	4	3
s7469	15x2xmd2de	0	81821033-7469	30	1	0	4	4
s7470	15x2xmd2du	0	81821033-7470	30	1	0	4	5
s7471	15x2xm4	1	81821033-7471	30	1	0	5	0
s7472	15x2xm4db	1	81821033-7472	30	1	0	5	1
s7473	15x2xm4di	0	81821033-7473	30	1	0	5	2
s7474	15x2xm4da	0	81821033-7474	30	1	0	5	3
s7475	15x2xm4de	0	81821033-7475	30	1	0	5	4
s7476	15x2xm4du	0	81821033-7476	30	1	0	5	5
s7477	15x2xmd4	1	81821033-7477	30	1	0	6	0
s7478	15x2xmd4db	1	81821033-7478	30	1	0	6	1
s7479	15x2xmd4di	0	81821033-7479	30	1	0	6	2
s7480	15x2xmd4da	0	81821033-7480	30	1	0	6	3
s7481	15x2xmd4de	0	81821033-7481	30	1	0	6	4
s7482	15x2xmd4du	0	81821033-7482	30	1	0	6	5
s7483	15x2xm8	1	81821033-7483	30	1	0	7	0
s7484	15x2xm8db	1	81821033-7484	30	1	0	7	1
s7485	15x2xm8di	0	81821033-7485	30	1	0	7	2
s7486	15x2xm8da	0	81821033-7486	30	1	0	7	3
s7487	15x2xm8de	0	81821033-7487	30	1	0	7	4
s7488	15x2xm8du	0	81821033-7488	30	1	0	7	5
s7489	16ja	0	81821033-7489	16	0	0	0	0
s7490	16jadb	0	81821033-7490	16	0	0	0	1
s7491	16jadi	0	81821033-7491	16	0	0	0	2
s7492	16jada	0	81821033-7492	16	0	0	0	3
s7493	16jade	0	81821033-7493	16	0	0	0	4
s7494	16jadu	0	81821033-7494	16	0	0	0	5
s7495	16j	0	81821033-7495	16	0	0	1	0
s7496	16jdb	0	81821033-7496	16	0	0	1	1
s7497	16jdi	0	81821033-7497	16	0	0	1	2
s7498	16jda	0	81821033-7498	16	0	0	1	3
s7499	16jde	0	81821033-7499	16	0	0	1	4
s7500	16jdu	0	81821033-7500	16	0	0	1	5
s7501	16jr4	0	81821033-7501	16	0	0	2	0
s7502	16jr4db	0	81821033-7502	16	0	0	2	1
s7503	16jr4di	0	81821033-7503	16	0	0	2	2
s7504	16jr4da	0	81821033-7504	16	0	0	2	3
s7505	16jr4de	0	81821033-7505	16	0	0	2	4
s7506	16jr4du	0	81821033-7506	16	0	0	2	5
s7507	16jm2	0	81821033-7507	16	0	0	3	0
s7508	16jm2db	0	81821033-7508	16	0	0	3	1
s7509	16jm2di	0	81821033-7509	16	0	0	3	2
s7510	16jm2da	0	81821033-7510	16	0	0	3	3
s7511	16jm2de	0	81821033-7511	16	0	0	3	4
s7512	16jm2du	0	81821033-7512	16	0	0	3	5
s7513	16jmd2	0	81821033-7513	16	0	0	4	0
s7514	16jmd2db	0	81821033-7514	16	0	0	4	1
s7515	16jmd2di	0	81821033-7515	16	0	0	4	2
s7516	16jmd2da	0	81821033-7516	16	0	0	4	3
s7517	16jmd2de	0	81821033-7517	16	0	0	4	4
s7518	16jmd2du	0	81821033-7518	16	0	0	4	5
s7519	16jm4	0	81821033-7519	16	0	0	5	0
s7520	16jm4db	0	81821033-7520	16	0	0	5	1
s7521	16jm4di	0	81821033-7521	16	0	0	5	2
s7522	16jm4da	0	81821033-7522	16	0	0	5	3
s7523	16jm4de	0	81821033-7523	16	0	0	5	4
s7524	16jm4du	0	81821033-7524	16	0	0	5	5
s7525	16jmd4	0	81821033-7525	16	0	0	6	0
s7526	16jmd4db	0	81821033-7526	16	0	0	6	1
s7527	16jmd4di	0	81821033-7527	16	0	0	6	2
s7528	16jmd4da	0	81821033-7528	16	0	0	6	3
s7529	16jmd4de	0	81821033-7529	16	0	0	6	4
s7530	16jmd4du	0	81821033-7530	16	0	0	6	5
s7531	16jm8	0	81821033-7531	16	0	0	7	0
s7532	16jm8db	0	81821033-7532	16	0	0	7	1
s7533	16jm8di	0	81821033-7533	16	0	0	7	2
s7534	16jm8da	0	81821033-7534	16	0	0	7	3
s7535	16jm8de	0	81821033-7535	16	0	0	7	4
s7536	16jm8du	0	81821033-7536	16	0	0	7	5
s7537	16jxa	0	81821033-7537	16	1	0	0	0
s7538	16jxadb	0	81821033-7538	16	1	0	0	1
s7539	16jxadi	0	81821033-7539	16	1	0	0	2
s7540	16jxada	0	81821033-7540	16	1	0	0	3
s7541	16jxade	0	81821033-7541	16	1	0	0	4
s7542	16jxadu	0	81821033-7542	16	1	0	0	5
s7543	16jx	0	81821033-7543	16	1	0	1	0
s7544	16jxdb	0	81821033-7544	16	1	0	1	1
s7545	16jxdi	0	81821033-7545	16	1	0	1	2
s7546	16jxda	0	81821033-7546	16	1	0	1	3
s7547	16jxde	0	81821033-7547	16	1	0	1	4
s7548	16jxdu	0	81821033-7548	16	1	0	1	5
s7549	16jxr4	0	81821033-7549	16	1	0	2	0
s7550	16jxr4db	0	81821033-7550	16	1	0	2	1
s7551	16jxr4di	0	81821033-7551	16	1	0	2	2
s7552	16jxr4da	0	81821033-7552	16	1	0	2	3
s7553	16jxr4de	0	81821033-7553	16	1	0	2	4
s7554	16jxr4du	0	81821033-7554	16	1	0	2	5
s7555	16jxm2	0	81821033-7555	16	1	0	3	0
s7556	16jxm2db	0	81821033-7556	16	1	0	3	1
s7557	16jxm2di	0	81821033-7557	16	1	0	3	2
s7558	16jxm2da	0	81821033-7558	16	1	0	3	3
s7559	16jxm2de	0	81821033-7559	16	1	0	3	4
s7560	16jxm2du	0	81821033-7560	16	1	0	3	5
s7561	16jxmd2	0	81821033-7561	16	1	0	4	0
s7562	16jxmd2db	0	81821033-7562	16	1	0	4	1
s7563	16jxmd2di	0	81821033-7563	16	1	0	4	2
s7564	16jxmd2da	0	81821033-7564	16	1	0	4	3
s7565	16jxmd2de	0	81821033-7565	16	1	0	4	4
s7566	16jxmd2du	0	81821033-7566	16	1	0	4	5
s7567	16jxm4	0	81821033-7567	16	1	0	5	0
s7568	16jxm4db	0	81821033-7568	16	1	0	5	1
s7569	16jxm4di	0	81821033-7569	16	1	0	5	2
s7570	16jxm4da	0	81821033-7570	16	1	0	5	3
s7571	16jxm4de	0	81821033-7571	16	1	0	5	4
s7572	16jxm4du	0	81821033-7572	16	1	0	5	5
s7573	16jxmd4	0	81821033-7573	16	1	0	6	0
s7574	16jxmd4db	0	81821033-7574	16	1	0	6	1
s7575	16jxmd4di	0	81821033-7575	16	1	0	6	2
s7576	16jxmd4da	0	81821033-7576	16	1	0	6	3
s7577	16jxmd4de	0	81821033-7577	16	1	0	6	4
s7578	16jxmd4du	0	81821033-7578	16	1	0	6	5
s7579	16jxm8	0	81821033-7579	16	1	0	7	0
s7580	16jxm8db	0	81821033-7580	16	1	0	7	1
s7581	16jxm8di	0	81821033-7581	16	1	0	7	2
s7582	16jxm8da	0	81821033-7582	16	1	0	7	3
s7583	16jxm8de	0	81821033-7583	16	1	0	7	4
s7584	16jxm8du	0	81821033-7584	16	1	0	7	5
s7585	17ja	0	81821033-7585	17	0	0	0	0
s7586	17jadb	0	81821033-7586	17	0	0	0	1
s7587	17jadi	0	81821033-7587	17	0	0	0	2
s7588	17jada	0	81821033-7588	17	0	0	0	3
s7589	17jade	0	81821033-7589	17	0	0	0	4
s7590	17jadu	0	81821033-7590	17	0	0	0	5
s7591	17j	0	81821033-7591	17	0	0	1	0
s7592	17jdb	0	81821033-7592	17	0	0	1	1
s7593	17jdi	0	81821033-7593	17	0	0	1	2
s7594	17jda	0	81821033-7594	17	0	0	1	3
s7595	17jde	0	81821033-7595	17	0	0	1	4
s7596	17jdu	0	81821033-7596	17	0	0	1	5
s7597	17jr4	0	81821033-7597	17	0	0	2	0
s7598	17jr4db	0	81821033-7598	17	0	0	2	1
s7599	17jr4di	0	81821033-7599	17	0	0	2	2
s7600	17jr4da	0	81821033-7600	17	0	0	2	3
s7601	17jr4de	0	81821033-7601	17	0	0	2	4
s7602	17jr4du	0	81821033-7602	17	0	0	2	5
s7603	17jm2	0	81821033-7603	17	0	0	3	0
s7604	17jm2db	0	81821033-7604	17	0	0	3	1
s7605	17jm2di	0	81821033-7605	17	0	0	3	2
s7606	17jm2da	0	81821033-7606	17	0	0	3	3
s7607	17jm2de	0	81821033-7607	17	0	0	3	4
s7608	17jm2du	0	81821033-7608	17	0	0	3	5
s7609	17jmd2	0	81821033-7609	17	0	0	4	0
s7610	17jmd2db	0	81821033-7610	17	0	0	4	1
s7611	17jmd2di	0	81821033-7611	17	0	0	4	2
s7612	17jmd2da	0	81821033-7612	17	0	0	4	3
s7613	17jmd2de	0	81821033-7613	17	0	0	4	4
s7614	17jmd2du	0	81821033-7614	17	0	0	4	5
s7615	17jm4	0	81821033-7615	17	0	0	5	0
s7616	17jm4db	0	81821033-7616	17	0	0	5	1
s7617	17jm4di	0	81821033-7617	17	0	0	5	2
s7618	17jm4da	0	81821033-7618	17	0	0	5	3
s7619	17jm4de	0	81821033-7619	17	0	0	5	4
s7620	17jm4du	0	81821033-7620	17	0	0	5	5
s7621	17jmd4	0	81821033-7621	17	0	0	6	0
s7622	17jmd4db	0	81821033-7622	17	0	0	6	1
s7623	17jmd4di	0	81821033-7623	17	0	0	6	2
s7624	17jmd4da	0	81821033-7624	17	0	0	6	3
s7625	17jmd4de	0	81821033-7625	17	0	0	6	4
s7626	17jmd4du	0	81821033-7626	17	0	0	6	5
s7627	17jm8	0	81821033-7627	17	0	0	7	0
s7628	17jm8db	0	81821033-7628	17	0	0	7	1
s7629	17jm8di	0	81821033-7629	17	0	0	7	2
s7630	17jm8da	0	81821033-7630	17	0	0	7	3
s7631	17jm8de	0	81821033-7631	17	0	0	7	4
s7632	17jm8du	0	81821033-7632	17	0	0	7	5
s7633	17jxa	0	81821033-7633	17	1	0	0	0
s7634	17jxadb	0	81821033-7634	17	1	0	0	1
s7635	17jxadi	0	81821033-7635	17	1	0	0	2
s7636	17jxada	0	81821033-7636	17	1	0	0	3
s7637	17jxade	0	81821033-7637	17	1	0	0	4
s7638	17jxadu	0	81821033-7638	17	1	0	0	5
s7639	17jx	0	81821033-7639	17	1	0	1	0
s7640	17jxdb	0	81821033-7640	17	1	0	1	1
s7641	17jxdi	0	81821033-7641	17	1	0	1	2
s7642	17jxda	0	81821033-7642	17	1	0	1	3
s7643	17jxde	0	81821033-7643	17	1	0	1	4
s7644	17jxdu	0	81821033-7644	17	1	0	1	5
s7645	17jxr4	0	81821033-7645	17	1	0	2	0
s7646	17jxr4db	0	81821033-7646	17	1	0	2	1
s7647	17jxr4di	0	81821033-7647	17	1	0	2	2
s7648	17jxr4da	0	81821033-7648	17	1	0	2	3
s7649	17jxr4de	0	81821033-7649	17	1	0	2	4
s7650	17jxr4du	0	81821033-7650	17	1	0	2	5
s7651	17jxm2	0	81821033-7651	17	1	0	3	0
s7652	17jxm2db	0	81821033-7652	17	1	0	3	1
s7653	17jxm2di	0	81821033-7653	17	1	0	3	2
s7654	17jxm2da	0	81821033-7654	17	1	0	3	3
s7655	17jxm2de	0	81821033-7655	17	1	0	3	4
s7656	17jxm2du	0	81821033-7656	17	1	0	3	5
s7657	17jxmd2	0	81821033-7657	17	1	0	4	0
s7658	17jxmd2db	0	81821033-7658	17	1	0	4	1
s7659	17jxmd2di	0	81821033-7659	17	1	0	4	2
s7660	17jxmd2da	0	81821033-7660	17	1	0	4	3
s7661	17jxmd2de	0	81821033-7661	17	1	0	4	4
s7662	17jxmd2du	0	81821033-7662	17	1	0	4	5
s7663	17jxm4	0	81821033-7663	17	1	0	5	0
s7664	17jxm4db	0	81821033-7664	17	1	0	5	1
s7665	17jxm4di	0	81821033-7665	17	1	0	5	2
s7666	17jxm4da	0	81821033-7666	17	1	0	5	3
s7667	17jxm4de	0	81821033-7667	17	1	0	5	4
s7668	17jxm4du	0	81821033-7668	17	1	0	5	5
s7669	17jxmd4	0	81821033-7669	17	1	0	6	0
s7670	17jxmd4db	0	81821033-7670	17	1	0	6	1
s7671	17jxmd4di	0	81821033-7671	17	1	0	6	2
s7672	17jxmd4da	0	81821033-7672	17	1	0	6	3
s7673	17jxmd4de	0	81821033-7673	17	1	0	6	4
s7674	17jxmd4du	0	81821033-7674	17	1	0	6	5
s7675	17jxm8	0	81821033-7675	17	1	0	7	0
s7676	17jxm8db	0	81821033-7676	17	1	0	7	1
s7677	17jxm8di	0	81821033-7677	17	1	0	7	2
s7678	17jxm8da	0	81821033-7678	17	1	0	7	3
s7679	17jxm8de	0	81821033-7679	17	1	0	7	4
s7680	17jxm8du	0	81821033-7680	17	1	0	7	5
s7681	18ja	0	81821033-7681	18	0	0	0	0
s7682	18jadb	0	81821033-7682	18	0	0	0	1
s7683	18jadi	0	81821033-7683	18	0	0	0	2
s7684	18jada	0	81821033-7684	18	0	0	0	3
s7685	18jade	0	81821033-7685	18	0	0	0	4
s7686	18jadu	0	81821033-7686	18	0	0	0	5
s7687	18j	0	81821033-7687	18	0	0	1	0
s7688	18jdb	0	81821033-7688	18	0	0	1	1
s7689	18jdi	0	81821033-7689	18	0	0	1	2
s7690	18jda	0	81821033-7690	18	0	0	1	3
s7691	18jde	0	81821033-7691	18	0	0	1	4
s7692	18jdu	0	81821033-7692	18	0	0	1	5
s7693	18jr4	0	81821033-7693	18	0	0	2	0
s7694	18jr4db	0	81821033-7694	18	0	0	2	1
s7695	18jr4di	0	81821033-7695	18	0	0	2	2
s7696	18jr4da	0	81821033-7696	18	0	0	2	3
s7697	18jr4de	0	81821033-7697	18	0	0	2	4
s7698	18jr4du	0	81821033-7698	18	0	0	2	5
s7699	18jm2	0	81821033-7699	18	0	0	3	0
s7700	18jm2db	0	81821033-7700	18	0	0	3	1
s7701	18jm2di	0	81821033-7701	18	0	0	3	2
s7702	18jm2da	0	81821033-7702	18	0	0	3	3
s7703	18jm2de	0	81821033-7703	18	0	0	3	4
s7704	18jm2du	0	81821033-7704	18	0	0	3	5
s7705	18jmd2	0	81821033-7705	18	0	0	4	0
s7706	18jmd2db	0	81821033-7706	18	0	0	4	1
s7707	18jmd2di	0	81821033-7707	18	0	0	4	2
s7708	18jmd2da	0	81821033-7708	18	0	0	4	3
s7709	18jmd2de	0	81821033-7709	18	0	0	4	4
s7710	18jmd2du	0	81821033-7710	18	0	0	4	5
s7711	18jm4	0	81821033-7711	18	0	0	5	0
s7712	18jm4db	0	81821033-7712	18	0	0	5	1
s7713	18jm4di	0	81821033-7713	18	0	0	5	2
s7714	18jm4da	0	81821033-7714	18	0	0	5	3
s7715	18jm4de	0	81821033-7715	18	0	0	5	4
s7716	18jm4du	0	81821033-7716	18	0	0	5	5
s7717	18jmd4	0	81821033-7717	18	0	0	6	0
s7718	18jmd4db	0	81821033-7718	18	0	0	6	1
s7719	18jmd4di	0	81821033-7719	18	0	0	6	2
s7720	18jmd4da	0	81821033-7720	18	0	0	6	3
s7721	18jmd4de	0	81821033-7721	18	0	0	6	4
s7722	18jmd4du	0	81821033-7722	18	0	0	6	5
s7723	18jm8	0	81821033-7723	18	0	0	7	0
s7724	18jm8db	0	81821033-7724	18	0	0	7	1
s7725	18jm8di	0	81821033-7725	18	0	0	7	2
s7726	18jm8da	0	81821033-7726	18	0	0	7	3
s7727	18jm8de	0	81821033-7727	18	0	0	7	4
s7728	18jm8du	0	81821033-7728	18	0	0	7	5
s7729	18jxa	0	81821033-7729	18	1	0	0	0
s7730	18jxadb	0	81821033-7730	18	1	0	0	1
s7731	18jxadi	0	81821033-7731	18	1	0	0	2
s7732	18jxada	0	81821033-7732	18	1	0	0	3
s7733	18jxade	0	81821033-7733	18	1	0	0	4
s7734	18jxadu	0	81821033-7734	18	1	0	0	5
s7735	18jx	0	81821033-7735	18	1	0	1	0
s7736	18jxdb	0	81821033-7736	18	1	0	1	1
s7737	18jxdi	0	81821033-7737	18	1	0	1	2
s7738	18jxda	0	81821033-7738	18	1	0	1	3
s7739	18jxde	0	81821033-7739	18	1	0	1	4
s7740	18jxdu	0	81821033-7740	18	1	0	1	5
s7741	18jxr4	0	81821033-7741	18	1	0	2	0
s7742	18jxr4db	0	81821033-7742	18	1	0	2	1
s7743	18jxr4di	0	81821033-7743	18	1	0	2	2
s7744	18jxr4da	0	81821033-7744	18	1	0	2	3
s7745	18jxr4de	0	81821033-7745	18	1	0	2	4
s7746	18jxr4du	0	81821033-7746	18	1	0	2	5
s7747	18jxm2	0	81821033-7747	18	1	0	3	0
s7748	18jxm2db	0	81821033-7748	18	1	0	3	1
s7749	18jxm2di	0	81821033-7749	18	1	0	3	2
s7750	18jxm2da	0	81821033-7750	18	1	0	3	3
s7751	18jxm2de	0	81821033-7751	18	1	0	3	4
s7752	18jxm2du	0	81821033-7752	18	1	0	3	5
s7753	18jxmd2	0	81821033-7753	18	1	0	4	0
s7754	18jxmd2db	0	81821033-7754	18	1	0	4	1
s7755	18jxmd2di	0	81821033-7755	18	1	0	4	2
s7756	18jxmd2da	0	81821033-7756	18	1	0	4	3
s7757	18jxmd2de	0	81821033-7757	18	1	0	4	4
s7758	18jxmd2du	0	81821033-7758	18	1	0	4	5
s7759	18jxm4	0	81821033-7759	18	1	0	5	0
s7760	18jxm4db	0	81821033-7760	18	1	0	5	1
s7761	18jxm4di	0	81821033-7761	18	1	0	5	2
s7762	18jxm4da	0	81821033-7762	18	1	0	5	3
s7763	18jxm4de	0	81821033-7763	18	1	0	5	4
s7764	18jxm4du	0	81821033-7764	18	1	0	5	5
s7765	18jxmd4	0	81821033-7765	18	1	0	6	0
s7766	18jxmd4db	0	81821033-7766	18	1	0	6	1
s7767	18jxmd4di	0	81821033-7767	18	1	0	6	2
s7768	18jxmd4da	0	81821033-7768	18	1	0	6	3
s7769	18jxmd4de	0	81821033-7769	18	1	0	6	4
s7770	18jxmd4du	0	81821033-7770	18	1	0	6	5
s7771	18jxm8	0	81821033-7771	18	1	0	7	0
s7772	18jxm8db	0	81821033-7772	18	1	0	7	1
s7773	18jxm8di	0	81821033-7773	18	1	0	7	2
s7774	18jxm8da	0	81821033-7774	18	1	0	7	3
s7775	18jxm8de	0	81821033-7775	18	1	0	7	4
s7776	18jxm8du	0	81821033-7776	18	1	0	7	5
s7777	19ja	0	81821033-7777	19	0	0	0	0
s7778	19jadb	0	81821033-7778	19	0	0	0	1
s7779	19jadi	0	81821033-7779	19	0	0	0	2
s7780	19jada	0	81821033-7780	19	0	0	0	3
s7781	19jade	0	81821033-7781	19	0	0	0	4
s7782	19jadu	0	81821033-7782	19	0	0	0	5
s7783	19j	0	81821033-7783	19	0	0	1	0
s7784	19jdb	0	81821033-7784	19	0	0	1	1
s7785	19jdi	0	81821033-7785	19	0	0	1	2
s7786	19jda	0	81821033-7786	19	0	0	1	3
s7787	19jde	0	81821033-7787	19	0	0	1	4
s7788	19jdu	0	81821033-7788	19	0	0	1	5
s7789	19jr4	0	81821033-7789	19	0	0	2	0
s7790	19jr4db	0	81821033-7790	19	0	0	2	1
s7791	19jr4di	0	81821033-7791	19	0	0	2	2
s7792	19jr4da	0	81821033-7792	19	0	0	2	3
s7793	19jr4de	0	81821033-7793	19	0	0	2	4
s7794	19jr4du	0	81821033-7794	19	0	0	2	5
s7795	19jm2	0	81821033-7795	19	0	0	3	0
s7796	19jm2db	0	81821033-7796	19	0	0	3	1
s7797	19jm2di	0	81821033-7797	19	0	0	3	2
s7798	19jm2da	0	81821033-7798	19	0	0	3	3
s7799	19jm2de	0	81821033-7799	19	0	0	3	4
s7800	19jm2du	0	81821033-7800	19	0	0	3	5
s7801	19jmd2	0	81821033-7801	19	0	0	4	0
s7802	19jmd2db	0	81821033-7802	19	0	0	4	1
s7803	19jmd2di	0	81821033-7803	19	0	0	4	2
s7804	19jmd2da	0	81821033-7804	19	0	0	4	3
s7805	19jmd2de	0	81821033-7805	19	0	0	4	4
s7806	19jmd2du	0	81821033-7806	19	0	0	4	5
s7807	19jm4	0	81821033-7807	19	0	0	5	0
s7808	19jm4db	0	81821033-7808	19	0	0	5	1
s7809	19jm4di	0	81821033-7809	19	0	0	5	2
s7810	19jm4da	0	81821033-7810	19	0	0	5	3
s7811	19jm4de	0	81821033-7811	19	0	0	5	4
s7812	19jm4du	0	81821033-7812	19	0	0	5	5
s7813	19jmd4	0	81821033-7813	19	0	0	6	0
s7814	19jmd4db	0	81821033-7814	19	0	0	6	1
s7815	19jmd4di	0	81821033-7815	19	0	0	6	2
s7816	19jmd4da	0	81821033-7816	19	0	0	6	3
s7817	19jmd4de	0	81821033-7817	19	0	0	6	4
s7818	19jmd4du	0	81821033-7818	19	0	0	6	5
s7819	19jm8	0	81821033-7819	19	0	0	7	0
s7820	19jm8db	0	81821033-7820	19	0	0	7	1
s7821	19jm8di	0	81821033-7821	19	0	0	7	2
s7822	19jm8da	0	81821033-7822	19	0	0	7	3
s7823	19jm8de	0	81821033-7823	19	0	0	7	4
s7824	19jm8du	0	81821033-7824	19	0	0	7	5
s7825	19jxa	0	81821033-7825	19	1	0	0	0
s7826	19jxadb	0	81821033-7826	19	1	0	0	1
s7827	19jxadi	0	81821033-7827	19	1	0	0	2
s7828	19jxada	0	81821033-7828	19	1	0	0	3
s7829	19jxade	0	81821033-7829	19	1	0	0	4
s7830	19jxadu	0	81821033-7830	19	1	0	0	5
s7831	19jx	0	81821033-7831	19	1	0	1	0
s7832	19jxdb	0	81821033-7832	19	1	0	1	1
s7833	19jxdi	0	81821033-7833	19	1	0	1	2
s7834	19jxda	0	81821033-7834	19	1	0	1	3
s7835	19jxde	0	81821033-7835	19	1	0	1	4
s7836	19jxdu	0	81821033-7836	19	1	0	1	5
s7837	19jxr4	0	81821033-7837	19	1	0	2	0
s7838	19jxr4db	0	81821033-7838	19	1	0	2	1
s7839	19jxr4di	0	81821033-7839	19	1	0	2	2
s7840	19jxr4da	0	81821033-7840	19	1	0	2	3
s7841	19jxr4de	0	81821033-7841	19	1	0	2	4
s7842	19jxr4du	0	81821033-7842	19	1	0	2	5
s7843	19jxm2	0	81821033-7843	19	1	0	3	0
s7844	19jxm2db	0	81821033-7844	19	1	0	3	1
s7845	19jxm2di	0	81821033-7845	19	1	0	3	2
s7846	19jxm2da	0	81821033-7846	19	1	0	3	3
s7847	19jxm2de	0	81821033-7847	19	1	0	3	4
s7848	19jxm2du	0	81821033-7848	19	1	0	3	5
s7849	19jxmd2	0	81821033-7849	19	1	0	4	0
s7850	19jxmd2db	0	81821033-7850	19	1	0	4	1
s7851	19jxmd2di	0	81821033-7851	19	1	0	4	2
s7852	19jxmd2da	0	81821033-7852	19	1	0	4	3
s7853	19jxmd2de	0	81821033-7853	19	1	0	4	4
s7854	19jxmd2du	0	81821033-7854	19	1	0	4	5
s7855	19jxm4	0	81821033-7855	19	1	0	5	0
s7856	19jxm4db	0	81821033-7856	19	1	0	5	1
s7857	19jxm4di	0	81821033-7857	19	1	0	5	2
s7858	19jxm4da	0	81821033-7858	19	1	0	5	3
s7859	19jxm4de	0	81821033-7859	19	1	0	5	4
s7860	19jxm4du	0	81821033-7860	19	1	0	5	5
s7861	19jxmd4	0	81821033-7861	19	1	0	6	0
s7862	19jxmd4db	0	81821033-7862	19	1	0	6	1
s7863	19jxmd4di	0	81821033-7863	19	1	0	6	2
s7864	19jxmd4da	0	81821033-7864	19	1	0	6	3
s7865	19jxmd4de	0	81821033-7865	19	1	0	6	4
s7866	19jxmd4du	0	81821033-7866	19	1	0	6	5
s7867	19jxm8	0	81821033-7867	19	1	0	7	0
s7868	19jxm8db	0	81821033-7868	19	1	0	7	1
s7869	19jxm8di	0	81821033-7869	19	1	0	7	2
s7870	19jxm8da	0	81821033-7870	19	1	0	7	3
s7871	19jxm8de	0	81821033-7871	19	1	0	7	4
s7872	19jxm8du	0	81821033-7872	19	1	0	7	5
s7873	20ja	0	81821033-7873	20	0	0	0	0
s7874	20jadb	0	81821033-7874	20	0	0	0	1
s7875	20jadi	0	81821033-7875	20	0	0	0	2
s7876	20jada	0	81821033-7876	20	0	0	0	3
s7877	20jade	0	81821033-7877	20	0	0	0	4
s7878	20jadu	0	81821033-7878	20	0	0	0	5
s7879	20j	0	81821033-7879	20	0	0	1	0
s7880	20jdb	0	81821033-7880	20	0	0	1	1
s7881	20jdi	0	81821033-7881	20	0	0	1	2
s7882	20jda	0	81821033-7882	20	0	0	1	3
s7883	20jde	0	81821033-7883	20	0	0	1	4
s7884	20jdu	0	81821033-7884	20	0	0	1	5
s7885	20jr4	0	81821033-7885	20	0	0	2	0
s7886	20jr4db	0	81821033-7886	20	0	0	2	1
s7887	20jr4di	0	81821033-7887	20	0	0	2	2
s7888	20jr4da	0	81821033-7888	20	0	0	2	3
s7889	20jr4de	0	81821033-7889	20	0	0	2	4
s7890	20jr4du	0	81821033-7890	20	0	0	2	5
s7891	20jm2	0	81821033-7891	20	0	0	3	0
s7892	20jm2db	0	81821033-7892	20	0	0	3	1
s7893	20jm2di	0	81821033-7893	20	0	0	3	2
s7894	20jm2da	0	81821033-7894	20	0	0	3	3
s7895	20jm2de	0	81821033-7895	20	0	0	3	4
s7896	20jm2du	0	81821033-7896	20	0	0	3	5
s7897	20jmd2	0	81821033-7897	20	0	0	4	0
s7898	20jmd2db	0	81821033-7898	20	0	0	4	1
s7899	20jmd2di	0	81821033-7899	20	0	0	4	2
s7900	20jmd2da	0	81821033-7900	20	0	0	4	3
s7901	20jmd2de	0	81821033-7901	20	0	0	4	4
s7902	20jmd2du	0	81821033-7902	20	0	0	4	5
s7903	20jm4	0	81821033-7903	20	0	0	5	0
s7904	20jm4db	0	81821033-7904	20	0	0	5	1
s7905	20jm4di	0	81821033-7905	20	0	0	5	2
s7906	20jm4da	0	81821033-7906	20	0	0	5	3
s7907	20jm4de	0	81821033-7907	20	0	0	5	4
s7908	20jm4du	0	81821033-7908	20	0	0	5	5
s7909	20jmd4	0	81821033-7909	20	0	0	6	0
s7910	20jmd4db	0	81821033-7910	20	0	0	6	1
s7911	20jmd4di	0	81821033-7911	20	0	0	6	2
s7912	20jmd4da	0	81821033-7912	20	0	0	6	3
s7913	20jmd4de	0	81821033-7913	20	0	0	6	4
s7914	20jmd4du	0	81821033-7914	20	0	0	6	5
s7915	20jm8	0	81821033-7915	20	0	0	7	0
s7916	20jm8db	0	81821033-7916	20	0	0	7	1
s7917	20jm8di	0	81821033-7917	20	0	0	7	2
s7918	20jm8da	0	81821033-7918	20	0	0	7	3
s7919	20jm8de	0	81821033-7919	20	0	0	7	4
s7920	20jm8du	0	81821033-7920	20	0	0	7	5
s7921	20jxa	0	81821033-7921	20	1	0	0	0
s7922	20jxadb	0	81821033-7922	20	1	0	0	1
s7923	20jxadi	0	81821033-7923	20	1	0	0	2
s7924	20jxada	0	81821033-7924	20	1	0	0	3
s7925	20jxade	0	81821033-7925	20	1	0	0	4
s7926	20jxadu	0	81821033-7926	20	1	0	0	5
s7927	20jx	0	81821033-7927	20	1	0	1	0
s7928	20jxdb	0	81821033-7928	20	1	0	1	1
s7929	20jxdi	0	81821033-7929	20	1	0	1	2
s7930	20jxda	0	81821033-7930	20	1	0	1	3
s7931	20jxde	0	81821033-7931	20	1	0	1	4
s7932	20jxdu	0	81821033-7932	20	1	0	1	5
s7933	20jxr4	0	81821033-7933	20	1	0	2	0
s7934	20jxr4db	0	81821033-7934	20	1	0	2	1
s7935	20jxr4di	0	81821033-7935	20	1	0	2	2
s7936	20jxr4da	0	81821033-7936	20	1	0	2	3
s7937	20jxr4de	0	81821033-7937	20	1	0	2	4
s7938	20jxr4du	0	81821033-7938	20	1	0	2	5
s7939	20jxm2	0	81821033-7939	20	1	0	3	0
s7940	20jxm2db	0	81821033-7940	20	1	0	3	1
s7941	20jxm2di	0	81821033-7941	20	1	0	3	2
s7942	20jxm2da	0	81821033-7942	20	1	0	3	3
s7943	20jxm2de	0	81821033-7943	20	1	0	3	4
s7944	20jxm2du	0	81821033-7944	20	1	0	3	5
s7945	20jxmd2	0	81821033-7945	20	1	0	4	0
s7946	20jxmd2db	0	81821033-7946	20	1	0	4	1
s7947	20jxmd2di	0	81821033-7947	20	1	0	4	2
s7948	20jxmd2da	0	81821033-7948	20	1	0	4	3
s7949	20jxmd2de	0	81821033-7949	20	1	0	4	4
s7950	20jxmd2du	0	81821033-7950	20	1	0	4	5
s7951	20jxm4	0	81821033-7951	20	1	0	5	0
s7952	20jxm4db	0	81821033-7952	20	1	0	5	1
s7953	20jxm4di	0	81821033-7953	20	1	0	5	2
s7954	20jxm4da	0	81821033-7954	20	1	0	5	3
s7955	20jxm4de	0	81821033-7955	20	1	0	5	4
s7956	20jxm4du	0	81821033-7956	20	1	0	5	5
s7957	20jxmd4	0	81821033-7957	20	1	0	6	0
s7958	20jxmd4db	0	81821033-7958	20	1	0	6	1
s7959	20jxmd4di	0	81821033-7959	20	1	0	6	2
s7960	20jxmd4da	0	81821033-7960	20	1	0	6	3
s7961	20jxmd4de	0	81821033-7961	20	1	0	6	4
s7962	20jxmd4du	0	81821033-7962	20	1	0	6	5
s7963	20jxm8	0	81821033-7963	20	1	0	7	0
s7964	20jxm8db	0	81821033-7964	20	1	0	7	1
s7965	20jxm8di	0	81821033-7965	20	1	0	7	2
s7966	20jxm8da	0	81821033-7966	20	1	0	7	3
s7967	20jxm8de	0	81821033-7967	20	1	0	7	4
s7968	20jxm8du	0	81821033-7968	20	1	0	7	5
s7969	21ja	0	81821033-7969	21	0	0	0	0
s7970	21jadb	0	81821033-7970	21	0	0	0	1
s7971	21jadi	0	81821033-7971	21	0	0	0	2
s7972	21jada	0	81821033-7972	21	0	0	0	3
s7973	21jade	0	81821033-7973	21	0	0	0	4
s7974	21jadu	0	81821033-7974	21	0	0	0	5
s7975	21j	0	81821033-7975	21	0	0	1	0
s7976	21jdb	0	81821033-7976	21	0	0	1	1
s7977	21jdi	0	81821033-7977	21	0	0	1	2
s7978	21jda	0	81821033-7978	21	0	0	1	3
s7979	21jde	0	81821033-7979	21	0	0	1	4
s7980	21jdu	0	81821033-7980	21	0	0	1	5
s7981	21jr4	0	81821033-7981	21	0	0	2	0
s7982	21jr4db	0	81821033-7982	21	0	0	2	1
s7983	21jr4di	0	81821033-7983	21	0	0	2	2
s7984	21jr4da	0	81821033-7984	21	0	0	2	3
s7985	21jr4de	0	81821033-7985	21	0	0	2	4
s7986	21jr4du	0	81821033-7986	21	0	0	2	5
s7987	21jm2	0	81821033-7987	21	0	0	3	0
s7988	21jm2db	0	81821033-7988	21	0	0	3	1
s7989	21jm2di	0	81821033-7989	21	0	0	3	2
s7990	21jm2da	0	81821033-7990	21	0	0	3	3
s7991	21jm2de	0	81821033-7991	21	0	0	3	4
s7992	21jm2du	0	81821033-7992	21	0	0	3	5
s7993	21jmd2	0	81821033-7993	21	0	0	4	0
s7994	21jmd2db	0	81821033-7994	21	0	0	4	1
s7995	21jmd2di	0	81821033-7995	21	0	0	4	2
s7996	21jmd2da	0	81821033-7996	21	0	0	4	3
s7997	21jmd2de	0	81821033-7997	21	0	0	4	4
s7998	21jmd2du	0	81821033-7998	21	0	0	4	5
s7999	21jm4	0	81821033-7999	21	0	0	5	0
s8000	21jm4db	0	81821033-8000	21	0	0	5	1
s8001	21jm4di	0	81821033-8001	21	0	0	5	2
s8002	21jm4da	0	81821033-8002	21	0	0	5	3
s8003	21jm4de	0	81821033-8003	21	0	0	5	4
s8004	21jm4du	0	81821033-8004	21	0	0	5	5
s8005	21jmd4	0	81821033-8005	21	0	0	6	0
s8006	21jmd4db	0	81821033-8006	21	0	0	6	1
s8007	21jmd4di	0	81821033-8007	21	0	0	6	2
s8008	21jmd4da	0	81821033-8008	21	0	0	6	3
s8009	21jmd4de	0	81821033-8009	21	0	0	6	4
s8010	21jmd4du	0	81821033-8010	21	0	0	6	5
s8011	21jm8	0	81821033-8011	21	0	0	7	0
s8012	21jm8db	0	81821033-8012	21	0	0	7	1
s8013	21jm8di	0	81821033-8013	21	0	0	7	2
s8014	21jm8da	0	81821033-8014	21	0	0	7	3
s8015	21jm8de	0	81821033-8015	21	0	0	7	4
s8016	21jm8du	0	81821033-8016	21	0	0	7	5
s8017	21jxa	0	81821033-8017	21	1	0	0	0
s8018	21jxadb	0	81821033-8018	21	1	0	0	1
s8019	21jxadi	0	81821033-8019	21	1	0	0	2
s8020	21jxada	0	81821033-8020	21	1	0	0	3
s8021	21jxade	0	81821033-8021	21	1	0	0	4
s8022	21jxadu	0	81821033-8022	21	1	0	0	5
s8023	21jx	0	81821033-8023	21	1	0	1	0
s8024	21jxdb	0	81821033-8024	21	1	0	1	1
s8025	21jxdi	0	81821033-8025	21	1	0	1	2
s8026	21jxda	0	81821033-8026	21	1	0	1	3
s8027	21jxde	0	81821033-8027	21	1	0	1	4
s8028	21jxdu	0	81821033-8028	21	1	0	1	5
s8029	21jxr4	0	81821033-8029	21	1	0	2	0
s8030	21jxr4db	0	81821033-8030	21	1	0	2	1
s8031	21jxr4di	0	81821033-8031	21	1	0	2	2
s8032	21jxr4da	0	81821033-8032	21	1	0	2	3
s8033	21jxr4de	0	81821033-8033	21	1	0	2	4
s8034	21jxr4du	0	81821033-8034	21	1	0	2	5
s8035	21jxm2	0	81821033-8035	21	1	0	3	0
s8036	21jxm2db	0	81821033-8036	21	1	0	3	1
s8037	21jxm2di	0	81821033-8037	21	1	0	3	2
s8038	21jxm2da	0	81821033-8038	21	1	0	3	3
s8039	21jxm2de	0	81821033-8039	21	1	0	3	4
s8040	21jxm2du	0	81821033-8040	21	1	0	3	5
s8041	21jxmd2	0	81821033-8041	21	1	0	4	0
s8042	21jxmd2db	0	81821033-8042	21	1	0	4	1
s8043	21jxmd2di	0	81821033-8043	21	1	0	4	2
s8044	21jxmd2da	0	81821033-8044	21	1	0	4	3
s8045	21jxmd2de	0	81821033-8045	21	1	0	4	4
s8046	21jxmd2du	0	81821033-8046	21	1	0	4	5
s8047	21jxm4	0	81821033-8047	21	1	0	5	0
s8048	21jxm4db	0	81821033-8048	21	1	0	5	1
s8049	21jxm4di	0	81821033-8049	21	1	0	5	2
s8050	21jxm4da	0	81821033-8050	21	1	0	5	3
s8051	21jxm4de	0	81821033-8051	21	1	0	5	4
s8052	21jxm4du	0	81821033-8052	21	1	0	5	5
s8053	21jxmd4	0	81821033-8053	21	1	0	6	0
s8054	21jxmd4db	0	81821033-8054	21	1	0	6	1
s8055	21jxmd4di	0	81821033-8055	21	1	0	6	2
s8056	21jxmd4da	0	81821033-8056	21	1	0	6	3
s8057	21jxmd4de	0	81821033-8057	21	1	0	6	4
s8058	21jxmd4du	0	81821033-8058	21	1	0	6	5
s8059	21jxm8	0	81821033-8059	21	1	0	7	0
s8060	21jxm8db	0	81821033-8060	21	1	0	7	1
s8061	21jxm8di	0	81821033-8061	21	1	0	7	2
s8062	21jxm8da	0	81821033-8062	21	1	0	7	3
s8063	21jxm8de	0	81821033-8063	21	1	0	7	4
s8064	21jxm8du	0	81821033-8064	21	1	0	7	5
s8065	22ja	0	81821033-8065	22	0	0	0	0
s8066	22jadb	0	81821033-8066	22	0	0	0	1
s8067	22jadi	0	81821033-8067	22	0	0	0	2
s8068	22jada	0	81821033-8068	22	0	0	0	3
s8069	22jade	0	81821033-8069	22	0	0	0	4
s8070	22jadu	0	81821033-8070	22	0	0	0	5
s8071	22j	0	81821033-8071	22	0	0	1	0
s8072	22jdb	0	81821033-8072	22	0	0	1	1
s8073	22jdi	0	81821033-8073	22	0	0	1	2
s8074	22jda	0	81821033-8074	22	0	0	1	3
s8075	22jde	0	81821033-8075	22	0	0	1	4
s8076	22jdu	0	81821033-8076	22	0	0	1	5
s8077	22jr4	0	81821033-8077	22	0	0	2	0
s8078	22jr4db	0	81821033-8078	22	0	0	2	1
s8079	22jr4di	0	81821033-8079	22	0	0	2	2
s8080	22jr4da	0	81821033-8080	22	0	0	2	3
s8081	22jr4de	0	81821033-8081	22	0	0	2	4
s8082	22jr4du	0	81821033-8082	22	0	0	2	5
s8083	22jm2	0	81821033-8083	22	0	0	3	0
s8084	22jm2db	0	81821033-8084	22	0	0	3	1
s8085	22jm2di	0	81821033-8085	22	0	0	3	2
s8086	22jm2da	0	81821033-8086	22	0	0	3	3
s8087	22jm2de	0	81821033-8087	22	0	0	3	4
s8088	22jm2du	0	81821033-8088	22	0	0	3	5
s8089	22jmd2	0	81821033-8089	22	0	0	4	0
s8090	22jmd2db	0	81821033-8090	22	0	0	4	1
s8091	22jmd2di	0	81821033-8091	22	0	0	4	2
s8092	22jmd2da	0	81821033-8092	22	0	0	4	3
s8093	22jmd2de	0	81821033-8093	22	0	0	4	4
s8094	22jmd2du	0	81821033-8094	22	0	0	4	5
s8095	22jm4	0	81821033-8095	22	0	0	5	0
s8096	22jm4db	0	81821033-8096	22	0	0	5	1
s8097	22jm4di	0	81821033-8097	22	0	0	5	2
s8098	22jm4da	0	81821033-8098	22	0	0	5	3
s8099	22jm4de	0	81821033-8099	22	0	0	5	4
s8100	22jm4du	0	81821033-8100	22	0	0	5	5
s8101	22jmd4	0	81821033-8101	22	0	0	6	0
s8102	22jmd4db	0	81821033-8102	22	0	0	6	1
s8103	22jmd4di	0	81821033-8103	22	0	0	6	2
s8104	22jmd4da	0	81821033-8104	22	0	0	6	3
s8105	22jmd4de	0	81821033-8105	22	0	0	6	4
s8106	22jmd4du	0	81821033-8106	22	0	0	6	5
s8107	22jm8	0	81821033-8107	22	0	0	7	0
s8108	22jm8db	0	81821033-8108	22	0	0	7	1
s8109	22jm8di	0	81821033-8109	22	0	0	7	2
s8110	22jm8da	0	81821033-8110	22	0	0	7	3
s8111	22jm8de	0	81821033-8111	22	0	0	7	4
s8112	22jm8du	0	81821033-8112	22	0	0	7	5
s8113	22jxa	0	81821033-8113	22	1	0	0	0
s8114	22jxadb	0	81821033-8114	22	1	0	0	1
s8115	22jxadi	0	81821033-8115	22	1	0	0	2
s8116	22jxada	0	81821033-8116	22	1	0	0	3
s8117	22jxade	0	81821033-8117	22	1	0	0	4
s8118	22jxadu	0	81821033-8118	22	1	0	0	5
s8119	22jx	0	81821033-8119	22	1	0	1	0
s8120	22jxdb	0	81821033-8120	22	1	0	1	1
s8121	22jxdi	0	81821033-8121	22	1	0	1	2
s8122	22jxda	0	81821033-8122	22	1	0	1	3
s8123	22jxde	0	81821033-8123	22	1	0	1	4
s8124	22jxdu	0	81821033-8124	22	1	0	1	5
s8125	22jxr4	0	81821033-8125	22	1	0	2	0
s8126	22jxr4db	0	81821033-8126	22	1	0	2	1
s8127	22jxr4di	0	81821033-8127	22	1	0	2	2
s8128	22jxr4da	0	81821033-8128	22	1	0	2	3
s8129	22jxr4de	0	81821033-8129	22	1	0	2	4
s8130	22jxr4du	0	81821033-8130	22	1	0	2	5
s8131	22jxm2	0	81821033-8131	22	1	0	3	0
s8132	22jxm2db	0	81821033-8132	22	1	0	3	1
s8133	22jxm2di	0	81821033-8133	22	1	0	3	2
s8134	22jxm2da	0	81821033-8134	22	1	0	3	3
s8135	22jxm2de	0	81821033-8135	22	1	0	3	4
s8136	22jxm2du	0	81821033-8136	22	1	0	3	5
s8137	22jxmd2	0	81821033-8137	22	1	0	4	0
s8138	22jxmd2db	0	81821033-8138	22	1	0	4	1
s8139	22jxmd2di	0	81821033-8139	22	1	0	4	2
s8140	22jxmd2da	0	81821033-8140	22	1	0	4	3
s8141	22jxmd2de	0	81821033-8141	22	1	0	4	4
s8142	22jxmd2du	0	81821033-8142	22	1	0	4	5
s8143	22jxm4	0	81821033-8143	22	1	0	5	0
s8144	22jxm4db	0	81821033-8144	22	1	0	5	1
s8145	22jxm4di	0	81821033-8145	22	1	0	5	2
s8146	22jxm4da	0	81821033-8146	22	1	0	5	3
s8147	22jxm4de	0	81821033-8147	22	1	0	5	4
s8148	22jxm4du	0	81821033-8148	22	1	0	5	5
s8149	22jxmd4	0	81821033-8149	22	1	0	6	0
s8150	22jxmd4db	0	81821033-8150	22	1	0	6	1
s8151	22jxmd4di	0	81821033-8151	22	1	0	6	2
s8152	22jxmd4da	0	81821033-8152	22	1	0	6	3
s8153	22jxmd4de	0	81821033-8153	22	1	0	6	4
s8154	22jxmd4du	0	81821033-8154	22	1	0	6	5
s8155	22jxm8	0	81821033-8155	22	1	0	7	0
s8156	22jxm8db	0	81821033-8156	22	1	0	7	1
s8157	22jxm8di	0	81821033-8157	22	1	0	7	2
s8158	22jxm8da	0	81821033-8158	22	1	0	7	3
s8159	22jxm8de	0	81821033-8159	22	1	0	7	4
s8160	22jxm8du	0	81821033-8160	22	1	0	7	5
s8161	23ja	0	81821033-8161	23	0	0	0	0
s8162	23jadb	0	81821033-8162	23	0	0	0	1
s8163	23jadi	0	81821033-8163	23	0	0	0	2
s8164	23jada	0	81821033-8164	23	0	0	0	3
s8165	23jade	0	81821033-8165	23	0	0	0	4
s8166	23jadu	0	81821033-8166	23	0	0	0	5
s8167	23j	0	81821033-8167	23	0	0	1	0
s8168	23jdb	0	81821033-8168	23	0	0	1	1
s8169	23jdi	0	81821033-8169	23	0	0	1	2
s8170	23jda	0	81821033-8170	23	0	0	1	3
s8171	23jde	0	81821033-8171	23	0	0	1	4
s8172	23jdu	0	81821033-8172	23	0	0	1	5
s8173	23jr4	0	81821033-8173	23	0	0	2	0
s8174	23jr4db	0	81821033-8174	23	0	0	2	1
s8175	23jr4di	0	81821033-8175	23	0	0	2	2
s8176	23jr4da	0	81821033-8176	23	0	0	2	3
s8177	23jr4de	0	81821033-8177	23	0	0	2	4
s8178	23jr4du	0	81821033-8178	23	0	0	2	5
s8179	23jm2	0	81821033-8179	23	0	0	3	0
s8180	23jm2db	0	81821033-8180	23	0	0	3	1
s8181	23jm2di	0	81821033-8181	23	0	0	3	2
s8182	23jm2da	0	81821033-8182	23	0	0	3	3
s8183	23jm2de	0	81821033-8183	23	0	0	3	4
s8184	23jm2du	0	81821033-8184	23	0	0	3	5
s8185	23jmd2	0	81821033-8185	23	0	0	4	0
s8186	23jmd2db	0	81821033-8186	23	0	0	4	1
s8187	23jmd2di	0	81821033-8187	23	0	0	4	2
s8188	23jmd2da	0	81821033-8188	23	0	0	4	3
s8189	23jmd2de	0	81821033-8189	23	0	0	4	4
s8190	23jmd2du	0	81821033-8190	23	0	0	4	5
s8191	23jm4	0	81821033-8191	23	0	0	5	0
s8192	23jm4db	0	81821033-8192	23	0	0	5	1
s8193	23jm4di	0	81821033-8193	23	0	0	5	2
s8194	23jm4da	0	81821033-8194	23	0	0	5	3
s8195	23jm4de	0	81821033-8195	23	0	0	5	4
s8196	23jm4du	0	81821033-8196	23	0	0	5	5
s8197	23jmd4	0	81821033-8197	23	0	0	6	0
s8198	23jmd4db	0	81821033-8198	23	0	0	6	1
s8199	23jmd4di	0	81821033-8199	23	0	0	6	2
s8200	23jmd4da	0	81821033-8200	23	0	0	6	3
s8201	23jmd4de	0	81821033-8201	23	0	0	6	4
s8202	23jmd4du	0	81821033-8202	23	0	0	6	5
s8203	23jm8	0	81821033-8203	23	0	0	7	0
s8204	23jm8db	0	81821033-8204	23	0	0	7	1
s8205	23jm8di	0	81821033-8205	23	0	0	7	2
s8206	23jm8da	0	81821033-8206	23	0	0	7	3
s8207	23jm8de	0	81821033-8207	23	0	0	7	4
s8208	23jm8du	0	81821033-8208	23	0	0	7	5
s8209	23jxa	0	81821033-8209	23	1	0	0	0
s8210	23jxadb	0	81821033-8210	23	1	0	0	1
s8211	23jxadi	0	81821033-8211	23	1	0	0	2
s8212	23jxada	0	81821033-8212	23	1	0	0	3
s8213	23jxade	0	81821033-8213	23	1	0	0	4
s8214	23jxadu	0	81821033-8214	23	1	0	0	5
s8215	23jx	0	81821033-8215	23	1	0	1	0
s8216	23jxdb	0	81821033-8216	23	1	0	1	1
s8217	23jxdi	0	81821033-8217	23	1	0	1	2
s8218	23jxda	0	81821033-8218	23	1	0	1	3
s8219	23jxde	0	81821033-8219	23	1	0	1	4
s8220	23jxdu	0	81821033-8220	23	1	0	1	5
s8221	23jxr4	0	81821033-8221	23	1	0	2	0
s8222	23jxr4db	0	81821033-8222	23	1	0	2	1
s8223	23jxr4di	0	81821033-8223	23	1	0	2	2
s8224	23jxr4da	0	81821033-8224	23	1	0	2	3
s8225	23jxr4de	0	81821033-8225	23	1	0	2	4
s8226	23jxr4du	0	81821033-8226	23	1	0	2	5
s8227	23jxm2	0	81821033-8227	23	1	0	3	0
s8228	23jxm2db	0	81821033-8228	23	1	0	3	1
s8229	23jxm2di	0	81821033-8229	23	1	0	3	2
s8230	23jxm2da	0	81821033-8230	23	1	0	3	3
s8231	23jxm2de	0	81821033-8231	23	1	0	3	4
s8232	23jxm2du	0	81821033-8232	23	1	0	3	5
s8233	23jxmd2	0	81821033-8233	23	1	0	4	0
s8234	23jxmd2db	0	81821033-8234	23	1	0	4	1
s8235	23jxmd2di	0	81821033-8235	23	1	0	4	2
s8236	23jxmd2da	0	81821033-8236	23	1	0	4	3
s8237	23jxmd2de	0	81821033-8237	23	1	0	4	4
s8238	23jxmd2du	0	81821033-8238	23	1	0	4	5
s8239	23jxm4	0	81821033-8239	23	1	0	5	0
s8240	23jxm4db	0	81821033-8240	23	1	0	5	1
s8241	23jxm4di	0	81821033-8241	23	1	0	5	2
s8242	23jxm4da	0	81821033-8242	23	1	0	5	3
s8243	23jxm4de	0	81821033-8243	23	1	0	5	4
s8244	23jxm4du	0	81821033-8244	23	1	0	5	5
s8245	23jxmd4	0	81821033-8245	23	1	0	6	0
s8246	23jxmd4db	0	81821033-8246	23	1	0	6	1
s8247	23jxmd4di	0	81821033-8247	23	1	0	6	2
s8248	23jxmd4da	0	81821033-8248	23	1	0	6	3
s8249	23jxmd4de	0	81821033-8249	23	1	0	6	4
s8250	23jxmd4du	0	81821033-8250	23	1	0	6	5
s8251	23jxm8	0	81821033-8251	23	1	0	7	0
s8252	23jxm8db	0	81821033-8252	23	1	0	7	1
s8253	23jxm8di	0	81821033-8253	23	1	0	7	2
s8254	23jxm8da	0	81821033-8254	23	1	0	7	3
s8255	23jxm8de	0	81821033-8255	23	1	0	7	4
s8256	23jxm8du	0	81821033-8256	23	1	0	7	5
s8257	24ja	0	81821033-8257	24	0	0	0	0
s8258	24jadb	0	81821033-8258	24	0	0	0	1
s8259	24jadi	0	81821033-8259	24	0	0	0	2
s8260	24jada	0	81821033-8260	24	0	0	0	3
s8261	24jade	0	81821033-8261	24	0	0	0	4
s8262	24jadu	0	81821033-8262	24	0	0	0	5
s8263	24j	0	81821033-8263	24	0	0	1	0
s8264	24jdb	0	81821033-8264	24	0	0	1	1
s8265	24jdi	0	81821033-8265	24	0	0	1	2
s8266	24jda	0	81821033-8266	24	0	0	1	3
s8267	24jde	0	81821033-8267	24	0	0	1	4
s8268	24jdu	0	81821033-8268	24	0	0	1	5
s8269	24jr4	0	81821033-8269	24	0	0	2	0
s8270	24jr4db	0	81821033-8270	24	0	0	2	1
s8271	24jr4di	0	81821033-8271	24	0	0	2	2
s8272	24jr4da	0	81821033-8272	24	0	0	2	3
s8273	24jr4de	0	81821033-8273	24	0	0	2	4
s8274	24jr4du	0	81821033-8274	24	0	0	2	5
s8275	24jm2	0	81821033-8275	24	0	0	3	0
s8276	24jm2db	0	81821033-8276	24	0	0	3	1
s8277	24jm2di	0	81821033-8277	24	0	0	3	2
s8278	24jm2da	0	81821033-8278	24	0	0	3	3
s8279	24jm2de	0	81821033-8279	24	0	0	3	4
s8280	24jm2du	0	81821033-8280	24	0	0	3	5
s8281	24jmd2	0	81821033-8281	24	0	0	4	0
s8282	24jmd2db	0	81821033-8282	24	0	0	4	1
s8283	24jmd2di	0	81821033-8283	24	0	0	4	2
s8284	24jmd2da	0	81821033-8284	24	0	0	4	3
s8285	24jmd2de	0	81821033-8285	24	0	0	4	4
s8286	24jmd2du	0	81821033-8286	24	0	0	4	5
s8287	24jm4	0	81821033-8287	24	0	0	5	0
s8288	24jm4db	0	81821033-8288	24	0	0	5	1
s8289	24jm4di	0	81821033-8289	24	0	0	5	2
s8290	24jm4da	0	81821033-8290	24	0	0	5	3
s8291	24jm4de	0	81821033-8291	24	0	0	5	4
s8292	24jm4du	0	81821033-8292	24	0	0	5	5
s8293	24jmd4	0	81821033-8293	24	0	0	6	0
s8294	24jmd4db	0	81821033-8294	24	0	0	6	1
s8295	24jmd4di	0	81821033-8295	24	0	0	6	2
s8296	24jmd4da	0	81821033-8296	24	0	0	6	3
s8297	24jmd4de	0	81821033-8297	24	0	0	6	4
s8298	24jmd4du	0	81821033-8298	24	0	0	6	5
s8299	24jm8	0	81821033-8299	24	0	0	7	0
s8300	24jm8db	0	81821033-8300	24	0	0	7	1
s8301	24jm8di	0	81821033-8301	24	0	0	7	2
s8302	24jm8da	0	81821033-8302	24	0	0	7	3
s8303	24jm8de	0	81821033-8303	24	0	0	7	4
s8304	24jm8du	0	81821033-8304	24	0	0	7	5
s8305	24jxa	0	81821033-8305	24	1	0	0	0
s8306	24jxadb	0	81821033-8306	24	1	0	0	1
s8307	24jxadi	0	81821033-8307	24	1	0	0	2
s8308	24jxada	0	81821033-8308	24	1	0	0	3
s8309	24jxade	0	81821033-8309	24	1	0	0	4
s8310	24jxadu	0	81821033-8310	24	1	0	0	5
s8311	24jx	0	81821033-8311	24	1	0	1	0
s8312	24jxdb	0	81821033-8312	24	1	0	1	1
s8313	24jxdi	0	81821033-8313	24	1	0	1	2
s8314	24jxda	0	81821033-8314	24	1	0	1	3
s8315	24jxde	0	81821033-8315	24	1	0	1	4
s8316	24jxdu	0	81821033-8316	24	1	0	1	5
s8317	24jxr4	0	81821033-8317	24	1	0	2	0
s8318	24jxr4db	0	81821033-8318	24	1	0	2	1
s8319	24jxr4di	0	81821033-8319	24	1	0	2	2
s8320	24jxr4da	0	81821033-8320	24	1	0	2	3
s8321	24jxr4de	0	81821033-8321	24	1	0	2	4
s8322	24jxr4du	0	81821033-8322	24	1	0	2	5
s8323	24jxm2	0	81821033-8323	24	1	0	3	0
s8324	24jxm2db	0	81821033-8324	24	1	0	3	1
s8325	24jxm2di	0	81821033-8325	24	1	0	3	2
s8326	24jxm2da	0	81821033-8326	24	1	0	3	3
s8327	24jxm2de	0	81821033-8327	24	1	0	3	4
s8328	24jxm2du	0	81821033-8328	24	1	0	3	5
s8329	24jxmd2	0	81821033-8329	24	1	0	4	0
s8330	24jxmd2db	0	81821033-8330	24	1	0	4	1
s8331	24jxmd2di	0	81821033-8331	24	1	0	4	2
s8332	24jxmd2da	0	81821033-8332	24	1	0	4	3
s8333	24jxmd2de	0	81821033-8333	24	1	0	4	4
s8334	24jxmd2du	0	81821033-8334	24	1	0	4	5
s8335	24jxm4	0	81821033-8335	24	1	0	5	0
s8336	24jxm4db	0	81821033-8336	24	1	0	5	1
s8337	24jxm4di	0	81821033-8337	24	1	0	5	2
s8338	24jxm4da	0	81821033-8338	24	1	0	5	3
s8339	24jxm4de	0	81821033-8339	24	1	0	5	4
s8340	24jxm4du	0	81821033-8340	24	1	0	5	5
s8341	24jxmd4	0	81821033-8341	24	1	0	6	0
s8342	24jxmd4db	0	81821033-8342	24	1	0	6	1
s8343	24jxmd4di	0	81821033-8343	24	1	0	6	2
s8344	24jxmd4da	0	81821033-8344	24	1	0	6	3
s8345	24jxmd4de	0	81821033-8345	24	1	0	6	4
s8346	24jxmd4du	0	81821033-8346	24	1	0	6	5
s8347	24jxm8	0	81821033-8347	24	1	0	7	0
s8348	24jxm8db	0	81821033-8348	24	1	0	7	1
s8349	24jxm8di	0	81821033-8349	24	1	0	7	2
s8350	24jxm8da	0	81821033-8350	24	1	0	7	3
s8351	24jxm8de	0	81821033-8351	24	1	0	7	4
s8352	24jxm8du	0	81821033-8352	24	1	0	7	5
s8353	25ja	0	81821033-8353	25	0	0	0	0
s8354	25jadb	0	81821033-8354	25	0	0	0	1
s8355	25jadi	0	81821033-8355	25	0	0	0	2
s8356	25jada	0	81821033-8356	25	0	0	0	3
s8357	25jade	0	81821033-8357	25	0	0	0	4
s8358	25jadu	0	81821033-8358	25	0	0	0	5
s8359	25j	0	81821033-8359	25	0	0	1	0
s8360	25jdb	0	81821033-8360	25	0	0	1	1
s8361	25jdi	0	81821033-8361	25	0	0	1	2
s8362	25jda	0	81821033-8362	25	0	0	1	3
s8363	25jde	0	81821033-8363	25	0	0	1	4
s8364	25jdu	0	81821033-8364	25	0	0	1	5
s8365	25jr4	0	81821033-8365	25	0	0	2	0
s8366	25jr4db	0	81821033-8366	25	0	0	2	1
s8367	25jr4di	0	81821033-8367	25	0	0	2	2
s8368	25jr4da	0	81821033-8368	25	0	0	2	3
s8369	25jr4de	0	81821033-8369	25	0	0	2	4
s8370	25jr4du	0	81821033-8370	25	0	0	2	5
s8371	25jm2	0	81821033-8371	25	0	0	3	0
s8372	25jm2db	0	81821033-8372	25	0	0	3	1
s8373	25jm2di	0	81821033-8373	25	0	0	3	2
s8374	25jm2da	0	81821033-8374	25	0	0	3	3
s8375	25jm2de	0	81821033-8375	25	0	0	3	4
s8376	25jm2du	0	81821033-8376	25	0	0	3	5
s8377	25jmd2	0	81821033-8377	25	0	0	4	0
s8378	25jmd2db	0	81821033-8378	25	0	0	4	1
s8379	25jmd2di	0	81821033-8379	25	0	0	4	2
s8380	25jmd2da	0	81821033-8380	25	0	0	4	3
s8381	25jmd2de	0	81821033-8381	25	0	0	4	4
s8382	25jmd2du	0	81821033-8382	25	0	0	4	5
s8383	25jm4	0	81821033-8383	25	0	0	5	0
s8384	25jm4db	0	81821033-8384	25	0	0	5	1
s8385	25jm4di	0	81821033-8385	25	0	0	5	2
s8386	25jm4da	0	81821033-8386	25	0	0	5	3
s8387	25jm4de	0	81821033-8387	25	0	0	5	4
s8388	25jm4du	0	81821033-8388	25	0	0	5	5
s8389	25jmd4	0	81821033-8389	25	0	0	6	0
s8390	25jmd4db	0	81821033-8390	25	0	0	6	1
s8391	25jmd4di	0	81821033-8391	25	0	0	6	2
s8392	25jmd4da	0	81821033-8392	25	0	0	6	3
s8393	25jmd4de	0	81821033-8393	25	0	0	6	4
s8394	25jmd4du	0	81821033-8394	25	0	0	6	5
s8395	25jm8	0	81821033-8395	25	0	0	7	0
s8396	25jm8db	0	81821033-8396	25	0	0	7	1
s8397	25jm8di	0	81821033-8397	25	0	0	7	2
s8398	25jm8da	0	81821033-8398	25	0	0	7	3
s8399	25jm8de	0	81821033-8399	25	0	0	7	4
s8400	25jm8du	0	81821033-8400	25	0	0	7	5
s8401	25jxa	0	81821033-8401	25	1	0	0	0
s8402	25jxadb	0	81821033-8402	25	1	0	0	1
s8403	25jxadi	0	81821033-8403	25	1	0	0	2
s8404	25jxada	0	81821033-8404	25	1	0	0	3
s8405	25jxade	0	81821033-8405	25	1	0	0	4
s8406	25jxadu	0	81821033-8406	25	1	0	0	5
s8407	25jx	0	81821033-8407	25	1	0	1	0
s8408	25jxdb	0	81821033-8408	25	1	0	1	1
s8409	25jxdi	0	81821033-8409	25	1	0	1	2
s8410	25jxda	0	81821033-8410	25	1	0	1	3
s8411	25jxde	0	81821033-8411	25	1	0	1	4
s8412	25jxdu	0	81821033-8412	25	1	0	1	5
s8413	25jxr4	0	81821033-8413	25	1	0	2	0
s8414	25jxr4db	0	81821033-8414	25	1	0	2	1
s8415	25jxr4di	0	81821033-8415	25	1	0	2	2
s8416	25jxr4da	0	81821033-8416	25	1	0	2	3
s8417	25jxr4de	0	81821033-8417	25	1	0	2	4
s8418	25jxr4du	0	81821033-8418	25	1	0	2	5
s8419	25jxm2	0	81821033-8419	25	1	0	3	0
s8420	25jxm2db	0	81821033-8420	25	1	0	3	1
s8421	25jxm2di	0	81821033-8421	25	1	0	3	2
s8422	25jxm2da	0	81821033-8422	25	1	0	3	3
s8423	25jxm2de	0	81821033-8423	25	1	0	3	4
s8424	25jxm2du	0	81821033-8424	25	1	0	3	5
s8425	25jxmd2	0	81821033-8425	25	1	0	4	0
s8426	25jxmd2db	0	81821033-8426	25	1	0	4	1
s8427	25jxmd2di	0	81821033-8427	25	1	0	4	2
s8428	25jxmd2da	0	81821033-8428	25	1	0	4	3
s8429	25jxmd2de	0	81821033-8429	25	1	0	4	4
s8430	25jxmd2du	0	81821033-8430	25	1	0	4	5
s8431	25jxm4	0	81821033-8431	25	1	0	5	0
s8432	25jxm4db	0	81821033-8432	25	1	0	5	1
s8433	25jxm4di	0	81821033-8433	25	1	0	5	2
s8434	25jxm4da	0	81821033-8434	25	1	0	5	3
s8435	25jxm4de	0	81821033-8435	25	1	0	5	4
s8436	25jxm4du	0	81821033-8436	25	1	0	5	5
s8437	25jxmd4	0	81821033-8437	25	1	0	6	0
s8438	25jxmd4db	0	81821033-8438	25	1	0	6	1
s8439	25jxmd4di	0	81821033-8439	25	1	0	6	2
s8440	25jxmd4da	0	81821033-8440	25	1	0	6	3
s8441	25jxmd4de	0	81821033-8441	25	1	0	6	4
s8442	25jxmd4du	0	81821033-8442	25	1	0	6	5
s8443	25jxm8	0	81821033-8443	25	1	0	7	0
s8444	25jxm8db	0	81821033-8444	25	1	0	7	1
s8445	25jxm8di	0	81821033-8445	25	1	0	7	2
s8446	25jxm8da	0	81821033-8446	25	1	0	7	3
s8447	25jxm8de	0	81821033-8447	25	1	0	7	4
s8448	25jxm8du	0	81821033-8448	25	1	0	7	5
s8449	26ja	0	81821033-8449	26	0	0	0	0
s8450	26jadb	0	81821033-8450	26	0	0	0	1
s8451	26jadi	0	81821033-8451	26	0	0	0	2
s8452	26jada	0	81821033-8452	26	0	0	0	3
s8453	26jade	0	81821033-8453	26	0	0	0	4
s8454	26jadu	0	81821033-8454	26	0	0	0	5
s8455	26j	0	81821033-8455	26	0	0	1	0
s8456	26jdb	0	81821033-8456	26	0	0	1	1
s8457	26jdi	0	81821033-8457	26	0	0	1	2
s8458	26jda	0	81821033-8458	26	0	0	1	3
s8459	26jde	0	81821033-8459	26	0	0	1	4
s8460	26jdu	0	81821033-8460	26	0	0	1	5
s8461	26jr4	0	81821033-8461	26	0	0	2	0
s8462	26jr4db	0	81821033-8462	26	0	0	2	1
s8463	26jr4di	0	81821033-8463	26	0	0	2	2
s8464	26jr4da	0	81821033-8464	26	0	0	2	3
s8465	26jr4de	0	81821033-8465	26	0	0	2	4
s8466	26jr4du	0	81821033-8466	26	0	0	2	5
s8467	26jm2	0	81821033-8467	26	0	0	3	0
s8468	26jm2db	0	81821033-8468	26	0	0	3	1
s8469	26jm2di	0	81821033-8469	26	0	0	3	2
s8470	26jm2da	0	81821033-8470	26	0	0	3	3
s8471	26jm2de	0	81821033-8471	26	0	0	3	4
s8472	26jm2du	0	81821033-8472	26	0	0	3	5
s8473	26jmd2	0	81821033-8473	26	0	0	4	0
s8474	26jmd2db	0	81821033-8474	26	0	0	4	1
s8475	26jmd2di	0	81821033-8475	26	0	0	4	2
s8476	26jmd2da	0	81821033-8476	26	0	0	4	3
s8477	26jmd2de	0	81821033-8477	26	0	0	4	4
s8478	26jmd2du	0	81821033-8478	26	0	0	4	5
s8479	26jm4	0	81821033-8479	26	0	0	5	0
s8480	26jm4db	0	81821033-8480	26	0	0	5	1
s8481	26jm4di	0	81821033-8481	26	0	0	5	2
s8482	26jm4da	0	81821033-8482	26	0	0	5	3
s8483	26jm4de	0	81821033-8483	26	0	0	5	4
s8484	26jm4du	0	81821033-8484	26	0	0	5	5
s8485	26jmd4	0	81821033-8485	26	0	0	6	0
s8486	26jmd4db	0	81821033-8486	26	0	0	6	1
s8487	26jmd4di	0	81821033-8487	26	0	0	6	2
s8488	26jmd4da	0	81821033-8488	26	0	0	6	3
s8489	26jmd4de	0	81821033-8489	26	0	0	6	4
s8490	26jmd4du	0	81821033-8490	26	0	0	6	5
s8491	26jm8	0	81821033-8491	26	0	0	7	0
s8492	26jm8db	0	81821033-8492	26	0	0	7	1
s8493	26jm8di	0	81821033-8493	26	0	0	7	2
s8494	26jm8da	0	81821033-8494	26	0	0	7	3
s8495	26jm8de	0	81821033-8495	26	0	0	7	4
s8496	26jm8du	0	81821033-8496	26	0	0	7	5
s8497	26jxa	0	81821033-8497	26	1	0	0	0
s8498	26jxadb	0	81821033-8498	26	1	0	0	1
s8499	26jxadi	0	81821033-8499	26	1	0	0	2
s8500	26jxada	0	81821033-8500	26	1	0	0	3
s8501	26jxade	0	81821033-8501	26	1	0	0	4
s8502	26jxadu	0	81821033-8502	26	1	0	0	5
s8503	26jx	0	81821033-8503	26	1	0	1	0
s8504	26jxdb	0	81821033-8504	26	1	0	1	1
s8505	26jxdi	0	81821033-8505	26	1	0	1	2
s8506	26jxda	0	81821033-8506	26	1	0	1	3
s8507	26jxde	0	81821033-8507	26	1	0	1	4
s8508	26jxdu	0	81821033-8508	26	1	0	1	5
s8509	26jxr4	0	81821033-8509	26	1	0	2	0
s8510	26jxr4db	0	81821033-8510	26	1	0	2	1
s8511	26jxr4di	0	81821033-8511	26	1	0	2	2
s8512	26jxr4da	0	81821033-8512	26	1	0	2	3
s8513	26jxr4de	0	81821033-8513	26	1	0	2	4
s8514	26jxr4du	0	81821033-8514	26	1	0	2	5
s8515	26jxm2	0	81821033-8515	26	1	0	3	0
s8516	26jxm2db	0	81821033-8516	26	1	0	3	1
s8517	26jxm2di	0	81821033-8517	26	1	0	3	2
s8518	26jxm2da	0	81821033-8518	26	1	0	3	3
s8519	26jxm2de	0	81821033-8519	26	1	0	3	4
s8520	26jxm2du	0	81821033-8520	26	1	0	3	5
s8521	26jxmd2	0	81821033-8521	26	1	0	4	0
s8522	26jxmd2db	0	81821033-8522	26	1	0	4	1
s8523	26jxmd2di	0	81821033-8523	26	1	0	4	2
s8524	26jxmd2da	0	81821033-8524	26	1	0	4	3
s8525	26jxmd2de	0	81821033-8525	26	1	0	4	4
s8526	26jxmd2du	0	81821033-8526	26	1	0	4	5
s8527	26jxm4	0	81821033-8527	26	1	0	5	0
s8528	26jxm4db	0	81821033-8528	26	1	0	5	1
s8529	26jxm4di	0	81821033-8529	26	1	0	5	2
s8530	26jxm4da	0	81821033-8530	26	1	0	5	3
s8531	26jxm4de	0	81821033-8531	26	1	0	5	4
s8532	26jxm4du	0	81821033-8532	26	1	0	5	5
s8533	26jxmd4	0	81821033-8533	26	1	0	6	0
s8534	26jxmd4db	0	81821033-8534	26	1	0	6	1
s8535	26jxmd4di	0	81821033-8535	26	1	0	6	2
s8536	26jxmd4da	0	81821033-8536	26	1	0	6	3
s8537	26jxmd4de	0	81821033-8537	26	1	0	6	4
s8538	26jxmd4du	0	81821033-8538	26	1	0	6	5
s8539	26jxm8	0	81821033-8539	26	1	0	7	0
s8540	26jxm8db	0	81821033-8540	26	1	0	7	1
s8541	26jxm8di	0	81821033-8541	26	1	0	7	2
s8542	26jxm8da	0	81821033-8542	26	1	0	7	3
s8543	26jxm8de	0	81821033-8543	26	1	0	7	4
s8544	26jxm8du	0	81821033-8544	26	1	0	7	5
s8545	27ja	0	81821033-8545	27	0	0	0	0
s8546	27jadb	0	81821033-8546	27	0	0	0	1
s8547	27jadi	0	81821033-8547	27	0	0	0	2
s8548	27jada	0	81821033-8548	27	0	0	0	3
s8549	27jade	0	81821033-8549	27	0	0	0	4
s8550	27jadu	0	81821033-8550	27	0	0	0	5
s8551	27j	0	81821033-8551	27	0	0	1	0
s8552	27jdb	0	81821033-8552	27	0	0	1	1
s8553	27jdi	0	81821033-8553	27	0	0	1	2
s8554	27jda	0	81821033-8554	27	0	0	1	3
s8555	27jde	0	81821033-8555	27	0	0	1	4
s8556	27jdu	0	81821033-8556	27	0	0	1	5
s8557	27jr4	0	81821033-8557	27	0	0	2	0
s8558	27jr4db	0	81821033-8558	27	0	0	2	1
s8559	27jr4di	0	81821033-8559	27	0	0	2	2
s8560	27jr4da	0	81821033-8560	27	0	0	2	3
s8561	27jr4de	0	81821033-8561	27	0	0	2	4
s8562	27jr4du	0	81821033-8562	27	0	0	2	5
s8563	27jm2	0	81821033-8563	27	0	0	3	0
s8564	27jm2db	0	81821033-8564	27	0	0	3	1
s8565	27jm2di	0	81821033-8565	27	0	0	3	2
s8566	27jm2da	0	81821033-8566	27	0	0	3	3
s8567	27jm2de	0	81821033-8567	27	0	0	3	4
s8568	27jm2du	0	81821033-8568	27	0	0	3	5
s8569	27jmd2	0	81821033-8569	27	0	0	4	0
s8570	27jmd2db	0	81821033-8570	27	0	0	4	1
s8571	27jmd2di	0	81821033-8571	27	0	0	4	2
s8572	27jmd2da	0	81821033-8572	27	0	0	4	3
s8573	27jmd2de	0	81821033-8573	27	0	0	4	4
s8574	27jmd2du	0	81821033-8574	27	0	0	4	5
s8575	27jm4	0	81821033-8575	27	0	0	5	0
s8576	27jm4db	0	81821033-8576	27	0	0	5	1
s8577	27jm4di	0	81821033-8577	27	0	0	5	2
s8578	27jm4da	0	81821033-8578	27	0	0	5	3
s8579	27jm4de	0	81821033-8579	27	0	0	5	4
s8580	27jm4du	0	81821033-8580	27	0	0	5	5
s8581	27jmd4	0	81821033-8581	27	0	0	6	0
s8582	27jmd4db	0	81821033-8582	27	0	0	6	1
s8583	27jmd4di	0	81821033-8583	27	0	0	6	2
s8584	27jmd4da	0	81821033-8584	27	0	0	6	3
s8585	27jmd4de	0	81821033-8585	27	0	0	6	4
s8586	27jmd4du	0	81821033-8586	27	0	0	6	5
s8587	27jm8	0	81821033-8587	27	0	0	7	0
s8588	27jm8db	0	81821033-8588	27	0	0	7	1
s8589	27jm8di	0	81821033-8589	27	0	0	7	2
s8590	27jm8da	0	81821033-8590	27	0	0	7	3
s8591	27jm8de	0	81821033-8591	27	0	0	7	4
s8592	27jm8du	0	81821033-8592	27	0	0	7	5
s8593	27jxa	0	81821033-8593	27	1	0	0	0
s8594	27jxadb	0	81821033-8594	27	1	0	0	1
s8595	27jxadi	0	81821033-8595	27	1	0	0	2
s8596	27jxada	0	81821033-8596	27	1	0	0	3
s8597	27jxade	0	81821033-8597	27	1	0	0	4
s8598	27jxadu	0	81821033-8598	27	1	0	0	5
s8599	27jx	0	81821033-8599	27	1	0	1	0
s8600	27jxdb	0	81821033-8600	27	1	0	1	1
s8601	27jxdi	0	81821033-8601	27	1	0	1	2
s8602	27jxda	0	81821033-8602	27	1	0	1	3
s8603	27jxde	0	81821033-8603	27	1	0	1	4
s8604	27jxdu	0	81821033-8604	27	1	0	1	5
s8605	27jxr4	0	81821033-8605	27	1	0	2	0
s8606	27jxr4db	0	81821033-8606	27	1	0	2	1
s8607	27jxr4di	0	81821033-8607	27	1	0	2	2
s8608	27jxr4da	0	81821033-8608	27	1	0	2	3
s8609	27jxr4de	0	81821033-8609	27	1	0	2	4
s8610	27jxr4du	0	81821033-8610	27	1	0	2	5
s8611	27jxm2	0	81821033-8611	27	1	0	3	0
s8612	27jxm2db	0	81821033-8612	27	1	0	3	1
s8613	27jxm2di	0	81821033-8613	27	1	0	3	2
s8614	27jxm2da	0	81821033-8614	27	1	0	3	3
s8615	27jxm2de	0	81821033-8615	27	1	0	3	4
s8616	27jxm2du	0	81821033-8616	27	1	0	3	5
s8617	27jxmd2	0	81821033-8617	27	1	0	4	0
s8618	27jxmd2db	0	81821033-8618	27	1	0	4	1
s8619	27jxmd2di	0	81821033-8619	27	1	0	4	2
s8620	27jxmd2da	0	81821033-8620	27	1	0	4	3
s8621	27jxmd2de	0	81821033-8621	27	1	0	4	4
s8622	27jxmd2du	0	81821033-8622	27	1	0	4	5
s8623	27jxm4	0	81821033-8623	27	1	0	5	0
s8624	27jxm4db	0	81821033-8624	27	1	0	5	1
s8625	27jxm4di	0	81821033-8625	27	1	0	5	2
s8626	27jxm4da	0	81821033-8626	27	1	0	5	3
s8627	27jxm4de	0	81821033-8627	27	1	0	5	4
s8628	27jxm4du	0	81821033-8628	27	1	0	5	5
s8629	27jxmd4	0	81821033-8629	27	1	0	6	0
s8630	27jxmd4db	0	81821033-8630	27	1	0	6	1
s8631	27jxmd4di	0	81821033-8631	27	1	0	6	2
s8632	27jxmd4da	0	81821033-8632	27	1	0	6	3
s8633	27jxmd4de	0	81821033-8633	27	1	0	6	4
s8634	27jxmd4du	0	81821033-8634	27	1	0	6	5
s8635	27jxm8	0	81821033-8635	27	1	0	7	0
s8636	27jxm8db	0	81821033-8636	27	1	0	7	1
s8637	27jxm8di	0	81821033-8637	27	1	0	7	2
s8638	27jxm8da	0	81821033-8638	27	1	0	7	3
s8639	27jxm8de	0	81821033-8639	27	1	0	7	4
s8640	27jxm8du	0	81821033-8640	27	1	0	7	5
s8641	28ja	0	81821033-8641	28	0	0	0	0
s8642	28jadb	0	81821033-8642	28	0	0	0	1
s8643	28jadi	0	81821033-8643	28	0	0	0	2
s8644	28jada	0	81821033-8644	28	0	0	0	3
s8645	28jade	0	81821033-8645	28	0	0	0	4
s8646	28jadu	0	81821033-8646	28	0	0	0	5
s8647	28j	0	81821033-8647	28	0	0	1	0
s8648	28jdb	0	81821033-8648	28	0	0	1	1
s8649	28jdi	0	81821033-8649	28	0	0	1	2
s8650	28jda	0	81821033-8650	28	0	0	1	3
s8651	28jde	0	81821033-8651	28	0	0	1	4
s8652	28jdu	0	81821033-8652	28	0	0	1	5
s8653	28jr4	0	81821033-8653	28	0	0	2	0
s8654	28jr4db	0	81821033-8654	28	0	0	2	1
s8655	28jr4di	0	81821033-8655	28	0	0	2	2
s8656	28jr4da	0	81821033-8656	28	0	0	2	3
s8657	28jr4de	0	81821033-8657	28	0	0	2	4
s8658	28jr4du	0	81821033-8658	28	0	0	2	5
s8659	28jm2	0	81821033-8659	28	0	0	3	0
s8660	28jm2db	0	81821033-8660	28	0	0	3	1
s8661	28jm2di	0	81821033-8661	28	0	0	3	2
s8662	28jm2da	0	81821033-8662	28	0	0	3	3
s8663	28jm2de	0	81821033-8663	28	0	0	3	4
s8664	28jm2du	0	81821033-8664	28	0	0	3	5
s8665	28jmd2	0	81821033-8665	28	0	0	4	0
s8666	28jmd2db	0	81821033-8666	28	0	0	4	1
s8667	28jmd2di	0	81821033-8667	28	0	0	4	2
s8668	28jmd2da	0	81821033-8668	28	0	0	4	3
s8669	28jmd2de	0	81821033-8669	28	0	0	4	4
s8670	28jmd2du	0	81821033-8670	28	0	0	4	5
s8671	28jm4	0	81821033-8671	28	0	0	5	0
s8672	28jm4db	0	81821033-8672	28	0	0	5	1
s8673	28jm4di	0	81821033-8673	28	0	0	5	2
s8674	28jm4da	0	81821033-8674	28	0	0	5	3
s8675	28jm4de	0	81821033-8675	28	0	0	5	4
s8676	28jm4du	0	81821033-8676	28	0	0	5	5
s8677	28jmd4	0	81821033-8677	28	0	0	6	0
s8678	28jmd4db	0	81821033-8678	28	0	0	6	1
s8679	28jmd4di	0	81821033-8679	28	0	0	6	2
s8680	28jmd4da	0	81821033-8680	28	0	0	6	3
s8681	28jmd4de	0	81821033-8681	28	0	0	6	4
s8682	28jmd4du	0	81821033-8682	28	0	0	6	5
s8683	28jm8	0	81821033-8683	28	0	0	7	0
s8684	28jm8db	0	81821033-8684	28	0	0	7	1
s8685	28jm8di	0	81821033-8685	28	0	0	7	2
s8686	28jm8da	0	81821033-8686	28	0	0	7	3
s8687	28jm8de	0	81821033-8687	28	0	0	7	4
s8688	28jm8du	0	81821033-8688	28	0	0	7	5
s8689	28jxa	0	81821033-8689	28	1	0	0	0
s8690	28jxadb	0	81821033-8690	28	1	0	0	1
s8691	28jxadi	0	81821033-8691	28	1	0	0	2
s8692	28jxada	0	81821033-8692	28	1	0	0	3
s8693	28jxade	0	81821033-8693	28	1	0	0	4
s8694	28jxadu	0	81821033-8694	28	1	0	0	5
s8695	28jx	0	81821033-8695	28	1	0	1	0
s8696	28jxdb	0	81821033-8696	28	1	0	1	1
s8697	28jxdi	0	81821033-8697	28	1	0	1	2
s8698	28jxda	0	81821033-8698	28	1	0	1	3
s8699	28jxde	0	81821033-8699	28	1	0	1	4
s8700	28jxdu	0	81821033-8700	28	1	0	1	5
s8701	28jxr4	0	81821033-8701	28	1	0	2	0
s8702	28jxr4db	0	81821033-8702	28	1	0	2	1
s8703	28jxr4di	0	81821033-8703	28	1	0	2	2
s8704	28jxr4da	0	81821033-8704	28	1	0	2	3
s8705	28jxr4de	0	81821033-8705	28	1	0	2	4
s8706	28jxr4du	0	81821033-8706	28	1	0	2	5
s8707	28jxm2	0	81821033-8707	28	1	0	3	0
s8708	28jxm2db	0	81821033-8708	28	1	0	3	1
s8709	28jxm2di	0	81821033-8709	28	1	0	3	2
s8710	28jxm2da	0	81821033-8710	28	1	0	3	3
s8711	28jxm2de	0	81821033-8711	28	1	0	3	4
s8712	28jxm2du	0	81821033-8712	28	1	0	3	5
s8713	28jxmd2	0	81821033-8713	28	1	0	4	0
s8714	28jxmd2db	0	81821033-8714	28	1	0	4	1
s8715	28jxmd2di	0	81821033-8715	28	1	0	4	2
s8716	28jxmd2da	0	81821033-8716	28	1	0	4	3
s8717	28jxmd2de	0	81821033-8717	28	1	0	4	4
s8718	28jxmd2du	0	81821033-8718	28	1	0	4	5
s8719	28jxm4	0	81821033-8719	28	1	0	5	0
s8720	28jxm4db	0	81821033-8720	28	1	0	5	1
s8721	28jxm4di	0	81821033-8721	28	1	0	5	2
s8722	28jxm4da	0	81821033-8722	28	1	0	5	3
s8723	28jxm4de	0	81821033-8723	28	1	0	5	4
s8724	28jxm4du	0	81821033-8724	28	1	0	5	5
s8725	28jxmd4	0	81821033-8725	28	1	0	6	0
s8726	28jxmd4db	0	81821033-8726	28	1	0	6	1
s8727	28jxmd4di	0	81821033-8727	28	1	0	6	2
s8728	28jxmd4da	0	81821033-8728	28	1	0	6	3
s8729	28jxmd4de	0	81821033-8729	28	1	0	6	4
s8730	28jxmd4du	0	81821033-8730	28	1	0	6	5
s8731	28jxm8	0	81821033-8731	28	1	0	7	0
s8732	28jxm8db	0	81821033-8732	28	1	0	7	1
s8733	28jxm8di	0	81821033-8733	28	1	0	7	2
s8734	28jxm8da	0	81821033-8734	28	1	0	7	3
s8735	28jxm8de	0	81821033-8735	28	1	0	7	4
s8736	28jxm8du	0	81821033-8736	28	1	0	7	5
s8737	29ja	0	81821033-8737	29	0	0	0	0
s8738	29jadb	0	81821033-8738	29	0	0	0	1
s8739	29jadi	0	81821033-8739	29	0	0	0	2
s8740	29jada	0	81821033-8740	29	0	0	0	3
s8741	29jade	0	81821033-8741	29	0	0	0	4
s8742	29jadu	0	81821033-8742	29	0	0	0	5
s8743	29j	0	81821033-8743	29	0	0	1	0
s8744	29jdb	0	81821033-8744	29	0	0	1	1
s8745	29jdi	0	81821033-8745	29	0	0	1	2
s8746	29jda	0	81821033-8746	29	0	0	1	3
s8747	29jde	0	81821033-8747	29	0	0	1	4
s8748	29jdu	0	81821033-8748	29	0	0	1	5
s8749	29jr4	0	81821033-8749	29	0	0	2	0
s8750	29jr4db	0	81821033-8750	29	0	0	2	1
s8751	29jr4di	0	81821033-8751	29	0	0	2	2
s8752	29jr4da	0	81821033-8752	29	0	0	2	3
s8753	29jr4de	0	81821033-8753	29	0	0	2	4
s8754	29jr4du	0	81821033-8754	29	0	0	2	5
s8755	29jm2	0	81821033-8755	29	0	0	3	0
s8756	29jm2db	0	81821033-8756	29	0	0	3	1
s8757	29jm2di	0	81821033-8757	29	0	0	3	2
s8758	29jm2da	0	81821033-8758	29	0	0	3	3
s8759	29jm2de	0	81821033-8759	29	0	0	3	4
s8760	29jm2du	0	81821033-8760	29	0	0	3	5
s8761	29jmd2	0	81821033-8761	29	0	0	4	0
s8762	29jmd2db	0	81821033-8762	29	0	0	4	1
s8763	29jmd2di	0	81821033-8763	29	0	0	4	2
s8764	29jmd2da	0	81821033-8764	29	0	0	4	3
s8765	29jmd2de	0	81821033-8765	29	0	0	4	4
s8766	29jmd2du	0	81821033-8766	29	0	0	4	5
s8767	29jm4	0	81821033-8767	29	0	0	5	0
s8768	29jm4db	0	81821033-8768	29	0	0	5	1
s8769	29jm4di	0	81821033-8769	29	0	0	5	2
s8770	29jm4da	0	81821033-8770	29	0	0	5	3
s8771	29jm4de	0	81821033-8771	29	0	0	5	4
s8772	29jm4du	0	81821033-8772	29	0	0	5	5
s8773	29jmd4	0	81821033-8773	29	0	0	6	0
s8774	29jmd4db	0	81821033-8774	29	0	0	6	1
s8775	29jmd4di	0	81821033-8775	29	0	0	6	2
s8776	29jmd4da	0	81821033-8776	29	0	0	6	3
s8777	29jmd4de	0	81821033-8777	29	0	0	6	4
s8778	29jmd4du	0	81821033-8778	29	0	0	6	5
s8779	29jm8	0	81821033-8779	29	0	0	7	0
s8780	29jm8db	0	81821033-8780	29	0	0	7	1
s8781	29jm8di	0	81821033-8781	29	0	0	7	2
s8782	29jm8da	0	81821033-8782	29	0	0	7	3
s8783	29jm8de	0	81821033-8783	29	0	0	7	4
s8784	29jm8du	0	81821033-8784	29	0	0	7	5
s8785	29jxa	0	81821033-8785	29	1	0	0	0
s8786	29jxadb	0	81821033-8786	29	1	0	0	1
s8787	29jxadi	0	81821033-8787	29	1	0	0	2
s8788	29jxada	0	81821033-8788	29	1	0	0	3
s8789	29jxade	0	81821033-8789	29	1	0	0	4
s8790	29jxadu	0	81821033-8790	29	1	0	0	5
s8791	29jx	0	81821033-8791	29	1	0	1	0
s8792	29jxdb	0	81821033-8792	29	1	0	1	1
s8793	29jxdi	0	81821033-8793	29	1	0	1	2
s8794	29jxda	0	81821033-8794	29	1	0	1	3
s8795	29jxde	0	81821033-8795	29	1	0	1	4
s8796	29jxdu	0	81821033-8796	29	1	0	1	5
s8797	29jxr4	0	81821033-8797	29	1	0	2	0
s8798	29jxr4db	0	81821033-8798	29	1	0	2	1
s8799	29jxr4di	0	81821033-8799	29	1	0	2	2
s8800	29jxr4da	0	81821033-8800	29	1	0	2	3
s8801	29jxr4de	0	81821033-8801	29	1	0	2	4
s8802	29jxr4du	0	81821033-8802	29	1	0	2	5
s8803	29jxm2	0	81821033-8803	29	1	0	3	0
s8804	29jxm2db	0	81821033-8804	29	1	0	3	1
s8805	29jxm2di	0	81821033-8805	29	1	0	3	2
s8806	29jxm2da	0	81821033-8806	29	1	0	3	3
s8807	29jxm2de	0	81821033-8807	29	1	0	3	4
s8808	29jxm2du	0	81821033-8808	29	1	0	3	5
s8809	29jxmd2	0	81821033-8809	29	1	0	4	0
s8810	29jxmd2db	0	81821033-8810	29	1	0	4	1
s8811	29jxmd2di	0	81821033-8811	29	1	0	4	2
s8812	29jxmd2da	0	81821033-8812	29	1	0	4	3
s8813	29jxmd2de	0	81821033-8813	29	1	0	4	4
s8814	29jxmd2du	0	81821033-8814	29	1	0	4	5
s8815	29jxm4	0	81821033-8815	29	1	0	5	0
s8816	29jxm4db	0	81821033-8816	29	1	0	5	1
s8817	29jxm4di	0	81821033-8817	29	1	0	5	2
s8818	29jxm4da	0	81821033-8818	29	1	0	5	3
s8819	29jxm4de	0	81821033-8819	29	1	0	5	4
s8820	29jxm4du	0	81821033-8820	29	1	0	5	5
s8821	29jxmd4	0	81821033-8821	29	1	0	6	0
s8822	29jxmd4db	0	81821033-8822	29	1	0	6	1
s8823	29jxmd4di	0	81821033-8823	29	1	0	6	2
s8824	29jxmd4da	0	81821033-8824	29	1	0	6	3
s8825	29jxmd4de	0	81821033-8825	29	1	0	6	4
s8826	29jxmd4du	0	81821033-8826	29	1	0	6	5
s8827	29jxm8	0	81821033-8827	29	1	0	7	0
s8828	29jxm8db	0	81821033-8828	29	1	0	7	1
s8829	29jxm8di	0	81821033-8829	29	1	0	7	2
s8830	29jxm8da	0	81821033-8830	29	1	0	7	3
s8831	29jxm8de	0	81821033-8831	29	1	0	7	4
s8832	29jxm8du	0	81821033-8832	29	1	0	7	5
s8833	30ja	0	81821033-8833	30	0	0	0	0
s8834	30jadb	0	81821033-8834	30	0	0	0	1
s8835	30jadi	0	81821033-8835	30	0	0	0	2
s8836	30jada	0	81821033-8836	30	0	0	0	3
s8837	30jade	0	81821033-8837	30	0	0	0	4
s8838	30jadu	0	81821033-8838	30	0	0	0	5
s8839	30j	0	81821033-8839	30	0	0	1	0
s8840	30jdb	0	81821033-8840	30	0	0	1	1
s8841	30jdi	0	81821033-8841	30	0	0	1	2
s8842	30jda	0	81821033-8842	30	0	0	1	3
s8843	30jde	0	81821033-8843	30	0	0	1	4
s8844	30jdu	0	81821033-8844	30	0	0	1	5
s8845	30jr4	0	81821033-8845	30	0	0	2	0
s8846	30jr4db	0	81821033-8846	30	0	0	2	1
s8847	30jr4di	0	81821033-8847	30	0	0	2	2
s8848	30jr4da	0	81821033-8848	30	0	0	2	3
s8849	30jr4de	0	81821033-8849	30	0	0	2	4
s8850	30jr4du	0	81821033-8850	30	0	0	2	5
s8851	30jm2	0	81821033-8851	30	0	0	3	0
s8852	30jm2db	0	81821033-8852	30	0	0	3	1
s8853	30jm2di	0	81821033-8853	30	0	0	3	2
s8854	30jm2da	0	81821033-8854	30	0	0	3	3
s8855	30jm2de	0	81821033-8855	30	0	0	3	4
s8856	30jm2du	0	81821033-8856	30	0	0	3	5
s8857	30jmd2	0	81821033-8857	30	0	0	4	0
s8858	30jmd2db	0	81821033-8858	30	0	0	4	1
s8859	30jmd2di	0	81821033-8859	30	0	0	4	2
s8860	30jmd2da	0	81821033-8860	30	0	0	4	3
s8861	30jmd2de	0	81821033-8861	30	0	0	4	4
s8862	30jmd2du	0	81821033-8862	30	0	0	4	5
s8863	30jm4	0	81821033-8863	30	0	0	5	0
s8864	30jm4db	0	81821033-8864	30	0	0	5	1
s8865	30jm4di	0	81821033-8865	30	0	0	5	2
s8866	30jm4da	0	81821033-8866	30	0	0	5	3
s8867	30jm4de	0	81821033-8867	30	0	0	5	4
s8868	30jm4du	0	81821033-8868	30	0	0	5	5
s8869	30jmd4	0	81821033-8869	30	0	0	6	0
s8870	30jmd4db	0	81821033-8870	30	0	0	6	1
s8871	30jmd4di	0	81821033-8871	30	0	0	6	2
s8872	30jmd4da	0	81821033-8872	30	0	0	6	3
s8873	30jmd4de	0	81821033-8873	30	0	0	6	4
s8874	30jmd4du	0	81821033-8874	30	0	0	6	5
s8875	30jm8	0	81821033-8875	30	0	0	7	0
s8876	30jm8db	0	81821033-8876	30	0	0	7	1
s8877	30jm8di	0	81821033-8877	30	0	0	7	2
s8878	30jm8da	0	81821033-8878	30	0	0	7	3
s8879	30jm8de	0	81821033-8879	30	0	0	7	4
s8880	30jm8du	0	81821033-8880	30	0	0	7	5
s8881	30jxa	0	81821033-8881	30	1	0	0	0
s8882	30jxadb	0	81821033-8882	30	1	0	0	1
s8883	30jxadi	0	81821033-8883	30	1	0	0	2
s8884	30jxada	0	81821033-8884	30	1	0	0	3
s8885	30jxade	0	81821033-8885	30	1	0	0	4
s8886	30jxadu	0	81821033-8886	30	1	0	0	5
s8887	30jx	0	81821033-8887	30	1	0	1	0
s8888	30jxdb	0	81821033-8888	30	1	0	1	1
s8889	30jxdi	0	81821033-8889	30	1	0	1	2
s8890	30jxda	0	81821033-8890	30	1	0	1	3
s8891	30jxde	0	81821033-8891	30	1	0	1	4
s8892	30jxdu	0	81821033-8892	30	1	0	1	5
s8893	30jxr4	0	81821033-8893	30	1	0	2	0
s8894	30jxr4db	0	81821033-8894	30	1	0	2	1
s8895	30jxr4di	0	81821033-8895	30	1	0	2	2
s8896	30jxr4da	0	81821033-8896	30	1	0	2	3
s8897	30jxr4de	0	81821033-8897	30	1	0	2	4
s8898	30jxr4du	0	81821033-8898	30	1	0	2	5
s8899	30jxm2	0	81821033-8899	30	1	0	3	0
s8900	30jxm2db	0	81821033-8900	30	1	0	3	1
s8901	30jxm2di	0	81821033-8901	30	1	0	3	2
s8902	30jxm2da	0	81821033-8902	30	1	0	3	3
s8903	30jxm2de	0	81821033-8903	30	1	0	3	4
s8904	30jxm2du	0	81821033-8904	30	1	0	3	5
s8905	30jxmd2	0	81821033-8905	30	1	0	4	0
s8906	30jxmd2db	0	81821033-8906	30	1	0	4	1
s8907	30jxmd2di	0	81821033-8907	30	1	0	4	2
s8908	30jxmd2da	0	81821033-8908	30	1	0	4	3
s8909	30jxmd2de	0	81821033-8909	30	1	0	4	4
s8910	30jxmd2du	0	81821033-8910	30	1	0	4	5
s8911	30jxm4	0	81821033-8911	30	1	0	5	0
s8912	30jxm4db	0	81821033-8912	30	1	0	5	1
s8913	30jxm4di	0	81821033-8913	30	1	0	5	2
s8914	30jxm4da	0	81821033-8914	30	1	0	5	3
s8915	30jxm4de	0	81821033-8915	30	1	0	5	4
s8916	30jxm4du	0	81821033-8916	30	1	0	5	5
s8917	30jxmd4	0	81821033-8917	30	1	0	6	0
s8918	30jxmd4db	0	81821033-8918	30	1	0	6	1
s8919	30jxmd4di	0	81821033-8919	30	1	0	6	2
s8920	30jxmd4da	0	81821033-8920	30	1	0	6	3
s8921	30jxmd4de	0	81821033-8921	30	1	0	6	4
s8922	30jxmd4du	0	81821033-8922	30	1	0	6	5
s8923	30jxm8	0	81821033-8923	30	1	0	7	0
s8924	30jxm8db	0	81821033-8924	30	1	0	7	1
s8925	30jxm8di	0	81821033-8925	30	1	0	7	2
s8926	30jxm8da	0	81821033-8926	30	1	0	7	3
s8927	30jxm8de	0	81821033-8927	30	1	0	7	4
s8928	30jxm8du	0	81821033-8928	30	1	0	7	5
s8929	31ja	0	81821033-8929	31	0	0	0	0
s8930	31jadb	0	81821033-8930	31	0	0	0	1
s8931	31jadi	0	81821033-8931	31	0	0	0	2
s8932	31jada	0	81821033-8932	31	0	0	0	3
s8933	31jade	0	81821033-8933	31	0	0	0	4
s8934	31jadu	0	81821033-8934	31	0	0	0	5
s8935	31j	0	81821033-8935	31	0	0	1	0
s8936	31jdb	0	81821033-8936	31	0	0	1	1
s8937	31jdi	0	81821033-8937	31	0	0	1	2
s8938	31jda	0	81821033-8938	31	0	0	1	3
s8939	31jde	0	81821033-8939	31	0	0	1	4
s8940	31jdu	0	81821033-8940	31	0	0	1	5
s8941	31jr4	0	81821033-8941	31	0	0	2	0
s8942	31jr4db	0	81821033-8942	31	0	0	2	1
s8943	31jr4di	0	81821033-8943	31	0	0	2	2
s8944	31jr4da	0	81821033-8944	31	0	0	2	3
s8945	31jr4de	0	81821033-8945	31	0	0	2	4
s8946	31jr4du	0	81821033-8946	31	0	0	2	5
s8947	31jm2	0	81821033-8947	31	0	0	3	0
s8948	31jm2db	0	81821033-8948	31	0	0	3	1
s8949	31jm2di	0	81821033-8949	31	0	0	3	2
s8950	31jm2da	0	81821033-8950	31	0	0	3	3
s8951	31jm2de	0	81821033-8951	31	0	0	3	4
s8952	31jm2du	0	81821033-8952	31	0	0	3	5
s8953	31jmd2	0	81821033-8953	31	0	0	4	0
s8954	31jmd2db	0	81821033-8954	31	0	0	4	1
s8955	31jmd2di	0	81821033-8955	31	0	0	4	2
s8956	31jmd2da	0	81821033-8956	31	0	0	4	3
s8957	31jmd2de	0	81821033-8957	31	0	0	4	4
s8958	31jmd2du	0	81821033-8958	31	0	0	4	5
s8959	31jm4	0	81821033-8959	31	0	0	5	0
s8960	31jm4db	0	81821033-8960	31	0	0	5	1
s8961	31jm4di	0	81821033-8961	31	0	0	5	2
s8962	31jm4da	0	81821033-8962	31	0	0	5	3
s8963	31jm4de	0	81821033-8963	31	0	0	5	4
s8964	31jm4du	0	81821033-8964	31	0	0	5	5
s8965	31jmd4	0	81821033-8965	31	0	0	6	0
s8966	31jmd4db	0	81821033-8966	31	0	0	6	1
s8967	31jmd4di	0	81821033-8967	31	0	0	6	2
s8968	31jmd4da	0	81821033-8968	31	0	0	6	3
s8969	31jmd4de	0	81821033-8969	31	0	0	6	4
s8970	31jmd4du	0	81821033-8970	31	0	0	6	5
s8971	31jm8	0	81821033-8971	31	0	0	7	0
s8972	31jm8db	0	81821033-8972	31	0	0	7	1
s8973	31jm8di	0	81821033-8973	31	0	0	7	2
s8974	31jm8da	0	81821033-8974	31	0	0	7	3
s8975	31jm8de	0	81821033-8975	31	0	0	7	4
s8976	31jm8du	0	81821033-8976	31	0	0	7	5
s8977	31jxa	0	81821033-8977	31	1	0	0	0
s8978	31jxadb	0	81821033-8978	31	1	0	0	1
s8979	31jxadi	0	81821033-8979	31	1	0	0	2
s8980	31jxada	0	81821033-8980	31	1	0	0	3
s8981	31jxade	0	81821033-8981	31	1	0	0	4
s8982	31jxadu	0	81821033-8982	31	1	0	0	5
s8983	31jx	0	81821033-8983	31	1	0	1	0
s8984	31jxdb	0	81821033-8984	31	1	0	1	1
s8985	31jxdi	0	81821033-8985	31	1	0	1	2
s8986	31jxda	0	81821033-8986	31	1	0	1	3
s8987	31jxde	0	81821033-8987	31	1	0	1	4
s8988	31jxdu	0	81821033-8988	31	1	0	1	5
s8989	31jxr4	0	81821033-8989	31	1	0	2	0
s8990	31jxr4db	0	81821033-8990	31	1	0	2	1
s8991	31jxr4di	0	81821033-8991	31	1	0	2	2
s8992	31jxr4da	0	81821033-8992	31	1	0	2	3
s8993	31jxr4de	0	81821033-8993	31	1	0	2	4
s8994	31jxr4du	0	81821033-8994	31	1	0	2	5
s8995	31jxm2	0	81821033-8995	31	1	0	3	0
s8996	31jxm2db	0	81821033-8996	31	1	0	3	1
s8997	31jxm2di	0	81821033-8997	31	1	0	3	2
s8998	31jxm2da	0	81821033-8998	31	1	0	3	3
s8999	31jxm2de	0	81821033-8999	31	1	0	3	4
s9000	31jxm2du	0	81821033-9000	31	1	0	3	5
s9001	31jxmd2	0	81821033-9001	31	1	0	4	0
s9002	31jxmd2db	0	81821033-9002	31	1	0	4	1
s9003	31jxmd2di	0	81821033-9003	31	1	0	4	2
s9004	31jxmd2da	0	81821033-9004	31	1	0	4	3
s9005	31jxmd2de	0	81821033-9005	31	1	0	4	4
s9006	31jxmd2du	0	81821033-9006	31	1	0	4	5
s9007	31jxm4	0	81821033-9007	31	1	0	5	0
s9008	31jxm4db	0	81821033-9008	31	1	0	5	1
s9009	31jxm4di	0	81821033-9009	31	1	0	5	2
s9010	31jxm4da	0	81821033-9010	31	1	0	5	3
s9011	31jxm4de	0	81821033-9011	31	1	0	5	4
s9012	31jxm4du	0	81821033-9012	31	1	0	5	5
s9013	31jxmd4	0	81821033-9013	31	1	0	6	0
s9014	31jxmd4db	0	81821033-9014	31	1	0	6	1
s9015	31jxmd4di	0	81821033-9015	31	1	0	6	2
s9016	31jxmd4da	0	81821033-9016	31	1	0	6	3
s9017	31jxmd4de	0	81821033-9017	31	1	0	6	4
s9018	31jxmd4du	0	81821033-9018	31	1	0	6	5
s9019	31jxm8	0	81821033-9019	31	1	0	7	0
s9020	31jxm8db	0	81821033-9020	31	1	0	7	1
s9021	31jxm8di	0	81821033-9021	31	1	0	7	2
s9022	31jxm8da	0	81821033-9022	31	1	0	7	3
s9023	31jxm8de	0	81821033-9023	31	1	0	7	4
s9024	31jxm8du	0	81821033-9024	31	1	0	7	5
