# key	spec	seed	verdict	wall	cpu	clues	echo
s355	2x3km2	81821033-355	ok	0.003	0.000	0	2x3km2
s4201	5x4xmd2	81821033-4201	ok	0.243	0.243	170	5x4xmd2
s6183	9x3md4di	81821033-6183	ok	6.769	6.631	376	9x3md4di
s7955	20jxm4de	81821033-7955	timeout	10.001	9.989	-1	20jxm4de
s13	2jr4	81821033-13	crash	0.000	0.000	-1	2jr4
s2675	3x8xm4de	81821033-2675	timeout	10.031	9.999	-1	3x8xm4de
s4355	5x6m4de	81821033-4355	timeout	10.025	9.993	-1	5x6m4de
s203	2x2xde	81821033-203	ok	0.000	0.000	4	2x2xde
s2737	3x9xa	81821033-2737	ok	0.721	0.721	324	3x9xa
s6581	11jxade	81821033-6581	ok	5.712	5.710	29	11jxade
s6502	10x3xm2da	81821033-6502	timeout	10.113	10.011	-1	10x3xm2da
s2837	3x10xade	81821033-2837	timeout	10.019	10.002	-1	3x10xade
s5428	7x4xada	81821033-5428	timeout	10.014	9.997	-1	7x4xada
s4575	6jxkr4di	81821033-4575	ok	1.586	1.584	0	6jxkr4di
s2008	3x2xkmd4da	81821033-2008	ok	0.036	0.036	0	3x2xkmd4da
s1770	3jmd4du	81821033-1770	ok	0.000	0.000	2	3jmd4du
s6412	10x2xmd2da	81821033-6412	ok	2.667	2.665	172	10x2xmd2da
s7089	13x2xm4di	81821033-7089	ok	0.939	0.938	348	13x2xm4di
s6480	10x3m8du	81821033-6480	timeout	10.015	9.993	-1	10x3m8du
s6410	10x2xmd2db	81821033-6410	ok	0.155	0.155	181	10x2xmd2db
s8796	29jxdu	81821033-8796	timeout	10.092	9.976	-1	29jxdu
s6620	11jxm8db	81821033-6620	ok	6.960	6.953	36	11jxm8db
s508	2x4md2da	81821033-508	ok	0.224	0.223	23	2x4md2da
s1516	2x13xmd2da	81821033-1516	timeout	10.005	10.000	-1	2x13xmd2da
s5893	9jmd4	81821033-5893	ok	0.001	0.001	24	9jmd4
s5846	8x3xmd4db	81821033-5846	ok	0.433	0.432	262	8x3xmd4db
s2628	3x8m4du	81821033-2628	timeout	10.004	10.000	-1	3x8m4du
s5440	7x4xr4da	81821033-5440	timeout	10.128	10.007	-1	7x4xr4da
s1680	2x15m8du	81821033-1680	timeout	10.004	10.002	-1	2x15m8du
s169	2x2kmd2	81821033-169	ok	0.000	0.000	0	2x2kmd2
s5458	7x4xm4da	81821033-5458	timeout	10.001	9.994	-1	7x4xm4da
s6078	9x2md2du	81821033-6078	timeout	10.004	10.001	-1	9x2md2du
s6320	10jxm4db	81821033-6320	ok	0.339	0.339	32	10jxm4db
s5273	7x2xmd4de	81821033-5273	ok	0.228	0.228	74	7x2xmd4de
s7921	20jxa	81821033-7921	timeout	10.096	9.994	-1	20jxa
s3579	4x6md2di	81821033-3579	ok	1.917	1.916	266	4x6md2di
s1322	2x11xmd2db	81821033-1322	ok	0.255	0.255	229	2x11xmd2db
s7746	18jxr4du	81821033-7746	timeout	10.003	9.998	-1	18jxr4du
s8051	21jxm4de	81821033-8051	timeout	10.003	9.999	-1	21jxm4de
s6073	9x2md2	81821033-6073	ok	0.075	0.075	154	9x2md2
s2850	3x10xr4du	81821033-2850	timeout	10.084	9.990	-1	3x10xr4du
s6680	11x2xdb	81821033-6680	ok	0.284	0.280	220	11x2xdb
s5444	7x4xm2db	81821033-5444	timeout	10.003	9.996	-1	7x4xm2db
s4346	5x6md2db	81821033-4346	timeout	10.004	9.997	-1	5x6md2db
s3176	4x2xdb	81821033-3176	ok	0.001	0.001	20	4x2xdb
s3870	5jxmd2du	81821033-3870	ok	0.011	0.011	4	5jxmd2du
s4701	6x2xm8di	81821033-4701	ok	0.024	0.024	56	6x2xm8di
s4863	6x4xr4di	81821033-4863	ok	2.488	2.450	264	6x4xr4di
s2535	3x7md4di	81821033-2535	ok	0.307	0.306	206	3x7md4di
s6798	12jxmd2du	81821033-6798	timeout	10.000	9.999	-1	12jxmd2du
s539	2x4kde	81821033-539	ok	0.410	0.410	0	2x4kde
s2694	3x9adu	81821033-2694	timeout	10.012	10.005	-1	3x9adu
s1903	3x2km4	81821033-1903	ok	0.001	0.001	0	3x2km4
s289	2x3a	81821033-289	ok	0.000	0.000	10	2x3a
s8763	29jmd2di	81821033-8763	timeout	10.003	10.001	-1	29jmd2di
s3728	4x7xm4db	81821033-3728	ok	1.023	1.023	372	4x7xm4db
s3913	5jxkmd2	81821033-3913	ok	0.002	0.002	0	5jxkmd2
s5314	7x3m4da	81821033-5314	ok	2.129	2.128	206	7x3m4da
s8511	26jxr4di	81821033-8511	timeout	10.083	9.986	-1	26jxr4di
s5389	7x4r4	81821033-5389	ok	0.703	0.696	416	7x4r4
s4719	6x3r4di	81821033-4719	ok	0.070	0.070	148	6x3r4di
s983	2x8m2de	81821033-983	ok	1.641	1.562	110	2x8m2de
s7727	18jm8de	81821033-7727	timeout	10.001	9.999	-1	18jm8de
s7401	15x2di	81821033-7401	ok	4.530	4.529	476	15x2di
s3031	4jxk	81821033-3031	ok	0.001	0.000	0	4jxk
s629	2x4xkade	81821033-629	ok	0.281	0.281	0	2x4xkade
s4087	5x3x	81821033-4087	ok	0.008	0.008	88	5x3x
s5856	8x3xm8du	81821033-5856	timeout	10.126	9.966	-1	8x3xm8du
s3327	4x3xr4di	81821033-3327	ok	0.009	0.008	48	4x3xr4di
s3654	4x7adu	81821033-3654	timeout	10.005	10.000	-1	4x7adu
s6566	11jmd4db	81821033-6566	ok	0.186	0.186	36	11jmd4db
s7130	14jmd2db	81821033-7130	ok	2.809	2.785	62	14jmd2db
s7633	17jxa	81821033-7633	timeout	10.004	10.001	-1	17jxa
s4524	6jxdu	81821033-4524	ok	0.006	0.006	6	6jxdu
s7999	21jm4	81821033-7999	timeout	10.003	10.000	-1	21jm4
s6991	13jxm4	81821033-6991	timeout	10.005	9.998	-1	13jxm4
s5639	8jxkm2de	81821033-5639	timeout	10.093	9.995	-1	8jxkm2de
s4633	6x2md2	81821033-4633	ok	0.002	0.002	58	6x2md2
s3225	4x2xkdi	81821033-3225	ok	0.003	0.003	0	4x2xkdi
s2384	3x5xm4db	81821033-2384	ok	0.012	0.012	86	3x5xm4db
s1721	2x15xmd4de	81821033-1721	timeout	10.001	10.000	-1	2x15xmd4de
s7199	14jxm8de	81821033-7199	timeout	10.052	10.008	-1	14jxm8de
s2073	3x3kdi	81821033-2073	ok	0.027	0.027	0	3x3kdi
s4619	6x2de	81821033-4619	ok	0.049	0.049	56	6x2de
s7352	15jxdb	81821033-7352	timeout	10.004	9.996	-1	15jxdb
s1168	2x10r4da	81821033-1168	ok	0.557	0.556	196	2x10r4da
s6841	12x2md2	81821033-6841	ok	0.088	0.088	297	12x2md2
s8932	31jada	81821033-8932	timeout	10.022	9.979	-1	31jada
s2759	3x9xm2de	81821033-2759	timeout	10.004	10.001	-1	3x9xm2de
s8482	26jm4da	81821033-8482	timeout	10.059	9.987	-1	26jm4da
s4841	6x4md4de	81821033-4841	timeout	10.042	10.005	-1	6x4md4de
s8538	26jxmd4du	81821033-8538	timeout	10.012	9.983	-1	26jxmd4du
s7917	20jm8di	81821033-7917	timeout	10.004	10.001	-1	20jm8di
s2442	3x6md4du	81821033-2442	timeout	10.004	10.000	-1	3x6md4du
s2066	3x3kadb	81821033-2066	ok	0.006	0.006	0	3x3kadb
s2112	3x3km8du	81821033-2112	ok	0.284	0.284	0	3x3km8du
s4607	6jxkm8de	81821033-4607	ok	1.221	1.221	0	6jxkm8de
s4396	5x6xmd2da	81821033-4396	timeout	10.060	9.972	-1	5x6xmd2da
s2591	3x7xm8de	81821033-2591	timeout	10.032	10.004	-1	3x7xm8de
s6099	9x2xadi	81821033-6099	ok	0.291	0.291	127	9x2xadi
s8250	23jxmd4du	81821033-8250	timeout	10.004	10.002	-1	23jxmd4du
s7234	14x2m4da	81821033-7234	timeout	10.004	10.002	-1	14x2m4da
s7037	13x2md2de	81821033-7037	timeout	10.076	10.001	-1	13x2md2de
s138	2x2md4du	81821033-138	ok	0.000	0.000	6	2x2md4du
s7169	14jxr4de	81821033-7169	timeout	10.028	9.993	-1	14jxr4de
s7591	17j	81821033-7591	timeout	10.004	10.002	-1	17j
s7289	14x2xmd4de	81821033-7289	timeout	10.004	10.003	-1	14x2xmd4de
s9004	31jxmd2da	81821033-9004	timeout	10.135	9.968	-1	31jxmd2da
s3417	4x4xdi	81821033-3417	ok	0.167	0.163	92	4x4xdi
s3322	4x3xda	81821033-3322	ok	0.053	0.053	46	4x3xda
s5066	7jkmd2db	81821033-5066	ok	0.003	0.003	0	7jkmd2db
s5801	8x3md4de	81821033-5801	timeout	10.024	9.999	-1	8x3md4de
s5293	7x3r4	81821033-5293	ok	0.076	0.076	220	7x3r4
s588	2x4xdu	81821033-588	ok	0.060	0.060	14	2x4xdu
s4683	6x2xmd2di	81821033-4683	ok	0.017	0.017	45	6x2xmd2di
s365	2x3kmd2de	81821033-365	ok	0.662	0.661	0	2x3kmd2de
s1524	2x13xm4du	81821033-1524	timeout	10.004	10.002	-1	2x13xm4du
s3493	4x5md4	81821033-3493	ok	0.018	0.018	198	4x5md4
s4884	6x4xm4du	81821033-4884	timeout	10.004	9.997	-1	6x4xm4du
s4294	5x5xm2da	81821033-4294	timeout	10.080	9.990	-1	5x5xm2da
s3194	4x2xmd2db	81821033-3194	ok	0.002	0.002	19	4x2xmd2db
s5063	7jkm2de	81821033-5063	ok	2.417	2.417	0	7jkm2de
s965	2x8ade	81821033-965	ok	0.978	0.970	102	2x8ade
s5602	8jxm4da	81821033-5602	ok	1.294	1.294	16	8jxm4da
s2520	3x7m2du	81821033-2520	timeout	10.023	9.999	-1	3x7m2du
s1435	2x12xm8	81821033-1435	ok	0.802	0.797	332	2x12xm8
s7522	16jm4da	81821033-7522	timeout	10.001	9.997	-1	16jm4da
s8761	29jmd2	81821033-8761	timeout	10.004	10.003	-1	29jmd2
s7509	16jm2di	81821033-7509	timeout	10.032	10.006	-1	16jm2di
s6761	12jmd4de	81821033-6761	timeout	10.077	9.994	-1	12jmd4de
s2939	4jkde	81821033-2939	ok	0.008	0.008	0	4jkde
s3709	4x7xr4	81821033-3709	ok	2.195	2.195	412	4x7xr4
s5418	7x4md4du	81821033-5418	timeout	10.004	10.002	-1	7x4md4du
s951	2x7xmd4di	81821033-951	ok	0.064	0.064	78	2x7xmd4di
s6592	11jxr4da	81821033-6592	ok	5.252	5.243	40	11jxr4da
s4746	6x3md4du	81821033-4746	ok	7.879	7.878	144	6x3md4du
s467	2x3xkm4de	81821033-467	ok	0.071	0.071	0	2x3xkm4de
s7176	14jxm2du	81821033-7176	timeout	10.079	9.997	-1	14jxm2du
s8238	23jxmd2du	81821033-8238	timeout	10.003	10.002	-1	23jxmd2du
s3575	4x6m2de	81821033-3575	timeout	10.016	10.003	-1	4x6m2de
s1269	2x11m2di	81821033-1269	ok	0.657	0.653	242	2x11m2di
s6846	12x2md2du	81821033-6846	timeout	10.005	10.003	-1	12x2md2du
s6221	9x3xmd2de	81821033-6221	timeout	10.068	9.988	-1	9x3xmd2de
s1227	2x10xmd2di	81821033-1227	ok	0.335	0.334	176	2x10xmd2di
s6554	11jmd2db	81821033-6554	ok	0.244	0.241	39	11jmd2db
s4685	6x2xmd2de	81821033-4685	ok	0.140	0.139	48	6x2xmd2de
s4078	5x3m8da	81821033-4078	ok	0.445	0.440	108	5x3m8da
s6242	10jadb	81821033-6242	ok	0.020	0.020	24	10jadb
s4561	6jxka	81821033-4561	ok	0.013	0.013	0	6jxka
s7426	15x2m4da	81821033-7426	timeout	10.008	10.002	-1	15x2m4da
s8958	31jmd2du	81821033-8958	timeout	10.038	9.997	-1	31jmd2du
s4956	6x5xdu	81821033-4956	timeout	10.004	10.002	-1	6x5xdu
s5501	8jmd2de	81821033-5501	ok	0.029	0.029	18	8jmd2de
s670	2x4xkm8da	81821033-670	ok	0.026	0.026	0	2x4xkm8da
s8385	25jm4di	81821033-8385	timeout	10.074	9.977	-1	25jm4di
s7620	17jm4du	81821033-7620	timeout	10.003	10.002	-1	17jm4du
s4493	6jkmd2de	81821033-4493	ok	1.879	1.865	0	6jkmd2de
s1119	2x9xr4di	81821033-1119	ok	0.234	0.234	144	2x9xr4di
s895	2x7m4	81821033-895	ok	0.003	0.002	96	2x7m4
s247	2x2xk	81821033-247	ok	0.000	0.000	0	2x2xk
s6262	10jm2da	81821033-6262	ok	0.074	0.074	24	10jm2da
s4548	6jxm4du	81821033-4548	ok	0.031	0.031	8	6jxm4du
s5001	7jdi	81821033-5001	ok	0.001	0.001	12	7jdi
s5280	7x2xm8du	81821033-5280	timeout	10.008	10.001	-1	7x2xm8du
s7229	14x2md2de	81821033-7229	timeout	10.004	10.000	-1	14x2md2de
s731	2x5xde	81821033-731	ok	0.051	0.051	32	2x5xde
s5461	7x4xmd4	81821033-5461	ok	0.178	0.178	414	7x4xmd4
s4027	5x2xm8	81821033-4027	ok	0.001	0.000	44	5x2xm8
s6163	9x3m2	81821033-6163	ok	4.098	4.093	373	9x3m2
s249	2x2xkdi	81821033-249	ok	0.000	0.000	0	2x2xkdi
s6173	9x3md2de	81821033-6173	timeout	10.048	9.994	-1	9x3md2de
s926	2x7xr4db	81821033-926	ok	0.005	0.005	76	2x7xr4db
s1983	3x2xkr4di	81821033-1983	ok	0.038	0.038	0	3x2xkr4di
s4882	6x4xm4da	81821033-4882	timeout	10.026	10.001	-1	6x4xm4da
s834	2x6xr4du	81821033-834	ok	3.508	3.475	48	2x6xr4du
s6500	10x3xm2db	81821033-6500	timeout	10.001	9.999	-1	10x3xm2db
s6202	9x3xda	81821033-6202	timeout	10.042	9.990	-1	9x3xda
s1382	2x12md4db	81821033-1382	ok	0.138	0.138	312	2x12md4db
s2351	3x5m8de	81821033-2351	ok	0.047	0.047	92	3x5m8de
s6878	12x2xr4db	81821033-6878	ok	0.241	0.241	292	12x2xr4db
s4596	6jxkm4du	81821033-4596	ok	2.760	2.759	0	6jxkm4du
s3812	5jkm2db	81821033-3812	ok	0.013	0.013	0	5jkm2db
s5583	8jxr4di	81821033-5583	ok	0.083	0.083	16	8jxr4di
s7597	17jr4	81821033-7597	timeout	10.008	10.003	-1	17jr4
s4470	6jkadu	81821033-4470	ok	0.045	0.045	0	6jkadu
s3621	4x6xm2di	81821033-3621	ok	1.986	1.985	248	4x6xm2di
s7598	17jr4db	81821033-7598	timeout	10.007	10.004	-1	17jr4db
s5614	8jxm8da	81821033-5614	ok	1.678	1.677	12	8jxm8da
s1214	2x10xr4db	81821033-1214	ok	0.064	0.064	188	2x10xr4db
s8372	25jm2db	81821033-8372	timeout	10.069	9.992	-1	25jm2db
s246	2x2xkadu	81821033-246	ok	0.000	0.000	0	2x2xkadu
s7749	18jxm2di	81821033-7749	timeout	10.003	10.002	-1	18jxm2di
s3883	5jxm8	81821033-3883	ok	0.000	0.000	8	5jxm8
s6096	9x2m8du	81821033-6096	ok	8.376	8.371	156	9x2m8du
s316	2x3md2da	81821033-316	ok	0.488	0.488	10	2x3md2da
s5858	9jadb	81821033-5858	ok	0.036	0.036	21	9jadb
s2872	3x10xmd4da	81821033-2872	timeout	10.005	10.003	-1	3x10xmd4da
s8494	26jm8da	81821033-8494	timeout	10.079	9.992	-1	26jm8da
s1611	2x14xmd2di	81821033-1611	timeout	10.003	10.001	-1	2x14xmd2di
s8481	26jm4di	81821033-8481	timeout	10.002	9.998	-1	26jm4di
s2960	4jkm4db	81821033-2960	ok	0.030	0.019	0	4jkm4db
s3332	4x3xm2db	81821033-3332	ok	0.012	0.005	46	4x3xm2db
s4487	6jkm2de	81821033-4487	ok	0.025	0.022	0	6jkm2de
s3424	4x4xr4da	81821033-3424	ok	0.312	0.312	100	4x4xr4da
s6157	9x3r4	81821033-6157	ok	5.086	4.983	396	9x3r4
s4420	6jada	81821033-4420	ok	0.044	0.043	7	6jada
s7621	17jmd4	81821033-7621	timeout	10.046	9.994	-1	17jmd4
s5737	8x2xmd2	81821033-5737	ok	0.013	0.013	111	8x2xmd2
s6528	10x3xm8du	81821033-6528	timeout	10.080	9.993	-1	10x3xm8du
s204	2x2xdu	81821033-204	ok	0.000	0.000	4	2x2xdu
s108	2x2du	81821033-108	ok	0.000	0.000	4	2x2du
s6445	10x3r4	81821033-6445	timeout	10.031	10.007	-1	10x3r4
s2741	3x9xade	81821033-2741	timeout	10.009	9.990	-1	3x9xade
s128	2x2m4db	81821033-128	crash	0.000	0.000	-1	2x2m4db
s1796	3jkm2db	81821033-1796	ok	0.000	0.000	0	3jkm2db
s608	2x4xm4db	81821033-608	ok	0.001	0.000	20	2x4xm4db
s762	2x5xmd4du	81821033-762	ok	0.546	0.545	28	2x5xmd4du
s3269	4x3ade	81821033-3269	ok	0.134	0.133	52	4x3ade
s4890	6x4xmd4du	81821033-4890	timeout	10.086	10.014	-1	6x4xmd4du
s6784	12jxr4da	81821033-6784	timeout	10.163	9.988	-1	12jxr4da
s230	2x2xmd4db	81821033-230	ok	0.000	0.000	6	2x2xmd4db
s5496	8jm2du	81821033-5496	ok	0.019	0.019	14	8jm2du
s3460	4x5ada	81821033-3460	timeout	10.072	10.003	-1	4x5ada
s5755	8x2xm8	81821033-5755	ok	0.003	0.003	120	8x2xm8
s2857	3x10xmd2	81821033-2857	ok	1.480	1.474	447	3x10xmd2
s2063	3x3m8de	81821033-2063	ok	0.021	0.021	32	3x3m8de
s6594	11jxr4du	81821033-6594	timeout	10.006	10.000	-1	11jxr4du
s1383	2x12md4di	81821033-1383	ok	0.396	0.396	296	2x12md4di
s3068	4jxkm8db	81821033-3068	ok	0.068	0.068	0	4jxkm8db
s5606	8jxmd4db	81821033-5606	ok	0.054	0.054	18	8jxmd4db
s4255	5x5m4	81821033-4255	ok	9.131	9.106	330	5x5m4
s863	2x6xm8de	81821033-863	ok	0.189	0.189	52	2x6xm8de
s1166	2x10r4db	81821033-1166	ok	0.044	0.044	200	2x10r4db
s2539	3x7m8	81821033-2539	ok	0.023	0.023	233	3x7m8
s2971	4jkm8	81821033-2971	ok	0.000	0.000	0	4jkm8
s3782	5jmd4db	81821033-3782	ok	0.000	0.000	7	5jmd4db
s2609	3x8r4de	81821033-2609	timeout	10.120	9.984	-1	3x8r4de
s3974	5x2md4db	81821033-3974	ok	0.001	0.001	38	5x2md4db
s5035	7jm8	81821033-5035	ok	0.000	0.000	17	7jm8
s4453	6jmd4	81821033-4453	ok	0.000	0.000	12	6jmd4
s8996	31jxm2db	81821033-8996	timeout	10.002	9.996	-1	31jxm2db
s5344	7x3xr4da	81821033-5344	ok	2.947	2.946	192	7x3xr4da
s4611	6x2adi	81821033-4611	ok	0.026	0.026	50	6x2adi
s7021	13x2r4	81821033-7021	ok	3.582	3.580	388	13x2r4
s5722	8x2xda	81821033-5722	ok	0.378	0.377	102	8x2xda
s8442	25jxmd4du	81821033-8442	timeout	10.009	10.003	-1	25jxmd4du
s7819	19jm8	81821033-7819	timeout	10.137	10.008	-1	19jm8
s4764	6x3xdu	81821033-4764	timeout	10.001	9.997	-1	6x3xdu
s6283	10jm8	81821033-6283	ok	0.061	0.060	44	10jm8
s7042	13x2m4da	81821033-7042	timeout	10.007	10.002	-1	13x2m4da
s7335	15jmd4di	81821033-7335	timeout	10.008	10.000	-1	15jmd4di
s8558	27jr4db	81821033-8558	timeout	10.080	9.960	-1	27jr4db
s39	2jmd4di	81821033-39	ok	0.000	0.000	2	2jmd4di
s1017	2x8xdi	81821033-1017	ok	0.118	0.117	100	2x8xdi
s146	2x2kadb	81821033-146	ok	0.000	0.000	0	2x2kadb
s3722	4x7xmd2db	81821033-3722	ok	2.166	2.131	363	4x7xmd2db
s8334	24jxmd2du	81821033-8334	timeout	10.003	10.000	-1	24jxmd2du
s7491	16jadi	81821033-7491	timeout	10.003	10.001	-1	16jadi
s5328	7x3m8du	81821033-5328	timeout	10.004	9.998	-1	7x3m8du
s4326	5x6adu	81821033-4326	timeout	10.166	9.976	-1	5x6adu
s4870	6x4xm2da	81821033-4870	timeout	10.128	9.988	-1	6x4xm2da
s2082	3x3kr4du	81821033-2082	ok	0.516	0.507	0	3x3kr4du
s5961	9jxdi	81821033-5961	ok	0.039	0.038	16	9jxdi
s673	2x5a	81821033-673	ok	0.002	0.002	34	2x5a
s933	2x7xm2di	81821033-933	ok	0.036	0.036	74	2x7xm2di
s2332	3x5md2da	81821033-2332	ok	0.665	0.658	87	3x5md2da
s6988	13jxmd2da	81821033-6988	timeout	10.028	9.992	-1	13jxmd2da
s5080	7jkmd4da	81821033-5080	ok	0.069	0.069	0	7jkmd4da
s1987	3x2xkm2	81821033-1987	ok	0.000	0.000	0	3x2xkm2
s529	2x4ka	81821033-529	ok	0.000	0.000	0	2x4ka
s8587	27jm8	81821033-8587	timeout	10.040	10.002	-1	27jm8
s6779	12jxde	81821033-6779	timeout	10.008	9.992	-1	12jxde
s8327	24jxm2de	81821033-8327	timeout	10.182	10.024	-1	24jxm2de
s8912	30jxm4db	81821033-8912	timeout	10.073	10.002	-1	30jxm4db
s948	2x7xm4du	81821033-948	timeout	10.136	9.997	-1	2x7xm4du
s1143	2x9xmd4di	81821033-1143	ok	0.091	0.091	138	2x9xmd4di
s1636	2x15ada	81821033-1636	timeout	10.140	9.968	-1	2x15ada
s618	2x4xmd4du	81821033-618	ok	0.045	0.044	18	2x4xmd4du
s8112	22jm8du	81821033-8112	timeout	10.032	9.995	-1	22jm8du
s7305	15jdi	81821033-7305	timeout	10.012	9.998	-1	15jdi
s6773	12jxade	81821033-6773	timeout	10.004	10.002	-1	12jxade
s4780	6x3xmd2da	81821033-4780	ok	2.377	2.376	129	6x3xmd2da
s1534	2x13xm8da	81821033-1534	ok	6.408	6.376	356	2x13xm8da
s1814	3jkmd4db	81821033-1814	ok	0.000	0.000	0	3jkmd4db
s8982	31jxadu	81821033-8982	timeout	10.199	9.978	-1	31jxadu
s1849	3x2md2	81821033-1849	ok	0.000	0.000	13	3x2md2
s7349	15jxade	81821033-7349	timeout	10.008	9.999	-1	15jxade
s2263	3x4x	81821033-2263	ok	0.003	0.002	52	3x4x
s7799	19jm2de	81821033-7799	timeout	10.004	9.994	-1	19jm2de
s4696	6x2xmd4da	81821033-4696	ok	0.039	0.039	52	6x2xmd4da
s3988	5x2xada	81821033-3988	ok	0.107	0.107	26	5x2xada
s5036	7jm8db	81821033-5036	ok	0.002	0.002	16	7jm8db
s7495	16j	81821033-7495	timeout	10.063	9.995	-1	16j
s4800	6x3xm8du	81821033-4800	timeout	10.035	9.985	-1	6x3xm8du
s7081	13x2xmd2	81821033-7081	ok	0.169	0.169	351	13x2xmd2
s4740	6x3m4du	81821033-4740	ok	9.368	9.360	148	6x3m4du
s2625	3x8m4di	81821033-2625	ok	1.840	1.838	288	3x8m4di
s8167	23j	81821033-8167	timeout	10.032	9.988	-1	23j
s4862	6x4xr4db	81821033-4862	ok	2.090	2.089	264	6x4xr4db
s7686	18jadu	81821033-7686	timeout	10.004	10.000	-1	18jadu
s4866	6x4xr4du	81821033-4866	timeout	10.054	9.983	-1	6x4xr4du
s2890	4jda	81821033-2890	timeout	10.020	10.006	-1	4jda
s4512	6jkm8du	81821033-4512	ok	0.126	0.126	0	6jkm8du
s7742	18jxr4db	81821033-7742	timeout	10.006	10.001	-1	18jxr4db
s8655	28jr4di	81821033-8655	timeout	10.004	10.002	-1	28jr4di
s6640	11x2r4da	81821033-6640	ok	1.664	1.664	256	11x2r4da
s4152	5x4m2du	81821033-4152	timeout	10.100	10.000	-1	5x4m2du
s1215	2x10xr4di	81821033-1215	ok	0.599	0.591	176	2x10xr4di
s5420	7x4m8db	81821033-5420	ok	0.248	0.248	408	7x4m8db
s5167	7jxkm4	81821033-5167	ok	0.021	0.021	0	7jxkm4
s6677	11x2xade	81821033-6677	timeout	10.002	9.998	-1	11x2xade
s6805	12jxmd4	81821033-6805	timeout	10.008	10.003	-1	12jxmd4
s8209	23jxa	81821033-8209	timeout	10.003	10.001	-1	23jxa
s2050	3x3m4da	81821033-2050	ok	0.137	0.137	28	3x3m4da
s2897	4jr4de	81821033-2897	timeout	10.106	9.974	-1	4jr4de
s8265	24jdi	81821033-8265	timeout	10.004	10.000	-1	24jdi
s2085	3x3km2di	81821033-2085	ok	0.029	0.029	0	3x3km2di
s6204	9x3xdu	81821033-6204	timeout	10.008	10.001	-1	9x3xdu
s4720	6x3r4da	81821033-4720	ok	0.380	0.380	144	6x3r4da
s248	2x2xkdb	81821033-248	ok	0.000	0.000	0	2x2xkdb
s519	2x4md4di	81821033-519	ok	0.004	0.004	24	2x4md4di
s3032	4jxkdb	81821033-3032	ok	0.024	0.024	0	4jxkdb
s366	2x3kmd2du	81821033-366	ok	0.035	0.035	0	2x3kmd2du
s6577	11jxa	81821033-6577	ok	5.281	5.271	30	11jxa
s1533	2x13xm8di	81821033-1533	ok	0.411	0.410	348	2x13xm8di
s8887	30jx	81821033-8887	timeout	10.024	9.994	-1	30jx
s2454	3x6xadu	81821033-2454	timeout	10.025	10.014	-1	3x6xadu
s2891	4jde	81821033-2891	timeout	10.143	9.970	-1	4jde
s804	2x6m4du	81821033-804	ok	0.171	0.171	60	2x6m4du
s4365	5x6m8di	81821033-4365	ok	5.179	5.112	476	5x6m8di
s4583	6jxkm2de	81821033-4583	ok	0.869	0.860	0	6jxkm2de
s6321	10jxm4di	81821033-6321	ok	1.503	1.493	24	10jxm4di
s7149	14jm8di	81821033-7149	timeout	10.020	9.999	-1	14jm8di
s7823	19jm8de	81821033-7823	timeout	10.004	10.001	-1	19jm8de
s7296	14x2xm8du	81821033-7296	timeout	10.008	10.001	-1	14x2xm8du
s5488	8jr4da	81821033-5488	ok	0.427	0.427	16	8jr4da
s5437	7x4xr4	81821033-5437	ok	0.275	0.275	400	7x4xr4
s4511	6jkm8de	81821033-4511	ok	0.330	0.330	0	6jkm8de
s4085	5x3xade	81821033-4085	ok	1.030	1.029	75	5x3xade
s6307	10jxm2	81821033-6307	ok	1.118	1.115	32	10jxm2
s8793	29jxdi	81821033-8793	timeout	10.167	10.000	-1	29jxdi
s5526	8jkadu	81821033-5526	ok	5.179	5.166	0	8jkadu
s5721	8x2xdi	81821033-5721	ok	0.133	0.132	98	8x2xdi
s2501	3x7ade	81821033-2501	timeout	10.030	9.996	-1	3x7ade
s3705	4x7xdi	81821033-3705	timeout	10.198	9.972	-1	4x7xdi
s474	2x3xkmd4du	81821033-474	ok	0.497	0.496	0	2x3xkmd4du
s662	2x4xkmd4db	81821033-662	ok	0.003	0.003	0	2x4xkmd4db
s6426	10x2xmd4du	81821033-6426	timeout	10.008	9.989	-1	10x2xmd4du
s17	2jr4de	81821033-17	crash	0.001	0.001	-1	2jr4de
s2162	3x3xkadb	81821033-2162	ok	0.004	0.004	0	3x3xkadb
s5868	9jdu	81821033-5868	ok	0.071	0.070	20	9jdu
s5703	8x2md4di	81821033-5703	ok	0.134	0.134	112	8x2md4di
s1060	2x9ada	81821033-1060	ok	1.386	1.385	134	2x9ada
s2094	3x3kmd2du	81821033-2094	ok	0.062	0.062	0	3x3kmd2du
s7812	19jm4du	81821033-7812	timeout	10.037	9.988	-1	19jm4du
s6313	10jxmd2	81821033-6313	ok	0.393	0.393	28	10jxmd2
s6944	13jm4db	81821033-6944	ok	1.609	1.579	60	13jm4db
s4460	6jm8db	81821033-4460	ok	0.002	0.001	12	6jm8db
s6549	11jm2di	81821033-6549	ok	0.036	0.035	33	11jm2di
s4156	5x4md2da	81821033-4156	ok	4.122	4.117	168	5x4md2da
s2407	3x6	81821033-2407	ok	0.021	0.021	140	3x6
s8586	27jmd4du	81821033-8586	timeout	10.220	9.981	-1	27jmd4du
s968	2x8db	81821033-968	ok	0.022	0.022	108	2x8db
s2800	3x10r4da	81821033-2800	timeout	10.007	10.001	-1	3x10r4da
s3243	4x2xkmd2di	81821033-3243	ok	0.003	0.003	0	4x2xkmd2di
s3247	4x2xkm4	81821033-3247	ok	0.002	0.002	0	4x2xkm4
s7000	13jxmd4da	81821033-7000	timeout	10.064	9.999	-1	13jxmd4da
s2088	3x3km2du	81821033-2088	ok	0.056	0.056	0	3x3km2du
s707	2x5m4de	81821033-707	ok	0.037	0.037	40	2x5m4de
s5760	8x2xm8du	81821033-5760	timeout	10.026	9.994	-1	8x2xm8du
s7571	16jxm4de	81821033-7571	timeout	10.129	9.999	-1	16jxm4de
s4930	6x5m4da	81821033-4930	timeout	10.130	9.990	-1	6x5m4da
s358	2x3km2da	81821033-358	ok	0.072	0.072	0	2x3km2da
s2494	3x6xm8da	81821033-2494	ok	0.695	0.684	136	3x6xm8da
s6832	12x2r4da	81821033-6832	ok	4.761	4.760	292	12x2r4da
s882	2x7r4du	81821033-882	ok	0.385	0.385	88	2x7r4du
s8216	23jxdb	81821033-8216	timeout	10.005	9.999	-1	23jxdb
s1922	3x2xadb	81821033-1922	ok	0.000	0.000	6	3x2xadb
s2600	3x8db	81821033-2600	ok	0.944	0.944	274	3x8db
s6508	10x3xmd2da	81821033-6508	timeout	10.044	10.000	-1	10x3xmd2da
s3013	4jxmd4	81821033-3013	ok	0.000	0.000	4	4jxmd4
s2575	3x7xm4	81821033-2575	ok	0.335	0.335	226	3x7xm4
s8411	25jxde	81821033-8411	timeout	10.192	9.972	-1	25jxde
s6731	12jde	81821033-6731	ok	2.786	2.750	42	12jde
s487	2x4	81821033-487	ok	0.001	0.000	22	2x4
s6783	12jxr4di	81821033-6783	timeout	10.003	9.998	-1	12jxr4di
s6191	9x3m8de	81821033-6191	timeout	10.004	10.001	-1	9x3m8de
s4343	5x6m2de	81821033-4343	timeout	10.008	10.002	-1	5x6m2de
s3150	4x2kmd2du	81821033-3150	ok	0.012	0.012	0	4x2kmd2du
s534	2x4kadu	81821033-534	ok	0.036	0.036	0	2x4kadu
s7290	14x2xmd4du	81821033-7290	timeout	10.125	9.996	-1	14x2xmd4du
s6437	10x3ade	81821033-6437	timeout	10.004	10.000	-1	10x3ade
s1409	2x12xr4de	81821033-1409	timeout	10.004	10.000	-1	2x12xr4de
s8097	22jm4di	81821033-8097	timeout	10.003	9.998	-1	22jm4di
s5796	8x3m4du	81821033-5796	timeout	10.192	10.002	-1	8x3m4du
s4648	6x2md4da	81821033-4648	ok	0.037	0.037	62	6x2md4da
s3846	5jxadu	81821033-3846	ok	0.008	0.008	4	5jxadu
s4337	5x6r4de	81821033-4337	timeout	10.064	9.994	-1	5x6r4de
s3212	4x2xm8db	81821033-3212	ok	0.001	0.001	20	4x2xm8db
s6863	12x2m8de	81821033-6863	timeout	10.004	9.980	-1	12x2m8de
s3593	4x6md4de	81821033-3593	timeout	10.016	9.995	-1	4x6md4de
s2181	3x3xkm2di	81821033-2181	ok	0.037	0.037	0	3x3xkm2di
s8044	21jxmd2da	81821033-8044	timeout	10.166	10.001	-1	21jxmd2da
s6168	9x3m2du	81821033-6168	timeout	10.051	10.000	-1	9x3m2du
s2934	4jkadu	81821033-2934	ok	0.010	0.010	0	4jkadu
s5632	8jxkr4da	81821033-5632	ok	0.137	0.137	0	8jxkr4da
s1674	2x15md4du	81821033-1674	timeout	10.004	10.000	-1	2x15md4du
s3745	5ja	81821033-3745	ok	0.000	0.000	5	5ja
s4486	6jkm2da	81821033-4486	ok	0.040	0.040	0	6jkm2da
s1888	3x2kr4da	81821033-1888	ok	0.135	0.135	0	3x2kr4da
s4079	5x3m8de	81821033-4079	ok	0.819	0.819	100	5x3m8de
s8508	26jxdu	81821033-8508	timeout	10.007	10.002	-1	26jxdu
s4406	5x6xmd4db	81821033-4406	timeout	10.088	10.003	-1	5x6xmd4db
s5341	7x3xr4	81821033-5341	ok	0.020	0.020	220	7x3xr4
s5957	9jxade	81821033-5957	ok	0.435	0.430	13	9jxade
s7563	16jxmd2di	81821033-7563	timeout	10.003	10.000	-1	16jxmd2di
s5843	8x3xm4de	81821033-5843	timeout	10.001	10.000	-1	8x3xm4de
s6209	9x3xr4de	81821033-6209	timeout	10.008	10.000	-1	9x3xr4de
s5163	7jxkmd2di	81821033-5163	ok	1.043	1.042	0	7jxkmd2di
s3716	4x7xm2db	81821033-3716	ok	1.744	1.744	362	4x7xm2db
s6376	10x2md4da	81821033-6376	ok	1.765	1.764	194	10x2md4da
s2611	3x8m2	81821033-2611	ok	1.554	1.553	282	3x8m2
s3102	4x2md2du	81821033-3102	ok	0.087	0.087	23	4x2md2du
s2521	3x7md2	81821033-2521	ok	0.062	0.062	197	3x7md2
s3469	4x5r4	81821033-3469	ok	0.016	0.016	204	4x5r4
s5473	8ja	81821033-5473	ok	0.001	0.001	15	8ja
s6927	13jr4di	81821033-6927	timeout	10.076	9.989	-1	13jr4di
s2567	3x7xm2de	81821033-2567	timeout	10.004	9.997	-1	3x7xm2de
s3542	4x5xmd4db	81821033-3542	ok	0.140	0.140	172	4x5xmd4db
s32	2jm4db	81821033-32	crash	0.000	0.000	-1	2jm4db
s8984	31jxdb	81821033-8984	timeout	10.001	10.000	-1	31jxdb
s5252	7x2xm2db	81821033-5252	ok	0.011	0.011	70	7x2xm2db
s7989	21jm2di	81821033-7989	timeout	10.008	10.000	-1	21jm2di
s3055	4jxkm4	81821033-3055	ok	0.000	0.000	0	4jxkm4
s1959	3x2xmd4di	81821033-1959	ok	0.001	0.001	8	3x2xmd4di
s1489	2x13xa	81821033-1489	ok	0.767	0.767	317	2x13xa
s4251	5x5md2di	81821033-4251	ok	4.975	4.971	279	5x5md2di
s3421	4x4xr4	81821033-3421	ok	0.006	0.006	116	4x4xr4
s7769	18jxmd4de	81821033-7769	timeout	10.080	9.988	-1	18jxmd4de
s753	2x5xm4di	81821033-753	ok	0.005	0.005	32	2x5xm4di
s7421	15x2md2de	81821033-7421	timeout	10.002	10.001	-1	15x2md2de
s3632	4x6xm4db	81821033-3632	ok	0.206	0.206	264	4x6xm4db
s7117	14jr4	81821033-7117	timeout	10.001	10.001	-1	14jr4
s7704	18jm2du	81821033-7704	timeout	10.005	9.999	-1	18jm2du
s4885	6x4xmd4	81821033-4885	ok	0.658	0.657	290	6x4xmd4
s2777	3x9xmd4de	81821033-2777	timeout	10.058	9.966	-1	3x9xmd4de
s626	2x4xkadb	81821033-626	ok	0.004	0.004	0	2x4xkadb
s1830	3x2adu	81821033-1830	ok	0.781	0.773	11	3x2adu
s6719	11x2xm8de	81821033-6719	ok	8.047	8.046	232	11x2xm8de
s4132	5x4ada	81821033-4132	timeout	10.001	9.997	-1	5x4ada
s7499	16jde	81821033-7499	timeout	10.008	10.003	-1	16jde
s1199	2x10m8de	81821033-1199	ok	1.887	1.887	204	2x10m8de
s1153	2x10a	81821033-1153	ok	0.083	0.082	174	2x10a
s1898	3x2kmd2db	81821033-1898	ok	0.034	0.034	0	3x2kmd2db
s6941	13jmd2de	81821033-6941	ok	8.741	8.659	47	13jmd2de
s7033	13x2md2	81821033-7033	ok	2.061	2.047	356	13x2md2
s472	2x3xkmd4da	81821033-472	ok	0.261	0.259	0	2x3xkmd4da
s5985	9jxm4di	81821033-5985	ok	0.190	0.189	18	9jxm4di
s4227	5x5adi	81821033-4227	ok	5.805	5.802	261	5x5adi
s665	2x4xkmd4de	81821033-665	ok	0.354	0.352	0	2x4xkmd4de
s2232	3x4m2du	81821033-2232	ok	0.199	0.190	52	3x4m2du
s6661	11x2md4	81821033-6661	ok	0.033	0.032	256	11x2md4
s6061	9x2r4	81821033-6061	ok	0.009	0.009	164	9x2r4
s3500	4x5m8db	81821033-3500	ok	0.022	0.022	196	4x5m8db
s5448	7x4xm2du	81821033-5448	timeout	10.002	10.000	-1	7x4xm2du
s1104	2x9m8du	81821033-1104	ok	2.325	2.325	152	2x9m8du
s5354	7x3xmd2db	81821033-5354	ok	0.226	0.226	180	7x3xmd2db
s6801	12jxm4di	81821033-6801	timeout	10.003	10.002	-1	12jxm4di
s7377	15jxm4di	81821033-7377	timeout	10.006	10.001	-1	15jxm4di
s409	2x3xmd2	81821033-409	ok	0.000	0.000	9	2x3xmd2
s3763	5jm2	81821033-3763	ok	0.000	0.000	7	5jm2
s4282	5x5xda	81821033-4282	timeout	10.190	9.981	-1	5x5xda
s1179	2x10md2di	81821033-1179	ok	0.269	0.268	195	2x10md2di
s95	2jkm8de	81821033-95	timeout	10.004	10.003	-1	2jkm8de
s7364	15jxm2db	81821033-7364	timeout	10.004	10.003	-1	15jxm2db
s4873	6x4xmd2	81821033-4873	ok	0.130	0.130	273	6x4xmd2
s6750	12jmd2du	81821033-6750	timeout	10.007	10.002	-1	12jmd2du
s438	2x3xkadu	81821033-438	ok	0.300	0.300	0	2x3xkadu
s8640	27jxm8du	81821033-8640	timeout	10.054	9.955	-1	27jxm8du
s5621	8jxkade	81821033-5621	timeout	10.004	10.002	-1	8jxkade
s7596	17jdu	81821033-7596	timeout	10.002	10.000	-1	17jdu
s6596	11jxm2db	81821033-6596	timeout	10.008	10.003	-1	11jxm2db
s6976	13jxr4da	81821033-6976	timeout	10.084	10.000	-1	13jxr4da
s4754	6x3xadb	81821033-4754	ok	0.102	0.101	119	6x3xadb
s818	2x6xadb	81821033-818	ok	0.011	0.011	43	2x6xadb
s1154	2x10adb	81821033-1154	ok	0.195	0.191	172	2x10adb
s7334	15jmd4db	81821033-7334	ok	8.897	8.895	88	15jmd4db
s7255	14x2x	81821033-7255	ok	1.269	1.269	408	14x2x
s7249	14x2xa	81821033-7249	timeout	10.004	10.001	-1	14x2xa
s3318	4x3xadu	81821033-3318	ok	6.731	6.727	40	4x3xadu
s2258	3x4xadb	81821033-2258	ok	0.011	0.011	42	3x4xadb
s779	2x6de	81821033-779	ok	0.112	0.112	56	2x6de
s8645	28jade	81821033-8645	timeout	10.123	10.043	-1	28jade
s4712	6x3db	81821033-4712	ok	0.047	0.047	142	6x3db
s6380	10x2m8db	81821033-6380	ok	0.017	0.017	216	10x2m8db
s7133	14jmd2de	81821033-7133	timeout	10.001	10.000	-1	14jmd2de
s1406	2x12xr4db	81821033-1406	ok	0.245	0.244	292	2x12xr4db
s1445	2x13ade	81821033-1445	timeout	10.004	10.001	-1	2x13ade
s7178	14jxmd2db	81821033-7178	timeout	10.005	9.999	-1	14jxmd2db
s7429	15x2md4	81821033-7429	ok	0.143	0.142	532	15x2md4
s5377	7x4a	81821033-5377	ok	2.231	2.230	354	7x4a
s7786	19jda	81821033-7786	timeout	10.123	10.026	-1	19jda
s590	2x4xr4db	81821033-590	ok	0.001	0.001	16	2x4xr4db
s940	2x7xmd2da	81821033-940	ok	0.139	0.138	71	2x7xmd2da
s3189	4x2xm2di	81821033-3189	ok	0.003	0.003	18	4x2xm2di
s6573	11jm8di	81821033-6573	ok	0.259	0.258	36	11jm8di
s3129	4x2kdi	81821033-3129	ok	0.003	0.003	0	4x2kdi
s3249	4x2xkm4di	81821033-3249	ok	0.009	0.009	0	4x2xkm4di
s3681	4x7m4di	81821033-3681	ok	2.708	2.686	396	4x7m4di
s8930	31jadb	81821033-8930	timeout	10.003	10.001	-1	31jadb
s4676	6x2xm2db	81821033-4676	ok	0.006	0.006	48	6x2xm2db
s1434	2x12xmd4du	81821033-1434	timeout	10.004	10.003	-1	2x12xmd4du
s3244	4x2xkmd2da	81821033-3244	ok	0.010	0.010	0	4x2xkmd2da
s5637	8jxkm2di	81821033-5637	ok	2.478	2.478	0	8jxkm2di
s370	2x3km4da	81821033-370	ok	0.010	0.010	0	2x3km4da
s8814	29jxmd2du	81821033-8814	timeout	10.005	9.999	-1	29jxmd2du
s7665	17jxm4di	81821033-7665	timeout	10.047	9.965	-1	17jxm4di
s6520	10x3xmd4da	81821033-6520	timeout	10.005	10.000	-1	10x3xmd4da
s2788	3x10ada	81821033-2788	timeout	10.001	10.000	-1	3x10ada
s799	2x6m4	81821033-799	ok	0.001	0.001	64	2x6m4
s5109	7jxm2di	81821033-5109	ok	0.010	0.010	9	7jxm2di
s3418	4x4xda	81821033-3418	ok	0.520	0.519	92	4x4xda
s7405	15x2r4	81821033-7405	ok	0.161	0.161	536	15x2r4
s7905	20jm4di	81821033-7905	timeout	10.008	10.002	-1	20jm4di
s6722	12jadb	81821033-6722	ok	4.474	4.472	41	12jadb
s5972	9jxm2db	81821033-5972	ok	0.222	0.221	19	9jxm2db
s399	2x3xr4di	81821033-399	ok	0.002	0.002	8	2x3xr4di
s6179	9x3m4de	81821033-6179	timeout	10.168	10.020	-1	9x3m4de
s3290	4x3md2db	81821033-3290	ok	0.005	0.005	54	4x3md2db
s7868	19jxm8db	81821033-7868	timeout	10.012	9.998	-1	19jxm8db
s1669	2x15md4	81821033-1669	ok	1.648	1.647	524	2x15md4
s6288	10jm8du	81821033-6288	ok	0.114	0.114	32	10jm8du
s622	2x4xm8da	81821033-622	ok	0.034	0.033	16	2x4xm8da
s5110	7jxm2da	81821033-5110	ok	0.052	0.052	7	7jxm2da
s6094	9x2m8da	81821033-6094	ok	0.310	0.310	160	9x2m8da
s5139	7jxkadi	81821033-5139	ok	1.382	1.381	0	7jxkadi
s4350	5x6md2du	81821033-4350	timeout	10.050	10.001	-1	5x6md2du
s213	2x2xm2di	81821033-213	ok	0.000	0.000	4	2x2xm2di
s3888	5jxm8du	81821033-3888	timeout	10.062	9.965	-1	5jxm8du
s5663	8jxkm8de	81821033-5663	timeout	10.001	9.997	-1	8jxkm8de
s7579	16jxm8	81821033-7579	timeout	10.002	9.994	-1	16jxm8
s5459	7x4xm4de	81821033-5459	timeout	10.003	10.003	-1	7x4xm4de
s2707	3x9m2	81821033-2707	ok	2.423	2.422	373	3x9m2
s1864	3x2md4da	81821033-1864	ok	5.877	5.873	10	3x2md4da
s5812	8x3xada	81821033-5812	timeout	10.060	9.989	-1	8x3xada
s5505	8jm4di	81821033-5505	ok	0.004	0.004	20	8jm4di
s5064	7jkm2du	81821033-5064	ok	0.109	0.106	0	7jkm2du
s417	2x3xm4di	81821033-417	timeout	10.004	10.001	-1	2x3xm4di
s7728	18jm8du	81821033-7728	timeout	10.004	10.003	-1	18jm8du
s874	2x7da	81821033-874	ok	0.167	0.167	80	2x7da
s2424	3x6m2du	81821033-2424	timeout	10.006	10.000	-1	3x6m2du
s1138	2x9xm4da	81821033-1138	ok	0.641	0.641	148	2x9xm4da
s1967	3x2xm8de	81821033-1967	timeout	10.074	9.988	-1	3x2xm8de
s1477	2x13md4	81821033-1477	ok	0.073	0.073	386	2x13md4
s1376	2x12m4db	81821033-1376	ok	0.158	0.158	316	2x12m4db
s4432	6jr4da	81821033-4432	ok	0.258	0.258	8	6jr4da
s179	2x2km4de	81821033-179	ok	0.000	0.000	0	2x2km4de
s2039	3x3m2de	81821033-2039	ok	0.071	0.071	29	3x3m2de
s1900	3x2kmd2da	81821033-1900	ok	0.030	0.030	0	3x2kmd2da
s5294	7x3r4db	81821033-5294	ok	0.089	0.089	220	7x3r4db
s8461	26jr4	81821033-8461	timeout	10.004	10.003	-1	26jr4
s7906	20jm4da	81821033-7906	timeout	10.000	9.996	-1	20jm4da
s2836	3x10xada	81821033-2836	timeout	10.007	10.001	-1	3x10xada
s796	2x6md2da	81821033-796	ok	0.036	0.036	54	2x6md2da
s946	2x7xm4da	81821033-946	ok	0.059	0.059	76	2x7xm4da
s1032	2x8xm2du	81821033-1032	timeout	10.077	9.999	-1	2x8xm2du
s1290	2x11md4du	81821033-1290	timeout	10.004	10.001	-1	2x11md4du
s6471	10x3md4di	81821033-6471	ok	4.149	4.147	474	10x3md4di
s7313	15jr4de	81821033-7313	timeout	10.004	10.000	-1	15jr4de
s8684	28jm8db	81821033-8684	timeout	10.068	9.985	-1	28jm8db
s4173	5x4m8di	81821033-4173	ok	0.053	0.052	196	5x4m8di
s8751	29jr4di	81821033-8751	timeout	10.008	10.003	-1	29jr4di
s1329	2x11xm4di	81821033-1329	ok	0.285	0.281	236	2x11xm4di
s4234	5x5da	81821033-4234	timeout	10.006	10.000	-1	5x5da
s3300	4x3m4du	81821033-3300	ok	0.490	0.490	60	4x3m4du
s974	2x8r4db	81821033-974	ok	0.010	0.010	116	2x8r4db
s8835	30jadi	81821033-8835	timeout	10.004	9.997	-1	30jadi
s1036	2x8xmd2da	81821033-1036	ok	0.613	0.613	98	2x8xmd2da
s3130	4x2kda	81821033-3130	ok	0.003	0.003	0	4x2kda
s955	2x7xm8	81821033-955	ok	0.002	0.002	92	2x7xm8
s5820	8x3xdu	81821033-5820	timeout	10.004	10.001	-1	8x3xdu
s2436	3x6m4du	81821033-2436	timeout	10.045	9.964	-1	3x6m4du
s3535	4x5xm4	81821033-3535	ok	0.028	0.028	188	4x5xm4
s2023	3x3	81821033-2023	ok	0.001	0.001	28	3x3
s7179	14jxmd2di	81821033-7179	timeout	10.007	10.002	-1	14jxmd2di
s7794	19jr4du	81821033-7794	timeout	10.000	9.997	-1	19jr4du
s4053	5x3m2di	81821033-4053	ok	0.164	0.163	92	5x3m2di
s8484	26jm4du	81821033-8484	timeout	10.003	10.000	-1	26jm4du
s8205	23jm8di	81821033-8205	timeout	10.067	9.999	-1	23jm8di
s3093	4x2m2di	81821033-3093	ok	0.009	0.009	20	4x2m2di
s4679	6x2xm2de	81821033-4679	ok	0.114	0.113	48	6x2xm2de
s6963	13jxadi	81821033-6963	timeout	10.004	9.998	-1	13jxadi
s8512	26jxr4da	81821033-8512	timeout	10.004	10.001	-1	26jxr4da
s1660	2x15md2da	81821033-1660	timeout	10.008	10.000	-1	2x15md2da
s4963	6x5xm2	81821033-4963	ok	4.078	4.077	452	6x5xm2
s8080	22jr4da	81821033-8080	timeout	10.120	10.029	-1	22jr4da
s334	2x3m8da	81821033-334	ok	0.466	0.465	12	2x3m8da
s723	2x5xadi	81821033-723	ok	0.010	0.010	28	2x5xadi
s4403	5x6xm4de	81821033-4403	timeout	10.008	10.001	-1	5x6xm4de
s2576	3x7xm4db	81821033-2576	ok	0.353	0.352	198	3x7xm4db
s4034	5x3adb	81821033-4034	ok	0.025	0.025	86	5x3adb
s101	2x2ade	81821033-101	ok	0.000	0.000	4	2x2ade
s892	2x7md2da	81821033-892	ok	0.115	0.114	83	2x7md2da
s4715	6x3de	81821033-4715	ok	2.278	2.277	140	6x3de
s8041	21jxmd2	81821033-8041	timeout	10.004	10.001	-1	21jxmd2
s1275	2x11md2di	81821033-1275	ok	0.615	0.615	236	2x11md2di
s6590	11jxr4db	81821033-6590	timeout	10.052	9.972	-1	11jxr4db
s4372	5x6xada	81821033-4372	timeout	10.001	10.000	-1	5x6xada
s3036	4jxkdu	81821033-3036	ok	0.231	0.230	0	4jxkdu
s6315	10jxmd2di	81821033-6315	ok	1.302	1.302	21	10jxmd2di
s5803	8x3m8	81821033-5803	ok	2.757	2.734	316	8x3m8
s6228	9x3xm4du	81821033-6228	timeout	10.008	10.000	-1	9x3xm4du
s8691	28jxadi	81821033-8691	timeout	10.004	10.002	-1	28jxadi
s7153	14jxa	81821033-7153	timeout	10.001	9.998	-1	14jxa
s1089	2x9m4di	81821033-1089	ok	0.051	0.051	164	2x9m4di
s2809	3x10md2	81821033-2809	timeout	10.127	10.039	-1	3x10md2
s8947	31jm2	81821033-8947	timeout	10.004	9.997	-1	31jm2
s6842	12x2md2db	81821033-6842	ok	0.311	0.311	289	12x2md2db
s130	2x2m4da	81821033-130	crash	0.000	0.000	-1	2x2m4da
s7039	13x2m4	81821033-7039	ok	0.069	0.069	384	13x2m4
s40	2jmd4da	81821033-40	ok	0.000	0.000	2	2jmd4da
s5100	7jxdu	81821033-5100	ok	0.046	0.046	6	7jxdu
s8287	24jm4	81821033-8287	timeout	10.004	10.001	-1	24jm4
s318	2x3md2du	81821033-318	ok	0.110	0.110	9	2x3md2du
s4015	5x2xm4	81821033-4015	ok	0.001	0.001	40	5x2xm4
s5690	8x2md2db	81821033-5690	ok	0.028	0.028	110	8x2md2db
s3636	4x6xm4du	81821033-3636	timeout	10.001	9.999	-1	4x6xm4du
s1300	2x11xada	81821033-1300	timeout	10.087	10.005	-1	2x11xada
s5560	8jkmd4da	81821033-5560	ok	0.023	0.023	0	8jkmd4da
s4330	5x6da	81821033-4330	timeout	10.007	10.000	-1	5x6da
s3809	5jkr4de	81821033-3809	ok	0.542	0.541	0	5jkr4de
s5288	7x3db	81821033-5288	ok	0.133	0.133	196	7x3db
s5248	7x2xr4da	81821033-5248	ok	0.258	0.258	84	7x2xr4da
s5651	8jxkm4de	81821033-5651	timeout	10.000	9.997	-1	8jxkm4de
s8124	22jxdu	81821033-8124	timeout	10.004	10.002	-1	22jxdu
s726	2x5xadu	81821033-726	ok	0.694	0.694	24	2x5xadu
s3449	4x4xmd4de	81821033-3449	ok	2.784	2.783	90	4x4xmd4de
s8408	25jxdb	81821033-8408	timeout	10.073	9.991	-1	25jxdb
s450	2x3xkr4du	81821033-450	ok	0.394	0.394	0	2x3xkr4du
s2490	3x6xmd4du	81821033-2490	timeout	10.011	10.004	-1	3x6xmd4du
s868	2x7ada	81821033-868	ok	0.168	0.168	73	2x7ada
s7792	19jr4da	81821033-7792	timeout	10.002	10.000	-1	19jr4da
s4274	5x5xadb	81821033-4274	ok	1.207	1.207	250	5x5xadb
s3604	4x6xada	81821033-3604	timeout	10.001	9.999	-1	4x6xada
s9023	31jxm8de	81821033-9023	timeout	10.040	9.951	-1	31jxm8de
s4504	6jkmd4da	81821033-4504	ok	0.083	0.083	0	6jkmd4da
s5265	7x2xm4di	81821033-5265	ok	0.016	0.016	76	7x2xm4di
s2344	3x5md4da	81821033-2344	ok	0.139	0.139	88	3x5md4da
s8246	23jxmd4db	81821033-8246	timeout	10.007	10.005	-1	23jxmd4db
s4157	5x4md2de	81821033-4157	ok	9.651	9.564	168	5x4md2de
s5860	9jada	81821033-5860	ok	0.044	0.043	18	9jada
s5317	7x3md4	81821033-5317	ok	0.089	0.089	222	7x3md4
s3831	5jkmd4di	81821033-3831	ok	0.031	0.031	0	5jkmd4di
s1949	3x2xmd2de	81821033-1949	ok	0.003	0.003	6	3x2xmd2de
s7745	18jxr4de	81821033-7745	timeout	10.004	10.001	-1	18jxr4de
s7815	19jmd4di	81821033-7815	timeout	10.001	9.998	-1	19jmd4di
s4105	5x3xmd2	81821033-4105	ok	0.007	0.007	83	5x3xmd2
s3312	4x3m8du	81821033-3312	ok	0.688	0.683	56	4x3m8du
s8547	27jadi	81821033-8547	timeout	10.004	10.002	-1	27jadi
s7885	20jr4	81821033-7885	timeout	10.004	10.003	-1	20jr4
s7928	20jxdb	81821033-7928	timeout	10.004	9.999	-1	20jxdb
s6853	12x2md4	81821033-6853	ok	0.054	0.054	318	12x2md4
s4335	5x6r4di	81821033-4335	timeout	10.113	10.022	-1	5x6r4di
s7351	15jx	81821033-7351	timeout	10.004	10.002	-1	15jx
s107	2x2de	81821033-107	ok	0.000	0.000	4	2x2de
s8249	23jxmd4de	81821033-8249	timeout	10.004	10.002	-1	23jxmd4de
s3266	4x3adb	81821033-3266	ok	0.009	0.009	47	4x3adb
s2568	3x7xm2du	81821033-2568	timeout	10.001	9.999	-1	3x7xm2du
s460	2x3xkmd2da	81821033-460	ok	0.231	0.230	0	2x3xkmd2da
s4825	6x4md2	81821033-4825	ok	0.113	0.113	273	6x4md2
s5888	9jm4db	81821033-5888	ok	0.046	0.046	24	9jm4db
s8234	23jxmd2db	81821033-8234	timeout	10.076	9.999	-1	23jxmd2db
s523	2x4m8	81821033-523	ok	0.000	0.000	24	2x4m8
s3357	4x3xm8di	81821033-3357	ok	0.016	0.016	52	4x3xm8di
s2947	4jkm2	81821033-2947	ok	0.001	0.001	0	4jkm2
s3181	4x2xr4	81821033-3181	ok	0.001	0.000	24	4x2xr4
s924	2x7xdu	81821033-924	timeout	10.003	10.000	-1	2x7xdu
s397	2x3xr4	81821033-397	ok	0.000	0.000	12	2x3xr4
s5397	7x4m2di	81821033-5397	ok	4.408	4.408	376	7x4m2di
s5386	7x4da	81821033-5386	timeout	10.008	10.002	-1	7x4da
s33	2jm4di	81821033-33	crash	0.000	0.000	-1	2jm4di
s4624	6x2r4da	81821033-4624	ok	0.112	0.112	60	6x2r4da
s6906	12x2xmd4du	81821033-6906	timeout	10.058	9.975	-1	12x2xmd4du
s985	2x8md2	81821033-985	ok	0.011	0.011	116	2x8md2
s7859	19jxm4de	81821033-7859	timeout	10.003	10.002	-1	19jxm4de
s7839	19jxr4di	81821033-7839	timeout	10.003	10.002	-1	19jxr4di
s8267	24jde	81821033-8267	timeout	10.003	9.998	-1	24jde
s150	2x2kadu	81821033-150	ok	0.000	0.000	0	2x2kadu
s3955	5x2m2	81821033-3955	ok	0.001	0.001	42	5x2m2
s7036	13x2md2da	81821033-7036	timeout	10.040	9.969	-1	13x2md2da
s2354	3x5xadb	81821033-2354	ok	0.052	0.051	70	3x5xadb
s4868	6x4xm2db	81821033-4868	ok	0.804	0.803	246	6x4xm2db
s671	2x4xkm8de	81821033-671	ok	0.343	0.339	0	2x4xkm8de
s875	2x7de	81821033-875	ok	0.126	0.126	82	2x7de
s6181	9x3md4	81821033-6181	ok	0.101	0.101	400	9x3md4
s2416	3x6r4da	81821033-2416	ok	0.435	0.433	140	3x6r4da
s6845	12x2md2de	81821033-6845	timeout	10.004	10.002	-1	12x2md2de
s1374	2x12md2du	81821033-1374	timeout	10.004	10.001	-1	2x12md2du
s6153	9x3di	81821033-6153	ok	6.710	6.653	361	9x3di
s656	2x4xkm4db	81821033-656	ok	0.002	0.001	0	2x4xkm4db
s3901	5jxkr4	81821033-3901	ok	0.001	0.001	0	5jxkr4
s838	2x6xm2da	81821033-838	ok	0.037	0.037	50	2x6xm2da
s871	2x7	81821033-871	ok	0.005	0.005	90	2x7
s2792	3x10db	81821033-2792	timeout	10.003	9.995	-1	3x10db
s374	2x3kmd4db	81821033-374	ok	0.038	0.038	0	2x3kmd4db
s7262	14x2xr4db	81821033-7262	ok	7.689	7.686	408	14x2xr4db
s2602	3x8da	81821033-2602	timeout	10.004	10.003	-1	3x8da
s3162	4x2kmd4du	81821033-3162	ok	0.067	0.067	0	4x2kmd4du
s2040	3x3m2du	81821033-2040	ok	0.703	0.703	27	3x3m2du
s456	2x3xkm2du	81821033-456	ok	0.352	0.352	0	2x3xkm2du
s2618	3x8md2db	81821033-2618	ok	3.377	3.375	277	3x8md2db
s7375	15jxm4	81821033-7375	timeout	10.041	9.957	-1	15jxm4
s2399	3x5xm8de	81821033-2399	ok	0.336	0.335	84	3x5xm8de
s6985	13jxmd2	81821033-6985	timeout	10.005	9.998	-1	13jxmd2
s423	2x3xmd4di	81821033-423	ok	0.002	0.001	10	2x3xmd4di
s5528	8jkdb	81821033-5528	ok	0.019	0.019	0	8jkdb
s1436	2x12xm8db	81821033-1436	ok	0.372	0.372	308	2x12xm8db
s6136	9x2xmd4da	81821033-6136	ok	0.211	0.211	138	9x2xmd4da
s5937	9jkm4di	81821033-5937	ok	0.155	0.155	0	9jkm4di
s3515	4x5xde	81821033-3515	timeout	10.001	9.998	-1	4x5xde
s2452	3x6xada	81821033-2452	ok	2.527	2.527	113	3x6xada
s6172	9x3md2da	81821033-6172	timeout	10.002	10.000	-1	9x3md2da
s5623	8jxk	81821033-5623	ok	0.913	0.913	0	8jxk
s2101	3x3kmd4	81821033-2101	ok	0.002	0.002	0	3x3kmd4
s5932	9jkmd2da	81821033-5932	ok	0.196	0.196	0	9jkmd2da
s8449	26ja	81821033-8449	timeout	10.075	9.998	-1	26ja
s2627	3x8m4de	81821033-2627	timeout	10.003	9.996	-1	3x8m4de
s5537	8jkr4de	81821033-5537	ok	1.206	1.205	0	8jkr4de
s3707	4x7xde	81821033-3707	timeout	10.001	9.999	-1	4x7xde
s2822	3x10md4db	81821033-2822	timeout	10.003	9.999	-1	3x10md4db
s1884	3x2kdu	81821033-1884	ok	0.097	0.096	0	3x2kdu
s6635	11x2de	81821033-6635	ok	4.156	4.154	234	11x2de
s3074	4x2adb	81821033-3074	ok	0.001	0.001	20	4x2adb
s1554	2x14r4du	81821033-1554	timeout	10.064	9.992	-1	2x14r4du
s4106	5x3xmd2db	81821033-4106	ok	0.021	0.021	83	5x3xmd2db
s3142	4x2km2da	81821033-3142	ok	0.082	0.082	0	4x2km2da
s284	2x2xkm8db	81821033-284	ok	0.000	0.000	0	2x2xkm8db
s7362	15jxr4du	81821033-7362	timeout	10.004	9.999	-1	15jxr4du
s1608	2x14xm2du	81821033-1608	timeout	10.007	10.001	-1	2x14xm2du
s4602	6jxkmd4du	81821033-4602	ok	0.478	0.477	0	6jxkmd4du
s8058	21jxmd4du	81821033-8058	timeout	10.000	9.998	-1	21jxmd4du
s1431	2x12xmd4di	81821033-1431	ok	2.578	2.576	274	2x12xmd4di
s7683	18jadi	81821033-7683	timeout	10.070	9.990	-1	18jadi
s3088	4x2r4da	81821033-3088	ok	0.462	0.445	24	4x2r4da
s7466	15x2xmd2db	81821033-7466	ok	6.112	6.108	458	15x2xmd2db
s1584	2x14m8du	81821033-1584	timeout	10.004	10.001	-1	2x14m8du
s7437	15x2m8di	81821033-7437	ok	0.676	0.676	516	15x2m8di
s8351	24jxm8de	81821033-8351	timeout	10.013	10.001	-1	24jxm8de
s8317	24jxr4	81821033-8317	timeout	10.038	9.957	-1	24jxr4
s3761	5jr4de	81821033-3761	ok	0.022	0.022	5	5jr4de
s2963	4jkm4de	81821033-2963	ok	0.067	0.067	0	4jkm4de
s1759	3jm4	81821033-1759	ok	0.000	0.000	4	3jm4
s1974	3x2xkadu	81821033-1974	ok	0.077	0.077	0	3x2xkadu
s6120	9x2xm2du	81821033-6120	timeout	10.009	10.003	-1	9x2xm2du
s2998	4jxm2da	81821033-2998	timeout	10.003	10.001	-1	4jxm2da
s2333	3x5md2de	81821033-2333	ok	0.315	0.314	88	3x5md2de
s6993	13jxm4di	81821033-6993	timeout	10.004	10.002	-1	13jxm4di
s4599	6jxkmd4di	81821033-4599	ok	0.743	0.743	0	6jxkmd4di
s7845	19jxm2di	81821033-7845	timeout	10.068	9.968	-1	19jxm2di
s1787	3jkde	81821033-1787	ok	0.000	0.000	0	3jkde
s5678	8x2r4db	81821033-5678	ok	0.011	0.011	116	8x2r4db
s1973	3x2xkade	81821033-1973	ok	0.085	0.082	0	3x2xkade
s1046	2x8xmd4db	81821033-1046	ok	0.014	0.014	110	2x8xmd4db
s3199	4x2xm4	81821033-3199	ok	0.000	0.000	24	4x2xm4
s2983	4jx	81821033-2983	ok	0.000	0.000	4	4jx
s6574	11jm8da	81821033-6574	timeout	10.008	10.001	-1	11jm8da
s8627	27jxm4de	81821033-8627	timeout	10.008	10.006	-1	27jxm4de
s1095	2x9md4di	81821033-1095	ok	0.086	0.086	164	2x9md4di
s80	2jkm4db	81821033-80	timeout	10.001	10.000	-1	2jkm4db
s3395	4x4m4de	81821033-3395	ok	0.177	0.177	116	4x4m4de
s7462	15x2xm2da	81821033-7462	timeout	10.076	9.982	-1	15x2xm2da
s6457	10x3md2	81821033-6457	timeout	10.008	10.000	-1	10x3md2
s4209	5x4xm4di	81821033-4209	ok	0.208	0.208	176	5x4xm4di
s2091	3x3kmd2di	81821033-2091	ok	0.011	0.011	0	3x3kmd2di
s6285	10jm8di	81821033-6285	ok	0.954	0.953	40	10jm8di
s2169	3x3xkdi	81821033-2169	ok	0.031	0.030	0	3x3xkdi
s6253	10jr4	81821033-6253	ok	0.058	0.058	40	10jr4
s6870	12x2xadu	81821033-6870	timeout	10.001	10.000	-1	12x2xadu
s294	2x3adu	81821033-294	ok	0.056	0.056	10	2x3adu
s6005	9jxkade	81821033-6005	timeout	10.002	9.999	-1	9jxkade
s1947	3x2xmd2di	81821033-1947	ok	0.005	0.005	8	3x2xmd2di
s5793	8x3m4di	81821033-5793	ok	0.688	0.688	284	8x3m4di
s2427	3x6md2di	81821033-2427	ok	0.155	0.154	137	3x6md2di
s8202	23jmd4du	81821033-8202	timeout	10.072	9.994	-1	23jmd4du
s5122	7jxm4da	81821033-5122	ok	0.114	0.113	8	7jxm4da
s3437	4x4xmd2de	81821033-3437	ok	0.676	0.676	91	4x4xmd2de
s2430	3x6md2du	81821033-2430	timeout	10.005	9.999	-1	3x6md2du
s2667	3x8xmd2di	81821033-2667	ok	2.280	2.279	253	3x8xmd2di
s8502	26jxadu	81821033-8502	timeout	10.002	10.002	-1	26jxadu
s6809	12jxmd4de	81821033-6809	timeout	10.076	9.995	-1	12jxmd4de
s4993	7ja	81821033-4993	ok	0.001	0.001	13	7ja
s7135	14jm4	81821033-7135	timeout	10.001	10.000	-1	14jm4
s3072	4jxkm8du	81821033-3072	ok	0.049	0.049	0	4jxkm8du
s6860	12x2m8db	81821033-6860	ok	0.082	0.082	312	12x2m8db
s4131	5x4adi	81821033-4131	ok	1.315	1.315	156	5x4adi
s4095	5x3xr4di	81821033-4095	ok	0.061	0.061	92	5x3xr4di
s5969	9jxr4de	81821033-5969	ok	0.247	0.247	17	9jxr4de
s6158	9x3r4db	81821033-6158	ok	5.650	5.646	368	9x3r4db
s3948	5x2du	81821033-3948	ok	0.182	0.182	36	5x2du
s244	2x2xkada	81821033-244	ok	0.000	0.000	0	2x2xkada
s6039	9jxkmd4di	81821033-6039	ok	0.196	0.195	0	9jxkmd4di
s3818	5jkmd2db	81821033-3818	ok	0.027	0.027	0	5jkmd2db
s1305	2x11xdi	81821033-1305	ok	0.613	0.613	216	2x11xdi
s6706	11x2xm4da	81821033-6706	ok	2.463	2.461	220	11x2xm4da
s4852	6x4xada	81821033-4852	timeout	10.004	10.003	-1	6x4xada
s5430	7x4xadu	81821033-5430	timeout	10.042	9.974	-1	7x4xadu
s7254	14x2xadu	81821033-7254	timeout	10.002	9.999	-1	14x2xadu
s3566	4x6r4db	81821033-3566	ok	0.545	0.545	280	4x6r4db
s1433	2x12xmd4de	81821033-1433	timeout	10.002	9.994	-1	2x12xmd4de
s7082	13x2xmd2db	81821033-7082	ok	6.506	6.504	330	13x2xmd2db
s6161	9x3r4de	81821033-6161	timeout	10.004	10.002	-1	9x3r4de
s1775	3jm8de	81821033-1775	ok	0.000	0.000	4	3jm8de
s3352	4x3xmd4da	81821033-3352	ok	0.020	0.020	52	4x3xmd4da
s8106	22jmd4du	81821033-8106	timeout	10.072	9.984	-1	22jmd4du
s1447	2x13	81821033-1447	ok	0.206	0.205	362	2x13
s4738	6x3m4da	81821033-4738	ok	0.931	0.931	152	6x3m4da
s4221	5x4xm8di	81821033-4221	ok	0.375	0.375	168	5x4xm8di
s7821	19jm8di	81821033-7821	timeout	10.008	9.996	-1	19jm8di
s6248	10jdb	81821033-6248	ok	0.034	0.034	30	10jdb
s1359	2x12r4di	81821033-1359	ok	0.442	0.441	304	2x12r4di
s7551	16jxr4di	81821033-7551	timeout	10.000	9.999	-1	16jxr4di
s2806	3x10m2da	81821033-2806	timeout	10.121	10.029	-1	3x10m2da
s7106	14jadb	81821033-7106	timeout	10.000	9.998	-1	14jadb
s1354	2x12da	81821033-1354	ok	8.005	7.993	292	2x12da
s2870	3x10xmd4db	81821033-2870	ok	4.106	4.083	446	3x10xmd4db
s4983	6x5xmd4di	81821033-4983	ok	6.222	6.221	430	6x5xmd4di
s6692	11x2xm2db	81821033-6692	ok	0.948	0.947	220	11x2xm2db
s594	2x4xr4du	81821033-594	ok	0.025	0.025	16	2x4xr4du
s6545	11jr4de	81821033-6545	ok	0.679	0.679	36	11jr4de
s3304	4x3md4da	81821033-3304	ok	0.124	0.124	56	4x3md4da
s6670	11x2m8da	81821033-6670	ok	1.553	1.552	256	11x2m8da
s3551	4x5xm8de	81821033-3551	ok	5.385	5.359	164	4x5xm8de
s7645	17jxr4	81821033-7645	timeout	10.028	10.003	-1	17jxr4
s3481	4x5md2	81821033-3481	ok	0.037	0.037	184	4x5md2
s3704	4x7xdb	81821033-3704	ok	1.736	1.735	362	4x7xdb
s978	2x8r4du	81821033-978	ok	7.404	7.403	112	2x8r4du
s8121	22jxdi	81821033-8121	timeout	10.008	10.000	-1	22jxdi
s6210	9x3xr4du	81821033-6210	timeout	10.027	9.998	-1	9x3xr4du
s1529	2x13xmd4de	81821033-1529	timeout	10.048	9.983	-1	2x13xmd4de
s929	2x7xr4de	81821033-929	ok	0.720	0.720	76	2x7xr4de
s5939	9jkm4de	81821033-5939	ok	2.205	2.189	0	9jkm4de
s5174	7jxkmd4db	81821033-5174	ok	0.258	0.257	0	7jxkmd4db
s7331	15jm4de	81821033-7331	timeout	10.000	9.998	-1	15jm4de
s8189	23jmd2de	81821033-8189	timeout	10.011	10.005	-1	23jmd2de
s7729	18jxa	81821033-7729	timeout	10.003	10.000	-1	18jxa
s7589	17jade	81821033-7589	timeout	10.077	9.998	-1	17jade
s3670	4x7m2da	81821033-3670	timeout	10.004	10.000	-1	4x7m2da
s8596	27jxada	81821033-8596	timeout	10.008	10.003	-1	27jxada
s776	2x6db	81821033-776	ok	0.004	0.004	54	2x6db
s2115	3x3xadi	81821033-2115	ok	0.014	0.014	19	3x3xadi
s6432	10x2xm8du	81821033-6432	timeout	10.004	10.000	-1	10x2xm8du
s659	2x4xkm4de	81821033-659	ok	0.153	0.153	0	2x4xkm4de
s3057	4jxkm4di	81821033-3057	ok	0.090	0.090	0	4jxkm4di
s898	2x7m4da	81821033-898	ok	0.280	0.280	84	2x7m4da
s5168	7jxkm4db	81821033-5168	ok	0.184	0.184	0	7jxkm4db
s7716	18jm4du	81821033-7716	timeout	10.088	10.021	-1	18jm4du
s5275	7x2xm8	81821033-5275	ok	0.002	0.002	92	7x2xm8
s8369	25jr4de	81821033-8369	timeout	10.008	10.004	-1	25jr4de
s6802	12jxm4da	81821033-6802	timeout	10.017	9.999	-1	12jxm4da
s6128	9x2xm4db	81821033-6128	ok	0.036	0.036	144	9x2xm4db
s5769	8x3di	81821033-5769	ok	2.714	2.712	272	8x3di
s35	2jm4de	81821033-35	crash	0.000	0.000	-1	2jm4de
s1564	2x14md2da	81821033-1564	timeout	10.002	9.998	-1	2x14md2da
s5101	7jxr4	81821033-5101	ok	0.009	0.009	16	7jxr4
s6715	11x2xm8	81821033-6715	ok	0.761	0.760	272	11x2xm8
s3125	4x2kade	81821033-3125	ok	0.952	0.952	0	4x2kade
s3980	5x2m8db	81821033-3980	ok	0.001	0.001	44	5x2m8db
s7288	14x2xmd4da	81821033-7288	timeout	10.004	10.001	-1	14x2xmd4da
s3768	5jm2du	81821033-3768	ok	0.060	0.060	5	5jm2du
s6290	10jxadb	81821033-6290	ok	0.423	0.423	19	10jxadb
s3689	4x7md4de	81821033-3689	timeout	10.076	10.009	-1	4x7md4de
s5509	8jmd4	81821033-5509	ok	0.001	0.001	20	8jmd4
s7118	14jr4db	81821033-7118	ok	1.304	1.298	68	14jr4db
s6484	10x3xada	81821033-6484	timeout	10.003	9.991	-1	10x3xada
s4519	6jx	81821033-4519	ok	0.002	0.002	10	6jx
s1951	3x2xm4	81821033-1951	ok	0.000	0.000	8	3x2xm4
s3771	5jmd2di	81821033-3771	ok	0.000	0.000	5	5jmd2di
s5367	7x3xmd4di	81821033-5367	ok	0.739	0.735	182	7x3xmd4di
s5757	8x2xm8di	81821033-5757	ok	0.036	0.035	116	8x2xm8di
s2999	4jxm2de	81821033-2999	ok	0.002	0.002	4	4jxm2de
s7407	15x2r4di	81821033-7407	ok	7.741	7.740	508	15x2r4di
s2544	3x7m8du	81821033-2544	timeout	10.004	10.000	-1	3x7m8du
s5647	8jxkm4	81821033-5647	ok	0.158	0.158	0	8jxkm4
s6227	9x3xm4de	81821033-6227	timeout	10.004	9.997	-1	9x3xm4de
s936	2x7xm2du	81821033-936	timeout	10.056	9.982	-1	2x7xm2du
s5422	7x4m8da	81821033-5422	timeout	10.001	9.997	-1	7x4m8da
s3873	5jxm4di	81821033-3873	ok	0.003	0.003	4	5jxm4di
s1934	3x2xr4db	81821033-1934	ok	0.001	0.000	8	3x2xr4db
s81	2jkm4di	81821033-81	timeout	10.001	9.999	-1	2jkm4di
s1244	2x10xm8db	81821033-1244	ok	0.040	0.040	188	2x10xm8db
s3891	5jxkadi	81821033-3891	ok	0.026	0.026	0	5jxkadi
s1672	2x15md4da	81821033-1672	timeout	10.004	9.998	-1	2x15md4da
s4796	6x3xm8db	81821033-4796	ok	0.019	0.019	144	6x3xm8db
s3838	5jkm8da	81821033-3838	ok	0.199	0.199	0	5jkm8da
s5404	7x4md2da	81821033-5404	timeout	10.076	9.987	-1	7x4md2da
s1264	2x11r4da	81821033-1264	ok	2.656	2.656	248	2x11r4da
s5834	8x3xmd2db	81821033-5834	ok	0.885	0.884	258	8x3xmd2db
s5783	8x3m2de	81821033-5783	timeout	10.004	10.002	-1	8x3m2de
s6062	9x2r4db	81821033-6062	ok	0.016	0.016	160	9x2r4db
s6352	10x2r4da	81821033-6352	ok	0.704	0.704	204	10x2r4da
s5124	7jxm4du	81821033-5124	ok	0.033	0.033	8	7jxm4du
s6949	13jmd4	81821033-6949	ok	6.388	6.336	66	13jmd4
s8642	28jadb	81821033-8642	timeout	10.006	9.992	-1	28jadb
s6467	10x3m4de	81821033-6467	timeout	10.004	10.000	-1	10x3m4de
s5785	8x3md2	81821033-5785	ok	2.240	2.238	286	8x3md2
s2196	3x3xkm4du	81821033-2196	ok	0.121	0.120	0	3x3xkm4du
s3811	5jkm2	81821033-3811	ok	0.001	0.000	0	5jkm2
s5855	8x3xm8de	81821033-5855	timeout	10.002	10.001	-1	8x3xm8de
s1765	3jmd4	81821033-1765	ok	0.000	0.000	4	3jmd4
s3701	4x7xade	81821033-3701	timeout	10.068	9.994	-1	4x7xade
s335	2x3m8de	81821033-335	ok	0.003	0.003	12	2x3m8de
s2461	3x6xr4	81821033-2461	ok	0.013	0.013	160	3x6xr4
s375	2x3kmd4di	81821033-375	ok	0.037	0.037	0	2x3kmd4di
s3509	4x5xade	81821033-3509	timeout	10.003	9.998	-1	4x5xade
s3488	4x5m4db	81821033-3488	ok	0.064	0.064	184	4x5m4db
s8674	28jm4da	81821033-8674	timeout	10.018	10.007	-1	28jm4da
s6751	12jm4	81821033-6751	ok	1.071	1.069	56	12jm4
s6332	10jxm8db	81821033-6332	ok	1.355	1.354	32	10jxm8db
s5581	8jxr4	81821033-5581	ok	0.062	0.062	16	8jxr4
s6757	12jmd4	81821033-6757	ok	0.006	0.006	58	12jmd4
s2802	3x10r4du	81821033-2802	timeout	10.003	10.001	-1	3x10r4du
s6336	10jxm8du	81821033-6336	ok	1.223	1.222	24	10jxm8du
s117	2x2m2di	81821033-117	ok	0.000	0.000	8	2x2m2di
s8649	28jdi	81821033-8649	timeout	10.047	9.994	-1	28jdi
s2834	3x10xadb	81821033-2834	timeout	10.056	10.018	-1	3x10xadb
s8872	30jmd4da	81821033-8872	timeout	10.004	10.001	-1	30jmd4da
s7737	18jxdi	81821033-7737	timeout	10.024	9.963	-1	18jxdi
s9016	31jxmd4da	81821033-9016	timeout	10.004	9.998	-1	31jxmd4da
s7830	19jxadu	81821033-7830	timeout	10.004	10.000	-1	19jxadu
s7937	20jxr4de	81821033-7937	timeout	10.004	10.003	-1	20jxr4de
s4135	5x4	81821033-4135	ok	0.038	0.038	182	5x4
s125	2x2md2de	81821033-125	ok	0.000	0.000	5	2x2md2de
s8787	29jxadi	81821033-8787	timeout	10.060	9.980	-1	29jxadi
s68	2jkm2db	81821033-68	timeout	10.008	10.002	-1	2jkm2db
s8563	27jm2	81821033-8563	timeout	10.004	9.999	-1	27jm2
s2467	3x6xm2	81821033-2467	ok	0.022	0.022	138	3x6xm2
s8363	25jde	81821033-8363	timeout	10.001	9.997	-1	25jde
s967	2x8	81821033-967	ok	0.010	0.010	122	2x8
s1226	2x10xmd2db	81821033-1226	ok	0.157	0.157	176	2x10xmd2db
s6778	12jxda	81821033-6778	timeout	10.072	10.006	-1	12jxda
s6312	10jxm2du	81821033-6312	timeout	10.008	10.001	-1	10jxm2du
s4518	6jxadu	81821033-4518	ok	0.024	0.024	5	6jxadu
s4005	5x2xm2di	81821033-4005	ok	0.030	0.030	30	5x2xm2di
s3278	4x3r4db	81821033-3278	ok	0.002	0.002	56	4x3r4db
s4176	5x4m8du	81821033-4176	timeout	10.001	9.998	-1	5x4m8du
s1699	2x15xm2	81821033-1699	ok	1.740	1.740	484	2x15xm2
s5166	7jxkmd2du	81821033-5166	timeout	10.004	10.000	-1	7jxkmd2du
s3067	4jxkm8	81821033-3067	ok	0.000	0.000	0	4jxkm8
s140	2x2m8db	81821033-140	crash	0.000	0.000	-1	2x2m8db
s8451	26jadi	81821033-8451	timeout	10.084	10.001	-1	26jadi
s8577	27jm4di	81821033-8577	timeout	10.007	10.002	-1	27jm4di
s2681	3x8xmd4de	81821033-2681	timeout	10.003	10.001	-1	3x8xmd4de
s5558	8jkmd4db	81821033-5558	ok	0.142	0.142	0	8jkmd4db
s1148	2x9xm8db	81821033-1148	ok	0.037	0.037	144	2x9xm8db
s231	2x2xmd4di	81821033-231	ok	0.000	0.000	6	2x2xmd4di
s5375	7x3xm8de	81821033-5375	ok	8.037	8.035	204	7x3xm8de
s200	2x2xdb	81821033-200	ok	0.000	0.000	6	2x2xdb
s3369	4x4di	81821033-3369	ok	0.136	0.136	108	4x4di
s1552	2x14r4da	81821033-1552	timeout	10.044	9.980	-1	2x14r4da
s6479	10x3m8de	81821033-6479	timeout	10.004	9.998	-1	10x3m8de
s8852	30jm2db	81821033-8852	timeout	10.004	10.003	-1	30jm2db
s2057	3x3md4de	81821033-2057	ok	0.044	0.043	28	3x3md4de
s8186	23jmd2db	81821033-8186	timeout	10.001	10.000	-1	23jmd2db
s3685	4x7md4	81821033-3685	ok	0.339	0.339	430	4x7md4
s1600	2x14xr4da	81821033-1600	timeout	10.036	9.963	-1	2x14xr4da
s3868	5jxmd2da	81821033-3868	ok	0.121	0.117	4	5jxmd2da
s226	2x2xm4da	81821033-226	crash	0.000	0.000	-1	2x2xm4da
s2329	3x5md2	81821033-2329	ok	0.009	0.009	97	3x5md2
s218	2x2xmd2db	81821033-218	ok	0.000	0.000	5	2x2xmd2db
s2732	3x9m8db	81821033-2732	timeout	10.008	10.002	-1	3x9m8db
s5664	8jxkm8du	81821033-5664	ok	3.583	3.583	0	8jxkm8du
s5234	7x2xadb	81821033-5234	ok	0.036	0.036	63	7x2xadb
s4552	6jxmd4da	81821033-4552	ok	0.044	0.044	8	6jxmd4da
s1629	2x14xm8di	81821033-1629	ok	0.518	0.517	436	2x14xm8di
s6674	11x2xadb	81821033-6674	ok	0.602	0.601	205	11x2xadb
s6067	9x2m2	81821033-6067	ok	0.020	0.020	154	9x2m2
s2587	3x7xm8	81821033-2587	ok	0.015	0.015	232	3x7xm8
s6749	12jmd2de	81821033-6749	ok	1.920	1.920	41	12jmd2de
s4291	5x5xm2	81821033-4291	ok	0.633	0.633	286	5x5xm2
s558	2x4kmd2du	81821033-558	ok	0.100	0.099	0	2x4kmd2du
s6009	9jxkdi	81821033-6009	ok	2.812	2.809	0	9jxkdi
s7007	13jxm8de	81821033-7007	timeout	10.000	9.999	-1	13jxm8de
s3765	5jm2di	81821033-3765	ok	0.003	0.003	5	5jm2di
s2601	3x8di	81821033-2601	ok	1.309	1.308	274	3x8di
s1103	2x9m8de	81821033-1103	ok	0.427	0.427	160	2x9m8de
s4553	6jxmd4de	81821033-4553	ok	0.011	0.011	8	6jxmd4de
s8447	25jxm8de	81821033-8447	timeout	10.068	9.992	-1	25jxm8de
s6926	13jr4db	81821033-6926	timeout	10.001	9.999	-1	13jr4db
s7987	21jm2	81821033-7987	timeout	10.008	10.003	-1	21jm2
s7100	13x2xm8db	81821033-7100	ok	1.749	1.748	356	13x2xm8db
s7740	18jxdu	81821033-7740	timeout	10.000	9.997	-1	18jxdu
s7763	18jxm4de	81821033-7763	timeout	10.080	10.012	-1	18jxm4de
s5915	9jkde	81821033-5915	ok	0.938	0.937	0	9jkde
s344	2x3kdb	81821033-344	ok	0.009	0.009	0	2x3kdb
s2717	3x9md2de	81821033-2717	timeout	10.004	9.999	-1	3x9md2de
s4889	6x4xmd4de	81821033-4889	timeout	10.003	9.999	-1	6x4xmd4de
s5415	7x4md4di	81821033-5415	ok	4.936	4.932	388	7x4md4di
s41	2jmd4de	81821033-41	ok	0.000	0.000	2	2jmd4de
s3908	5jxkm2db	81821033-3908	ok	0.128	0.128	0	5jxkm2db
s5315	7x3m4de	81821033-5315	ok	4.778	4.777	212	7x3m4de
s2782	3x9xm8da	81821033-2782	timeout	10.048	9.966	-1	3x9xm8da
s7186	14jxm4da	81821033-7186	timeout	10.001	9.997	-1	14jxm4da
s1294	2x11m8da	81821033-1294	ok	2.013	2.011	260	2x11m8da
s5107	7jxm2	81821033-5107	ok	0.010	0.010	14	7jxm2
s1120	2x9xr4da	81821033-1120	ok	0.929	0.928	140	2x9xr4da
s3626	4x6xmd2db	81821033-3626	ok	0.679	0.678	248	4x6xmd2db
s3083	4x2de	81821033-3083	ok	0.040	0.039	22	4x2de
s5120	7jxm4db	81821033-5120	ok	0.001	0.001	12	7jxm4db
s511	2x4m4	81821033-511	ok	0.000	0.000	24	2x4m4
s8876	30jm8db	81821033-8876	timeout	10.001	10.000	-1	30jm8db
s2754	3x9xr4du	81821033-2754	timeout	10.064	10.000	-1	3x9xr4du
s2445	3x6m8di	81821033-2445	ok	0.169	0.169	156	3x6m8di
s7685	18jade	81821033-7685	timeout	10.004	10.003	-1	18jade
s5097	7jxdi	81821033-5097	ok	0.007	0.007	8	7jxdi
s6140	9x2xm8db	81821033-6140	ok	0.104	0.104	144	9x2xm8db
s1779	3jkadi	81821033-1779	ok	0.000	0.000	0	3jkadi
s1135	2x9xm4	81821033-1135	ok	0.021	0.021	164	2x9xm4
s2545	3x7xa	81821033-2545	ok	0.670	0.670	183	3x7xa
s8029	21jxr4	81821033-8029	timeout	10.009	9.998	-1	21jxr4
s7256	14x2xdb	81821033-7256	ok	1.101	1.100	390	14x2xdb
s6966	13jxadu	81821033-6966	timeout	10.004	10.001	-1	13jxadu
s5579	8jxde	81821033-5579	ok	0.330	0.330	12	8jxde
s24	2jm2du	81821033-24	ok	0.000	0.000	2	2jm2du
s7627	17jm8	81821033-7627	timeout	10.050	9.987	-1	17jm8
s8391	25jmd4di	81821033-8391	timeout	10.017	9.996	-1	25jmd4di
s3003	4jxmd2di	81821033-3003	timeout	10.006	9.999	-1	4jxmd2di
s7448	15x2xdb	81821033-7448	ok	3.293	3.292	462	15x2xdb
s6276	10jm4du	81821033-6276	ok	0.224	0.223	32	10jm4du
s8869	30jmd4	81821033-8869	timeout	10.001	9.999	-1	30jmd4
s8878	30jm8da	81821033-8878	timeout	10.072	9.994	-1	30jm8da
s8920	30jxmd4da	81821033-8920	timeout	10.008	10.001	-1	30jxmd4da
s8170	23jda	81821033-8170	timeout	10.002	9.993	-1	23jda
s7654	17jxm2da	81821033-7654	timeout	10.004	10.002	-1	17jxm2da
s6822	12x2adu	81821033-6822	timeout	10.104	10.023	-1	12x2adu
s3927	5jxkmd4di	81821033-3927	ok	0.949	0.943	0	5jxkmd4di
s7590	17jadu	81821033-7590	timeout	10.008	10.000	-1	17jadu
s2005	3x2xkmd4	81821033-2005	ok	0.000	0.000	0	3x2xkmd4
s5782	8x3m2da	81821033-5782	timeout	10.004	10.002	-1	8x3m2da
s6646	11x2m2da	81821033-6646	ok	4.607	4.607	236	11x2m2da
s8687	28jm8de	81821033-8687	timeout	10.004	9.998	-1	28jm8de
s8199	23jmd4di	81821033-8199	timeout	10.083	9.997	-1	23jmd4di
s6835	12x2m2	81821033-6835	ok	0.110	0.109	298	12x2m2
s4021	5x2xmd4	81821033-4021	ok	0.001	0.001	36	5x2xmd4
s3171	4x2xadi	81821033-3171	ok	0.002	0.002	14	4x2xadi
s1661	2x15md2de	81821033-1661	timeout	10.003	9.996	-1	2x15md2de
s2861	3x10xmd2de	81821033-2861	timeout	10.004	10.003	-1	3x10xmd2de
s121	2x2md2	81821033-121	ok	0.000	0.000	5	2x2md2
s8899	30jxm2	81821033-8899	timeout	10.004	10.000	-1	30jxm2
s2054	3x3md4db	81821033-2054	ok	0.001	0.001	32	3x3md4db
s5564	8jkm8db	81821033-5564	ok	0.054	0.054	0	8jkm8db
s7030	13x2m2da	81821033-7030	timeout	10.043	9.967	-1	13x2m2da
s2616	3x8m2du	81821033-2616	timeout	10.008	10.001	-1	3x8m2du
s3158	4x2kmd4db	81821033-3158	ok	0.003	0.003	0	4x2kmd4db
s5808	8x3m8du	81821033-5808	timeout	10.003	10.002	-1	8x3m8du
s8380	25jmd2da	81821033-8380	timeout	10.001	9.998	-1	25jmd2da
s6567	11jmd4di	81821033-6567	ok	0.221	0.221	36	11jmd4di
s5685	8x2m2di	81821033-5685	ok	0.061	0.061	118	8x2m2di
s910	2x7m8da	81821033-910	ok	0.945	0.945	88	2x7m8da
s7382	15jxmd4db	81821033-7382	timeout	10.124	10.028	-1	15jxmd4db
s1087	2x9m4	81821033-1087	ok	0.009	0.009	172	2x9m4
s2803	3x10m2	81821033-2803	timeout	10.001	9.996	-1	3x10m2
s8552	27jdb	81821033-8552	timeout	10.004	10.001	-1	27jdb
s8732	28jxm8db	81821033-8732	timeout	10.002	10.000	-1	28jxm8db
s1155	2x10adi	81821033-1155	ok	1.231	1.230	168	2x10adi
s8052	21jxm4du	81821033-8052	timeout	10.082	10.006	-1	21jxm4du
s1412	2x12xm2db	81821033-1412	ok	0.544	0.543	272	2x12xm2db
s2195	3x3xkm4de	81821033-2195	ok	0.974	0.969	0	3x3xkm4de
s1250	2x11adb	81821033-1250	ok	0.480	0.475	224	2x11adb
s1511	2x13xm2de	81821033-1511	timeout	10.008	10.002	-1	2x13xm2de
s1397	2x12xade	81821033-1397	timeout	10.003	10.001	-1	2x12xade
s4089	5x3xdi	81821033-4089	ok	0.061	0.061	80	5x3xdi
s8995	31jxm2	81821033-8995	timeout	10.005	10.000	-1	31jxm2
s4073	5x3md4de	81821033-4073	ok	0.394	0.394	89	5x3md4de
s6408	10x2xm2du	81821033-6408	timeout	10.056	9.987	-1	10x2xm2du
s7788	19jdu	81821033-7788	timeout	10.004	9.999	-1	19jdu
s7188	14jxm4du	81821033-7188	timeout	10.002	9.998	-1	14jxm4du
s6983	13jxm2de	81821033-6983	timeout	10.017	9.998	-1	13jxm2de
s1393	2x12xa	81821033-1393	ok	1.016	1.016	261	2x12xa
s1896	3x2km2du	81821033-1896	ok	0.005	0.005	0	3x2km2du
s743	2x5xm2de	81821033-743	ok	0.023	0.023	32	2x5xm2de
s1736	3jdb	81821033-1736	ok	0.000	0.000	2	3jdb
s2126	3x3xr4db	81821033-2126	ok	0.001	0.001	24	3x3xr4db
s2147	3x3xm4de	81821033-2147	ok	0.033	0.033	23	3x3xm4de
s3399	4x4md4di	81821033-3399	ok	0.042	0.042	116	4x4md4di
s8795	29jxde	81821033-8795	timeout	10.064	9.977	-1	29jxde
s7276	14x2xmd2da	81821033-7276	timeout	10.008	10.001	-1	14x2xmd2da
s2380	3x5xmd2da	81821033-2380	ok	0.244	0.242	78	3x5xmd2da
s88	2jkmd4da	81821033-88	timeout	10.004	10.001	-1	2jkmd4da
s321	2x3m4di	81821033-321	timeout	10.002	9.999	-1	2x3m4di
s7638	17jxadu	81821033-7638	timeout	10.020	9.999	-1	17jxadu
s4500	6jkm4du	81821033-4500	ok	0.043	0.043	0	6jkm4du
s1326	2x11xmd2du	81821033-1326	timeout	10.088	10.018	-1	2x11xmd2du
s2589	3x7xm8di	81821033-2589	ok	0.593	0.592	200	3x7xm8di
s2679	3x8xmd4di	81821033-2679	ok	1.049	1.048	264	3x8xmd4di
s7872	19jxm8du	81821033-7872	timeout	10.004	10.002	-1	19jxm8du
s2337	3x5m4di	81821033-2337	ok	0.021	0.021	96	3x5m4di
s1293	2x11m8di	81821033-1293	ok	0.175	0.174	256	2x11m8di
s7756	18jxmd2da	81821033-7756	timeout	10.004	10.001	-1	18jxmd2da
s3574	4x6m2da	81821033-3574	timeout	10.024	9.991	-1	4x6m2da
s8798	29jxr4db	81821033-8798	timeout	10.054	10.005	-1	29jxr4db
s491	2x4de	81821033-491	ok	0.081	0.081	22	2x4de
s2682	3x8xmd4du	81821033-2682	timeout	10.031	10.007	-1	3x8xmd4du
s8735	28jxm8de	81821033-8735	timeout	10.004	10.001	-1	28jxm8de
s6247	10j	81821033-6247	ok	0.011	0.010	36	10j
s8187	23jmd2di	81821033-8187	timeout	10.036	10.021	-1	23jmd2di
s3234	4x2xkr4du	81821033-3234	ok	0.007	0.007	0	4x2xkr4du
s6123	9x2xmd2di	81821033-6123	ok	0.266	0.266	132	9x2xmd2di
s3753	5jdi	81821033-3753	ok	0.001	0.001	6	5jdi
s4606	6jxkm8da	81821033-4606	ok	4.770	4.729	0	6jxkm8da
s4249	5x5md2	81821033-4249	ok	2.506	2.506	303	5x5md2
s4907	6x5de	81821033-4907	timeout	10.018	10.000	-1	6x5de
s4803	6x4adi	81821033-4803	ok	3.801	3.801	239	6x4adi
s7190	14jxmd4db	81821033-7190	timeout	10.006	9.999	-1	14jxmd4db
s3931	5jxkm8	81821033-3931	ok	0.000	0.000	0	5jxkm8
s8021	21jxade	81821033-8021	timeout	10.022	9.958	-1	21jxade
s7793	19jr4de	81821033-7793	timeout	10.004	9.997	-1	19jr4de
s6923	13jde	81821033-6923	ok	3.443	3.441	50	13jde
s3882	5jxmd4du	81821033-3882	ok	0.153	0.150	4	5jxmd4du
s840	2x6xm2du	81821033-840	timeout	10.001	10.000	-1	2x6xm2du
s587	2x4xde	81821033-587	ok	0.005	0.005	14	2x4xde
s6725	12jade	81821033-6725	ok	4.462	4.459	37	12jade
s7978	21jda	81821033-7978	timeout	10.064	9.981	-1	21jda
s4940	6x5m8db	81821033-4940	timeout	10.004	9.997	-1	6x5m8db
s3829	5jkmd4	81821033-3829	ok	0.000	0.000	0	5jkmd4
s1828	3x2ada	81821033-1828	ok	0.955	0.955	9	3x2ada
s5588	8jxm2db	81821033-5588	ok	0.048	0.048	14	8jxm2db
s1414	2x12xm2da	81821033-1414	ok	8.496	8.496	276	2x12xm2da
s6551	11jm2de	81821033-6551	ok	3.286	3.286	32	11jm2de
s826	2x6xda	81821033-826	ok	0.044	0.044	48	2x6xda
s4664	6x2xdb	81821033-4664	ok	0.005	0.005	48	6x2xdb
s4172	5x4m8db	81821033-4172	ok	0.034	0.034	188	5x4m8db
s7935	20jxr4di	81821033-7935	timeout	10.004	9.997	-1	20jxr4di
s2825	3x10md4de	81821033-2825	timeout	10.084	10.001	-1	3x10md4de
s5048	7jkdb	81821033-5048	ok	0.017	0.017	0	7jkdb
s6003	9jxkadi	81821033-6003	ok	0.534	0.533	0	9jxkadi
s927	2x7xr4di	81821033-927	ok	0.022	0.022	76	2x7xr4di
s6914	13jadb	81821033-6914	ok	9.981	9.961	51	13jadb
s1213	2x10xr4	81821033-1213	ok	0.023	0.022	200	2x10xr4
s1696	2x15xr4da	81821033-1696	timeout	10.004	10.000	-1	2x15xr4da
s3884	5jxm8db	81821033-3884	ok	0.003	0.003	4	5jxm8db
s2491	3x6xm8	81821033-2491	ok	0.006	0.006	156	3x6xm8
s8727	28jxmd4di	81821033-8727	timeout	10.004	9.998	-1	28jxmd4di
s362	2x3kmd2db	81821033-362	ok	0.006	0.006	0	2x3kmd2db
s4845	6x4m8di	81821033-4845	ok	1.476	1.475	280	6x4m8di
s2722	3x9m4da	81821033-2722	timeout	10.002	9.999	-1	3x9m4da
s6819	12x2adi	81821033-6819	ok	2.696	2.694	272	12x2adi
s5068	7jkmd2da	81821033-5068	ok	0.150	0.150	0	7jkmd2da
s3541	4x5xmd4	81821033-3541	ok	0.022	0.022	192	4x5xmd4
s1766	3jmd4db	81821033-1766	ok	0.000	0.000	4	3jmd4db
s3732	4x7xm4du	81821033-3732	timeout	10.046	9.979	-1	4x7xm4du
s7594	17jda	81821033-7594	timeout	10.006	9.998	-1	17jda
s5748	8x2xm4du	81821033-5748	ok	8.102	8.101	104	8x2xm4du
s6423	10x2xmd4di	81821033-6423	ok	0.159	0.159	182	10x2xmd4di
s5750	8x2xmd4db	81821033-5750	ok	0.011	0.011	108	8x2xmd4db
s1808	3jkm4db	81821033-1808	ok	0.000	0.000	0	3jkm4db
s2448	3x6m8du	81821033-2448	timeout	10.016	10.005	-1	3x6m8du
s5575	8jx	81821033-5575	ok	0.012	0.012	16	8jx
s7810	19jm4da	81821033-7810	timeout	10.036	9.956	-1	19jm4da
s715	2x5m8	81821033-715	ok	0.001	0.000	48	2x5m8
s6082	9x2m4da	81821033-6082	ok	0.455	0.454	156	9x2m4da
s5809	8x3xa	81821033-5809	ok	0.292	0.291	248	8x3xa
s2417	3x6r4de	81821033-2417	ok	0.569	0.569	140	3x6r4de
s7300	15jada	81821033-7300	timeout	10.004	10.003	-1	15jada
s6734	12jr4db	81821033-6734	ok	0.955	0.955	56	12jr4db
s8340	24jxm4du	81821033-8340	timeout	10.002	10.001	-1	24jxm4du
s6370	10x2m4da	81821033-6370	ok	1.730	1.729	204	10x2m4da
s2586	3x7xmd4du	81821033-2586	timeout	10.031	10.001	-1	3x7xmd4du
s6606	11jxmd2du	81821033-6606	timeout	10.087	10.022	-1	11jxmd2du
s5189	7x2ade	81821033-5189	ok	0.714	0.710	73	7x2ade
s7545	16jxdi	81821033-7545	timeout	10.008	9.999	-1	16jxdi
s2350	3x5m8da	81821033-2350	ok	0.062	0.061	104	3x5m8da
s5244	7x2xdu	81821033-5244	timeout	10.002	10.000	-1	7x2xdu
s4060	5x3md2da	81821033-4060	ok	0.195	0.195	94	5x3md2da
s1136	2x9xm4db	81821033-1136	ok	0.039	0.039	152	2x9xm4db
s6040	9jxkmd4da	81821033-6040	ok	7.842	7.783	0	9jxkmd4da
s6836	12x2m2db	81821033-6836	ok	0.344	0.343	284	12x2m2db
s6102	9x2xadu	81821033-6102	timeout	10.032	10.000	-1	9x2xadu
s2321	3x5r4de	81821033-2321	ok	0.704	0.698	92	3x5r4de
s78	2jkmd2du	81821033-78	timeout	10.006	9.996	-1	2jkmd2du
s3392	4x4m4db	81821033-3392	ok	0.011	0.011	120	4x4m4db
s1708	2x15xmd2da	81821033-1708	timeout	10.002	10.000	-1	2x15xmd2da
s4647	6x2md4di	81821033-4647	ok	0.006	0.006	62	6x2md4di
s7735	18jx	81821033-7735	timeout	10.020	9.977	-1	18jx
s6472	10x3md4da	81821033-6472	timeout	10.035	9.996	-1	10x3md4da
s3196	4x2xmd2da	81821033-3196	ok	0.006	0.006	18	4x2xmd2da
s7063	13x2x	81821033-7063	ok	1.774	1.760	354	13x2x
s6324	10jxm4du	81821033-6324	ok	1.930	1.930	16	10jxm4du
s7231	14x2m4	81821033-7231	ok	0.169	0.168	452	14x2m4
s4982	6x5xmd4db	81821033-4982	ok	2.398	2.384	444	6x5xmd4db
s4235	5x5de	81821033-4235	timeout	10.004	9.996	-1	5x5de
s1241	2x10xmd4de	81821033-1241	ok	2.848	2.840	176	2x10xmd4de
s1165	2x10r4	81821033-1165	ok	0.016	0.016	208	2x10r4
s4900	6x5ada	81821033-4900	timeout	10.002	10.000	-1	6x5ada
s5955	9jxadi	81821033-5955	ok	0.096	0.096	16	9jxadi
s1449	2x13di	81821033-1449	ok	1.302	1.302	352	2x13di
s6650	11x2md2db	81821033-6650	ok	0.148	0.148	242	11x2md2db
s7055	13x2m8de	81821033-7055	timeout	10.002	10.000	-1	13x2m8de
s3652	4x7ada	81821033-3652	timeout	10.039	9.965	-1	4x7ada
s298	2x3da	81821033-298	ok	4.957	4.956	12	2x3da
s3956	5x2m2db	81821033-3956	ok	0.002	0.002	36	5x2m2db
s1950	3x2xmd2du	81821033-1950	ok	0.012	0.012	6	3x2xmd2du
s6190	9x3m8da	81821033-6190	timeout	10.011	9.998	-1	9x3m8da
s4585	6jxkmd2	81821033-4585	ok	0.037	0.036	0	6jxkmd2
s3270	4x3adu	81821033-3270	ok	1.026	1.024	47	4x3adu
s8155	22jxm8	81821033-8155	timeout	10.004	10.001	-1	22jxm8
s3450	4x4xmd4du	81821033-3450	timeout	10.072	10.000	-1	4x4xmd4du
s7517	16jmd2de	81821033-7517	timeout	10.001	10.000	-1	16jmd2de
s5866	9jda	81821033-5866	ok	0.053	0.053	24	9jda
s7996	21jmd2da	81821033-7996	timeout	10.009	9.999	-1	21jmd2da
s7432	15x2md4da	81821033-7432	timeout	10.004	9.998	-1	15x2md4da
s8210	23jxadb	81821033-8210	timeout	10.048	9.967	-1	23jxadb
s5787	8x3md2di	81821033-5787	ok	1.894	1.894	279	8x3md2di
s5983	9jxm4	81821033-5983	ok	0.058	0.058	24	9jxm4
s5967	9jxr4di	81821033-5967	ok	0.012	0.012	16	9jxr4di
s4639	6x2m4	81821033-4639	ok	0.001	0.001	64	6x2m4
s3932	5jxkm8db	81821033-3932	ok	0.189	0.189	0	5jxkm8db
s1925	3x2xade	81821033-1925	ok	0.002	0.002	7	3x2xade
s1500	2x13xdu	81821033-1500	timeout	10.006	10.005	-1	2x13xdu
s1482	2x13md4du	81821033-1482	timeout	10.004	9.996	-1	2x13md4du
s4348	5x6md2da	81821033-4348	timeout	10.056	9.984	-1	5x6md2da
s8598	27jxadu	81821033-8598	timeout	10.014	9.999	-1	27jxadu
s6681	11x2xdi	81821033-6681	ok	0.649	0.645	218	11x2xdi
s3965	5x2md2de	81821033-3965	ok	0.013	0.013	36	5x2md2de
s8716	28jxmd2da	81821033-8716	timeout	10.004	10.002	-1	28jxmd2da
s4783	6x3xm4	81821033-4783	ok	0.010	0.010	152	6x3xm4
s8125	22jxr4	81821033-8125	timeout	10.008	9.998	-1	22jxr4
s3095	4x2m2de	81821033-3095	ok	0.029	0.029	24	4x2m2de
s2191	3x3xkm4	81821033-2191	ok	0.001	0.000	0	3x3xkm4
s168	2x2km2du	81821033-168	ok	0.000	0.000	0	2x2km2du
s3605	4x6xade	81821033-3605	timeout	10.064	10.005	-1	4x6xade
s3943	5x2	81821033-3943	ok	0.001	0.001	40	5x2
s8488	26jmd4da	81821033-8488	timeout	10.005	9.997	-1	26jmd4da
s4260	5x5m4du	81821033-4260	timeout	10.005	9.998	-1	5x5m4du
s3045	4jxkm2di	81821033-3045	ok	0.082	0.082	0	4jxkm2di
s3259	4x2xkm8	81821033-3259	ok	0.001	0.000	0	4x2xkm8
s2259	3x4xadi	81821033-2259	ok	0.043	0.043	40	3x4xadi
s8099	22jm4de	81821033-8099	timeout	10.006	9.999	-1	22jm4de
s7337	15jmd4de	81821033-7337	timeout	10.067	9.986	-1	15jmd4de
s1979	3x2xkde	81821033-1979	ok	0.118	0.118	0	3x2xkde
s1314	2x11xr4du	81821033-1314	timeout	10.004	10.001	-1	2x11xr4du
s2006	3x2xkmd4db	81821033-2006	ok	0.005	0.004	0	3x2xkmd4db
s6519	10x3xmd4di	81821033-6519	timeout	10.006	10.004	-1	10x3xmd4di
s6038	9jxkmd4db	81821033-6038	ok	0.878	0.878	0	9jxkmd4db
s2185	3x3xkmd2	81821033-2185	ok	0.001	0.001	0	3x3xkmd2
s7656	17jxm2du	81821033-7656	timeout	10.008	10.003	-1	17jxm2du
s2684	3x8xm8db	81821033-2684	ok	0.133	0.133	280	3x8xm8db
s4814	6x4r4db	81821033-4814	ok	0.167	0.167	280	6x4r4db
s7750	18jxm2da	81821033-7750	timeout	10.057	9.974	-1	18jxm2da
s2301	3x4xm8di	81821033-2301	ok	0.006	0.005	52	3x4xm8di
s2664	3x8xm2du	81821033-2664	timeout	10.003	10.002	-1	3x8xm2du
s5309	7x3md2de	81821033-5309	timeout	10.004	10.000	-1	7x3md2de
s568	2x4kmd4da	81821033-568	ok	0.087	0.087	0	2x4kmd4da
s4706	6x3adb	81821033-4706	ok	0.117	0.117	126	6x3adb
s2146	3x3xm4da	81821033-2146	ok	0.023	0.023	28	3x3xm4da
s471	2x3xkmd4di	81821033-471	ok	0.050	0.050	0	2x3xkmd4di
s1634	2x15adb	81821033-1634	ok	4.358	4.317	453	2x15adb
s2793	3x10di	81821033-2793	timeout	10.006	10.001	-1	3x10di
s305	2x3r4de	81821033-305	ok	0.063	0.062	12	2x3r4de
s8416	25jxr4da	81821033-8416	timeout	10.004	10.002	-1	25jxr4da
s517	2x4md4	81821033-517	ok	0.000	0.000	28	2x4md4
s4276	5x5xada	81821033-4276	timeout	10.002	10.000	-1	5x5xada
s29	2jmd2de	81821033-29	ok	0.000	0.000	1	2jmd2de
s575	2x4km8de	81821033-575	ok	1.461	1.460	0	2x4km8de
s5272	7x2xmd4da	81821033-5272	ok	0.276	0.275	78	7x2xmd4da
s2178	3x3xkr4du	81821033-2178	ok	0.134	0.133	0	3x3xkr4du
s1186	2x10m4da	81821033-1186	ok	0.966	0.966	196	2x10m4da
s4926	6x5md2du	81821033-4926	timeout	10.079	9.992	-1	6x5md2du
s8638	27jxm8da	81821033-8638	timeout	10.009	10.004	-1	27jxm8da
s6743	12jm2de	81821033-6743	ok	2.530	2.530	40	12jm2de
s3386	4x4md2db	81821033-3386	ok	0.021	0.021	109	4x4md2db
s7212	14x2du	81821033-7212	timeout	10.002	10.000	-1	14x2du
s8215	23jx	81821033-8215	timeout	10.068	9.991	-1	23jx
s4902	6x5adu	81821033-4902	timeout	10.004	9.998	-1	6x5adu
s867	2x7adi	81821033-867	ok	0.076	0.076	74	2x7adi
s1946	3x2xmd2db	81821033-1946	ok	0.000	0.000	8	3x2xmd2db
s5165	7jxkmd2de	81821033-5165	timeout	10.003	10.002	-1	7jxkmd2de
s3924	5jxkm4du	81821033-3924	ok	7.925	7.924	0	5jxkm4du
s431	2x3xm8de	81821033-431	timeout	10.028	9.980	-1	2x3xm8de
s2110	3x3km8da	81821033-2110	ok	0.005	0.005	0	3x3km8da
s6527	10x3xm8de	81821033-6527	timeout	10.007	9.998	-1	10x3xm8de
s8523	26jxmd2di	81821033-8523	timeout	10.044	9.974	-1	26jxmd2di
s4151	5x4m2de	81821033-4151	ok	7.407	7.405	178	5x4m2de
s8339	24jxm4de	81821033-8339	timeout	10.050	9.995	-1	24jxm4de
s808	2x6md4da	81821033-808	ok	0.032	0.032	62	2x6md4da
s1164	2x10du	81821033-1164	timeout	10.008	10.001	-1	2x10du
s4226	5x5adb	81821033-4226	ok	1.296	1.287	266	5x5adb
s8817	29jxm4di	81821033-8817	timeout	10.004	9.994	-1	29jxm4di
s8729	28jxmd4de	81821033-8729	timeout	10.003	10.000	-1	28jxmd4de
s6740	12jm2db	81821033-6740	ok	5.828	5.827	48	12jm2db
s5102	7jxr4db	81821033-5102	ok	0.001	0.001	12	7jxr4db
s5791	8x3m4	81821033-5791	ok	0.049	0.049	300	8x3m4
s3688	4x7md4da	81821033-3688	timeout	10.004	9.994	-1	4x7md4da
s8309	24jxade	81821033-8309	timeout	10.090	10.002	-1	24jxade
s5572	8jxada	81821033-5572	ok	0.359	0.358	11	8jxada
s5940	9jkm4du	81821033-5940	ok	2.569	2.566	0	9jkm4du
s8551	27j	81821033-8551	timeout	10.004	10.000	-1	27j
s6382	10x2m8da	81821033-6382	ok	0.328	0.328	212	10x2m8da
s1128	2x9xm2du	81821033-1128	timeout	10.001	9.998	-1	2x9xm2du
s2059	3x3m8	81821033-2059	ok	0.000	0.000	36	3x3m8
s5470	7x4xm8da	81821033-5470	timeout	10.097	10.008	-1	7x4xm8da
s7009	13x2a	81821033-7009	ok	0.894	0.887	334	13x2a
s7939	20jxm2	81821033-7939	timeout	10.004	10.002	-1	20jxm2
s7559	16jxm2de	81821033-7559	timeout	10.006	9.995	-1	16jxm2de
s836	2x6xm2db	81821033-836	ok	0.006	0.006	52	2x6xm2db
s4345	5x6md2	81821033-4345	ok	0.615	0.614	451	5x6md2
s2883	4jadi	81821033-2883	ok	0.022	0.022	3	4jadi
s3589	4x6md4	81821033-3589	ok	0.131	0.130	288	4x6md4
s7392	15jxm8du	81821033-7392	timeout	10.003	10.001	-1	15jxm8du
s3737	4x7xmd4de	81821033-3737	timeout	10.050	9.975	-1	4x7xmd4de
s7924	20jxada	81821033-7924	timeout	10.004	10.001	-1	20jxada
s760	2x5xmd4da	81821033-760	ok	0.024	0.024	28	2x5xmd4da
s4368	5x6m8du	81821033-4368	timeout	10.005	9.997	-1	5x6m8du
s930	2x7xr4du	81821033-930	timeout	10.004	10.003	-1	2x7xr4du
s704	2x5m4db	81821033-704	ok	0.001	0.001	40	2x5m4db
s359	2x3km2de	81821033-359	ok	0.142	0.142	0	2x3km2de
s1998	3x2xkmd2du	81821033-1998	ok	0.151	0.151	0	3x2xkmd2du
s8623	27jxm4	81821033-8623	timeout	10.060	9.984	-1	27jxm4
s1380	2x12m4du	81821033-1380	timeout	10.003	10.001	-1	2x12m4du
s8016	21jm8du	81821033-8016	timeout	10.008	9.998	-1	21jm8du
s4273	5x5xa	81821033-4273	ok	4.218	4.216	270	5x5xa
s749	2x5xmd2de	81821033-749	ok	0.023	0.023	28	2x5xmd2de
s3116	4x2m8db	81821033-3116	ok	0.001	0.001	24	4x2m8db
s4450	6jm4da	81821033-4450	ok	0.146	0.145	8	6jm4da
s5764	8x3ada	81821033-5764	timeout	10.000	9.998	-1	8x3ada
s5549	8jkmd2de	81821033-5549	ok	1.029	1.029	0	8jkmd2de
s1263	2x11r4di	81821033-1263	ok	0.201	0.201	252	2x11r4di
s3360	4x3xm8du	81821033-3360	ok	1.602	1.602	48	4x3xm8du
s8975	31jm8de	81821033-8975	timeout	10.028	10.009	-1	31jm8de
s1428	2x12xm4du	81821033-1428	timeout	10.076	10.008	-1	2x12xm4du
s3343	4x3xm4	81821033-3343	ok	0.001	0.001	60	4x3xm4
s7865	19jxmd4de	81821033-7865	timeout	10.008	10.002	-1	19jxmd4de
s1546	2x14da	81821033-1546	timeout	10.002	9.998	-1	2x14da
s410	2x3xmd2db	81821033-410	ok	0.000	0.000	8	2x3xmd2db
s7754	18jxmd2db	81821033-7754	timeout	10.024	10.000	-1	18jxmd2db
s4872	6x4xm2du	81821033-4872	timeout	10.086	10.019	-1	6x4xm2du
s5569	8jxa	81821033-5569	ok	0.055	0.055	16	8jxa
s8585	27jmd4de	81821033-8585	timeout	10.008	10.001	-1	27jmd4de
s822	2x6xadu	81821033-822	ok	4.507	4.481	42	2x6xadu
s8802	29jxr4du	81821033-8802	timeout	10.003	10.002	-1	29jxr4du
s3215	4x2xm8de	81821033-3215	ok	0.014	0.014	20	4x2xm8de
s7857	19jxm4di	81821033-7857	timeout	10.020	10.001	-1	19jxm4di
s8311	24jx	81821033-8311	timeout	10.012	10.002	-1	24jx
s1358	2x12r4db	81821033-1358	ok	0.172	0.172	312	2x12r4db
s8012	21jm8db	81821033-8012	timeout	10.037	9.971	-1	21jm8db
s763	2x5xm8	81821033-763	ok	0.001	0.000	40	2x5xm8
s7376	15jxm4db	81821033-7376	timeout	10.001	10.000	-1	15jxm4db
s5673	8x2di	81821033-5673	ok	0.092	0.092	118	8x2di
s2866	3x10xm4da	81821033-2866	timeout	10.004	10.000	-1	3x10xm4da
s1514	2x13xmd2db	81821033-1514	ok	0.901	0.898	331	2x13xmd2db
s6057	9x2di	81821033-6057	ok	0.129	0.128	146	9x2di
s2206	3x3xkm8da	81821033-2206	ok	0.025	0.025	0	3x3xkm8da
s2794	3x10da	81821033-2794	timeout	10.007	9.999	-1	3x10da
s2636	3x8m8db	81821033-2636	ok	0.544	0.544	292	3x8m8db
s7014	13x2adu	81821033-7014	timeout	10.027	9.998	-1	13x2adu
s7530	16jmd4du	81821033-7530	timeout	10.004	10.002	-1	16jmd4du
s813	2x6m8di	81821033-813	ok	0.050	0.050	60	2x6m8di
s3305	4x3md4de	81821033-3305	ok	0.077	0.077	54	4x3md4de
s8747	29jde	81821033-8747	timeout	10.080	9.995	-1	29jde
s1349	2x12ade	81821033-1349	timeout	10.003	9.999	-1	2x12ade
s8521	26jxmd2	81821033-8521	timeout	10.012	10.002	-1	26jxmd2
s663	2x4xkmd4di	81821033-663	ok	0.015	0.014	0	2x4xkmd4di
s1125	2x9xm2di	81821033-1125	ok	0.226	0.226	138	2x9xm2di
s8360	25jdb	81821033-8360	timeout	10.004	10.003	-1	25jdb
s2315	3x5de	81821033-2315	ok	0.337	0.337	96	3x5de
s7867	19jxm8	81821033-7867	timeout	10.072	9.995	-1	19jxm8
s7387	15jxm8	81821033-7387	timeout	10.008	10.005	-1	15jxm8
s8741	29jade	81821033-8741	timeout	10.007	9.999	-1	29jade
s1781	3jkade	81821033-1781	ok	0.000	0.000	0	3jkade
s4353	5x6m4di	81821033-4353	timeout	10.002	10.001	-1	5x6m4di
s2173	3x3xkr4	81821033-2173	ok	0.001	0.001	0	3x3xkr4
s30	2jmd2du	81821033-30	ok	0.000	0.000	1	2jmd2du
s5987	9jxm4de	81821033-5987	ok	0.085	0.085	20	9jxm4de
s641	2x4xkr4de	81821033-641	ok	0.744	0.743	0	2x4xkr4de
s3843	5jxadi	81821033-3843	ok	0.002	0.002	4	5jxadi
s283	2x2xkm8	81821033-283	ok	0.000	0.000	0	2x2xkm8
s5795	8x3m4de	81821033-5795	timeout	10.020	9.958	-1	8x3m4de
s3653	4x7ade	81821033-3653	timeout	10.004	10.000	-1	4x7ade
s6737	12jr4de	81821033-6737	timeout	10.007	9.999	-1	12jr4de
s7419	15x2md2di	81821033-7419	ok	5.565	5.531	484	15x2md2di
s7995	21jmd2di	81821033-7995	timeout	10.001	9.998	-1	21jmd2di
s5872	9jr4da	81821033-5872	ok	0.791	0.790	20	9jr4da
s3664	4x7r4da	81821033-3664	timeout	10.004	10.000	-1	4x7r4da
s7992	21jm2du	81821033-7992	timeout	10.008	10.002	-1	21jm2du
s2041	3x3md2	81821033-2041	ok	0.001	0.001	31	3x3md2
s3023	4jxm8de	81821033-3023	timeout	10.075	10.007	-1	4jxm8de
s8618	27jxmd2db	81821033-8618	timeout	10.021	10.008	-1	27jxmd2db
s3680	4x7m4db	81821033-3680	ok	8.374	8.371	404	4x7m4db
s8305	24jxa	81821033-8305	timeout	10.003	9.997	-1	24jxa
s2908	4jmd2da	81821033-2908	timeout	10.080	10.018	-1	4jmd2da
s3504	4x5m8du	81821033-3504	timeout	10.004	10.001	-1	4x5m8du
s4945	6x5xa	81821033-4945	ok	1.433	1.433	406	6x5xa
s8784	29jm8du	81821033-8784	timeout	10.001	9.999	-1	29jm8du
s8119	22jx	81821033-8119	timeout	10.020	10.000	-1	22jx
s8156	22jxm8db	81821033-8156	timeout	10.036	9.962	-1	22jxm8db
s5507	8jm4de	81821033-5507	ok	0.005	0.004	16	8jm4de
s8260	24jada	81821033-8260	timeout	10.002	10.000	-1	24jada
s5941	9jkmd4	81821033-5941	ok	0.007	0.007	0	9jkmd4
s8030	21jxr4db	81821033-8030	timeout	10.004	10.002	-1	21jxr4db
s4501	6jkmd4	81821033-4501	ok	0.000	0.000	0	6jkmd4
s4933	6x5md4	81821033-4933	timeout	10.012	10.003	-1	6x5md4
s1092	2x9m4du	81821033-1092	timeout	10.067	10.008	-1	2x9m4du
s5015	7jm2de	81821033-5015	ok	0.015	0.015	12	7jm2de
s6440	10x3db	81821033-6440	timeout	10.000	9.999	-1	10x3db
s5911	9jk	81821033-5911	ok	0.107	0.107	0	9jk
s2653	3x8xr4	81821033-2653	ok	0.577	0.576	284	3x8xr4
s3455	4x4xm8de	81821033-3455	ok	0.308	0.307	108	4x4xm8de
s2743	3x9x	81821033-2743	ok	0.504	0.503	360	3x9x
s5394	7x4r4du	81821033-5394	timeout	10.003	10.001	-1	7x4r4du
s7162	14jxda	81821033-7162	timeout	10.052	10.012	-1	14jxda
s4083	5x3xadi	81821033-4083	ok	0.237	0.237	68	5x3xadi
s6435	10x3adi	81821033-6435	timeout	10.060	9.991	-1	10x3adi
s5498	8jmd2db	81821033-5498	ok	0.003	0.003	17	8jmd2db
s8458	26jda	81821033-8458	timeout	10.003	10.000	-1	26jda
s7137	14jm4di	81821033-7137	timeout	10.004	10.002	-1	14jm4di
s1338	2x11xmd4du	81821033-1338	timeout	10.003	9.995	-1	2x11xmd4du
s4688	6x2xm4db	81821033-4688	ok	0.003	0.003	52	6x2xm4db
s4118	5x3xmd4db	81821033-4118	ok	0.009	0.009	88	5x3xmd4db
s4378	5x6xda	81821033-4378	timeout	10.069	10.007	-1	5x6xda
s5127	7jxmd4di	81821033-5127	ok	0.037	0.037	9	7jxmd4di
s3996	5x2xdu	81821033-3996	ok	0.848	0.847	28	5x2xdu
s1074	2x9r4du	81821033-1074	ok	5.039	5.001	156	2x9r4du
s207	2x2xr4di	81821033-207	ok	0.000	0.000	8	2x2xr4di
s3547	4x5xm8	81821033-3547	ok	0.012	0.012	208	4x5xm8
s4362	5x6md4du	81821033-4362	timeout	10.004	10.002	-1	5x6md4du
s5295	7x3r4di	81821033-5295	ok	0.669	0.668	216	7x3r4di
s845	2x6xmd2de	81821033-845	ok	0.057	0.056	49	2x6xmd2de
s4580	6jxkm2db	81821033-4580	ok	0.893	0.886	0	6jxkm2db
s4289	5x5xr4de	81821033-4289	timeout	10.004	9.998	-1	5x5xr4de
s3184	4x2xr4da	81821033-3184	ok	0.025	0.025	16	4x2xr4da
s8946	31jr4du	81821033-8946	timeout	10.007	10.002	-1	31jr4du
s7213	14x2r4	81821033-7213	ok	0.108	0.108	452	14x2r4
s8450	26jadb	81821033-8450	timeout	10.012	10.006	-1	26jadb
s5366	7x3xmd4db	81821033-5366	ok	0.095	0.095	200	7x3xmd4db
s8753	29jr4de	81821033-8753	timeout	10.089	10.009	-1	29jr4de
s6178	9x3m4da	81821033-6178	timeout	10.002	10.002	-1	9x3m4da
s7053	13x2m8di	81821033-7053	ok	0.329	0.325	364	13x2m8di
s5917	9jkr4	81821033-5917	ok	0.008	0.008	0	9jkr4
s2489	3x6xmd4de	81821033-2489	timeout	10.003	9.997	-1	3x6xmd4de
s2956	4jkmd2da	81821033-2956	ok	0.105	0.104	0	4jkmd2da
s4522	6jxda	81821033-4522	ok	0.181	0.181	6	6jxda
s8046	21jxmd2du	81821033-8046	timeout	10.001	9.998	-1	21jxmd2du
s349	2x3kr4	81821033-349	ok	0.001	0.001	0	2x3kr4
s6205	9x3xr4	81821033-6205	ok	0.159	0.159	388	9x3xr4
s3491	4x5m4de	81821033-3491	timeout	10.004	10.003	-1	4x5m4de
s5500	8jmd2da	81821033-5500	ok	0.143	0.143	14	8jmd2da
s8776	29jmd4da	81821033-8776	timeout	10.039	9.967	-1	29jmd4da
s5680	8x2r4da	81821033-5680	ok	0.275	0.275	112	8x2r4da
s2640	3x8m8du	81821033-2640	timeout	10.001	9.995	-1	3x8m8du
s7768	18jxmd4da	81821033-7768	timeout	10.003	10.002	-1	18jxmd4da
s8620	27jxmd2da	81821033-8620	timeout	10.056	9.988	-1	27jxmd2da
s8882	30jxadb	81821033-8882	timeout	10.001	9.998	-1	30jxadb
s2338	3x5m4da	81821033-2338	ok	0.288	0.286	90	3x5m4da
s565	2x4kmd4	81821033-565	ok	0.000	0.000	0	2x4kmd4
s1958	3x2xmd4db	81821033-1958	ok	0.000	0.000	10	3x2xmd4db
s5735	8x2xm2de	81821033-5735	ok	1.150	1.150	98	8x2xm2de
s4010	5x2xmd2db	81821033-4010	ok	0.002	0.002	30	5x2xmd2db
s8900	30jxm2db	81821033-8900	timeout	10.008	10.000	-1	30jxm2db
s4875	6x4xmd2di	81821033-4875	ok	3.331	3.331	237	6x4xmd2di
s2886	4jadu	81821033-2886	ok	0.119	0.119	4	4jadu
s5818	8x3xda	81821033-5818	timeout	10.004	10.002	-1	8x3xda
s4538	6jxmd2db	81821033-4538	ok	0.001	0.001	7	6jxmd2db
s8933	31jade	81821033-8933	timeout	10.083	10.009	-1	31jade
s1601	2x14xr4de	81821033-1601	timeout	10.012	10.003	-1	2x14xr4de
s8564	27jm2db	81821033-8564	timeout	10.001	10.000	-1	27jm2db
s6571	11jm8	81821033-6571	ok	1.142	1.142	52	11jm8
s6046	9jxkm8da	81821033-6046	ok	3.525	3.522	0	9jxkm8da
s3553	4x6a	81821033-3553	ok	1.415	1.415	253	4x6a
s1547	2x14de	81821033-1547	timeout	10.002	9.999	-1	2x14de
s4892	6x4xm8db	81821033-4892	ok	0.335	0.335	276	6x4xm8db
s3050	4jxkmd2db	81821033-3050	ok	0.009	0.009	0	4jxkmd2db
s5287	7x3	81821033-5287	ok	0.047	0.046	209	7x3
s3335	4x3xm2de	81821033-3335	ok	0.113	0.113	44	4x3xm2de
s6203	9x3xde	81821033-6203	timeout	10.028	9.963	-1	9x3xde
s8935	31j	81821033-8935	timeout	10.006	9.999	-1	31j
s7671	17jxmd4di	81821033-7671	timeout	10.002	9.999	-1	17jxmd4di
s304	2x3r4da	81821033-304	ok	1.838	1.837	12	2x3r4da
s3676	4x7md2da	81821033-3676	timeout	10.003	10.001	-1	4x7md2da
s757	2x5xmd4	81821033-757	ok	0.001	0.001	36	2x5xmd4
s2844	3x10xdu	81821033-2844	timeout	10.060	9.985	-1	3x10xdu
s2863	3x10xm4	81821033-2863	timeout	10.004	10.001	-1	3x10xm4
s4747	6x3m8	81821033-4747	ok	0.007	0.007	172	6x3m8
s6541	11jr4	81821033-6541	ok	0.860	0.860	49	11jr4
s2526	3x7md2du	81821033-2526	timeout	10.013	10.007	-1	3x7md2du
s6475	10x3m8	81821033-6475	timeout	10.015	10.013	-1	10x3m8
s5550	8jkmd2du	81821033-5550	ok	0.216	0.216	0	8jkmd2du
s3440	4x4xm4db	81821033-3440	ok	0.016	0.016	100	4x4xm4db
s2287	3x4xm4	81821033-2287	ok	0.001	0.001	64	3x4xm4
s135	2x2md4di	81821033-135	ok	0.000	0.000	6	2x2md4di
s402	2x3xr4du	81821033-402	ok	0.003	0.003	8	2x3xr4du
s2387	3x5xm4de	81821033-2387	ok	0.684	0.684	88	3x5xm4de
s884	2x7m2db	81821033-884	ok	0.011	0.011	80	2x7m2db
s2846	3x10xr4db	81821033-2846	ok	1.526	1.525	460	3x10xr4db
s2150	3x3xmd4db	81821033-2150	ok	0.001	0.001	26	3x3xmd4db
s1821	3jkm8di	81821033-1821	ok	0.000	0.000	0	3jkm8di
s1885	3x2kr4	81821033-1885	ok	0.000	0.000	0	3x2kr4
s8083	22jm2	81821033-8083	timeout	10.084	10.011	-1	22jm2
s7214	14x2r4db	81821033-7214	ok	5.432	5.401	428	14x2r4db
s2718	3x9md2du	81821033-2718	timeout	10.016	10.012	-1	3x9md2du
s7883	20jde	81821033-7883	timeout	10.002	10.002	-1	20jde
s2323	3x5m2	81821033-2323	ok	0.007	0.006	93	3x5m2
s7892	20jm2db	81821033-7892	timeout	10.003	9.997	-1	20jm2db
s3598	4x6m8da	81821033-3598	ok	6.034	6.032	284	4x6m8da
s7062	13x2xadu	81821033-7062	timeout	10.095	10.018	-1	13x2xadu
s4233	5x5di	81821033-4233	ok	2.652	2.651	288	5x5di
s3135	4x2kr4di	81821033-3135	ok	0.008	0.008	0	4x2kr4di
s5516	8jm8db	81821033-5516	ok	0.001	0.001	20	8jm8db
s5591	8jxm2de	81821033-5591	ok	0.158	0.158	12	8jxm2de
s2570	3x7xmd2db	81821033-2570	ok	0.466	0.465	180	3x7xmd2db
s746	2x5xmd2db	81821033-746	ok	0.002	0.002	28	2x5xmd2db
s5981	9jxmd2de	81821033-5981	ok	1.557	1.545	17	9jxmd2de
s2368	3x5xr4da	81821033-2368	ok	0.201	0.197	85	3x5xr4da
s3213	4x2xm8di	81821033-3213	ok	0.014	0.014	24	4x2xm8di
s2619	3x8md2di	81821033-2619	ok	1.964	1.964	270	3x8md2di
s691	2x5m2	81821033-691	ok	0.001	0.001	36	2x5m2
s4266	5x5md4du	81821033-4266	timeout	10.001	9.998	-1	5x5md4du
s4588	6jxkmd2da	81821033-4588	timeout	10.008	10.002	-1	6jxkmd2da
s8934	31jadu	81821033-8934	timeout	10.051	9.984	-1	31jadu
s1456	2x13r4da	81821033-1456	timeout	10.003	10.001	-1	2x13r4da
s6708	11x2xm4du	81821033-6708	timeout	10.004	10.000	-1	11x2xm4du
s6499	10x3xm2	81821033-6499	timeout	10.008	10.001	-1	10x3xm2
s3402	4x4md4du	81821033-3402	ok	5.233	5.232	104	4x4md4du
s3414	4x4xadu	81821033-3414	timeout	10.064	10.003	-1	4x4xadu
s8075	22jde	81821033-8075	timeout	10.012	10.000	-1	22jde
s5318	7x3md4db	81821033-5318	ok	0.073	0.072	206	7x3md4db
s5529	8jkdi	81821033-5529	ok	0.238	0.238	0	8jkdi
s5792	8x3m4db	81821033-5792	ok	0.172	0.172	296	8x3m4db
s257	2x2xkr4de	81821033-257	ok	0.000	0.000	0	2x2xkr4de
s1572	2x14m4du	81821033-1572	timeout	10.008	10.002	-1	2x14m4du
s215	2x2xm2de	81821033-215	ok	0.000	0.000	4	2x2xm2de
s5909	9jkade	81821033-5909	ok	1.935	1.934	0	9jkade
s3746	5jadb	81821033-3746	ok	0.000	0.000	6	5jadb
s8730	28jxmd4du	81821033-8730	timeout	10.002	9.998	-1	28jxmd4du
s537	2x4kdi	81821033-537	ok	0.006	0.006	0	2x4kdi
s3591	4x6md4di	81821033-3591	ok	0.996	0.996	280	4x6md4di
s1377	2x12m4di	81821033-1377	ok	0.832	0.832	320	2x12m4di
s6936	13jm2du	81821033-6936	timeout	10.088	10.011	-1	13jm2du
s4478	6jkr4db	81821033-4478	ok	0.004	0.004	0	6jkr4db
s4962	6x5xr4du	81821033-4962	timeout	10.003	9.998	-1	6x5xr4du
s115	2x2m2	81821033-115	ok	0.000	0.000	4	2x2m2
s2174	3x3xkr4db	81821033-2174	ok	0.001	0.001	0	3x3xkr4db
s4750	6x3m8da	81821033-4750	ok	1.394	1.394	168	6x3m8da
s380	2x3km8db	81821033-380	ok	0.009	0.009	0	2x3km8db
s7449	15x2xdi	81821033-7449	ok	3.995	3.962	456	15x2xdi
s8433	25jxm4di	81821033-8433	timeout	10.004	10.003	-1	25jxm4di
s7059	13x2xadi	81821033-7059	ok	7.029	7.028	300	13x2xadi
s7129	14jmd2	81821033-7129	timeout	10.006	10.000	-1	14jmd2
s2705	3x9r4de	81821033-2705	timeout	10.044	9.989	-1	3x9r4de
s850	2x6xm4da	81821033-850	ok	0.034	0.034	52	2x6xm4da
s1642	2x15da	81821033-1642	timeout	10.020	10.004	-1	2x15da
s160	2x2kr4da	81821033-160	ok	0.000	0.000	0	2x2kr4da
s1107	2x9xadi	81821033-1107	ok	0.450	0.450	124	2x9xadi
s7108	14jada	81821033-7108	timeout	10.004	10.003	-1	14jada
s3490	4x5m4da	81821033-3490	ok	1.747	1.745	184	4x5m4da
s3140	4x2km2db	81821033-3140	ok	0.001	0.001	0	4x2km2db
s2352	3x5m8du	81821033-2352	ok	1.941	1.916	105	3x5m8du
s3149	4x2kmd2de	81821033-3149	ok	0.311	0.311	0	4x2kmd2de
s4809	6x4di	81821033-4809	ok	2.236	2.235	264	6x4di
s2155	3x3xm8	81821033-2155	ok	0.000	0.000	33	3x3xm8
s5548	8jkmd2da	81821033-5548	ok	0.080	0.080	0	8jkmd2da
s3994	5x2xda	81821033-3994	ok	0.012	0.012	30	5x2xda
s7185	14jxm4di	81821033-7185	timeout	10.008	10.002	-1	14jxm4di
s3256	4x2xkmd4da	81821033-3256	ok	0.040	0.040	0	4x2xkmd4da
s2558	3x7xr4db	81821033-2558	ok	0.164	0.164	204	3x7xr4db
s6960	13jm8du	81821033-6960	ok	8.731	8.694	52	13jm8du
s7660	17jxmd2da	81821033-7660	timeout	10.008	10.002	-1	17jxmd2da
s4953	6x5xdi	81821033-4953	timeout	10.058	10.013	-1	6x5xdi
s6733	12jr4	81821033-6733	ok	0.806	0.791	56	12jr4
s279	2x2xkmd4di	81821033-279	ok	0.000	0.000	0	2x2xkmd4di
s3377	4x4r4de	81821033-3377	ok	0.217	0.217	108	4x4r4de
s5901	9jm8di	81821033-5901	ok	0.062	0.061	24	9jm8di
s3447	4x4xmd4di	81821033-3447	ok	0.075	0.075	94	4x4xmd4di
s7949	20jxmd2de	81821033-7949	timeout	10.011	10.004	-1	20jxmd2de
s4695	6x2xmd4di	81821033-4695	ok	0.007	0.007	50	6x2xmd4di
s3620	4x6xm2db	81821033-3620	ok	0.514	0.514	242	4x6xm2db
s5557	8jkmd4	81821033-5557	ok	0.004	0.004	0	8jkmd4
s7355	15jxde	81821033-7355	timeout	10.003	9.999	-1	15jxde
s7265	14x2xr4de	81821033-7265	timeout	10.004	10.002	-1	14x2xr4de
s8161	23ja	81821033-8161	timeout	10.022	9.962	-1	23ja
s8737	29ja	81821033-8737	timeout	10.005	9.998	-1	29ja
s7167	14jxr4di	81821033-7167	timeout	10.004	10.002	-1	14jxr4di
s2011	3x2xkm8	81821033-2011	ok	0.000	0.000	0	3x2xkm8
s5854	8x3xm8da	81821033-5854	timeout	10.004	10.002	-1	8x3xm8da
s5464	7x4xmd4da	81821033-5464	timeout	10.048	9.977	-1	7x4xmd4da
s1459	2x13m2	81821033-1459	ok	0.172	0.172	364	2x13m2
s2451	3x6xadi	81821033-2451	ok	0.569	0.565	108	3x6xadi
s975	2x8r4di	81821033-975	ok	0.022	0.022	116	2x8r4di
s7158	14jxadu	81821033-7158	timeout	10.012	10.003	-1	14jxadu
s8777	29jmd4de	81821033-8777	timeout	10.003	10.000	-1	29jmd4de
s699	2x5md2di	81821033-699	ok	0.004	0.004	35	2x5md2di
s5340	7x3xdu	81821033-5340	timeout	10.004	10.001	-1	7x3xdu
s6953	13jmd4de	81821033-6953	ok	1.711	1.709	53	13jmd4de
s6742	12jm2da	81821033-6742	ok	2.250	2.250	40	12jm2da
s3014	4jxmd4db	81821033-3014	timeout	10.072	10.001	-1	4jxmd4db
s6012	9jxkdu	81821033-6012	timeout	10.004	10.000	-1	9jxkdu
s2919	4jmd4di	81821033-2919	timeout	10.000	9.994	-1	4jmd4di
s4687	6x2xm4	81821033-4687	ok	0.001	0.001	64	6x2xm4
s8616	27jxm2du	81821033-8616	timeout	10.001	10.001	-1	27jxm2du
s8868	30jm4du	81821033-8868	timeout	10.072	9.997	-1	30jm4du
s6147	9x3adi	81821033-6147	ok	6.503	6.500	334	9x3adi
s2425	3x6md2	81821033-2425	ok	0.023	0.023	138	3x6md2
s7975	21j	81821033-7975	timeout	10.004	10.002	-1	21j
s8276	24jm2db	81821033-8276	timeout	10.004	10.002	-1	24jm2db
s5009	7jr4de	81821033-5009	ok	0.003	0.002	12	7jr4de
s351	2x3kr4di	81821033-351	ok	0.061	0.061	0	2x3kr4di
s8358	25jadu	81821033-8358	timeout	10.044	9.969	-1	25jadu
s4285	5x5xr4	81821033-4285	ok	0.068	0.068	320	5x5xr4
s6085	9x2md4	81821033-6085	ok	0.008	0.008	172	9x2md4
s3295	4x3m4	81821033-3295	ok	0.001	0.001	64	4x3m4
s7446	15x2xadu	81821033-7446	timeout	10.008	10.003	-1	15x2xadu
s3789	5jm8di	81821033-3789	ok	0.001	0.001	8	5jm8di
s3139	4x2km2	81821033-3139	ok	0.001	0.001	0	4x2km2
s890	2x7md2db	81821033-890	ok	0.010	0.010	81	2x7md2db
s6956	13jm8db	81821033-6956	timeout	10.004	10.002	-1	13jm8db
s4498	6jkm4da	81821033-4498	ok	0.080	0.080	0	6jkm4da
s8759	29jm2de	81821033-8759	timeout	10.004	10.000	-1	29jm2de
s2341	3x5md4	81821033-2341	ok	0.004	0.004	102	3x5md4
s7767	18jxmd4di	81821033-7767	timeout	10.062	9.989	-1	18jxmd4di
s1127	2x9xm2de	81821033-1127	ok	8.519	8.513	132	2x9xm2de
s857	2x6xmd4de	81821033-857	ok	0.080	0.079	52	2x6xmd4de
s1162	2x10da	81821033-1162	ok	3.406	3.403	188	2x10da
s3900	5jxkdu	81821033-3900	ok	0.058	0.058	0	5jxkdu
s4641	6x2m4di	81821033-4641	ok	0.018	0.017	64	6x2m4di
s7416	15x2m2du	81821033-7416	timeout	10.012	9.997	-1	15x2m2du
s3180	4x2xdu	81821033-3180	ok	0.059	0.059	14	4x2xdu
s5697	8x2m4di	81821033-5697	ok	0.027	0.027	116	8x2m4di
s1633	2x15a	81821033-1633	ok	0.903	0.903	461	2x15a
s2770	3x9xm4da	81821033-2770	timeout	10.007	10.000	-1	3x9xm4da
s1620	2x14xm4du	81821033-1620	timeout	10.064	9.994	-1	2x14xm4du
s3595	4x6m8	81821033-3595	ok	0.029	0.029	316	4x6m8
s7544	16jxdb	81821033-7544	timeout	10.006	9.996	-1	16jxdb
s7280	14x2xm4db	81821033-7280	ok	3.811	3.786	420	14x2xm4db
s6602	11jxmd2db	81821033-6602	timeout	10.001	9.997	-1	11jxmd2db
s5434	7x4xda	81821033-5434	timeout	10.004	10.003	-1	7x4xda
s7088	13x2xm4db	81821033-7088	ok	3.177	3.175	344	13x2xm4db
s7094	13x2xmd4db	81821033-7094	ok	0.342	0.341	340	13x2xmd4db
s3099	4x2md2di	81821033-3099	ok	0.017	0.017	23	4x2md2di
s2650	3x8xda	81821033-2650	timeout	10.071	10.002	-1	3x8xda
s654	2x4xkmd2du	81821033-654	ok	0.047	0.047	0	2x4xkmd2du
s1302	2x11xadu	81821033-1302	timeout	10.008	10.002	-1	2x11xadu
s4560	6jxm8du	81821033-4560	timeout	10.004	10.002	-1	6jxm8du
s74	2jkmd2db	81821033-74	timeout	10.011	10.001	-1	2jkmd2db
s5179	7jxkm8	81821033-5179	ok	0.004	0.004	0	7jxkm8
s2410	3x6da	81821033-2410	ok	1.912	1.912	138	3x6da
s3465	4x5di	81821033-3465	ok	0.671	0.670	174	4x5di
s8323	24jxm2	81821033-8323	timeout	10.057	9.980	-1	24jxm2
s4810	6x4da	81821033-4810	timeout	10.004	10.002	-1	6x4da
s4525	6jxr4	81821033-4525	ok	0.001	0.000	12	6jxr4
s3791	5jm8de	81821033-3791	ok	0.055	0.055	8	5jm8de
s8641	28ja	81821033-8641	timeout	10.003	9.999	-1	28ja
s8718	28jxmd2du	81821033-8718	timeout	10.000	9.995	-1	28jxmd2du
s3470	4x5r4db	81821033-3470	ok	0.045	0.045	188	4x5r4db
s5467	7x4xm8	81821033-5467	ok	1.918	1.917	444	7x4xm8
s6818	12x2adb	81821033-6818	ok	0.574	0.574	266	12x2adb
s6207	9x3xr4di	81821033-6207	ok	1.548	1.548	352	9x3xr4di
s3020	4jxm8db	81821033-3020	timeout	10.068	10.007	-1	4jxm8db
s556	2x4kmd2da	81821033-556	ok	0.028	0.028	0	2x4kmd2da
s3151	4x2km4	81821033-3151	ok	0.002	0.002	0	4x2km4
s5905	9jka	81821033-5905	ok	0.008	0.008	0	9jka
s6919	13j	81821033-6919	timeout	10.004	10.001	-1	13j
s8381	25jmd2de	81821033-8381	timeout	10.007	10.002	-1	25jmd2de
s6645	11x2m2di	81821033-6645	ok	0.655	0.655	240	11x2m2di
s3805	5jkr4	81821033-3805	ok	0.000	0.000	0	5jkr4
s5883	9jmd2di	81821033-5883	ok	0.011	0.011	23	9jmd2di
s3667	4x7m2	81821033-3667	ok	0.342	0.342	390	4x7m2
s3192	4x2xm2du	81821033-3192	ok	0.029	0.029	16	4x2xm2du
s8145	22jxm4di	81821033-8145	timeout	10.003	10.001	-1	22jxm4di
s5238	7x2xadu	81821033-5238	timeout	10.085	10.005	-1	7x2xadu
s5776	8x3r4da	81821033-5776	ok	8.080	8.075	288	8x3r4da
s5049	7jkdi	81821033-5049	ok	0.008	0.008	0	7jkdi
s3409	4x4xa	81821033-3409	ok	0.018	0.017	94	4x4xa
s8394	25jmd4du	81821033-8394	timeout	10.011	10.006	-1	25jmd4du
s8131	22jxm2	81821033-8131	timeout	10.032	10.002	-1	22jxm2
s1889	3x2kr4de	81821033-1889	ok	0.022	0.021	0	3x2kr4de
s5445	7x4xm2di	81821033-5445	ok	5.728	5.724	348	7x4xm2di
s7603	17jm2	81821033-7603	timeout	10.032	10.011	-1	17jm2
s5943	9jkmd4di	81821033-5943	ok	0.005	0.005	0	9jkmd4di
s3258	4x2xkmd4du	81821033-3258	ok	0.040	0.040	0	4x2xkmd4du
s3411	4x4xadi	81821033-3411	ok	0.420	0.419	87	4x4xadi
s4381	5x6xr4	81821033-4381	timeout	10.003	9.999	-1	5x6xr4
s2151	3x3xmd4di	81821033-2151	ok	0.002	0.002	22	3x3xmd4di
s1182	2x10md2du	81821033-1182	timeout	10.041	9.998	-1	2x10md2du
s8475	26jmd2di	81821033-8475	timeout	10.004	9.998	-1	26jmd2di
s5106	7jxr4du	81821033-5106	ok	0.139	0.139	9	7jxr4du
s842	2x6xmd2db	81821033-842	ok	0.005	0.005	50	2x6xmd2db
s324	2x3m4du	81821033-324	timeout	10.043	9.999	-1	2x3m4du
s756	2x5xm4du	81821033-756	ok	0.655	0.655	28	2x5xm4du
s7507	16jm2	81821033-7507	timeout	10.002	9.996	-1	16jm2
s4367	5x6m8de	81821033-4367	timeout	10.072	10.017	-1	5x6m8de
s8301	24jm8di	81821033-8301	timeout	10.004	9.998	-1	24jm8di
s8696	28jxdb	81821033-8696	timeout	10.004	9.997	-1	28jxdb
s6056	9x2db	81821033-6056	ok	0.049	0.049	150	9x2db
s7498	16jda	81821033-7498	timeout	10.008	10.001	-1	16jda
s4784	6x3xm4db	81821033-4784	ok	0.036	0.036	136	6x3xm4db
s6226	9x3xm4da	81821033-6226	timeout	10.084	10.030	-1	9x3xm4da
s2845	3x10xr4	81821033-2845	timeout	10.004	9.998	-1	3x10xr4
s1055	2x8xm8de	81821033-1055	ok	0.167	0.167	112	2x8xm8de
s3572	4x6m2db	81821033-3572	ok	0.421	0.420	266	4x6m2db
s3410	4x4xadb	81821033-3410	ok	0.077	0.077	78	4x4xadb
s8291	24jm4de	81821033-8291	timeout	10.023	9.975	-1	24jm4de
s2072	3x3kdb	81821033-2072	ok	0.012	0.012	0	3x3kdb
s4070	5x3md4db	81821033-4070	ok	0.009	0.009	95	5x3md4db
s1703	2x15xm2de	81821033-1703	timeout	10.004	10.001	-1	2x15xm2de
s5674	8x2da	81821033-5674	ok	0.487	0.486	110	8x2da
s3894	5jxkadu	81821033-3894	ok	0.845	0.844	0	5jxkadu
s3543	4x5xmd4di	81821033-3543	ok	0.224	0.223	168	4x5xmd4di
s4116	5x3xm4du	81821033-4116	timeout	10.004	10.003	-1	5x3xm4du
s2537	3x7md4de	81821033-2537	ok	4.024	4.024	216	3x7md4de
s784	2x6r4da	81821033-784	ok	0.024	0.024	64	2x6r4da
s1833	3x2di	81821033-1833	ok	0.038	0.038	10	3x2di
s3778	5jm4da	81821033-3778	ok	0.141	0.141	6	5jm4da
s2479	3x6xm4	81821033-2479	ok	0.010	0.010	152	3x6xm4
s3034	4jxkda	81821033-3034	ok	1.311	1.310	0	4jxkda
s8373	25jm2di	81821033-8373	timeout	10.010	10.003	-1	25jm2di
s6811	12jxm8	81821033-6811	timeout	10.046	9.973	-1	12jxm8
s2411	3x6de	81821033-2411	ok	2.563	2.561	142	3x6de
s1156	2x10ada	81821033-1156	ok	3.811	3.809	172	2x10ada
s5154	7jxkr4du	81821033-5154	timeout	10.001	9.999	-1	7jxkr4du
s8082	22jr4du	81821033-8082	timeout	10.001	9.997	-1	22jr4du
s6022	9jxkm2da	81821033-6022	ok	2.766	2.764	0	9jxkm2da
s5223	7x2md4di	81821033-5223	ok	0.022	0.022	82	7x2md4di
s4447	6jm4	81821033-4447	ok	0.001	0.001	12	6jm4
s3692	4x7m8db	81821033-3692	ok	2.919	2.917	424	4x7m8db
s7003	13jxm8	81821033-7003	timeout	10.068	10.006	-1	13jxm8
s5502	8jmd2du	81821033-5502	ok	0.021	0.020	16	8jmd2du
s509	2x4md2de	81821033-509	ok	0.031	0.031	25	2x4md2de
s4092	5x3xdu	81821033-4092	timeout	10.004	10.001	-1	5x3xdu
s4901	6x5ade	81821033-4901	timeout	10.007	9.999	-1	6x5ade
s447	2x3xkr4di	81821033-447	ok	0.188	0.188	0	2x3xkr4di
s256	2x2xkr4da	81821033-256	ok	0.000	0.000	0	2x2xkr4da
s8955	31jmd2di	81821033-8955	timeout	10.012	10.006	-1	31jmd2di
s6042	9jxkmd4du	81821033-6042	timeout	10.072	9.995	-1	9jxkmd4du
s2081	3x3kr4de	81821033-2081	ok	1.914	1.913	0	3x3kr4de
s2738	3x9xadb	81821033-2738	ok	3.216	3.214	302	3x9xadb
s7286	14x2xmd4db	81821033-7286	ok	4.350	4.315	414	14x2xmd4db
s6154	9x3da	81821033-6154	timeout	10.008	10.002	-1	9x3da
s805	2x6md4	81821033-805	ok	0.002	0.001	64	2x6md4
s8987	31jxde	81821033-8987	timeout	10.002	10.001	-1	31jxde
s2528	3x7m4db	81821033-2528	ok	0.142	0.142	214	3x7m4db
s7693	18jr4	81821033-7693	timeout	10.007	10.001	-1	18jr4
s5708	8x2m8db	81821033-5708	ok	0.007	0.007	128	8x2m8db
s6647	11x2m2de	81821033-6647	timeout	10.078	10.008	-1	11x2m2de
s3568	4x6r4da	81821033-3568	timeout	10.006	10.001	-1	4x6r4da
s7057	13x2xa	81821033-7057	ok	0.434	0.434	313	13x2xa
s6069	9x2m2di	81821033-6069	ok	0.175	0.175	144	9x2m2di
s8496	26jm8du	81821033-8496	timeout	10.001	9.998	-1	26jm8du
s4196	5x4xm2db	81821033-4196	ok	0.127	0.127	154	5x4xm2db
s4896	6x4xm8du	81821033-4896	timeout	10.005	9.998	-1	6x4xm8du
s1181	2x10md2de	81821033-1181	ok	2.205	2.203	183	2x10md2de
s4398	5x6xmd2du	81821033-4398	timeout	10.072	9.997	-1	5x6xmd2du
s2869	3x10xmd4	81821033-2869	timeout	10.001	9.997	-1	3x10xmd4
s2053	3x3md4	81821033-2053	ok	0.001	0.001	30	3x3md4
s4411	5x6xm8	81821033-4411	ok	4.562	4.538	512	5x6xm8
s8347	24jxm8	81821033-8347	timeout	10.004	10.000	-1	24jxm8
s7653	17jxm2di	81821033-7653	timeout	10.003	9.997	-1	17jxm2di
s5807	8x3m8de	81821033-5807	ok	8.364	8.361	284	8x3m8de
s5733	8x2xm2di	81821033-5733	ok	0.092	0.091	100	8x2xm2di
s2376	3x5xm2du	81821033-2376	timeout	10.045	9.976	-1	3x5xm2du
s5270	7x2xmd4db	81821033-5270	ok	0.009	0.006	78	7x2xmd4db
s1710	2x15xmd2du	81821033-1710	timeout	10.004	10.003	-1	2x15xmd2du
s1417	2x12xmd2	81821033-1417	ok	0.110	0.110	286	2x12xmd2
s4349	5x6md2de	81821033-4349	timeout	10.004	9.996	-1	5x6md2de
s8797	29jxr4	81821033-8797	timeout	10.003	10.000	-1	29jxr4
s515	2x4m4de	81821033-515	ok	0.021	0.021	24	2x4m4de
s674	2x5adb	81821033-674	ok	0.003	0.003	32	2x5adb
s1667	2x15m4de	81821033-1667	timeout	10.086	10.015	-1	2x15m4de
s8810	29jxmd2db	81821033-8810	timeout	10.002	10.001	-1	29jxmd2db
s463	2x3xkm4	81821033-463	ok	0.001	0.001	0	2x3xkm4
s5720	8x2xdb	81821033-5720	ok	0.030	0.030	100	8x2xdb
s8437	25jxmd4	81821033-8437	timeout	10.008	10.001	-1	25jxmd4
s5271	7x2xmd4di	81821033-5271	ok	0.028	0.028	80	7x2xmd4di
s6362	10x2md2db	81821033-6362	ok	0.090	0.090	192	10x2md2db
s7661	17jxmd2de	81821033-7661	timeout	10.011	10.002	-1	17jxmd2de
s8430	25jxmd2du	81821033-8430	timeout	10.068	10.011	-1	25jxmd2du
s7870	19jxm8da	81821033-7870	timeout	10.020	10.008	-1	19jxm8da
s6267	10jmd2di	81821033-6267	ok	0.020	0.020	26	10jmd2di
s6666	11x2md4du	81821033-6666	timeout	10.005	10.000	-1	11x2md4du
s1076	2x9m2db	81821033-1076	ok	0.057	0.057	144	2x9m2db
s6638	11x2r4db	81821033-6638	ok	0.398	0.397	248	11x2r4db
s5300	7x3m2db	81821033-5300	ok	0.137	0.137	192	7x3m2db
s2518	3x7m2da	81821033-2518	timeout	10.008	10.001	-1	3x7m2da
s8775	29jmd4di	81821033-8775	timeout	10.112	10.013	-1	29jmd4di
s2906	4jmd2db	81821033-2906	ok	0.002	0.002	3	4jmd2db
s5589	8jxm2di	81821033-5589	ok	0.007	0.007	14	8jxm2di
s2849	3x10xr4de	81821033-2849	timeout	10.004	10.000	-1	3x10xr4de
s4671	6x2xr4di	81821033-4671	ok	0.007	0.007	56	6x2xr4di
s7	2j	81821033-7	ok	0.000	0.000	2	2j
s5267	7x2xm4de	81821033-5267	ok	0.208	0.208	80	7x2xm4de
s6826	12x2da	81821033-6826	ok	8.478	8.472	288	12x2da
s4549	6jxmd4	81821033-4549	ok	0.007	0.006	10	6jxmd4
s8675	28jm4de	81821033-8675	timeout	10.008	10.001	-1	28jm4de
s1259	2x11de	81821033-1259	ok	7.413	7.363	234	2x11de
s8031	21jxr4di	81821033-8031	timeout	10.004	10.000	-1	21jxr4di
s287	2x2xkm8de	81821033-287	ok	0.000	0.000	0	2x2xkm8de
s5884	9jmd2da	81821033-5884	ok	0.019	0.018	21	9jmd2da
s2385	3x5xm4di	81821033-2385	ok	0.029	0.029	80	3x5xm4di
s4947	6x5xadi	81821033-4947	timeout	10.006	9.998	-1	6x5xadi
s7336	15jmd4da	81821033-7336	timeout	10.008	10.001	-1	15jmd4da
s2527	3x7m4	81821033-2527	ok	0.045	0.045	222	3x7m4
s821	2x6xade	81821033-821	ok	0.366	0.366	44	2x6xade
s439	2x3xk	81821033-439	ok	0.000	0.000	0	2x3xk
s1278	2x11md2du	81821033-1278	timeout	10.086	9.993	-1	2x11md2du
s8072	22jdb	81821033-8072	timeout	10.003	10.002	-1	22jdb
s6461	10x3md2de	81821033-6461	timeout	10.008	10.001	-1	10x3md2de
s8608	27jxr4da	81821033-8608	timeout	10.003	9.999	-1	27jxr4da
s7524	16jm4du	81821033-7524	timeout	10.052	9.980	-1	16jm4du
s730	2x5xda	81821033-730	ok	0.018	0.018	32	2x5xda
s751	2x5xm4	81821033-751	ok	0.001	0.001	44	2x5xm4
s1090	2x9m4da	81821033-1090	ok	0.984	0.977	148	2x9m4da
s5992	9jxmd4da	81821033-5992	ok	0.345	0.342	18	9jxmd4da
s8427	25jxmd2di	81821033-8427	timeout	10.004	10.002	-1	25jxmd2di
s8993	31jxr4de	81821033-8993	timeout	10.008	10.000	-1	31jxr4de
s8039	21jxm2de	81821033-8039	timeout	10.004	9.998	-1	21jxm2de
s5908	9jkada	81821033-5908	ok	0.841	0.840	0	9jkada
s5438	7x4xr4db	81821033-5438	ok	5.507	5.492	380	7x4xr4db
s5055	7jkr4di	81821033-5055	ok	0.103	0.103	0	7jkr4di
s1809	3jkm4di	81821033-1809	ok	0.000	0.000	0	3jkm4di
s5490	8jr4du	81821033-5490	ok	0.009	0.009	20	8jr4du
s6533	11jade	81821033-6533	ok	0.193	0.192	31	11jade
s8679	28jmd4di	81821033-8679	timeout	10.062	10.009	-1	28jmd4di
s272	2x2xkm4db	81821033-272	ok	0.000	0.000	0	2x2xkm4db
s7443	15x2xadi	81821033-7443	timeout	10.004	9.998	-1	15x2xadi
s2557	3x7xr4	81821033-2557	ok	0.068	0.068	216	3x7xr4
s6933	13jm2di	81821033-6933	ok	8.848	8.842	49	13jm2di
s2687	3x8xm8de	81821033-2687	timeout	10.019	9.999	-1	3x8xm8de
s3426	4x4xr4du	81821033-3426	timeout	10.059	10.007	-1	4x4xr4du
s6113	9x2xr4de	81821033-6113	ok	2.560	2.538	140	9x2xr4de
s2308	3x5ada	81821033-2308	ok	0.586	0.582	86	3x5ada
s8141	22jxmd2de	81821033-8141	timeout	10.007	10.002	-1	22jxmd2de
s8148	22jxm4du	81821033-8148	timeout	10.006	9.999	-1	22jxm4du
s8350	24jxm8da	81821033-8350	timeout	10.002	10.000	-1	24jxm8da
s3545	4x5xmd4de	81821033-3545	ok	8.108	8.004	158	4x5xmd4de
s7771	18jxm8	81821033-7771	timeout	10.028	9.981	-1	18jxm8
s7588	17jada	81821033-7588	timeout	10.008	10.000	-1	17jada
s4126	5x3xm8da	81821033-4126	ok	0.147	0.146	84	5x3xm8da
s3618	4x6xr4du	81821033-3618	timeout	10.004	10.002	-1	4x6xr4du
s7593	17jdi	81821033-7593	timeout	10.008	10.001	-1	17jdi
s2473	3x6xmd2	81821033-2473	ok	0.021	0.021	136	3x6xmd2
s7315	15jm2	81821033-7315	timeout	10.048	9.982	-1	15jm2
s6390	10x2xadu	81821033-6390	timeout	10.005	9.999	-1	10x2xadu
s385	2x3xa	81821033-385	ok	0.000	0.000	8	2x3xa
s6994	13jxm4da	81821033-6994	timeout	10.004	10.002	-1	13jxm4da
s6685	11x2xr4	81821033-6685	ok	0.867	0.867	256	11x2xr4
s4871	6x4xm2de	81821033-4871	timeout	10.007	10.001	-1	6x4xm2de
s4973	6x5xmd2de	81821033-4973	timeout	10.072	9.995	-1	6x5xmd2de
s5484	8jdu	81821033-5484	ok	0.023	0.023	16	8jdu
s2292	3x4xm4du	81821033-2292	ok	3.804	3.800	44	3x4xm4du
s3876	5jxm4du	81821033-3876	ok	0.020	0.020	4	5jxm4du
s1344	2x11xm8du	81821033-1344	timeout	10.003	9.998	-1	2x11xm8du
s5652	8jxkm4du	81821033-5652	timeout	10.007	10.006	-1	8jxkm4du
s3041	4jxkr4de	81821033-3041	ok	0.067	0.067	0	4jxkr4de
s4215	5x4xmd4di	81821033-4215	ok	0.360	0.360	168	5x4xmd4di
s3978	5x2md4du	81821033-3978	ok	0.491	0.491	38	5x2md4du
s372	2x3km4du	81821033-372	ok	0.003	0.003	0	2x3km4du
s3401	4x4md4de	81821033-3401	ok	1.440	1.440	108	4x4md4de
s2021	3x3ade	81821033-2021	ok	0.019	0.019	25	3x3ade
s4400	5x6xm4db	81821033-4400	timeout	10.057	9.994	-1	5x6xm4db
s7643	17jxde	81821033-7643	timeout	10.007	10.000	-1	17jxde
s6378	10x2md4du	81821033-6378	timeout	10.004	10.001	-1	10x2md4du
s566	2x4kmd4db	81821033-566	ok	0.006	0.006	0	2x4kmd4db
s3793	5jka	81821033-3793	ok	0.000	0.000	0	5jka
s1901	3x2kmd2de	81821033-1901	ok	0.416	0.416	0	3x2kmd2de
s2488	3x6xmd4da	81821033-2488	ok	1.034	1.029	138	3x6xmd4da
s2639	3x8m8de	81821033-2639	timeout	10.015	9.997	-1	3x8m8de
s8517	26jxm2di	81821033-8517	timeout	10.072	9.990	-1	26jxm2di
s1955	3x2xm4de	81821033-1955	ok	0.004	0.004	8	3x2xm4de
s8915	30jxm4de	81821033-8915	timeout	10.008	10.001	-1	30jxm4de
s7770	18jxmd4du	81821033-7770	timeout	10.002	9.999	-1	18jxmd4du
s768	2x5xm8du	81821033-768	ok	0.188	0.188	28	2x5xm8du
s4876	6x4xmd2da	81821033-4876	timeout	10.004	10.003	-1	6x4xmd2da
s7965	20jxm8di	81821033-7965	timeout	10.036	9.971	-1	20jxm8di
s4067	5x3m4de	81821033-4067	ok	0.465	0.462	94	5x3m4de
s6433	10x3a	81821033-6433	timeout	10.008	10.001	-1	10x3a
s4026	5x2xmd4du	81821033-4026	ok	0.779	0.777	28	5x2xmd4du
s390	2x3xadu	81821033-390	ok	0.010	0.007	5	2x3xadu
s1882	3x2kda	81821033-1882	ok	0.043	0.043	0	3x2kda
s8020	21jxada	81821033-8020	timeout	10.003	9.999	-1	21jxada
s647	2x4xkm2de	81821033-647	ok	0.027	0.027	0	2x4xkm2de
s8948	31jm2db	81821033-8948	timeout	10.004	10.002	-1	31jm2db
s2122	3x3xda	81821033-2122	ok	0.070	0.070	20	3x3xda
s2179	3x3xkm2	81821033-2179	ok	0.001	0.001	0	3x3xkm2
s8510	26jxr4db	81821033-8510	timeout	10.008	10.002	-1	26jxr4db
s1072	2x9r4da	81821033-1072	ok	0.311	0.311	156	2x9r4da
s8251	23jxm8	81821033-8251	timeout	10.060	9.999	-1	23jxm8
s6978	13jxr4du	81821033-6978	timeout	10.008	10.001	-1	13jxr4du
s1093	2x9md4	81821033-1093	ok	0.011	0.011	174	2x9md4
s18	2jr4du	81821033-18	crash	0.000	0.000	-1	2jr4du
s389	2x3xade	81821033-389	ok	0.002	0.001	6	2x3xade
s6341	10x2ade	81821033-6341	ok	8.126	8.125	174	10x2ade
s7225	14x2md2	81821033-7225	ok	0.207	0.207	426	14x2md2
s3261	4x2xkm8di	81821033-3261	ok	0.054	0.054	0	4x2xkm8di
s3881	5jxmd4de	81821033-3881	ok	0.222	0.221	4	5jxmd4de
s8219	23jxde	81821033-8219	timeout	10.008	9.993	-1	23jxde
s3518	4x5xr4db	81821033-3518	ok	0.049	0.049	172	4x5xr4db
s2772	3x9xm4du	81821033-2772	timeout	10.072	10.012	-1	3x9xm4du
s5305	7x3md2	81821033-5305	ok	0.052	0.051	210	7x3md2
s4317	5x5xm8di	81821033-4317	ok	1.460	1.451	292	5x5xm8di
s6604	11jxmd2da	81821033-6604	timeout	10.003	9.998	-1	11jxmd2da
s1402	2x12xda	81821033-1402	timeout	10.002	10.001	-1	2x12xda
s4941	6x5m8di	81821033-4941	ok	4.790	4.787	488	6x5m8di
s6746	12jmd2db	81821033-6746	ok	4.658	4.645	48	12jmd2db
s6302	10jxr4db	81821033-6302	ok	0.043	0.042	28	10jxr4db
s4542	6jxmd2du	81821033-4542	ok	0.004	0.004	6	6jxmd2du
s7525	16jmd4	81821033-7525	timeout	10.050	10.004	-1	16jmd4
s7694	18jr4db	81821033-7694	timeout	10.004	10.000	-1	18jr4db
s241	2x2xka	81821033-241	ok	0.000	0.000	0	2x2xka
s7822	19jm8da	81821033-7822	timeout	10.004	10.000	-1	19jm8da
s6377	10x2md4de	81821033-6377	ok	3.157	3.155	194	10x2md4de
s6714	11x2xmd4du	81821033-6714	timeout	10.063	9.990	-1	11x2xmd4du
s5838	8x3xmd2du	81821033-5838	timeout	10.008	10.001	-1	8x3xmd2du
s3311	4x3m8de	81821033-3311	ok	0.104	0.104	64	4x3m8de
s7714	18jm4da	81821033-7714	timeout	10.003	10.001	-1	18jm4da
s1859	3x2m4de	81821033-1859	ok	0.056	0.056	12	3x2m4de
s1872	3x2m8du	81821033-1872	timeout	10.003	9.997	-1	3x2m8du
s3633	4x6xm4di	81821033-3633	ok	0.784	0.784	260	4x6xm4di
s6086	9x2md4db	81821033-6086	ok	0.025	0.025	156	9x2md4db
s4228	5x5ada	81821033-4228	timeout	10.076	10.002	-1	5x5ada
s8937	31jdi	81821033-8937	timeout	10.003	9.999	-1	31jdi
s8583	27jmd4di	81821033-8583	timeout	10.008	10.003	-1	27jmd4di
s4532	6jxm2db	81821033-4532	ok	0.005	0.005	6	6jxm2db
s7743	18jxr4di	81821033-7743	timeout	10.006	9.999	-1	18jxr4di
s6474	10x3md4du	81821033-6474	timeout	10.048	9.972	-1	10x3md4du
s202	2x2xda	81821033-202	ok	0.000	0.000	4	2x2xda
s2244	3x4m4du	81821033-2244	ok	0.216	0.213	56	3x4m4du
s6748	12jmd2da	81821033-6748	timeout	10.008	10.003	-1	12jmd2da
s5704	8x2md4da	81821033-5704	ok	0.122	0.122	118	8x2md4da
s7173	14jxm2di	81821033-7173	timeout	10.006	10.003	-1	14jxm2di
s5414	7x4md4db	81821033-5414	ok	1.880	1.879	386	7x4md4db
s5989	9jxmd4	81821033-5989	ok	0.357	0.356	26	9jxmd4
s8677	28jmd4	81821033-8677	timeout	10.008	10.003	-1	28jmd4
s3979	5x2m8	81821033-3979	ok	0.001	0.001	52	5x2m8
s4204	5x4xmd2da	81821033-4204	ok	9.879	9.803	154	5x4xmd2da
s7899	20jmd2di	81821033-7899	timeout	10.004	10.000	-1	20jmd2di
s914	2x7xadb	81821033-914	ok	0.032	0.032	64	2x7xadb
s4621	6x2r4	81821033-4621	ok	0.001	0.001	68	6x2r4
s4904	6x5db	81821033-4904	timeout	10.008	10.004	-1	6x5db
s2121	3x3xdi	81821033-2121	ok	0.004	0.004	20	3x3xdi
s7408	15x2r4da	81821033-7408	timeout	10.007	10.002	-1	15x2r4da
s4751	6x3m8de	81821033-4751	ok	0.640	0.639	152	6x3m8de
s3810	5jkr4du	81821033-3810	ok	0.050	0.050	0	5jkr4du
s1932	3x2xdu	81821033-1932	ok	0.006	0.006	6	3x2xdu
s4247	5x5m2de	81821033-4247	timeout	10.087	10.013	-1	5x5m2de
s772	2x6ada	81821033-772	ok	0.089	0.088	50	2x6ada
s8758	29jm2da	81821033-8758	timeout	10.002	9.999	-1	29jm2da
s6277	10jmd4	81821033-6277	ok	0.087	0.087	36	10jmd4
s4212	5x4xm4du	81821033-4212	timeout	10.004	9.998	-1	5x4xm4du
s6308	10jxm2db	81821033-6308	ok	3.150	3.148	26	10jxm2db
s7731	18jxadi	81821033-7731	timeout	10.004	10.002	-1	18jxadi
s6915	13jadi	81821033-6915	ok	9.774	9.693	45	13jadi
s3602	4x6xadb	81821033-3602	ok	2.239	2.239	223	4x6xadb
s8096	22jm4db	81821033-8096	timeout	10.000	9.995	-1	22jm4db
s2560	3x7xr4da	81821033-2560	ok	3.326	3.325	197	3x7xr4da
s1313	2x11xr4de	81821033-1313	ok	6.706	6.660	232	2x11xr4de
s4382	5x6xr4db	81821033-4382	timeout	10.005	9.999	-1	5x6xr4db
s1451	2x13de	81821033-1451	timeout	10.004	10.001	-1	2x13de
s3122	4x2kadb	81821033-3122	ok	0.001	0.001	0	4x2kadb
s6517	10x3xmd4	81821033-6517	ok	0.579	0.579	484	10x3xmd4
s3200	4x2xm4db	81821033-3200	ok	0.000	0.000	20	4x2xm4db
s2019	3x3adi	81821033-2019	ok	0.003	0.003	25	3x3adi
s3315	4x3xadi	81821033-3315	ok	0.040	0.040	42	4x3xadi
s4129	5x4a	81821033-4129	ok	0.057	0.057	164	5x4a
s3596	4x6m8db	81821033-3596	ok	0.075	0.075	280	4x6m8db
s5333	7x3xade	81821033-5333	timeout	10.002	9.998	-1	7x3xade
s6686	11x2xr4db	81821033-6686	ok	0.119	0.119	228	11x2xr4db
s1488	2x13m8du	81821033-1488	timeout	10.018	9.954	-1	2x13m8du
s6263	10jm2de	81821033-6263	ok	0.229	0.228	24	10jm2de
s8150	22jxmd4db	81821033-8150	timeout	10.008	10.001	-1	22jxmd4db
s3706	4x7xda	81821033-3706	timeout	10.003	10.001	-1	4x7xda
s3208	4x2xmd4da	81821033-3208	ok	0.002	0.002	14	4x2xmd4da
s6015	9jxkr4di	81821033-6015	ok	0.959	0.958	0	9jxkr4di
s6876	12x2xdu	81821033-6876	timeout	10.032	10.003	-1	12x2xdu
s4681	6x2xmd2	81821033-4681	ok	0.003	0.003	50	6x2xmd2
s7269	14x2xm2di	81821033-7269	ok	8.580	8.542	388	14x2xm2di
s8254	23jxm8da	81821033-8254	timeout	10.004	9.998	-1	23jxm8da
s3485	4x5md2de	81821033-3485	ok	3.088	3.087	173	4x5md2de
s1847	3x2m2de	81821033-1847	ok	0.181	0.180	12	3x2m2de
s3766	5jm2da	81821033-3766	ok	0.173	0.173	4	5jm2da
s1223	2x10xm2de	81821033-1223	ok	6.074	6.025	176	2x10xm2de
s2753	3x9xr4de	81821033-2753	timeout	10.002	9.999	-1	3x9xr4de
s1883	3x2kde	81821033-1883	ok	0.923	0.922	0	3x2kde
s8509	26jxr4	81821033-8509	timeout	10.004	9.998	-1	26jxr4
s1792	3jkr4da	81821033-1792	ok	0.000	0.000	0	3jkr4da
s3382	4x4m2da	81821033-3382	ok	0.627	0.627	106	4x4m2da
s2885	4jade	81821033-2885	ok	0.002	0.002	4	4jade
s6087	9x2md4di	81821033-6087	ok	0.076	0.076	152	9x2md4di
s245	2x2xkade	81821033-245	ok	0.000	0.000	0	2x2xkade
s1853	3x2md2de	81821033-1853	ok	0.003	0.003	10	3x2md2de
s5255	7x2xm2de	81821033-5255	ok	1.118	1.117	68	7x2xm2de
s8717	28jxmd2de	81821033-8717	timeout	10.001	9.994	-1	28jxmd2de
s3718	4x7xm2da	81821033-3718	timeout	10.075	10.013	-1	4x7xm2da
s7584	16jxm8du	81821033-7584	timeout	10.001	9.999	-1	16jxm8du
s6630	11x2adu	81821033-6630	timeout	10.002	9.998	-1	11x2adu
s1016	2x8xdb	81821033-1016	ok	0.032	0.032	96	2x8xdb
s5215	7x2m4	81821033-5215	ok	0.003	0.002	92	7x2m4
s8960	31jm4db	81821033-8960	timeout	10.012	10.008	-1	31jm4db
s752	2x5xm4db	81821033-752	ok	0.001	0.001	32	2x5xm4db
s574	2x4km8da	81821033-574	ok	0.050	0.050	0	2x4km8da
s1381	2x12md4	81821033-1381	ok	0.446	0.445	314	2x12md4
s5645	8jxkmd2de	81821033-5645	timeout	10.056	9.974	-1	8jxkmd2de
s4855	6x4x	81821033-4855	ok	0.137	0.136	262	6x4x
s4036	5x3ada	81821033-4036	ok	0.950	0.950	79	5x3ada
s3748	5jada	81821033-3748	ok	0.337	0.337	5	5jada
s5038	7jm8da	81821033-5038	ok	0.544	0.539	16	7jm8da
s5171	7jxkm4de	81821033-5171	timeout	10.008	10.002	-1	7jxkm4de
s4770	6x3xr4du	81821033-4770	timeout	10.005	10.002	-1	6x3xr4du
s3358	4x3xm8da	81821033-3358	ok	0.217	0.216	52	4x3xm8da
s6142	9x2xm8da	81821033-6142	ok	0.890	0.890	148	9x2xm8da
s1418	2x12xmd2db	81821033-1418	ok	1.207	1.207	271	2x12xmd2db
s7434	15x2md4du	81821033-7434	timeout	10.009	10.005	-1	15x2md4du
s7575	16jxmd4di	81821033-7575	timeout	10.054	9.990	-1	16jxmd4di
s1388	2x12m8db	81821033-1388	ok	0.082	0.082	316	2x12m8db
s7116	14jdu	81821033-7116	timeout	10.008	10.001	-1	14jdu
s4763	6x3xde	81821033-4763	ok	4.181	4.179	120	6x3xde
s6007	9jxk	81821033-6007	ok	0.201	0.201	0	9jxk
s6175	9x3m4	81821033-6175	timeout	10.001	9.998	-1	9x3m4
s625	2x4xka	81821033-625	ok	0.001	0.001	0	2x4xka
s5348	7x3xm2db	81821033-5348	ok	0.190	0.190	180	7x3xm2db
s8014	21jm8da	81821033-8014	timeout	10.065	9.993	-1	21jm8da
s893	2x7md2de	81821033-893	ok	0.736	0.731	80	2x7md2de
s7019	13x2de	81821033-7019	timeout	10.008	10.002	-1	13x2de
s6133	9x2xmd4	81821033-6133	ok	0.009	0.009	150	9x2xmd4
s5960	9jxdb	81821033-5960	ok	0.201	0.201	17	9jxdb
s6246	10jadu	81821033-6246	ok	0.556	0.555	23	10jadu
s8120	22jxdb	81821033-8120	timeout	10.001	9.997	-1	22jxdb
s1113	2x9xdi	81821033-1113	ok	0.199	0.199	136	2x9xdi
s1537	2x14a	81821033-1537	ok	1.531	1.530	385	2x14a
s6114	9x2xr4du	81821033-6114	timeout	10.000	9.997	-1	9x2xr4du
s4614	6x2adu	81821033-4614	ok	0.584	0.584	51	6x2adu
s5705	8x2md4de	81821033-5705	ok	0.267	0.267	116	8x2md4de
s4428	6jdu	81821033-4428	ok	0.023	0.022	8	6jdu
s5457	7x4xm4di	81821033-5457	ok	9.018	8.940	384	7x4xm4di
s297	2x3di	81821033-297	ok	0.010	0.010	12	2x3di
s527	2x4m8de	81821033-527	ok	0.025	0.025	28	2x4m8de
s4174	5x4m8da	81821033-4174	ok	0.881	0.876	188	5x4m8da
s6238	9x3xm8da	81821033-6238	timeout	10.005	10.000	-1	9x3xm8da
s6992	13jxm4db	81821033-6992	timeout	10.004	10.001	-1	13jxm4db
s4316	5x5xm8db	81821033-4316	ok	0.171	0.171	296	5x5xm8db
s8313	24jxdi	81821033-8313	timeout	10.006	10.002	-1	24jxdi
s3826	5jkm4da	81821033-3826	ok	0.046	0.045	0	5jkm4da
s3674	4x7md2db	81821033-3674	ok	0.968	0.967	375	4x7md2db
s5018	7jmd2db	81821033-5018	ok	0.002	0.001	13	7jmd2db
s6568	11jmd4da	81821033-6568	ok	2.538	2.537	40	11jmd4da
s521	2x4md4de	81821033-521	ok	0.023	0.023	22	2x4md4de
s6375	10x2md4di	81821033-6375	ok	0.161	0.161	198	10x2md4di
s2580	3x7xm4du	81821033-2580	timeout	10.040	9.975	-1	3x7xm4du
s6518	10x3xmd4db	81821033-6518	timeout	10.004	9.998	-1	10x3xmd4db
s6261	10jm2di	81821033-6261	ok	0.204	0.203	24	10jm2di
s327	2x3md4di	81821033-327	ok	0.082	0.082	14	2x3md4di
s4229	5x5ade	81821033-4229	timeout	10.008	10.001	-1	5x5ade
s3919	5jxkm4	81821033-3919	ok	0.000	0.000	0	5jxkm4
s2109	3x3km8di	81821033-2109	ok	0.056	0.056	0	3x3km8di
s7516	16jmd2da	81821033-7516	timeout	10.001	9.997	-1	16jmd2da
s6268	10jmd2da	81821033-6268	ok	0.163	0.163	24	10jmd2da
s8264	24jdb	81821033-8264	timeout	10.068	9.999	-1	24jdb
s3544	4x5xmd4da	81821033-3544	ok	2.049	2.048	164	4x5xmd4da
s2462	3x6xr4db	81821033-2462	ok	0.028	0.028	140	3x6xr4db
s550	2x4km2da	81821033-550	ok	0.061	0.061	0	2x4km2da
s8171	23jde	81821033-8171	timeout	10.009	10.001	-1	23jde
s2795	3x10de	81821033-2795	timeout	10.007	10.001	-1	3x10de
s2139	3x3xmd2di	81821033-2139	ok	0.006	0.006	20	3x3xmd2di
s5976	9jxm2du	81821033-5976	ok	2.001	2.000	12	9jxm2du
s7894	20jm2da	81821033-7894	timeout	10.068	9.999	-1	20jm2da
s1716	2x15xm4du	81821033-1716	timeout	10.002	9.997	-1	2x15xm4du
s498	2x4r4du	81821033-498	ok	0.293	0.293	24	2x4r4du
s607	2x4xm4	81821033-607	ok	0.001	0.001	24	2x4xm4
s2912	4jm4db	81821033-2912	ok	0.006	0.006	4	4jm4db
s6101	9x2xade	81821033-6101	timeout	10.004	9.999	-1	9x2xade
s4782	6x3xmd2du	81821033-4782	timeout	10.004	9.998	-1	6x3xmd2du
s1890	3x2kr4du	81821033-1890	ok	0.024	0.024	0	3x2kr4du
s4854	6x4xadu	81821033-4854	timeout	10.040	9.982	-1	6x4xadu
s5185	7x2a	81821033-5185	ok	0.010	0.010	76	7x2a
s2712	3x9m2du	81821033-2712	timeout	10.004	10.000	-1	3x9m2du
s6458	10x3md2db	81821033-6458	timeout	10.016	9.991	-1	10x3md2db
s1230	2x10xmd2du	81821033-1230	timeout	10.004	10.000	-1	2x10xmd2du
s2892	4jdu	81821033-2892	timeout	10.046	10.007	-1	4jdu
s5408	7x4m4db	81821033-5408	ok	0.473	0.473	396	7x4m4db
s6899	12x2xm4de	81821033-6899	timeout	10.004	10.000	-1	12x2xm4de
s2157	3x3xm8di	81821033-2157	ok	0.003	0.002	24	3x3xm8di
s1369	2x12md2	81821033-1369	ok	0.115	0.115	299	2x12md2
s3207	4x2xmd4di	81821033-3207	ok	0.003	0.003	16	4x2xmd4di
s5230	7x2m8da	81821033-5230	ok	0.166	0.166	88	7x2m8da
s208	2x2xr4da	81821033-208	ok	0.000	0.000	8	2x2xr4da
s4441	6jmd2	81821033-4441	ok	0.000	0.000	10	6jmd2
s5784	8x3m2du	81821033-5784	timeout	10.076	10.026	-1	8x3m2du
s2509	3x7r4	81821033-2509	ok	0.025	0.025	220	3x7r4
s7625	17jmd4de	81821033-7625	timeout	10.004	9.999	-1	17jmd4de
s8280	24jm2du	81821033-8280	timeout	10.007	10.001	-1	24jm2du
s404	2x3xm2db	81821033-404	ok	0.001	0.000	8	2x3xm2db
s6074	9x2md2db	81821033-6074	ok	0.051	0.051	148	9x2md2db
s992	2x8m4db	81821033-992	ok	0.011	0.011	120	2x8m4db
s4019	5x2xm4de	81821033-4019	ok	0.011	0.011	32	5x2xm4de
s7166	14jxr4db	81821033-7166	timeout	10.004	10.000	-1	14jxr4db
s8398	25jm8da	81821033-8398	timeout	10.074	9.995	-1	25jm8da
s2670	3x8xmd2du	81821033-2670	timeout	10.004	9.998	-1	3x8xmd2du
s1254	2x11adu	81821033-1254	timeout	10.025	9.989	-1	2x11adu
s7923	20jxadi	81821033-7923	timeout	10.004	10.003	-1	20jxadi
s5625	8jxkdi	81821033-5625	ok	2.126	2.126	0	8jxkdi
s761	2x5xmd4de	81821033-761	ok	0.048	0.048	34	2x5xmd4de
s7534	16jm8da	81821033-7534	timeout	10.056	10.005	-1	16jm8da
s4806	6x4adu	81821033-4806	timeout	10.008	10.000	-1	6x4adu
s2383	3x5xm4	81821033-2383	ok	0.005	0.005	99	3x5xm4
s2920	4jmd4da	81821033-2920	timeout	10.004	9.997	-1	4jmd4da
s2475	3x6xmd2di	81821033-2475	ok	0.256	0.256	121	3x6xmd2di
s512	2x4m4db	81821033-512	ok	0.002	0.002	24	2x4m4db
s7947	20jxmd2di	81821033-7947	timeout	10.001	9.999	-1	20jxmd2di
s4371	5x6xadi	81821033-4371	timeout	10.036	9.969	-1	5x6xadi
s266	2x2xkmd2db	81821033-266	ok	0.000	0.000	0	2x2xkmd2db
s605	2x4xmd2de	81821033-605	ok	0.007	0.007	18	2x4xmd2de
s5424	7x4m8du	81821033-5424	timeout	10.011	10.006	-1	7x4m8du
s683	2x5de	81821033-683	ok	0.010	0.010	36	2x5de
s3100	4x2md2da	81821033-3100	ok	0.101	0.101	20	4x2md2da
s5734	8x2xm2da	81821033-5734	ok	1.147	1.147	98	8x2xm2da
s2871	3x10xmd4di	81821033-2871	timeout	10.001	9.994	-1	3x10xmd4di
s5970	9jxr4du	81821033-5970	ok	0.497	0.497	16	9jxr4du
s429	2x3xm8di	81821033-429	timeout	10.004	10.001	-1	2x3xm8di
s1297	2x11xa	81821033-1297	ok	0.142	0.142	212	2x11xa
s7151	14jm8de	81821033-7151	timeout	10.048	9.981	-1	14jm8de
s5451	7x4xmd2di	81821033-5451	ok	6.162	6.159	359	7x4xmd2di
s5403	7x4md2di	81821033-5403	ok	5.989	5.988	382	7x4md2di
s6810	12jxmd4du	81821033-6810	timeout	10.008	10.003	-1	12jxmd4du
s3444	4x4xm4du	81821033-3444	timeout	10.088	10.008	-1	4x4xm4du
s1751	3jm2de	81821033-1751	ok	0.000	0.000	2	3jm2de
s181	2x2kmd4	81821033-181	ok	0.000	0.000	0	2x2kmd4
s3138	4x2kr4du	81821033-3138	ok	0.213	0.213	0	4x2kr4du
s3419	4x4xde	81821033-3419	ok	1.936	1.927	90	4x4xde
s8476	26jmd2da	81821033-8476	timeout	10.003	10.000	-1	26jmd2da
s6346	10x2da	81821033-6346	ok	2.205	2.180	194	10x2da
s1948	3x2xmd2da	81821033-1948	ok	0.005	0.005	8	3x2xmd2da
s5947	9jkm8	81821033-5947	ok	0.010	0.010	0	9jkm8
s2033	3x3r4de	81821033-2033	ok	0.004	0.004	32	3x3r4de
s7097	13x2xmd4de	81821033-7097	timeout	10.004	10.002	-1	13x2xmd4de
s6513	10x3xm4di	81821033-6513	timeout	10.004	9.995	-1	10x3xm4di
s3496	4x5md4da	81821033-3496	ok	2.506	2.504	176	4x5md4da
s1295	2x11m8de	81821033-1295	ok	7.067	7.063	264	2x11m8de
s7124	14jm2db	81821033-7124	timeout	10.052	9.987	-1	14jm2db
s8023	21jx	81821033-8023	timeout	10.004	10.001	-1	21jx
s8464	26jr4da	81821033-8464	timeout	10.003	10.000	-1	26jr4da
s5152	7jxkr4da	81821033-5152	ok	1.640	1.639	0	7jxkr4da
s2624	3x8m4db	81821033-2624	ok	0.386	0.386	284	3x8m4db
s7230	14x2md2du	81821033-7230	timeout	10.004	9.998	-1	14x2md2du
s7008	13jxm8du	81821033-7008	timeout	10.076	9.985	-1	13jxm8du
s2546	3x7xadb	81821033-2546	ok	0.645	0.644	168	3x7xadb
s7576	16jxmd4da	81821033-7576	timeout	10.004	10.001	-1	16jxmd4da
s54	2jkadu	81821033-54	timeout	10.005	10.002	-1	2jkadu
s6297	10jxdi	81821033-6297	ok	0.606	0.604	20	10jxdi
s5523	8jkadi	81821033-5523	ok	0.004	0.003	0	8jkadi
s991	2x8m4	81821033-991	ok	0.005	0.005	136	2x8m4
s5217	7x2m4di	81821033-5217	ok	0.024	0.024	88	7x2m4di
s6672	11x2m8du	81821033-6672	timeout	10.052	10.000	-1	11x2m8du
s5072	7jkm4db	81821033-5072	ok	0.019	0.019	0	7jkm4db
s2727	3x9md4di	81821033-2727	timeout	10.014	10.005	-1	3x9md4di
s4601	6jxkmd4de	81821033-4601	timeout	10.012	10.001	-1	6jxkmd4de
s7958	20jxmd4db	81821033-7958	timeout	10.001	9.997	-1	20jxmd4db
s6668	11x2m8db	81821033-6668	ok	0.040	0.040	256	11x2m8db
s4093	5x3xr4	81821033-4093	ok	0.004	0.004	97	5x3xr4
s8592	27jm8du	81821033-8592	timeout	10.092	10.014	-1	27jm8du
s1752	3jm2du	81821033-1752	ok	0.000	0.000	4	3jm2du
s4694	6x2xmd4db	81821033-4694	ok	0.003	0.003	52	6x2xmd4db
s2413	3x6r4	81821033-2413	ok	0.010	0.010	152	3x6r4
s469	2x3xkmd4	81821033-469	ok	0.001	0.001	0	2x3xkmd4
s8681	28jmd4de	81821033-8681	timeout	10.004	9.997	-1	28jmd4de
s7862	19jxmd4db	81821033-7862	timeout	10.004	10.002	-1	19jxmd4db
s5059	7jkm2	81821033-5059	ok	0.001	0.001	0	7jkm2
s6587	11jxde	81821033-6587	timeout	10.004	10.002	-1	11jxde
s5200	7x2r4da	81821033-5200	ok	0.035	0.035	88	7x2r4da
s278	2x2xkmd4db	81821033-278	ok	0.000	0.000	0	2x2xkmd4db
s3040	4jxkr4da	81821033-3040	ok	1.087	1.087	0	4jxkr4da
s2674	3x8xm4da	81821033-2674	timeout	10.045	9.980	-1	3x8xm4da
s1476	2x13m4du	81821033-1476	timeout	10.008	10.002	-1	2x13m4du
s357	2x3km2di	81821033-357	ok	0.038	0.037	0	2x3km2di
s600	2x4xm2du	81821033-600	ok	0.049	0.049	14	2x4xm2du
s7184	14jxm4db	81821033-7184	timeout	10.004	10.001	-1	14jxm4db
s2107	3x3km8	81821033-2107	ok	0.001	0.001	0	3x3km8
s2466	3x6xr4du	81821033-2466	timeout	10.004	10.001	-1	3x6xr4du
s1569	2x14m4di	81821033-1569	ok	1.298	1.298	444	2x14m4di
s1936	3x2xr4da	81821033-1936	timeout	10.060	9.984	-1	3x2xr4da
s5570	8jxadb	81821033-5570	ok	0.025	0.023	12	8jxadb
s171	2x2kmd2di	81821033-171	ok	0.000	0.000	0	2x2kmd2di
s6199	9x3x	81821033-6199	timeout	10.005	10.000	-1	9x3x
s2247	3x4md4di	81821033-2247	ok	0.013	0.013	54	3x4md4di
s1191	2x10md4di	81821033-1191	ok	0.113	0.113	210	2x10md4di
s7557	16jxm2di	81821033-7557	timeout	10.004	10.000	-1	16jxm2di
s1868	3x2m8db	81821033-1868	ok	0.001	0.001	12	3x2m8db
s1272	2x11m2du	81821033-1272	timeout	10.004	10.000	-1	2x11m2du
s1857	3x2m4di	81821033-1857	timeout	10.066	9.994	-1	3x2m4di
s5042	7jkadb	81821033-5042	ok	0.002	0.001	0	7jkadb
s1498	2x13xda	81821033-1498	timeout	10.002	9.997	-1	2x13xda
s3375	4x4r4di	81821033-3375	ok	0.133	0.133	104	4x4r4di
s4442	6jmd2db	81821033-4442	ok	0.001	0.001	9	6jmd2db
s4281	5x5xdi	81821033-4281	ok	6.180	6.179	266	5x5xdi
s6331	10jxm8	81821033-6331	ok	1.214	1.209	40	10jxm8
s4857	6x4xdi	81821033-4857	ok	2.204	2.192	250	6x4xdi
s5026	7jm4da	81821033-5026	ok	0.236	0.232	14	7jm4da
s8849	30jr4de	81821033-8849	timeout	10.006	10.001	-1	30jr4de
s6413	10x2xmd2de	81821033-6413	ok	5.476	5.475	176	10x2xmd2de
s5924	9jkm2db	81821033-5924	ok	0.112	0.111	0	9jkm2db
s8197	23jmd4	81821033-8197	timeout	10.002	9.994	-1	23jmd4
s3009	4jxm4di	81821033-3009	ok	0.002	0.002	4	4jxm4di
s113	2x2r4de	81821033-113	ok	0.000	0.000	8	2x2r4de
s4604	6jxkm8db	81821033-4604	ok	0.165	0.164	0	6jxkm8db
s5894	9jmd4db	81821033-5894	ok	0.050	0.050	24	9jmd4db
s4479	6jkr4di	81821033-4479	ok	0.086	0.086	0	6jkr4di
s1499	2x13xde	81821033-1499	timeout	10.116	10.027	-1	2x13xde
s1129	2x9xmd2	81821033-1129	ok	0.023	0.023	149	2x9xmd2
s501	2x4m2di	81821033-501	ok	0.031	0.031	24	2x4m2di
s7732	18jxada	81821033-7732	timeout	10.012	10.001	-1	18jxada
s8881	30jxa	81821033-8881	timeout	10.003	10.000	-1	30jxa
s5017	7jmd2	81821033-5017	ok	0.001	0.001	13	7jmd2
s1614	2x14xmd2du	81821033-1614	timeout	10.008	10.001	-1	2x14xmd2du
s6282	10jmd4du	81821033-6282	ok	0.331	0.330	26	10jmd4du
s6318	10jxmd2du	81821033-6318	timeout	10.025	9.962	-1	10jxmd2du
s567	2x4kmd4di	81821033-567	ok	0.081	0.081	0	2x4kmd4di
s1109	2x9xade	81821033-1109	timeout	10.004	10.001	-1	2x9xade
s7142	14jmd4db	81821033-7142	timeout	10.039	10.004	-1	14jmd4db
s6950	13jmd4db	81821033-6950	ok	3.527	3.526	64	13jmd4db
s5383	7x4	81821033-5383	ok	8.978	8.974	394	7x4
s8248	23jxmd4da	81821033-8248	timeout	10.042	9.995	-1	23jxmd4da
s3586	4x6m4da	81821033-3586	timeout	10.020	10.000	-1	4x6m4da
s4951	6x5x	81821033-4951	timeout	10.004	10.002	-1	6x5x
s5738	8x2xmd2db	81821033-5738	ok	0.092	0.092	96	8x2xmd2db
s4693	6x2xmd4	81821033-4693	ok	0.001	0.001	58	6x2xmd4
s570	2x4kmd4du	81821033-570	ok	0.144	0.144	0	2x4kmd4du
s1177	2x10md2	81821033-1177	ok	0.427	0.427	198	2x10md2
s4269	5x5m8di	81821033-4269	ok	0.864	0.863	313	5x5m8di
s9013	31jxmd4	81821033-9013	timeout	10.002	9.996	-1	31jxmd4
s645	2x4xkm2di	81821033-645	ok	0.004	0.004	0	2x4xkm2di
s6800	12jxm4db	81821033-6800	timeout	10.048	10.003	-1	12jxm4db
s981	2x8m2di	81821033-981	ok	0.056	0.056	112	2x8m2di
s3694	4x7m8da	81821033-3694	timeout	10.044	10.000	-1	4x7m8da
s6303	10jxr4di	81821033-6303	ok	0.085	0.085	24	10jxr4di
s8139	22jxmd2di	81821033-8139	timeout	10.002	10.000	-1	22jxmd2di
s4231	5x5	81821033-4231	ok	0.162	0.162	307	5x5
s6791	12jxm2de	81821033-6791	timeout	10.012	10.004	-1	12jxm2de
s4046	5x3r4db	81821033-4046	ok	0.006	0.006	100	5x3r4db
s2355	3x5xadi	81821033-2355	ok	0.183	0.183	68	3x5xadi
s6619	11jxm8	81821033-6619	timeout	10.027	9.989	-1	11jxm8
s8840	30jdb	81821033-8840	timeout	10.022	10.001	-1	30jdb
s1159	2x10	81821033-1159	ok	0.032	0.032	208	2x10
s442	2x3xkda	81821033-442	ok	0.322	0.322	0	2x3xkda
s3480	4x5m2du	81821033-3480	timeout	10.001	9.999	-1	4x5m2du
s6968	13jxdb	81821033-6968	timeout	10.006	10.002	-1	13jxdb
s6655	11x2m4	81821033-6655	ok	0.243	0.243	268	11x2m4
s2441	3x6md4de	81821033-2441	ok	1.651	1.650	144	3x6md4de
s6856	12x2md4da	81821033-6856	ok	4.851	4.850	294	12x2md4da
s1740	3jdu	81821033-1740	ok	0.000	0.000	2	3jdu
s2504	3x7db	81821033-2504	ok	0.174	0.173	200	3x7db
s5817	8x3xdi	81821033-5817	ok	1.983	1.982	256	8x3xdi
s6858	12x2md4du	81821033-6858	timeout	10.048	9.980	-1	12x2md4du
s1562	2x14md2db	81821033-1562	ok	3.072	3.070	409	2x14md2db
s5934	9jkmd2du	81821033-5934	ok	5.719	5.716	0	9jkmd2du
s5157	7jxkm2di	81821033-5157	ok	0.194	0.194	0	7jxkm2di
s7753	18jxmd2	81821033-7753	timeout	10.001	9.998	-1	18jxmd2
s2120	3x3xdb	81821033-2120	ok	0.001	0.001	24	3x3xdb
s3581	4x6md2de	81821033-3581	timeout	10.056	9.990	-1	4x6md2de
s3164	4x2km8db	81821033-3164	ok	0.001	0.001	0	4x2km8db
s1053	2x8xm8di	81821033-1053	ok	0.017	0.017	104	2x8xm8di
s9005	31jxmd2de	81821033-9005	timeout	10.000	9.998	-1	31jxmd2de
s5125	7jxmd4	81821033-5125	ok	0.002	0.001	10	7jxmd4
s1840	3x2r4da	81821033-1840	ok	0.102	0.102	12	3x2r4da
s5031	7jmd4di	81821033-5031	ok	0.004	0.004	10	7jmd4di
s3991	5x2x	81821033-3991	ok	0.001	0.001	34	5x2x
s9008	31jxm4db	81821033-9008	timeout	10.003	9.998	-1	31jxm4db
s7170	14jxr4du	81821033-7170	timeout	10.006	9.999	-1	14jxr4du
s5595	8jxmd2di	81821033-5595	ok	0.004	0.004	10	8jxmd2di
s5600	8jxm4db	81821033-5600	ok	0.088	0.088	16	8jxm4db
s8981	31jxade	81821033-8981	timeout	10.069	9.990	-1	31jxade
s5392	7x4r4da	81821033-5392	timeout	10.002	9.999	-1	7x4r4da
s1011	2x8xadi	81821033-1011	ok	0.195	0.194	88	2x8xadi
s3232	4x2xkr4da	81821033-3232	ok	0.013	0.013	0	4x2xkr4da
s379	2x3km8	81821033-379	ok	0.000	0.000	0	2x3km8
s1365	2x12m2di	81821033-1365	ok	1.103	1.103	286	2x12m2di
s3252	4x2xkm4du	81821033-3252	ok	0.006	0.006	0	4x2xkm4du
s7433	15x2md4de	81821033-7433	timeout	10.008	10.002	-1	15x2md4de
s8669	28jmd2de	81821033-8669	timeout	10.003	9.999	-1	28jmd2de
s5919	9jkr4di	81821033-5919	ok	0.003	0.003	0	9jkr4di
s1768	3jmd4da	81821033-1768	ok	0.000	0.000	2	3jmd4da
s686	2x5r4db	81821033-686	ok	0.001	0.001	44	2x5r4db
s1663	2x15m4	81821033-1663	timeout	10.070	9.996	-1	2x15m4
s400	2x3xr4da	81821033-400	timeout	10.003	10.000	-1	2x3xr4da
s8525	26jxmd2de	81821033-8525	timeout	10.008	10.001	-1	26jxmd2de
s7293	14x2xm8di	81821033-7293	ok	7.905	7.901	428	14x2xm8di
s5209	7x2md2	81821033-5209	ok	0.005	0.005	89	7x2md2
s2573	3x7xmd2de	81821033-2573	timeout	10.003	10.002	-1	3x7xmd2de
s8431	25jxm4	81821033-8431	timeout	10.084	9.999	-1	25jxm4
s4045	5x3r4	81821033-4045	ok	0.004	0.004	104	5x3r4
s3920	5jxkm4db	81821033-3920	ok	0.139	0.139	0	5jxkm4db
s2242	3x4m4da	81821033-2242	ok	0.093	0.093	64	3x4m4da
s2938	4jkda	81821033-2938	ok	0.883	0.883	0	4jkda
s8084	22jm2db	81821033-8084	timeout	10.004	9.998	-1	22jm2db
s3115	4x2m8	81821033-3115	ok	0.000	0.000	36	4x2m8
s3634	4x6xm4da	81821033-3634	timeout	10.001	9.999	-1	4x6xm4da
s3241	4x2xkmd2	81821033-3241	ok	0.001	0.000	0	4x2xkmd2
s7237	14x2md4	81821033-7237	ok	0.133	0.133	446	14x2md4
s849	2x6xm4di	81821033-849	ok	0.025	0.025	52	2x6xm4di
s1923	3x2xadi	81821033-1923	ok	0.004	0.004	6	3x2xadi
s3197	4x2xmd2de	81821033-3197	ok	0.010	0.010	16	4x2xmd2de
s4181	5x4xade	81821033-4181	timeout	10.078	10.001	-1	5x4xade
s8310	24jxadu	81821033-8310	timeout	10.004	10.003	-1	24jxadu
s5948	9jkm8db	81821033-5948	ok	0.014	0.014	0	9jkm8db
s611	2x4xm4de	81821033-611	ok	0.004	0.003	20	2x4xm4de
s3731	4x7xm4de	81821033-3731	timeout	10.007	10.001	-1	4x7xm4de
s872	2x7db	81821033-872	ok	0.010	0.010	82	2x7db
s7404	15x2du	81821033-7404	timeout	10.002	9.997	-1	15x2du
s6873	12x2xdi	81821033-6873	ok	1.031	1.031	278	12x2xdi
s6127	9x2xm4	81821033-6127	ok	0.011	0.011	152	9x2xm4
s3283	4x3m2	81821033-3283	ok	0.003	0.003	60	4x3m2
s1555	2x14m2	81821033-1555	ok	0.253	0.253	422	2x14m2
s4899	6x5adi	81821033-4899	timeout	10.052	9.987	-1	6x5adi
s6281	10jmd4de	81821033-6281	ok	0.026	0.025	28	10jmd4de
s960	2x7xm8du	81821033-960	timeout	10.001	9.998	-1	2x7xm8du
s4081	5x3xa	81821033-4081	ok	0.013	0.013	85	5x3xa
s4656	6x2m8du	81821033-4656	ok	0.242	0.242	60	6x2m8du
s3175	4x2x	81821033-3175	ok	0.000	0.000	20	4x2x
s4219	5x4xm8	81821033-4219	ok	0.963	0.963	208	5x4xm8
s6490	10x3xda	81821033-6490	timeout	10.006	10.001	-1	10x3xda
s2134	3x3xm2da	81821033-2134	ok	0.009	0.009	19	3x3xm2da
s4452	6jm4du	81821033-4452	ok	0.031	0.031	8	6jm4du
s2055	3x3md4di	81821033-2055	ok	0.025	0.025	28	3x3md4di
s1251	2x11adi	81821033-1251	ok	1.259	1.258	214	2x11adi
s2419	3x6m2	81821033-2419	ok	0.022	0.022	144	3x6m2
s4421	6jade	81821033-4421	ok	0.015	0.015	8	6jade
s311	2x3m2de	81821033-311	ok	0.020	0.020	12	2x3m2de
s2708	3x9m2db	81821033-2708	ok	2.533	2.533	360	3x9m2db
s2626	3x8m4da	81821033-2626	ok	6.452	6.450	284	3x8m4da
s3659	4x7de	81821033-3659	timeout	10.070	9.978	-1	4x7de
s8274	24jr4du	81821033-8274	timeout	10.005	10.000	-1	24jr4du
s8015	21jm8de	81821033-8015	timeout	10.003	10.000	-1	21jm8de
s790	2x6m2da	81821033-790	ok	0.085	0.085	56	2x6m2da
s576	2x4km8du	81821033-576	ok	0.059	0.059	0	2x4km8du
s5243	7x2xde	81821033-5243	ok	0.525	0.525	68	7x2xde
s3157	4x2kmd4	81821033-3157	ok	0.002	0.002	0	4x2kmd4
s7556	16jxm2db	81821033-7556	timeout	10.001	9.998	-1	16jxm2db
s5475	8jadi	81821033-5475	ok	0.007	0.007	12	8jadi
s8111	22jm8de	81821033-8111	timeout	10.072	10.008	-1	22jm8de
s8261	24jade	81821033-8261	timeout	10.000	9.997	-1	24jade
s7973	21jade	81821033-7973	timeout	10.003	9.997	-1	21jade
s5431	7x4x	81821033-5431	ok	2.086	2.084	388	7x4x
s3172	4x2xada	81821033-3172	ok	0.013	0.013	15	4x2xada
s1976	3x2xkdb	81821033-1976	ok	0.011	0.011	0	3x2xkdb
s3284	4x3m2db	81821033-3284	ok	0.004	0.004	54	4x3m2db
s273	2x2xkm4di	81821033-273	ok	0.000	0.000	0	2x2xkm4di
s6643	11x2m2	81821033-6643	ok	0.053	0.053	252	11x2m2
s4794	6x3xmd4du	81821033-4794	timeout	10.004	10.002	-1	6x3xmd4du
s8518	26jxm2da	81821033-8518	timeout	10.128	10.042	-1	26jxm2da
s1301	2x11xade	81821033-1301	timeout	10.004	10.001	-1	2x11xade
s703	2x5m4	81821033-703	ok	0.001	0.001	44	2x5m4
s5691	8x2md2di	81821033-5691	ok	0.089	0.089	111	8x2md2di
s8225	23jxr4de	81821033-8225	timeout	10.004	9.999	-1	23jxr4de
s7102	13x2xm8da	81821033-7102	ok	5.673	5.671	348	13x2xm8da
s4626	6x2r4du	81821033-4626	ok	0.394	0.394	64	6x2r4du
s1353	2x12di	81821033-1353	ok	1.093	1.092	288	2x12di
s5949	9jkm8di	81821033-5949	ok	0.039	0.039	0	9jkm8di
s7032	13x2m2du	81821033-7032	timeout	10.008	10.002	-1	13x2m2du
s261	2x2xkm2di	81821033-261	ok	0.000	0.000	0	2x2xkm2di
s2860	3x10xmd2da	81821033-2860	timeout	10.052	9.976	-1	3x10xmd2da
s2551	3x7x	81821033-2551	ok	0.353	0.350	212	3x7x
s1812	3jkm4du	81821033-1812	ok	0.000	0.000	0	3jkm4du
s5716	8x2xada	81821033-5716	ok	1.139	1.138	90	8x2xada
s1630	2x14xm8da	81821033-1630	timeout	10.008	10.002	-1	2x14xm8da
s6665	11x2md4de	81821033-6665	ok	3.415	3.414	252	11x2md4de
s3268	4x3ada	81821033-3268	ok	0.127	0.126	47	4x3ada
s1408	2x12xr4da	81821033-1408	ok	7.114	7.110	288	2x12xr4da
s7705	18jmd2	81821033-7705	timeout	10.002	9.998	-1	18jmd2
s4722	6x3r4du	81821033-4722	timeout	10.050	9.980	-1	6x3r4du
s3218	4x2xkadb	81821033-3218	ok	0.003	0.003	0	4x2xkadb
s7397	15x2ade	81821033-7397	timeout	10.005	10.000	-1	15x2ade
s5837	8x3xmd2de	81821033-5837	timeout	10.001	10.000	-1	8x3xmd2de
s2105	3x3kmd4de	81821033-2105	timeout	10.004	10.002	-1	3x3kmd4de
s6884	12x2xm2db	81821033-6884	ok	1.140	1.140	272	12x2xm2db
s1362	2x12r4du	81821033-1362	timeout	10.120	10.041	-1	2x12r4du
s1426	2x12xm4da	81821033-1426	timeout	10.004	9.994	-1	2x12xm4da
s4110	5x3xmd2du	81821033-4110	timeout	10.004	10.003	-1	5x3xmd2du
s2018	3x3adb	81821033-2018	ok	0.002	0.002	26	3x3adb
s6333	10jxm8di	81821033-6333	ok	0.340	0.340	24	10jxm8di
s3425	4x4xr4de	81821033-3425	ok	0.360	0.360	100	4x4xr4de
s36	2jm4du	81821033-36	crash	0.000	0.000	-1	2jm4du
s7261	14x2xr4	81821033-7261	timeout	10.003	10.002	-1	14x2xr4
s8153	22jxmd4de	81821033-8153	timeout	10.084	10.004	-1	22jxmd4de
s4622	6x2r4db	81821033-4622	ok	0.002	0.002	60	6x2r4db
s1492	2x13xada	81821033-1492	timeout	10.008	10.002	-1	2x13xada
s4321	5x6a	81821033-4321	timeout	10.001	9.997	-1	5x6a
s5320	7x3md4da	81821033-5320	ok	2.062	2.061	200	7x3md4da
s3186	4x2xr4du	81821033-3186	ok	0.014	0.014	16	4x2xr4du
s3844	5jxada	81821033-3844	ok	0.105	0.105	4	5jxada
s7481	15x2xmd4de	81821033-7481	timeout	10.004	10.003	-1	15x2xmd4de
s79	2jkm4	81821033-79	timeout	10.065	9.985	-1	2jkm4
s3600	4x6m8du	81821033-3600	timeout	10.004	10.003	-1	4x6m8du
s4711	6x3	81821033-4711	ok	0.021	0.021	144	6x3
s3946	5x2da	81821033-3946	ok	0.008	0.008	38	5x2da
s7389	15jxm8di	81821033-7389	timeout	10.002	9.998	-1	15jxm8di
s1963	3x2xm8	81821033-1963	ok	0.000	0.000	16	3x2xm8
s387	2x3xadi	81821033-387	ok	0.001	0.001	6	2x3xadi
s7985	21jr4de	81821033-7985	timeout	10.004	10.000	-1	21jr4de
s6888	12x2xm2du	81821033-6888	timeout	10.036	9.962	-1	12x2xm2du
s3325	4x3xr4	81821033-3325	ok	0.001	0.001	52	4x3xr4
s1247	2x10xm8de	81821033-1247	ok	2.525	2.499	188	2x10xm8de
s3725	4x7xmd2de	81821033-3725	timeout	10.002	9.999	-1	4x7xmd2de
s3878	5jxmd4db	81821033-3878	ok	0.001	0.001	4	5jxmd4db
s2224	3x4r4da	81821033-2224	ok	0.035	0.035	60	3x4r4da
s8009	21jmd4de	81821033-8009	timeout	10.006	9.999	-1	21jmd4de
s2820	3x10m4du	81821033-2820	timeout	10.008	10.002	-1	3x10m4du
s3202	4x2xm4da	81821033-3202	ok	0.097	0.097	16	4x2xm4da
s5886	9jmd2du	81821033-5886	ok	0.199	0.198	19	9jmd2du
s8368	25jr4da	81821033-8368	timeout	10.037	9.993	-1	25jr4da
s4218	5x4xmd4du	81821033-4218	timeout	10.004	10.000	-1	5x4xmd4du
s2092	3x3kmd2da	81821033-2092	ok	0.075	0.075	0	3x3kmd2da
s5880	9jm2du	81821033-5880	ok	0.089	0.089	20	9jm2du
s3265	4x3a	81821033-3265	ok	0.005	0.004	50	4x3a
s2248	3x4md4da	81821033-2248	ok	0.048	0.048	60	3x4md4da
s5802	8x3md4du	81821033-5802	timeout	10.032	10.011	-1	8x3md4du
s3857	5jxr4de	81821033-3857	ok	0.008	0.008	4	5jxr4de
s3471	4x5r4di	81821033-3471	ok	0.254	0.254	188	4x5r4di
s7489	16ja	81821033-7489	timeout	10.007	10.001	-1	16ja
s5668	8x2ada	81821033-5668	ok	0.472	0.472	101	8x2ada
s2309	3x5ade	81821033-2309	ok	0.869	0.869	86	3x5ade
s4515	6jxadi	81821033-4515	ok	0.004	0.004	5	6jxadi
s7849	19jxmd2	81821033-7849	timeout	10.108	10.022	-1	19jxmd2
s2097	3x3km4di	81821033-2097	ok	0.045	0.045	0	3x3km4di
s513	2x4m4di	81821033-513	ok	0.043	0.043	24	2x4m4di
s8483	26jm4de	81821033-8483	timeout	10.006	9.999	-1	26jm4de
s8834	30jadb	81821033-8834	timeout	10.000	9.997	-1	30jadb
s8874	30jmd4du	81821033-8874	timeout	10.002	9.995	-1	30jmd4du
s464	2x3xkm4db	81821033-464	ok	0.005	0.005	0	2x3xkm4db
s8330	24jxmd2db	81821033-8330	timeout	10.051	9.987	-1	24jxmd2db
s5162	7jxkmd2db	81821033-5162	ok	0.035	0.035	0	7jxkmd2db
s2536	3x7md4da	81821033-2536	ok	1.901	1.878	206	3x7md4da
s6095	9x2m8de	81821033-6095	ok	0.650	0.649	160	9x2m8de
s6387	10x2xadi	81821033-6387	ok	0.912	0.908	156	10x2xadi
s6334	10jxm8da	81821033-6334	ok	6.364	6.360	32	10jxm8da
s2062	3x3m8da	81821033-2062	ok	0.134	0.134	36	3x3m8da
s8813	29jxmd2de	81821033-8813	timeout	10.008	10.005	-1	29jxmd2de
s6996	13jxm4du	81821033-6996	timeout	10.008	10.003	-1	13jxm4du
s1887	3x2kr4di	81821033-1887	ok	0.132	0.132	0	3x2kr4di
s2757	3x9xm2di	81821033-2757	ok	4.294	4.293	335	3x9xm2di
s4755	6x3xadi	81821033-4755	ok	0.553	0.553	115	6x3xadi
s2208	3x3xkm8du	81821033-2208	ok	0.251	0.251	0	3x3xkm8du
s2289	3x4xm4di	81821033-2289	ok	0.008	0.008	56	3x4xm4di
s2710	3x9m2da	81821033-2710	timeout	10.043	9.977	-1	3x9m2da
s621	2x4xm8di	81821033-621	ok	0.008	0.008	16	2x4xm8di
s1713	2x15xm4di	81821033-1713	timeout	10.008	9.999	-1	2x15xm4di
s7458	15x2xr4du	81821033-7458	timeout	10.004	10.001	-1	15x2xr4du
s2778	3x9xmd4du	81821033-2778	timeout	10.003	10.001	-1	3x9xmd4du
s3112	4x2md4da	81821033-3112	ok	0.346	0.346	22	4x2md4da
s7354	15jxda	81821033-7354	timeout	10.075	10.006	-1	15jxda
s7323	15jmd2di	81821033-7323	timeout	10.008	9.999	-1	15jmd2di
s5979	9jxmd2di	81821033-5979	ok	0.495	0.490	19	9jxmd2di
s1064	2x9db	81821033-1064	ok	0.049	0.049	150	2x9db
s774	2x6adu	81821033-774	ok	0.282	0.281	51	2x6adu
s4521	6jxdi	81821033-4521	ok	0.013	0.012	6	6jxdi
s1308	2x11xdu	81821033-1308	timeout	10.004	10.001	-1	2x11xdu
s7861	19jxmd4	81821033-7861	timeout	10.001	9.999	-1	19jxmd4
s3643	4x6xm8	81821033-3643	ok	0.156	0.156	300	4x6xm8
s4502	6jkmd4db	81821033-4502	ok	0.030	0.030	0	6jkmd4db
s8229	23jxm2di	81821033-8229	timeout	10.012	10.002	-1	23jxm2di
s879	2x7r4di	81821033-879	ok	0.042	0.042	88	2x7r4di
s5339	7x3xde	81821033-5339	timeout	10.100	10.022	-1	7x3xde
s5830	8x3xm2da	81821033-5830	timeout	10.004	10.001	-1	8x3xm2da
s3063	4jxkmd4di	81821033-3063	ok	0.051	0.051	0	4jxkmd4di
s3143	4x2km2de	81821033-3143	ok	1.253	1.245	0	4x2km2de
s1664	2x15m4db	81821033-1664	ok	0.640	0.640	500	2x15m4db
s6409	10x2xmd2	81821033-6409	ok	0.303	0.302	180	10x2xmd2
s4472	6jkdb	81821033-4472	ok	0.065	0.065	0	6jkdb
s6270	10jmd2du	81821033-6270	ok	0.149	0.149	26	10jmd2du
s6256	10jr4da	81821033-6256	ok	3.574	3.571	32	10jr4da
s4150	5x4m2da	81821033-4150	ok	3.105	3.104	176	5x4m2da
s1928	3x2xdb	81821033-1928	ok	0.000	0.000	8	3x2xdb
s5220	7x2m4du	81821033-5220	ok	3.456	3.454	84	7x2m4du
s5571	8jxadi	81821033-5571	ok	0.008	0.008	10	8jxadi
s4643	6x2m4de	81821033-4643	ok	0.045	0.045	60	6x2m4de
s2813	3x10md2de	81821033-2813	timeout	10.005	10.003	-1	3x10md2de
s2298	3x4xmd4du	81821033-2298	ok	6.201	6.197	44	3x4xmd4du
s1519	2x13xm4	81821033-1519	ok	0.731	0.730	380	2x13xm4
s7224	14x2m2du	81821033-7224	timeout	10.094	10.026	-1	14x2m2du
s1980	3x2xkdu	81821033-1980	ok	0.211	0.210	0	3x2xkdu
s1837	3x2r4	81821033-1837	ok	0.000	0.000	16	3x2r4
s1299	2x11xadi	81821033-1299	ok	1.411	1.403	204	2x11xadi
s922	2x7xda	81821033-922	ok	0.123	0.122	70	2x7xda
s5963	9jxde	81821033-5963	ok	0.018	0.018	18	9jxde
s6482	10x3xadb	81821033-6482	ok	5.368	5.366	399	10x3xadb
s2286	3x4xmd2du	81821033-2286	timeout	10.006	9.998	-1	3x4xmd2du
s5033	7jmd4de	81821033-5033	ok	0.003	0.003	12	7jmd4de
s5138	7jxkadb	81821033-5138	ok	0.650	0.649	0	7jxkadb
s9009	31jxm4di	81821033-9009	timeout	10.032	10.012	-1	31jxm4di
s5826	8x3xr4du	81821033-5826	timeout	10.004	10.001	-1	8x3xr4du
s7877	20jade	81821033-7877	timeout	10.035	9.996	-1	20jade
s5489	8jr4de	81821033-5489	ok	0.009	0.009	20	8jr4de
s6699	11x2xmd2di	81821033-6699	ok	0.840	0.840	217	11x2xmd2di
s1037	2x8xmd2de	81821033-1037	ok	0.911	0.911	104	2x8xmd2de
s6974	13jxr4db	81821033-6974	timeout	10.007	10.000	-1	13jxr4db
s5192	7x2db	81821033-5192	ok	0.010	0.010	80	7x2db
s902	2x7md4db	81821033-902	ok	0.006	0.006	92	2x7md4db
s1939	3x2xm2	81821033-1939	ok	0.000	0.000	8	3x2xm2
s7983	21jr4di	81821033-7983	timeout	10.040	10.006	-1	21jr4di
s8991	31jxr4di	81821033-8991	timeout	10.016	10.006	-1	31jxr4di
s7766	18jxmd4db	81821033-7766	timeout	10.058	10.014	-1	18jxmd4db
s4658	6x2xadb	81821033-4658	ok	0.010	0.010	41	6x2xadb
s7929	20jxdi	81821033-7929	timeout	10.003	9.996	-1	20jxdi
s4971	6x5xmd2di	81821033-4971	timeout	10.064	10.013	-1	6x5xmd2di
s6020	9jxkm2db	81821033-6020	ok	0.509	0.505	0	9jxkm2db
s8175	23jr4di	81821033-8175	timeout	10.002	10.000	-1	23jr4di
s7707	18jmd2di	81821033-7707	timeout	10.004	9.996	-1	18jmd2di
s8237	23jxmd2de	81821033-8237	timeout	10.008	10.001	-1	23jxmd2de
s5137	7jxka	81821033-5137	ok	0.002	0.002	0	7jxka
s2382	3x5xmd2du	81821033-2382	timeout	10.023	10.002	-1	3x5xmd2du
s1810	3jkm4da	81821033-1810	ok	0.000	0.000	0	3jkm4da
s6675	11x2xadi	81821033-6675	ok	1.267	1.266	199	11x2xadi
s2077	3x3kr4	81821033-2077	ok	0.002	0.002	0	3x3kr4
s1438	2x12xm8da	81821033-1438	timeout	10.004	10.001	-1	2x12xm8da
s7722	18jmd4du	81821033-7722	timeout	10.040	9.974	-1	18jmd4du
s531	2x4kadi	81821033-531	ok	0.082	0.082	0	2x4kadi
s8192	23jm4db	81821033-8192	timeout	10.002	9.995	-1	23jm4db
s8207	23jm8de	81821033-8207	timeout	10.002	10.000	-1	23jm8de
s7886	20jr4db	81821033-7886	timeout	10.004	9.999	-1	20jr4db
s6840	12x2m2du	81821033-6840	timeout	10.082	10.000	-1	12x2m2du
s159	2x2kr4di	81821033-159	ok	0.000	0.000	0	2x2kr4di
s3819	5jkmd2di	81821033-3819	ok	0.038	0.038	0	5jkmd2di
s12	2jdu	81821033-12	ok	0.000	0.000	2	2jdu
s786	2x6r4du	81821033-786	ok	0.219	0.217	64	2x6r4du
s8495	26jm8de	81821033-8495	timeout	10.008	10.001	-1	26jm8de
s1854	3x2md2du	81821033-1854	ok	1.043	1.042	10	3x2md2du
s1807	3jkm4	81821033-1807	ok	0.000	0.000	0	3jkm4
s2745	3x9xdi	81821033-2745	ok	5.267	5.225	338	3x9xdi
s2129	3x3xr4de	81821033-2129	ok	0.008	0.008	24	3x3xr4de
s1846	3x2m2da	81821033-1846	ok	0.701	0.696	12	3x2m2da
s3378	4x4r4du	81821033-3378	ok	2.636	2.621	108	4x4r4du
s597	2x4xm2di	81821033-597	ok	0.002	0.001	16	2x4xm2di
s3285	4x3m2di	81821033-3285	ok	0.054	0.054	52	4x3m2di
s7856	19jxm4db	81821033-7856	timeout	10.004	10.003	-1	19jxm4db
s4979	6x5xm4de	81821033-4979	timeout	10.004	10.000	-1	6x5xm4de
s1234	2x10xm4da	81821033-1234	ok	0.970	0.969	184	2x10xm4da
s5945	9jkmd4de	81821033-5945	ok	1.047	1.046	0	9jkmd4de
s5535	8jkr4di	81821033-5535	ok	0.110	0.110	0	8jkr4di
s103	2x2	81821033-103	ok	0.000	0.000	4	2x2
s6002	9jxkadb	81821033-6002	ok	0.402	0.402	0	9jxkadb
s119	2x2m2de	81821033-119	ok	0.000	0.000	4	2x2m2de
s3977	5x2md4de	81821033-3977	ok	0.043	0.043	38	5x2md4de
s6523	10x3xm8	81821033-6523	timeout	10.008	10.002	-1	10x3xm8
s846	2x6xmd2du	81821033-846	ok	2.625	2.624	44	2x6xmd2du
s900	2x7m4du	81821033-900	ok	1.613	1.612	88	2x7m4du
s4102	5x3xm2da	81821033-4102	ok	0.266	0.265	82	5x3xm2da
s6530	11jadb	81821033-6530	ok	0.126	0.125	32	11jadb
s6419	10x2xm4de	81821033-6419	ok	6.213	6.213	184	10x2xm4de
s4481	6jkr4de	81821033-4481	ok	0.454	0.454	0	6jkr4de
s494	2x4r4db	81821033-494	ok	0.001	0.001	24	2x4r4db
s6817	12x2a	81821033-6817	ok	0.221	0.221	276	12x2a
s8736	28jxm8du	81821033-8736	timeout	10.069	9.989	-1	28jxm8du
s7720	18jmd4da	81821033-7720	timeout	10.002	10.000	-1	18jmd4da
s2855	3x10xm2de	81821033-2855	timeout	10.003	9.995	-1	3x10xm2de
s7109	14jade	81821033-7109	timeout	10.003	10.001	-1	14jade
s2719	3x9m4	81821033-2719	ok	3.186	3.185	388	3x9m4
s1049	2x8xmd4de	81821033-1049	ok	0.400	0.400	108	2x8xmd4de
s8774	29jmd4db	81821033-8774	timeout	10.040	9.977	-1	29jmd4db
s639	2x4xkr4di	81821033-639	ok	0.009	0.009	0	2x4xkr4di
s1187	2x10m4de	81821033-1187	ok	2.080	2.079	196	2x10m4de
s3282	4x3r4du	81821033-3282	ok	0.390	0.390	56	4x3r4du
s4545	6jxm4di	81821033-4545	ok	0.034	0.034	8	6jxm4di
s2202	3x3xkmd4du	81821033-2202	ok	0.066	0.066	0	3x3xkmd4du
s5362	7x3xm4da	81821033-5362	ok	3.160	3.159	194	7x3xm4da
s6721	12ja	81821033-6721	ok	0.639	0.638	43	12ja
s7279	14x2xm4	81821033-7279	ok	2.391	2.389	452	14x2xm4
s6924	13jdu	81821033-6924	timeout	10.012	10.003	-1	13jdu
s1559	2x14m2de	81821033-1559	timeout	10.071	10.007	-1	2x14m2de
s1802	3jkmd2db	81821033-1802	ok	0.000	0.000	0	3jkmd2db
s7111	14j	81821033-7111	timeout	10.003	9.999	-1	14j
s4004	5x2xm2db	81821033-4004	ok	0.003	0.002	32	5x2xm2db
s7283	14x2xm4de	81821033-7283	timeout	10.005	10.000	-1	14x2xm4de
s2422	3x6m2da	81821033-2422	ok	2.040	2.039	138	3x6m2da
s8545	27ja	81821033-8545	timeout	10.048	10.000	-1	27ja
s8383	25jm4	81821033-8383	timeout	10.015	9.995	-1	25jm4
s4629	6x2m2di	81821033-4629	ok	0.020	0.020	56	6x2m2di
s907	2x7m8	81821033-907	ok	0.002	0.002	100	2x7m8
s1424	2x12xm4db	81821033-1424	ok	0.214	0.214	292	2x12xm4db
s701	2x5md2de	81821033-701	ok	0.036	0.036	34	2x5md2de
s2272	3x4xr4da	81821033-2272	ok	0.167	0.167	56	3x4xr4da
s8122	22jxda	81821033-8122	timeout	10.004	10.000	-1	22jxda
s2389	3x5xmd4	81821033-2389	ok	0.005	0.005	96	3x5xmd4
s7630	17jm8da	81821033-7630	timeout	10.001	9.998	-1	17jm8da
s6174	9x3md2du	81821033-6174	timeout	10.052	10.007	-1	9x3md2du
s7467	15x2xmd2di	81821033-7467	ok	3.576	3.573	455	15x2xmd2di
s6770	12jxadb	81821033-6770	timeout	10.039	9.981	-1	12jxadb
s5686	8x2m2da	81821033-5686	ok	0.975	0.972	114	8x2m2da
s175	2x2km4	81821033-175	ok	0.001	0.001	0	2x2km4
s6340	10x2ada	81821033-6340	ok	5.804	5.790	174	10x2ada
s1160	2x10db	81821033-1160	ok	0.095	0.095	196	2x10db
s3849	5jxdi	81821033-3849	ok	0.002	0.002	4	5jxdi
s7271	14x2xm2de	81821033-7271	timeout	10.003	10.002	-1	14x2xm2de
s6999	13jxmd4di	81821033-6999	timeout	10.008	9.998	-1	13jxmd4di
s591	2x4xr4di	81821033-591	ok	0.009	0.008	20	2x4xr4di
s7910	20jmd4db	81821033-7910	timeout	10.040	9.973	-1	20jmd4db
s1956	3x2xm4du	81821033-1956	ok	0.008	0.008	8	3x2xm4du
s1550	2x14r4db	81821033-1550	ok	0.370	0.368	436	2x14r4db
s1594	2x14xda	81821033-1594	timeout	10.005	10.000	-1	2x14xda
s4944	6x5m8du	81821033-4944	timeout	10.004	10.003	-1	6x5m8du
s6636	11x2du	81821033-6636	timeout	10.007	10.001	-1	11x2du
s6194	9x3xadb	81821033-6194	ok	5.476	5.474	319	9x3xadb
s1460	2x13m2db	81821033-1460	ok	1.363	1.363	350	2x13m2db
s825	2x6xdi	81821033-825	ok	0.015	0.014	46	2x6xdi
s5409	7x4m4di	81821033-5409	ok	3.587	3.584	388	7x4m4di
s5649	8jxkm4di	81821033-5649	ok	0.176	0.176	0	8jxkm4di
s7805	19jmd2de	81821033-7805	timeout	10.065	9.995	-1	19jmd2de
s939	2x7xmd2di	81821033-939	ok	0.044	0.044	74	2x7xmd2di
s2929	4jka	81821033-2929	ok	0.001	0.000	0	4jka
s7501	16jr4	81821033-7501	timeout	10.004	10.001	-1	16jr4
s5877	9jm2di	81821033-5877	ok	0.025	0.025	23	9jm2di
s1440	2x12xm8du	81821033-1440	timeout	10.001	9.997	-1	2x12xm8du
s6230	9x3xmd4db	81821033-6230	timeout	10.004	9.998	-1	9x3xmd4db
s1610	2x14xmd2db	81821033-1610	ok	1.378	1.376	381	2x14xmd2db
s7165	14jxr4	81821033-7165	timeout	10.067	10.000	-1	14jxr4
s250	2x2xkda	81821033-250	ok	0.000	0.000	0	2x2xkda
s8880	30jm8du	81821033-8880	timeout	10.007	10.001	-1	30jm8du
s814	2x6m8da	81821033-814	ok	0.155	0.155	68	2x6m8da
s3321	4x3xdi	81821033-3321	ok	0.016	0.016	46	4x3xdi
s6945	13jm4di	81821033-6945	timeout	10.016	10.001	-1	13jm4di
s8176	23jr4da	81821033-8176	timeout	10.001	10.001	-1	23jr4da
s7360	15jxr4da	81821033-7360	timeout	10.103	10.002	-1	15jxr4da
s1543	2x14	81821033-1543	ok	3.390	3.388	428	2x14
s7649	17jxr4de	81821033-7649	timeout	10.000	9.995	-1	17jxr4de
s3128	4x2kdb	81821033-3128	ok	0.013	0.013	0	4x2kdb
s2513	3x7r4de	81821033-2513	ok	3.413	3.412	209	3x7r4de
s3853	5jxr4	81821033-3853	ok	0.001	0.001	8	5jxr4
s97	2x2a	81821033-97	ok	0.000	0.000	5	2x2a
s8164	23jada	81821033-8164	timeout	10.036	9.968	-1	23jada
s5065	7jkmd2	81821033-5065	ok	0.001	0.001	0	7jkmd2
s8089	22jmd2	81821033-8089	timeout	10.010	10.003	-1	22jmd2
s3328	4x3xr4da	81821033-3328	ok	0.067	0.066	48	4x3xr4da
s1432	2x12xmd4da	81821033-1432	timeout	10.003	10.000	-1	2x12xmd4da
s1605	2x14xm2di	81821033-1605	ok	2.598	2.576	392	2x14xm2di
s8420	25jxm2db	81821033-8420	timeout	10.002	9.997	-1	25jxm2db
s134	2x2md4db	81821033-134	ok	0.000	0.000	6	2x2md4db
s4563	6jxkadi	81821033-4563	ok	1.433	1.432	0	6jxkadi
s7564	16jxmd2da	81821033-7564	timeout	10.056	10.010	-1	16jxmd2da
s466	2x3xkm4da	81821033-466	ok	0.042	0.042	0	2x3xkm4da
s3361	4x4a	81821033-3361	ok	0.020	0.020	95	4x4a
s3024	4jxm8du	81821033-3024	timeout	10.011	9.991	-1	4jxm8du
s8060	21jxm8db	81821033-8060	timeout	10.003	9.999	-1	21jxm8db
s3682	4x7m4da	81821033-3682	timeout	10.004	10.000	-1	4x7m4da
s4682	6x2xmd2db	81821033-4682	ok	0.004	0.004	49	6x2xmd2db
s4225	5x5a	81821033-4225	ok	0.262	0.261	278	5x5a
s3573	4x6m2di	81821033-3573	ok	1.822	1.821	262	4x6m2di
s6820	12x2ada	81821033-6820	timeout	10.053	9.997	-1	12x2ada
s209	2x2xr4de	81821033-209	crash	0.000	0.000	-1	2x2xr4de
s2160	3x3xm8du	81821033-2160	ok	0.118	0.118	24	3x3xm8du
s198	2x2xadu	81821033-198	ok	0.000	0.000	3	2x2xadu
s7847	19jxm2de	81821033-7847	timeout	10.040	9.996	-1	19jxm2de
s3404	4x4m8db	81821033-3404	ok	0.006	0.006	120	4x4m8db
s3539	4x5xm4de	81821033-3539	timeout	10.004	10.002	-1	4x5xm4de
s373	2x3kmd4	81821033-373	ok	0.000	0.000	0	2x3kmd4
s1723	2x15xm8	81821033-1723	ok	1.569	1.569	552	2x15xm8
s5325	7x3m8di	81821033-5325	ok	2.140	2.127	220	7x3m8di
s6531	11jadi	81821033-6531	ok	0.088	0.088	32	11jadi
s8	2jdb	81821033-8	ok	0.000	0.000	2	2jdb
s1741	3jr4	81821033-1741	ok	0.000	0.000	4	3jr4
s802	2x6m4da	81821033-802	ok	0.201	0.201	60	2x6m4da
s8095	22jm4	81821033-8095	timeout	10.007	10.002	-1	22jm4
s5601	8jxm4di	81821033-5601	ok	0.066	0.065	16	8jxm4di
s4186	5x4xda	81821033-4186	ok	3.807	3.774	158	5x4xda
s3624	4x6xm2du	81821033-3624	timeout	10.007	10.006	-1	4x6xm2du
s7646	17jxr4db	81821033-7646	timeout	10.003	10.002	-1	17jxr4db
s5002	7jda	81821033-5002	ok	0.127	0.127	10	7jda
s6920	13jdb	81821033-6920	ok	2.396	2.396	54	13jdb
s4776	6x3xm2du	81821033-4776	timeout	10.004	9.999	-1	6x3xm2du
s1346	2x12adb	81821033-1346	ok	1.698	1.697	271	2x12adb
s8293	24jmd4	81821033-8293	timeout	10.046	9.982	-1	24jmd4
s4674	6x2xr4du	81821033-4674	ok	6.619	6.617	48	6x2xr4du
s8647	28j	81821033-8647	timeout	10.003	10.000	-1	28j
s2839	3x10x	81821033-2839	timeout	10.008	10.000	-1	3x10x
s547	2x4km2	81821033-547	ok	0.001	0.001	0	2x4km2
s7863	19jxmd4di	81821033-7863	timeout	10.076	10.008	-1	19jxmd4di
s3042	4jxkr4du	81821033-3042	ok	0.256	0.251	0	4jxkr4du
s7667	17jxm4de	81821033-7667	timeout	10.002	9.998	-1	17jxm4de
s601	2x4xmd2	81821033-601	ok	0.001	0.000	18	2x4xmd2
s6942	13jmd2du	81821033-6942	timeout	10.008	10.005	-1	13jmd2du
s7970	21jadb	81821033-7970	timeout	10.007	10.001	-1	21jadb
s3260	4x2xkm8db	81821033-3260	ok	0.002	0.002	0	4x2xkm8db
s2661	3x8xm2di	81821033-2661	ok	1.636	1.635	246	3x8xm2di
s2182	3x3xkm2da	81821033-2182	ok	0.005	0.005	0	3x3xkm2da
s7345	15jxa	81821033-7345	timeout	10.083	10.011	-1	15jxa
s2975	4jkm8de	81821033-2975	ok	0.247	0.246	0	4jkm8de
s1019	2x8xde	81821033-1019	ok	0.829	0.824	94	2x8xde
s6981	13jxm2di	81821033-6981	timeout	10.003	9.999	-1	13jxm2di
s7461	15x2xm2di	81821033-7461	ok	6.167	6.166	458	15x2xm2di
s2165	3x3xkade	81821033-2165	ok	0.333	0.333	0	3x3xkade
s8418	25jxr4du	81821033-8418	timeout	10.001	9.996	-1	25jxr4du
s6913	13ja	81821033-6913	ok	6.874	6.826	52	13ja
s3432	4x4xm2du	81821033-3432	timeout	10.004	10.000	-1	4x4xm2du
s7813	19jmd4	81821033-7813	timeout	10.002	10.001	-1	19jmd4
s1746	3jr4du	81821033-1746	ok	0.000	0.000	4	3jr4du
s7024	13x2r4da	81821033-7024	timeout	10.008	10.001	-1	13x2r4da
s25	2jmd2	81821033-25	ok	0.000	0.000	1	2jmd2
s8065	22ja	81821033-8065	timeout	10.061	9.999	-1	22ja
s227	2x2xm4de	81821033-227	ok	0.000	0.000	8	2x2xm4de
s8400	25jm8du	81821033-8400	timeout	10.004	10.001	-1	25jm8du
s1835	3x2de	81821033-1835	ok	0.009	0.009	12	3x2de
s4769	6x3xr4de	81821033-4769	ok	0.857	0.857	132	6x3xr4de
s8873	30jmd4de	81821033-8873	timeout	10.007	10.002	-1	30jmd4de
s7644	17jxdu	81821033-7644	timeout	10.003	9.999	-1	17jxdu
s7611	17jmd2di	81821033-7611	timeout	10.075	10.004	-1	17jmd2di
s563	2x4km4de	81821033-563	ok	0.114	0.113	0	2x4km4de
s1099	2x9m8	81821033-1099	ok	0.006	0.006	172	2x9m8
s1205	2x10xade	81821033-1205	timeout	10.002	9.997	-1	2x10xade
s3787	5jm8	81821033-3787	ok	0.000	0.000	8	5jm8
s8158	22jxm8da	81821033-8158	timeout	10.004	10.001	-1	22jxm8da
s2647	3x8x	81821033-2647	ok	1.313	1.313	266	3x8x
s8273	24jr4de	81821033-8273	timeout	10.008	10.002	-1	24jr4de
s8595	27jxadi	81821033-8595	timeout	10.088	10.015	-1	27jxadi
s7357	15jxr4	81821033-7357	timeout	10.004	9.999	-1	15jxr4
s7013	13x2ade	81821033-7013	timeout	10.002	9.999	-1	13x2ade
s8049	21jxm4di	81821033-8049	timeout	10.004	9.997	-1	21jxm4di
s6301	10jxr4	81821033-6301	ok	4.123	4.121	32	10jxr4
s462	2x3xkmd2du	81821033-462	ok	0.213	0.213	0	2x3xkmd2du
s8662	28jm2da	81821033-8662	timeout	10.076	10.007	-1	28jm2da
s8553	27jdi	81821033-8553	timeout	10.004	9.999	-1	27jdi
s8976	31jm8du	81821033-8976	timeout	10.012	10.002	-1	31jm8du
s5995	9jxm8	81821033-5995	ok	0.047	0.047	29	9jxm8
s1641	2x15di	81821033-1641	ok	3.425	3.424	484	2x15di
s7943	20jxm2de	81821033-7943	timeout	10.003	10.001	-1	20jxm2de
s4397	5x6xmd2de	81821033-4397	timeout	10.064	9.993	-1	5x6xmd2de
s2523	3x7md2di	81821033-2523	ok	0.602	0.598	194	3x7md2di
s6091	9x2m8	81821033-6091	ok	0.006	0.006	176	9x2m8
s3085	4x2r4	81821033-3085	ok	0.000	0.000	28	4x2r4
s2683	3x8xm8	81821033-2683	ok	1.574	1.566	308	3x8xm8
s5806	8x3m8da	81821033-5806	ok	7.125	7.123	308	8x3m8da
s6064	9x2r4da	81821033-6064	ok	0.351	0.351	156	9x2r4da
s3628	4x6xmd2da	81821033-3628	timeout	10.012	10.007	-1	4x6xmd2da
s4468	6jkada	81821033-4468	ok	0.028	0.028	0	6jkada
s4364	5x6m8db	81821033-4364	timeout	10.004	10.002	-1	5x6m8db
s8923	30jxm8	81821033-8923	timeout	10.081	10.006	-1	30jxm8
s3058	4jxkm4da	81821033-3058	ok	1.101	1.094	0	4jxkm4da
s6356	10x2m2db	81821033-6356	ok	0.089	0.085	192	10x2m2db
s7035	13x2md2di	81821033-7035	ok	1.350	1.344	347	13x2md2di
s7103	13x2xm8de	81821033-7103	timeout	10.006	10.001	-1	13x2xm8de
s4922	6x5md2db	81821033-4922	timeout	10.007	10.003	-1	6x5md2db
s3678	4x7md2du	81821033-3678	timeout	10.004	10.002	-1	4x7md2du
s4898	6x5adb	81821033-4898	ok	6.187	6.182	403	6x5adb
s8316	24jxdu	81821033-8316	timeout	10.095	10.022	-1	24jxdu
s3039	4jxkr4di	81821033-3039	ok	0.038	0.038	0	4jxkr4di
s2699	3x9de	81821033-2699	timeout	10.004	10.002	-1	3x9de
s8956	31jmd2da	81821033-8956	timeout	10.008	10.003	-1	31jmd2da
s5401	7x4md2	81821033-5401	ok	1.574	1.573	385	7x4md2
s9022	31jxm8da	81821033-9022	timeout	10.008	10.000	-1	31jxm8da
s2775	3x9xmd4di	81821033-2775	ok	2.292	2.291	344	3x9xmd4di
s2075	3x3kde	81821033-2075	timeout	10.053	9.985	-1	3x3kde
s3687	4x7md4di	81821033-3687	ok	1.856	1.856	400	4x7md4di
s2246	3x4md4db	81821033-2246	ok	0.002	0.002	60	3x4md4db
s7240	14x2md4da	81821033-7240	timeout	10.008	9.995	-1	14x2md4da
s5688	8x2m2du	81821033-5688	ok	5.417	5.381	108	8x2m2du
s3052	4jxkmd2da	81821033-3052	ok	0.922	0.916	0	4jxkmd2da
s2484	3x6xm4du	81821033-2484	timeout	10.024	9.998	-1	3x6xm4du
s8557	27jr4	81821033-8557	timeout	10.003	10.001	-1	27jr4
s7612	17jmd2da	81821033-7612	timeout	10.008	10.001	-1	17jmd2da
s6139	9x2xm8	81821033-6139	ok	0.014	0.014	172	9x2xm8
s356	2x3km2db	81821033-356	ok	0.050	0.050	0	2x3km2db
s1443	2x13adi	81821033-1443	ok	5.566	5.562	326	2x13adi
s4571	6jxkde	81821033-4571	ok	1.931	1.930	0	6jxkde
s408	2x3xm2du	81821033-408	ok	0.015	0.015	6	2x3xm2du
s3874	5jxm4da	81821033-3874	ok	0.011	0.011	4	5jxm4da
s2879	3x10xm8de	81821033-2879	timeout	10.057	9.980	-1	3x10xm8de
s382	2x3km8da	81821033-382	ok	0.031	0.031	0	2x3km8da
s6868	12x2xada	81821033-6868	timeout	10.004	10.002	-1	12x2xada
s3773	5jmd2de	81821033-3773	ok	0.007	0.007	5	5jmd2de
s1463	2x13m2de	81821033-1463	timeout	10.000	9.998	-1	2x13m2de
s7342	15jm8da	81821033-7342	timeout	10.006	9.999	-1	15jm8da
s3226	4x2xkda	81821033-3226	ok	0.004	0.004	0	4x2xkda
s3775	5jm4	81821033-3775	ok	0.000	0.000	6	5jm4
s8285	24jmd2de	81821033-8285	timeout	10.092	10.023	-1	24jmd2de
s1617	2x14xm4di	81821033-1617	ok	5.251	5.250	412	2x14xm4di
s6537	11jdi	81821033-6537	ok	0.300	0.299	36	11jdi
s7154	14jxadb	81821033-7154	timeout	10.000	9.998	-1	14jxadb
s4133	5x4ade	81821033-4133	timeout	10.003	9.995	-1	5x4ade
s976	2x8r4da	81821033-976	ok	0.718	0.717	120	2x8r4da
s8473	26jmd2	81821033-8473	timeout	10.084	10.010	-1	26jmd2
s1054	2x8xm8da	81821033-1054	ok	0.067	0.067	108	2x8xm8da
s1306	2x11xda	81821033-1306	ok	7.313	7.311	224	2x11xda
s4508	6jkm8db	81821033-4508	ok	0.004	0.004	0	6jkm8db
s8486	26jmd4db	81821033-8486	timeout	10.004	10.002	-1	26jmd4db
s3845	5jxade	81821033-3845	ok	0.002	0.002	4	5jxade
s8624	27jxm4db	81821033-8624	timeout	10.014	10.003	-1	27jxm4db
s3287	4x3m2de	81821033-3287	ok	0.224	0.224	56	4x3m2de
s7618	17jm4da	81821033-7618	timeout	10.028	9.971	-1	17jm4da
s5251	7x2xm2	81821033-5251	ok	0.005	0.005	80	7x2xm2
s5754	8x2xmd4du	81821033-5754	timeout	10.003	10.001	-1	8x2xmd4du
s6844	12x2md2da	81821033-6844	ok	8.286	8.283	293	12x2md2da
s1793	3jkr4de	81821033-1793	ok	0.000	0.000	0	3jkr4de
s4271	5x5m8de	81821033-4271	timeout	10.003	9.996	-1	5x5m8de
s8409	25jxdi	81821033-8409	timeout	10.061	9.995	-1	25jxdi
s251	2x2xkde	81821033-251	ok	0.000	0.000	0	2x2xkde
s1245	2x10xm8di	81821033-1245	ok	0.064	0.064	188	2x10xm8di
s2211	3x4adi	81821033-2211	ok	0.022	0.022	50	3x4adi
s5732	8x2xm2db	81821033-5732	ok	0.032	0.032	100	8x2xm2db
s8653	28jr4	81821033-8653	timeout	10.004	10.000	-1	28jr4
s3802	5jkda	81821033-3802	ok	0.146	0.146	0	5jkda
s7478	15x2xmd4db	81821033-7478	ok	1.348	1.341	482	15x2xmd4db
s3968	5x2m4db	81821033-3968	ok	0.001	0.001	40	5x2m4db
s3735	4x7xmd4di	81821033-3735	ok	3.249	3.246	368	4x7xmd4di
s2819	3x10m4de	81821033-2819	timeout	10.007	10.002	-1	3x10m4de
s6134	9x2xmd4db	81821033-6134	ok	0.033	0.033	142	9x2xmd4db
s1442	2x13adb	81821033-1442	ok	6.627	6.624	321	2x13adb
s856	2x6xmd4da	81821033-856	ok	0.028	0.028	52	2x6xmd4da
s1815	3jkmd4di	81821033-1815	ok	0.000	0.000	0	3jkmd4di
s8128	22jxr4da	81821033-8128	timeout	10.001	9.998	-1	22jxr4da
s913	2x7xa	81821033-913	ok	0.010	0.010	72	2x7xa
s2166	3x3xkadu	81821033-2166	ok	0.044	0.044	0	3x3xkadu
s1192	2x10md4da	81821033-1192	ok	1.943	1.941	190	2x10md4da
s1033	2x8xmd2	81821033-1033	ok	0.010	0.010	105	2x8xmd2
s5751	8x2xmd4di	81821033-5751	ok	0.053	0.053	110	8x2xmd4di
s4220	5x4xm8db	81821033-4220	ok	0.039	0.039	184	5x4xm8db
s6446	10x3r4db	81821033-6446	timeout	10.076	10.010	-1	10x3r4db
s6186	9x3md4du	81821033-6186	timeout	10.007	10.000	-1	9x3md4du
s5554	8jkm4da	81821033-5554	ok	0.079	0.078	0	8jkm4da
s6065	9x2r4de	81821033-6065	ok	0.681	0.680	152	9x2r4de
s7465	15x2xmd2	81821033-7465	ok	2.882	2.868	482	15x2xmd2
s3108	4x2m4du	81821033-3108	ok	0.135	0.135	20	4x2m4du
s3729	4x7xm4di	81821033-3729	ok	7.369	7.365	380	4x7xm4di
s8544	26jxm8du	81821033-8544	timeout	10.001	9.997	-1	26jxm8du
s8778	29jmd4du	81821033-8778	timeout	10.004	10.002	-1	29jmd4du
s418	2x3xm4da	81821033-418	ok	0.005	0.005	12	2x3xm4da
s503	2x4m2de	81821033-503	ok	0.030	0.030	22	2x4m2de
s690	2x5r4du	81821033-690	ok	0.085	0.085	40	2x5r4du
s1767	3jmd4di	81821033-1767	ok	0.000	0.000	2	3jmd4di
s3120	4x2m8du	81821033-3120	ok	0.615	0.614	24	4x2m8du
s4638	6x2md2du	81821033-4638	ok	0.792	0.792	54	6x2md2du
s6060	9x2du	81821033-6060	timeout	10.065	9.991	-1	9x2du
s436	2x3xkada	81821033-436	ok	0.023	0.023	0	2x3xkada
s8282	24jmd2db	81821033-8282	timeout	10.002	9.995	-1	24jmd2db
s3462	4x5adu	81821033-3462	timeout	10.004	10.000	-1	4x5adu
s3313	4x3xa	81821033-3313	ok	0.005	0.005	41	4x3xa
s4844	6x4m8db	81821033-4844	ok	0.077	0.077	292	6x4m8db
s2369	3x5xr4de	81821033-2369	ok	0.301	0.301	84	3x5xr4de
s6296	10jxdb	81821033-6296	ok	1.629	1.628	22	10jxdb
s4006	5x2xm2da	81821033-4006	ok	0.129	0.129	32	5x2xm2da
s7860	19jxm4du	81821033-7860	timeout	10.004	10.002	-1	19jxm4du
s2429	3x6md2de	81821033-2429	ok	2.074	2.072	137	3x6md2de
s4996	7jada	81821033-4996	ok	0.011	0.011	9	7jada
s8504	26jxdb	81821033-8504	timeout	10.032	9.977	-1	26jxdb
s2994	4jxr4du	81821033-2994	timeout	10.003	10.000	-1	4jxr4du
s3937	5x2a	81821033-3937	ok	0.002	0.002	30	5x2a
s495	2x4r4di	81821033-495	ok	0.006	0.006	24	2x4r4di
s3612	4x6xdu	81821033-3612	timeout	10.004	10.001	-1	4x6xdu
s5062	7jkm2da	81821033-5062	ok	0.005	0.005	0	7jkm2da
s1623	2x14xmd4di	81821033-1623	ok	1.124	1.124	408	2x14xmd4di
s5997	9jxm8di	81821033-5997	ok	0.123	0.123	21	9jxm8di
s4484	6jkm2db	81821033-4484	ok	0.047	0.047	0	6jkm2db
s1014	2x8xadu	81821033-1014	timeout	10.004	9.997	-1	2x8xadu
s1954	3x2xm4da	81821033-1954	ok	0.003	0.003	12	3x2xm4da
s1521	2x13xm4di	81821033-1521	ok	0.707	0.707	348	2x13xm4di
s5770	8x3da	81821033-5770	timeout	10.028	9.954	-1	8x3da
s1892	3x2km2db	81821033-1892	ok	0.037	0.036	0	3x2km2db
s1425	2x12xm4di	81821033-1425	ok	0.548	0.547	296	2x12xm4di
s8670	28jmd2du	81821033-8670	timeout	10.004	10.002	-1	28jmd2du
s7470	15x2xmd2du	81821033-7470	timeout	10.005	10.000	-1	15x2xmd2du
s3823	5jkm4	81821033-3823	ok	0.000	0.000	0	5jkm4
s3191	4x2xm2de	81821033-3191	ok	0.003	0.003	16	4x2xm2de
s1116	2x9xdu	81821033-1116	timeout	10.004	10.002	-1	2x9xdu
s4445	6jmd2de	81821033-4445	ok	0.004	0.004	8	6jmd2de
s4169	5x4md4de	81821033-4169	timeout	10.066	10.000	-1	5x4md4de
s111	2x2r4di	81821033-111	ok	0.000	0.000	4	2x2r4di
s3911	5jxkm2de	81821033-3911	ok	4.769	4.766	0	5jxkm2de
s8673	28jm4di	81821033-8673	timeout	10.004	10.000	-1	28jm4di
s6555	11jmd2di	81821033-6555	ok	0.115	0.115	36	11jmd2di
s4356	5x6m4du	81821033-4356	timeout	10.003	9.997	-1	5x6m4du
s4666	6x2xda	81821033-4666	ok	0.050	0.049	50	6x2xda
s8811	29jxmd2di	81821033-8811	timeout	10.063	9.989	-1	29jxmd2di
s2022	3x3adu	81821033-2022	ok	0.037	0.037	25	3x3adu
s3730	4x7xm4da	81821033-3730	timeout	10.067	10.014	-1	4x7xm4da
s7444	15x2xada	81821033-7444	timeout	10.000	9.996	-1	15x2xada
s4541	6jxmd2de	81821033-4541	ok	0.021	0.021	5	6jxmd2de
s4293	5x5xm2di	81821033-4293	ok	6.130	6.119	278	5x5xm2di
s3599	4x6m8de	81821033-3599	ok	7.498	7.494	280	4x6m8de
s6931	13jm2	81821033-6931	ok	1.360	1.359	62	13jm2
s903	2x7md4di	81821033-903	ok	0.027	0.027	82	2x7md4di
s4718	6x3r4db	81821033-4718	ok	0.022	0.022	148	6x3r4db
s5227	7x2m8	81821033-5227	ok	0.002	0.002	104	7x2m8
s2465	3x6xr4de	81821033-2465	ok	1.629	1.629	136	3x6xr4de
s4224	5x4xm8du	81821033-4224	timeout	10.072	10.020	-1	5x4xm8du
s3563	4x6de	81821033-3563	timeout	10.002	9.999	-1	4x6de
s8118	22jxadu	81821033-8118	timeout	10.033	9.975	-1	22jxadu
s6477	10x3m8di	81821033-6477	timeout	10.002	10.001	-1	10x3m8di
s2519	3x7m2de	81821033-2519	timeout	10.004	9.998	-1	3x7m2de
s1826	3x2adb	81821033-1826	ok	0.001	0.001	10	3x2adb
s7096	13x2xmd4da	81821033-7096	timeout	10.004	10.000	-1	13x2xmd4da
s7964	20jxm8db	81821033-7964	timeout	10.072	9.993	-1	20jxm8db
s6975	13jxr4di	81821033-6975	timeout	10.004	10.002	-1	13jxr4di
s8292	24jm4du	81821033-8292	timeout	10.011	9.999	-1	24jm4du
s514	2x4m4da	81821033-514	ok	0.061	0.061	24	2x4m4da
s6752	12jm4db	81821033-6752	ok	0.055	0.055	52	12jm4db
s6747	12jmd2di	81821033-6747	ok	0.510	0.509	40	12jmd2di
s5729	8x2xr4de	81821033-5729	ok	0.333	0.333	108	8x2xr4de
s8688	28jm8du	81821033-8688	timeout	10.004	10.003	-1	28jm8du
s4361	5x6md4de	81821033-4361	timeout	10.080	9.996	-1	5x6md4de
s8841	30jdi	81821033-8841	timeout	10.004	10.002	-1	30jdi
s2043	3x3md2di	81821033-2043	ok	0.006	0.006	27	3x3md2di
s8559	27jr4di	81821033-8559	timeout	10.011	10.005	-1	27jr4di
s8377	25jmd2	81821033-8377	timeout	10.004	10.002	-1	25jmd2
s4774	6x3xm2da	81821033-4774	ok	1.756	1.755	126	6x3xm2da
s3997	5x2xr4	81821033-3997	ok	0.001	0.001	36	5x2xr4
s1571	2x14m4de	81821033-1571	timeout	10.048	9.972	-1	2x14m4de
s3144	4x2km2du	81821033-3144	ok	0.043	0.043	0	4x2km2du
s7600	17jr4da	81821033-7600	timeout	10.001	9.998	-1	17jr4da
s3906	5jxkr4du	81821033-3906	ok	3.471	3.468	0	5jxkr4du
s5728	8x2xr4da	81821033-5728	ok	0.102	0.102	108	8x2xr4da
s5964	9jxdu	81821033-5964	ok	4.077	4.076	13	9jxdu
s2322	3x5r4du	81821033-2322	ok	2.606	2.603	96	3x5r4du
s7341	15jm8di	81821033-7341	timeout	10.045	9.980	-1	15jm8di
s5876	9jm2db	81821033-5876	ok	0.011	0.011	22	9jm2db
s6766	12jm8da	81821033-6766	timeout	10.004	10.001	-1	12jm8da
s3008	4jxm4db	81821033-3008	ok	0.001	0.001	4	4jxm4db
s4354	5x6m4da	81821033-4354	timeout	10.003	10.002	-1	5x6m4da
s3859	5jxm2	81821033-3859	ok	0.001	0.000	6	5jxm2
s3506	4x5xadb	81821033-3506	ok	0.452	0.452	147	4x5xadb
s407	2x3xm2de	81821033-407	ok	0.001	0.001	8	2x3xm2de
s8978	31jxadb	81821033-8978	timeout	10.007	9.998	-1	31jxadb
s5956	9jxada	81821033-5956	ok	0.334	0.333	15	9jxada
s6954	13jmd4du	81821033-6954	ok	5.461	5.413	50	13jmd4du
s1395	2x12xadi	81821033-1395	ok	3.617	3.613	247	2x12xadi
s8771	29jm4de	81821033-8771	timeout	10.003	9.998	-1	29jm4de
s2044	3x3md2da	81821033-2044	ok	0.057	0.057	25	3x3md2da
s8493	26jm8di	81821033-8493	timeout	10.006	10.000	-1	26jm8di
s5627	8jxkde	81821033-5627	timeout	10.091	10.011	-1	8jxkde
s5117	7jxmd2de	81821033-5117	ok	0.005	0.005	10	7jxmd2de
s1619	2x14xm4de	81821033-1619	timeout	10.004	10.002	-1	2x14xm4de
s791	2x6m2de	81821033-791	ok	0.095	0.095	52	2x6m2de
s3000	4jxm2du	81821033-3000	timeout	10.002	10.000	-1	4jxm2du
s3448	4x4xmd4da	81821033-3448	ok	0.176	0.176	98	4x4xmd4da
s1249	2x11a	81821033-1249	ok	0.138	0.138	229	2x11a
s6368	10x2m4db	81821033-6368	ok	0.042	0.042	200	10x2m4db
s5390	7x4r4db	81821033-5390	timeout	10.008	10.002	-1	7x4r4db
s6213	9x3xm2di	81821033-6213	ok	4.011	4.010	336	9x3xm2di
s533	2x4kade	81821033-533	ok	0.567	0.567	0	2x4kade
s5007	7jr4di	81821033-5007	ok	0.002	0.002	12	7jr4di
s6494	10x3xr4db	81821033-6494	timeout	10.087	10.013	-1	10x3xr4db
s2060	3x3m8db	81821033-2060	ok	0.001	0.001	32	3x3m8db
s1267	2x11m2	81821033-1267	ok	0.064	0.064	246	2x11m2
s6122	9x2xmd2db	81821033-6122	ok	0.095	0.094	136	9x2xmd2db
s4692	6x2xm4du	81821033-4692	ok	0.753	0.751	52	6x2xm4du
s2706	3x9r4du	81821033-2706	timeout	10.000	9.997	-1	3x9r4du
s2497	3x7a	81821033-2497	ok	0.372	0.372	188	3x7a
s3668	4x7m2db	81821033-3668	ok	1.217	1.217	384	4x7m2db
s1276	2x11md2da	81821033-1276	ok	6.403	6.399	230	2x11md2da
s8631	27jxmd4di	81821033-8631	timeout	10.008	10.003	-1	27jxmd4di
s7339	15jm8	81821033-7339	timeout	10.048	9.978	-1	15jm8
s8612	27jxm2db	81821033-8612	timeout	10.002	10.002	-1	27jxm2db
s1493	2x13xade	81821033-1493	timeout	10.002	9.999	-1	2x13xade
s5410	7x4m4da	81821033-5410	timeout	10.008	10.003	-1	7x4m4da
s8085	22jm2di	81821033-8085	timeout	10.068	9.979	-1	22jm2di
s7260	14x2xdu	81821033-7260	timeout	10.004	10.003	-1	14x2xdu
s6712	11x2xmd4da	81821033-6712	ok	3.966	3.943	230	11x2xmd4da
s2980	4jxada	81821033-2980	timeout	10.004	10.000	-1	4jxada
s638	2x4xkr4db	81821033-638	ok	0.006	0.006	0	2x4xkr4db
s1542	2x14adu	81821033-1542	timeout	10.008	10.003	-1	2x14adu
s8541	26jxm8di	81821033-8541	timeout	10.004	10.003	-1	26jxm8di
s3394	4x4m4da	81821033-3394	ok	0.126	0.126	112	4x4m4da
s7778	19jadb	81821033-7778	timeout	10.085	10.013	-1	19jadb
s8184	23jm2du	81821033-8184	timeout	10.006	10.003	-1	23jm2du
s3502	4x5m8da	81821033-3502	ok	0.875	0.875	192	4x5m8da
s3914	5jxkmd2db	81821033-3914	ok	0.507	0.507	0	5jxkmd2db
s3373	4x4r4	81821033-3373	ok	0.004	0.004	116	4x4r4
s2688	3x8xm8du	81821033-2688	timeout	10.008	10.003	-1	3x8xm8du
s1644	2x15du	81821033-1644	timeout	10.001	9.998	-1	2x15du
s4801	6x4a	81821033-4801	ok	0.330	0.330	245	6x4a
s2709	3x9m2di	81821033-2709	ok	3.231	3.229	359	3x9m2di
s1184	2x10m4db	81821033-1184	ok	0.052	0.051	208	2x10m4db
s7192	14jxmd4da	81821033-7192	timeout	10.064	10.002	-1	14jxmd4da
s6360	10x2m2du	81821033-6360	timeout	10.001	9.998	-1	10x2m2du
s3397	4x4md4	81821033-3397	ok	0.005	0.005	122	4x4md4
s2214	3x4adu	81821033-2214	ok	0.632	0.632	49	3x4adu
s1517	2x13xmd2de	81821033-1517	timeout	10.001	9.999	-1	2x13xmd2de
s2555	3x7xde	81821033-2555	timeout	10.000	9.992	-1	3x7xde
s1378	2x12m4da	81821033-1378	ok	3.670	3.669	308	2x12m4da
s8160	22jxm8du	81821033-8160	timeout	10.040	9.964	-1	22jxm8du
s4096	5x3xr4da	81821033-4096	ok	0.221	0.221	84	5x3xr4da
s6045	9jxkm8di	81821033-6045	ok	3.485	3.484	0	9jxkm8di
s7113	14jdi	81821033-7113	ok	5.536	5.532	64	14jdi
s4359	5x6md4di	81821033-4359	ok	3.971	3.969	462	5x6md4di
s5364	7x3xm4du	81821033-5364	timeout	10.004	10.002	-1	7x3xm4du
s8116	22jxada	81821033-8116	timeout	10.034	9.977	-1	22jxada
s5433	7x4xdi	81821033-5433	ok	5.675	5.675	356	7x4xdi
s8025	21jxdi	81821033-8025	timeout	10.007	10.002	-1	21jxdi
s3124	4x2kada	81821033-3124	ok	0.012	0.012	0	4x2kada
s3614	4x6xr4db	81821033-3614	ok	0.187	0.187	272	4x6xr4db
s211	2x2xm2	81821033-211	ok	0.000	0.000	4	2x2xm2
s535	2x4k	81821033-535	ok	0.002	0.002	0	2x4k
s8329	24jxmd2	81821033-8329	timeout	10.003	10.001	-1	24jxmd2
s8829	29jxm8di	81821033-8829	timeout	10.064	9.987	-1	29jxm8di
s5675	8x2de	81821033-5675	ok	0.871	0.864	110	8x2de
s2995	4jxm2	81821033-2995	ok	0.000	0.000	4	4jxm2
s2236	3x4md2da	81821033-2236	ok	0.024	0.024	51	3x4md2da
s6565	11jmd4	81821033-6565	ok	0.311	0.310	46	11jmd4
s2304	3x4xm8du	81821033-2304	timeout	10.004	9.999	-1	3x4xm8du
s4778	6x3xmd2db	81821033-4778	ok	0.070	0.070	130	6x3xmd2db
s7025	13x2r4de	81821033-7025	timeout	10.002	10.000	-1	13x2r4de
s3323	4x3xde	81821033-3323	ok	0.048	0.048	46	4x3xde
s666	2x4xkmd4du	81821033-666	ok	0.061	0.061	0	2x4xkmd4du
s3516	4x5xdu	81821033-3516	timeout	10.004	10.001	-1	4x5xdu
s4848	6x4m8du	81821033-4848	timeout	10.062	9.993	-1	6x4m8du
s331	2x3m8	81821033-331	ok	0.000	0.000	20	2x3m8
s4097	5x3xr4de	81821033-4097	ok	0.199	0.199	84	5x3xr4de
s5780	8x3m2db	81821033-5780	ok	0.458	0.454	276	8x3m2db
s2257	3x4xa	81821033-2257	ok	0.007	0.007	46	3x4xa
s1911	3x2kmd4di	81821033-1911	ok	0.129	0.129	0	3x2kmd4di
s5402	7x4md2db	81821033-5402	ok	9.497	9.493	373	7x4md2db
s5786	8x3md2db	81821033-5786	ok	0.536	0.535	266	8x3md2db
s7580	16jxm8db	81821033-7580	timeout	10.006	10.000	-1	16jxm8db
s7946	20jxmd2db	81821033-7946	timeout	10.004	10.001	-1	20jxmd2db
s5118	7jxmd2du	81821033-5118	ok	0.021	0.020	8	7jxmd2du
s6473	10x3md4de	81821033-6473	timeout	10.008	10.004	-1	10x3md4de
s4925	6x5md2de	81821033-4925	timeout	10.065	9.992	-1	6x5md2de
s1666	2x15m4da	81821033-1666	timeout	10.004	10.001	-1	2x15m4da
s3217	4x2xka	81821033-3217	ok	0.001	0.001	0	4x2xka
s4414	5x6xm8da	81821033-4414	timeout	10.003	10.001	-1	5x6xm8da
s7682	18jadb	81821033-7682	timeout	10.008	10.001	-1	18jadb
s6504	10x3xm2du	81821033-6504	timeout	10.060	9.995	-1	10x3xm2du
s4946	6x5xadb	81821033-4946	timeout	10.003	10.002	-1	6x5xadb
s3662	4x7r4db	81821033-3662	ok	1.573	1.572	392	4x7r4db
s1277	2x11md2de	81821033-1277	timeout	10.004	9.996	-1	2x11md2de
s1502	2x13xr4db	81821033-1502	ok	2.253	2.244	356	2x13xr4db
s1339	2x11xm8	81821033-1339	ok	0.020	0.019	280	2x11xm8
s1585	2x14xa	81821033-1585	ok	2.397	2.397	376	2x14xa
s5130	7jxmd4du	81821033-5130	ok	0.033	0.033	8	7jxmd4du
s2012	3x2xkm8db	81821033-2012	ok	0.001	0.001	0	3x2xkm8db
s3644	4x6xm8db	81821033-3644	ok	2.948	2.946	272	4x6xm8db
s6365	10x2md2de	81821033-6365	ok	5.943	5.940	188	10x2md2de
s4680	6x2xm2du	81821033-4680	ok	7.786	7.783	48	6x2xm2du
s4779	6x3xmd2di	81821033-4779	ok	0.309	0.309	117	6x3xmd2di
s414	2x3xmd2du	81821033-414	ok	0.010	0.010	6	2x3xmd2du
s1421	2x12xmd2de	81821033-1421	timeout	10.071	10.002	-1	2x12xmd2de
s416	2x3xm4db	81821033-416	ok	0.000	0.000	12	2x3xm4db
s5175	7jxkmd4di	81821033-5175	ok	0.405	0.403	0	7jxkmd4di
s2346	3x5md4du	81821033-2346	ok	2.676	2.675	98	3x5md4du
s7068	13x2xdu	81821033-7068	timeout	10.007	9.999	-1	13x2xdu
s4341	5x6m2di	81821033-4341	ok	9.174	9.168	440	5x6m2di
s3781	5jmd4	81821033-3781	ok	0.000	0.000	7	5jmd4
s598	2x4xm2da	81821033-598	ok	0.022	0.022	18	2x4xm2da
s4856	6x4xdb	81821033-4856	ok	0.395	0.395	250	6x4xdb
s7084	13x2xmd2da	81821033-7084	timeout	10.074	10.007	-1	13x2xmd2da
s5411	7x4m4de	81821033-5411	timeout	10.002	9.999	-1	7x4m4de
s2163	3x3xkadi	81821033-2163	ok	0.017	0.017	0	3x3xkadi
s4385	5x6xr4de	81821033-4385	timeout	10.012	10.000	-1	5x6xr4de
s3320	4x3xdb	81821033-3320	ok	0.006	0.006	44	4x3xdb
s3611	4x6xde	81821033-3611	timeout	10.001	10.000	-1	4x6xde
s7194	14jxmd4du	81821033-7194	timeout	10.044	9.996	-1	14jxmd4du
s4134	5x4adu	81821033-4134	timeout	10.002	10.000	-1	5x4adu
s880	2x7r4da	81821033-880	ok	0.114	0.110	80	2x7r4da
s4928	6x5m4db	81821033-4928	ok	5.491	5.490	460	6x5m4db
s2199	3x3xkmd4di	81821033-2199	ok	0.011	0.011	0	3x3xkmd4di
s643	2x4xkm2	81821033-643	ok	0.001	0.000	0	2x4xkm2
s7502	16jr4db	81821033-7502	timeout	10.021	10.000	-1	16jr4db
s2629	3x8md4	81821033-2629	ok	3.708	3.706	306	3x8md4
s2921	4jmd4de	81821033-2921	timeout	10.004	10.002	-1	4jmd4de
s4603	6jxkm8	81821033-4603	ok	0.005	0.005	0	6jxkm8
s5766	8x3adu	81821033-5766	timeout	10.046	9.967	-1	8x3adu
s5536	8jkr4da	81821033-5536	ok	0.115	0.115	0	8jkr4da
s3253	4x2xkmd4	81821033-3253	ok	0.000	0.000	0	4x2xkmd4
s8026	21jxda	81821033-8026	timeout	10.001	10.001	-1	21jxda
s4489	6jkmd2	81821033-4489	ok	0.001	0.000	0	6jkmd2
s4954	6x5xda	81821033-4954	timeout	10.004	9.999	-1	6x5xda
s1330	2x11xm4da	81821033-1330	ok	3.629	3.627	228	2x11xm4da
s7127	14jm2de	81821033-7127	timeout	10.003	9.999	-1	14jm2de
s5264	7x2xm4db	81821033-5264	ok	0.007	0.007	76	7x2xm4db
s4577	6jxkr4de	81821033-4577	timeout	10.040	9.979	-1	6jxkr4de
s8435	25jxm4de	81821033-8435	timeout	10.003	10.002	-1	25jxm4de
s7247	14x2m8de	81821033-7247	timeout	10.006	9.997	-1	14x2m8de
s2880	3x10xm8du	81821033-2880	timeout	10.000	9.998	-1	3x10xm8du
s5971	9jxm2	81821033-5971	ok	0.030	0.030	23	9jxm2
s3086	4x2r4db	81821033-3086	ok	0.000	0.000	24	4x2r4db
s8883	30jxadi	81821033-8883	timeout	10.067	9.998	-1	30jxadi
s2152	3x3xmd4da	81821033-2152	ok	0.066	0.065	26	3x3xmd4da
s3649	4x7a	81821033-3649	ok	0.703	0.703	358	4x7a
s8034	21jxr4du	81821033-8034	timeout	10.004	10.002	-1	21jxr4du
s1803	3jkmd2di	81821033-1803	ok	0.000	0.000	0	3jkmd2di
s4072	5x3md4da	81821033-4072	ok	0.253	0.253	100	5x3md4da
s2904	4jm2du	81821033-2904	timeout	10.004	9.996	-1	4jm2du
s7814	19jmd4db	81821033-7814	timeout	10.054	9.975	-1	19jmd4db
s2644	3x8xada	81821033-2644	timeout	10.005	10.002	-1	3x8xada
s5443	7x4xm2	81821033-5443	ok	0.283	0.282	392	7x4xm2
s7907	20jm4de	81821033-7907	timeout	10.002	9.999	-1	20jm4de
s2144	3x3xm4db	81821033-2144	ok	0.001	0.001	24	3x3xm4db
s8646	28jadu	81821033-8646	timeout	10.016	10.007	-1	28jadu
s219	2x2xmd2di	81821033-219	ok	0.000	0.000	4	2x2xmd2di
s8190	23jmd2du	81821033-8190	timeout	10.004	10.001	-1	23jmd2du
s4413	5x6xm8di	81821033-4413	timeout	10.037	9.977	-1	5x6xm8di
s6934	13jm2da	81821033-6934	timeout	10.007	10.002	-1	13jm2da
s1419	2x12xmd2di	81821033-1419	ok	1.094	1.094	273	2x12xmd2di
s3804	5jkdu	81821033-3804	ok	0.100	0.100	0	5jkdu
s7181	14jxmd2de	81821033-7181	timeout	10.011	10.000	-1	14jxmd2de
s553	2x4kmd2	81821033-553	ok	0.002	0.002	0	2x4kmd2
s2637	3x8m8di	81821033-2637	ok	0.396	0.396	296	3x8m8di
s8992	31jxr4da	81821033-8992	timeout	10.004	9.999	-1	31jxr4da
s8888	30jxdb	81821033-8888	timeout	10.056	9.981	-1	30jxdb
s4018	5x2xm4da	81821033-4018	ok	0.058	0.058	32	5x2xm4da
s4069	5x3md4	81821033-4069	ok	0.003	0.003	102	5x3md4
s8791	29jx	81821033-8791	timeout	10.001	10.000	-1	29jx
s2135	3x3xm2de	81821033-2135	ok	0.015	0.015	23	3x3xm2de
s2124	3x3xdu	81821033-2124	ok	0.068	0.068	20	3x3xdu
s8283	24jmd2di	81821033-8283	timeout	10.009	9.999	-1	24jmd2di
s2395	3x5xm8	81821033-2395	ok	0.003	0.003	100	3x5xm8
s4202	5x4xmd2db	81821033-4202	ok	0.145	0.145	157	5x4xmd2db
s5324	7x3m8db	81821033-5324	ok	0.031	0.031	229	7x3m8db
s1292	2x11m8db	81821033-1292	ok	0.053	0.053	260	2x11m8db
s53	2jkade	81821033-53	timeout	10.008	10.006	-1	2jkade
s3962	5x2md2db	81821033-3962	ok	0.002	0.002	38	5x2md2db
s8349	24jxm8di	81821033-8349	timeout	10.066	10.015	-1	24jxm8di
s5774	8x3r4db	81821033-5774	ok	0.176	0.173	296	8x3r4db
s5355	7x3xmd2di	81821033-5355	ok	1.125	1.125	183	7x3xmd2di
s5719	8x2x	81821033-5719	ok	0.009	0.009	112	8x2x
s8764	29jmd2da	81821033-8764	timeout	10.004	9.999	-1	29jmd2da
s7717	18jmd4	81821033-7717	timeout	10.003	9.997	-1	18jmd4
s6124	9x2xmd2da	81821033-6124	ok	0.817	0.816	135	9x2xmd2da
s8961	31jm4di	81821033-8961	timeout	10.083	10.010	-1	31jm4di
s4697	6x2xmd4de	81821033-4697	ok	0.045	0.045	48	6x2xmd4de
s635	2x4xkde	81821033-635	ok	0.599	0.597	0	2x4xkde
s8892	30jxdu	81821033-8892	timeout	10.003	10.001	-1	30jxdu
s3452	4x4xm8db	81821033-3452	ok	0.006	0.006	112	4x4xm8db
s7428	15x2m4du	81821033-7428	timeout	10.004	10.002	-1	15x2m4du
s7785	19jdi	81821033-7785	timeout	10.002	9.997	-1	19jdi
s7882	20jda	81821033-7882	timeout	10.001	10.000	-1	20jda
s6803	12jxm4de	81821033-6803	timeout	10.100	10.012	-1	12jxm4de
s4994	7jadb	81821033-4994	ok	0.004	0.004	11	7jadb
s928	2x7xr4da	81821033-928	ok	0.236	0.231	68	2x7xr4da
s8322	24jxr4du	81821033-8322	timeout	10.004	10.002	-1	24jxr4du
s3210	4x2xmd4du	81821033-3210	ok	0.019	0.019	16	4x2xmd4du
s5779	8x3m2	81821033-5779	ok	0.241	0.240	282	8x3m2
s917	2x7xade	81821033-917	ok	0.512	0.512	66	2x7xade
s2476	3x6xmd2da	81821033-2476	ok	1.248	1.243	122	3x6xmd2da
s2933	4jkade	81821033-2933	ok	0.111	0.110	0	4jkade
s6100	9x2xada	81821033-6100	ok	5.101	5.097	122	9x2xada
s7196	14jxm8db	81821033-7196	timeout	10.004	10.001	-1	14jxm8db
s8540	26jxm8db	81821033-8540	timeout	10.004	10.001	-1	26jxm8db
s1665	2x15m4di	81821033-1665	ok	1.450	1.450	512	2x15m4di
s6251	10jde	81821033-6251	ok	0.378	0.378	32	10jde
s7138	14jm4da	81821033-7138	timeout	10.032	9.969	-1	14jm4da
s5000	7jdb	81821033-5000	ok	0.001	0.001	16	7jdb
s7680	17jxm8du	81821033-7680	timeout	10.007	10.001	-1	17jxm8du
s6411	10x2xmd2di	81821033-6411	ok	0.427	0.427	170	10x2xmd2di
s8637	27jxm8di	81821033-8637	timeout	10.001	9.998	-1	27jxm8di
s8901	30jxm2di	81821033-8901	timeout	10.002	10.000	-1	30jxm2di
s1711	2x15xm4	81821033-1711	ok	0.181	0.181	528	2x15xm4
s7957	20jxmd4	81821033-7957	timeout	10.055	9.980	-1	20jxmd4
s6403	10x2xm2	81821033-6403	ok	0.190	0.189	190	10x2xm2
s7245	14x2m8di	81821033-7245	ok	0.418	0.413	464	14x2m8di
s7320	15jm2du	81821033-7320	timeout	10.008	10.002	-1	15jm2du
s2847	3x10xr4di	81821033-2847	timeout	10.004	10.002	-1	3x10xr4di
s7962	20jxmd4du	81821033-7962	timeout	10.011	9.997	-1	20jxmd4du
s5478	8jadu	81821033-5478	ok	0.035	0.035	13	8jadu
s6649	11x2md2	81821033-6649	ok	0.078	0.078	244	11x2md2
s8950	31jm2da	81821033-8950	timeout	10.075	10.007	-1	31jm2da
s5555	8jkm4de	81821033-5555	ok	1.229	1.228	0	8jkm4de
s1096	2x9md4da	81821033-1096	ok	0.380	0.379	150	2x9md4da
s8341	24jxmd4	81821033-8341	timeout	10.008	10.002	-1	24jxmd4
s6088	9x2md4da	81821033-6088	ok	0.284	0.283	150	9x2md4da
s6486	10x3xadu	81821033-6486	timeout	10.004	10.002	-1	10x3xadu
s6753	12jm4di	81821033-6753	ok	0.566	0.566	44	12jm4di
s4717	6x3r4	81821033-4717	ok	0.010	0.010	156	6x3r4
s1764	3jm4du	81821033-1764	ok	0.000	0.000	4	3jm4du
s7599	17jr4di	81821033-7599	timeout	10.060	10.002	-1	17jr4di
s3671	4x7m2de	81821033-3671	timeout	10.004	9.995	-1	4x7m2de
s167	2x2km2de	81821033-167	ok	0.000	0.000	0	2x2km2de
s4338	5x6r4du	81821033-4338	timeout	10.002	10.000	-1	5x6r4du
s5524	8jkada	81821033-5524	ok	0.122	0.121	0	8jkada
s1024	2x8xr4da	81821033-1024	ok	0.161	0.161	108	2x8xr4da
s6563	11jm4de	81821033-6563	ok	2.987	2.985	34	11jm4de
s4123	5x3xm8	81821033-4123	ok	0.003	0.002	108	5x3xm8
s4166	5x4md4db	81821033-4166	ok	0.055	0.055	180	5x4md4db
s6125	9x2xmd2de	81821033-6125	ok	4.377	4.374	130	9x2xmd2de
s8281	24jmd2	81821033-8281	timeout	10.039	10.002	-1	24jmd2
s6388	10x2xada	81821033-6388	timeout	10.036	9.999	-1	10x2xada
s6793	12jxmd2	81821033-6793	timeout	10.001	9.996	-1	12jxmd2
s8825	29jxmd4de	81821033-8825	timeout	10.001	9.998	-1	29jxmd4de
s6129	9x2xm4di	81821033-6129	ok	0.064	0.064	144	9x2xm4di
s2522	3x7md2db	81821033-2522	ok	0.159	0.159	196	3x7md2db
s7045	13x2md4	81821033-7045	ok	2.955	2.952	380	13x2md4
s8826	29jxmd4du	81821033-8826	timeout	10.016	9.977	-1	29jxmd4du
s6443	10x3de	81821033-6443	timeout	10.020	9.988	-1	10x3de
s4171	5x4m8	81821033-4171	ok	0.013	0.013	208	5x4m8
s5823	8x3xr4di	81821033-5823	ok	0.788	0.786	260	8x3xr4di
s5574	8jxadu	81821033-5574	ok	0.730	0.725	8	8jxadu
s2510	3x7r4db	81821033-2510	ok	0.156	0.156	208	3x7r4db
s7710	18jmd2du	81821033-7710	timeout	10.004	10.002	-1	18jmd2du
s2114	3x3xadb	81821033-2114	ok	0.002	0.002	21	3x3xadb
s3828	5jkm4du	81821033-3828	ok	0.014	0.014	0	5jkm4du
s1189	2x10md4	81821033-1189	ok	0.022	0.022	208	2x10md4
s4153	5x4md2	81821033-4153	ok	0.036	0.036	184	5x4md2
s6241	10ja	81821033-6241	ok	0.097	0.097	28	10ja
s4823	6x4m2de	81821033-4823	timeout	10.005	9.999	-1	6x4m2de
s3354	4x3xmd4du	81821033-3354	ok	1.714	1.713	46	4x3xmd4du
s7091	13x2xm4de	81821033-7091	timeout	10.084	10.018	-1	13x2xm4de
s3018	4jxmd4du	81821033-3018	timeout	10.004	9.997	-1	4jxmd4du
s5875	9jm2	81821033-5875	ok	0.004	0.004	24	9jm2
s1202	2x10xadb	81821033-1202	ok	0.587	0.587	156	2x10xadb
s4736	6x3m4db	81821033-4736	ok	0.021	0.021	156	6x3m4db
s1999	3x2xkm4	81821033-1999	ok	0.000	0.000	0	3x2xkm4
s7677	17jxm8di	81821033-7677	timeout	10.004	10.000	-1	17jxm8di
s4967	6x5xm2de	81821033-4967	timeout	10.006	10.001	-1	6x5xm2de
s4610	6x2adb	81821033-4610	ok	0.009	0.009	52	6x2adb
s506	2x4md2db	81821033-506	ok	0.001	0.001	21	2x4md2db
s5014	7jm2da	81821033-5014	ok	0.122	0.122	11	7jm2da
s5666	8x2adb	81821033-5666	ok	0.060	0.060	101	8x2adb
s4331	5x6de	81821033-4331	timeout	10.084	10.016	-1	5x6de
s1009	2x8xa	81821033-1009	ok	0.020	0.020	104	2x8xa
s3817	5jkmd2	81821033-3817	ok	0.000	0.000	0	5jkmd2
s6156	9x3du	81821033-6156	timeout	10.010	9.995	-1	9x3du
s2511	3x7r4di	81821033-2511	ok	0.438	0.437	212	3x7r4di
s3026	4jxkadb	81821033-3026	ok	0.002	0.002	0	4jxkadb
s2671	3x8xm4	81821033-2671	ok	0.574	0.573	296	3x8xm4
s5887	9jm4	81821033-5887	ok	0.001	0.001	25	9jm4
s8149	22jxmd4	81821033-8149	timeout	10.004	10.000	-1	22jxmd4
s3700	4x7xada	81821033-3700	timeout	10.008	10.002	-1	4x7xada
s7832	19jxdb	81821033-7832	timeout	10.059	10.001	-1	19jxdb
s961	2x8a	81821033-961	ok	0.018	0.018	104	2x8a
s7926	20jxadu	81821033-7926	timeout	10.008	9.999	-1	20jxadu
s5610	8jxmd4du	81821033-5610	ok	0.209	0.209	10	8jxmd4du
s7144	14jmd4da	81821033-7144	timeout	10.004	10.000	-1	14jmd4da
s4099	5x3xm2	81821033-4099	ok	0.010	0.010	94	5x3xm2
s4077	5x3m8di	81821033-4077	ok	0.044	0.044	104	5x3m8di
s859	2x6xm8	81821033-859	ok	0.001	0.001	60	2x6xm8
s8113	22jxa	81821033-8113	timeout	10.004	9.996	-1	22jxa
s8043	21jxmd2di	81821033-8043	timeout	10.045	9.982	-1	21jxmd2di
s8527	26jxm4	81821033-8527	timeout	10.002	9.997	-1	26jxm4
s4616	6x2db	81821033-4616	ok	0.003	0.003	58	6x2db
s2704	3x9r4da	81821033-2704	timeout	10.004	9.999	-1	3x9r4da
s6383	10x2m8de	81821033-6383	ok	0.530	0.530	220	10x2m8de
s3724	4x7xmd2da	81821033-3724	timeout	10.008	10.003	-1	4x7xmd2da
s8000	21jm4db	81821033-8000	timeout	10.004	9.987	-1	21jm4db
s8490	26jmd4du	81821033-8490	timeout	10.041	9.975	-1	26jmd4du
s2594	3x8adb	81821033-2594	ok	2.744	2.742	250	3x8adb
s650	2x4xkmd2db	81821033-650	ok	0.008	0.008	0	2x4xkmd2db
s5662	8jxkm8da	81821033-5662	ok	1.476	1.474	0	8jxkm8da
s2310	3x5adu	81821033-2310	timeout	10.005	9.996	-1	3x5adu
s6867	12x2xadi	81821033-6867	ok	2.937	2.914	248	12x2xadi
s8944	31jr4da	81821033-8944	timeout	10.004	10.003	-1	31jr4da
s5929	9jkmd2	81821033-5929	ok	0.060	0.060	0	9jkmd2
s1115	2x9xde	81821033-1115	ok	6.453	6.452	126	2x9xde
s4136	5x4db	81821033-4136	ok	0.095	0.095	176	5x4db
s1754	3jmd2db	81821033-1754	ok	0.000	0.000	2	3jmd2db
s6111	9x2xr4di	81821033-6111	ok	0.088	0.088	148	9x2xr4di
s8591	27jm8de	81821033-8591	timeout	10.018	10.002	-1	27jm8de
s5654	8jxkmd4db	81821033-5654	ok	0.063	0.060	0	8jxkmd4db
s7022	13x2r4db	81821033-7022	ok	0.215	0.214	368	13x2r4db
s6781	12jxr4	81821033-6781	timeout	10.022	9.985	-1	12jxr4
s5479	8j	81821033-5479	ok	0.002	0.002	20	8j
s919	2x7x	81821033-919	ok	0.006	0.006	78	2x7x
s6453	10x3m2di	81821033-6453	timeout	10.004	10.002	-1	10x3m2di
s7268	14x2xm2db	81821033-7268	ok	3.498	3.498	390	14x2xm2db
s3228	4x2xkdu	81821033-3228	ok	0.161	0.161	0	4x2xkdu
s6335	10jxm8de	81821033-6335	timeout	10.002	10.000	-1	10jxm8de
s10	2jda	81821033-10	ok	0.000	0.000	2	2jda
s4007	5x2xm2de	81821033-4007	ok	0.109	0.109	30	5x2xm2de
s8130	22jxr4du	81821033-8130	timeout	10.050	10.004	-1	22jxr4du
s4009	5x2xmd2	81821033-4009	ok	0.001	0.001	31	5x2xmd2
s173	2x2kmd2de	81821033-173	ok	0.000	0.000	0	2x2kmd2de
s5973	9jxm2di	81821033-5973	ok	0.983	0.983	17	9jxm2di
s1208	2x10xdb	81821033-1208	ok	0.286	0.286	168	2x10xdb
s7675	17jxm8	81821033-7675	timeout	10.055	10.001	-1	17jxm8
s6598	11jxm2da	81821033-6598	timeout	10.002	9.999	-1	11jxm2da
s7751	18jxm2de	81821033-7751	timeout	10.000	9.999	-1	18jxm2de
s6404	10x2xm2db	81821033-6404	ok	0.142	0.142	178	10x2xm2db
s3136	4x2kr4da	81821033-3136	ok	0.035	0.035	0	4x2kr4da
s37	2jmd4	81821033-37	ok	0.000	0.000	2	2jmd4
s7390	15jxm8da	81821033-7390	timeout	10.011	10.006	-1	15jxm8da
s8152	22jxmd4da	81821033-8152	timeout	10.060	9.988	-1	22jxmd4da
s8336	24jxm4db	81821033-8336	timeout	10.012	10.007	-1	24jxm4db
s1483	2x13m8	81821033-1483	ok	0.079	0.079	412	2x13m8
s5417	7x4md4de	81821033-5417	timeout	10.006	10.003	-1	7x4md4de
s3356	4x3xm8db	81821033-3356	ok	0.002	0.002	52	4x3xm8db
s7713	18jm4di	81821033-7713	timeout	10.008	10.002	-1	18jm4di
s271	2x2xkm4	81821033-271	ok	0.000	0.000	0	2x2xkm4
s4820	6x4m2db	81821033-4820	ok	0.938	0.938	266	6x4m2db
s5534	8jkr4db	81821033-5534	ok	0.037	0.036	0	8jkr4db
s9007	31jxm4	81821033-9007	timeout	10.056	9.974	-1	31jxm4
s1709	2x15xmd2de	81821033-1709	timeout	10.001	9.996	-1	2x15xmd2de
s7912	20jmd4da	81821033-7912	timeout	10.003	9.997	-1	20jmd4da
s5449	7x4xmd2	81821033-5449	ok	0.532	0.529	381	7x4xmd2
s65	2jkr4de	81821033-65	timeout	10.001	10.000	-1	2jkr4de
s1989	3x2xkm2di	81821033-1989	ok	0.036	0.036	0	3x2xkm2di
s5912	9jkdb	81821033-5912	ok	0.002	0.002	0	9jkdb
s5515	8jm8	81821033-5515	ok	0.001	0.001	28	8jm8
s3179	4x2xde	81821033-3179	ok	0.009	0.009	16	4x2xde
s4837	6x4md4	81821033-4837	ok	0.065	0.065	286	6x4md4
s1573	2x14md4	81821033-1573	ok	0.248	0.246	450	2x14md4
s3167	4x2km8de	81821033-3167	ok	0.540	0.540	0	4x2km8de
s5150	7jxkr4db	81821033-5150	ok	0.155	0.155	0	7jxkr4db
s424	2x3xmd4da	81821033-424	timeout	10.052	9.982	-1	2x3xmd4da
s4976	6x5xm4db	81821033-4976	ok	5.242	5.240	424	6x5xm4db
s6912	12x2xm8du	81821033-6912	timeout	10.006	9.991	-1	12x2xm8du
s6583	11jx	81821033-6583	timeout	10.002	10.002	-1	11jx
s2084	3x3km2db	81821033-2084	ok	0.006	0.005	0	3x3km2db
s6265	10jmd2	81821033-6265	ok	0.002	0.002	31	10jmd2
s6449	10x3r4de	81821033-6449	timeout	10.096	10.016	-1	10x3r4de
s2786	3x10adb	81821033-2786	timeout	10.001	9.999	-1	3x10adb
s8678	28jmd4db	81821033-8678	timeout	10.008	10.001	-1	28jmd4db
s3848	5jxdb	81821033-3848	ok	0.001	0.001	4	5jxdb
s1372	2x12md2da	81821033-1372	ok	7.687	7.637	291	2x12md2da
s5303	7x3m2de	81821033-5303	timeout	10.004	10.003	-1	7x3m2de
s5493	8jm2di	81821033-5493	ok	0.004	0.004	16	8jm2di
s353	2x3kr4de	81821033-353	ok	0.438	0.438	0	2x3kr4de
s3966	5x2md2du	81821033-3966	ok	0.411	0.411	34	5x2md2du
s20	2jm2db	81821033-20	ok	0.000	0.000	2	2jm2db
s6492	10x3xdu	81821033-6492	timeout	10.004	10.000	-1	10x3xdu
s3813	5jkm2di	81821033-3813	ok	0.046	0.046	0	5jkm2di
s2027	3x3de	81821033-2027	ok	0.175	0.175	30	3x3de
s5351	7x3xm2de	81821033-5351	timeout	10.010	10.003	-1	7x3xm2de
s8767	29jm4	81821033-8767	timeout	10.080	10.011	-1	29jm4
s4804	6x4ada	81821033-4804	timeout	10.002	10.000	-1	6x4ada
s5865	9jdi	81821033-5865	ok	0.033	0.033	22	9jdi
s4168	5x4md4da	81821033-4168	ok	1.863	1.849	182	5x4md4da
s7976	21jdb	81821033-7976	timeout	10.002	10.001	-1	21jdb
s545	2x4kr4de	81821033-545	ok	2.230	2.229	0	2x4kr4de
s8257	24ja	81821033-8257	timeout	10.012	10.005	-1	24ja
s6048	9jxkm8du	81821033-6048	timeout	10.003	10.001	-1	9jxkm8du
s4579	6jxkm2	81821033-4579	ok	0.016	0.016	0	6jxkm2
s3025	4jxka	81821033-3025	ok	0.000	0.000	0	4jxka
s8412	25jxdu	81821033-8412	timeout	10.033	9.962	-1	25jxdu
s5906	9jkadb	81821033-5906	ok	0.168	0.167	0	9jkadb
s3821	5jkmd2de	81821033-3821	ok	0.034	0.034	0	5jkmd2de
s2887	4j	81821033-2887	ok	0.000	0.000	4	4j
s4279	5x5x	81821033-4279	ok	4.803	4.800	294	5x5x
s820	2x6xada	81821033-820	ok	0.094	0.094	43	2x6xada
s2840	3x10xdb	81821033-2840	timeout	10.002	10.000	-1	3x10xdb
s2831	3x10m8de	81821033-2831	timeout	10.003	10.002	-1	3x10m8de
s1273	2x11md2	81821033-1273	ok	0.070	0.070	244	2x11md2
s2833	3x10xa	81821033-2833	timeout	10.060	9.985	-1	3x10xa
s7477	15x2xmd4	81821033-7477	ok	0.169	0.165	520	15x2xmd4
s3235	4x2xkm2	81821033-3235	ok	0.001	0.000	0	4x2xkm2
s308	2x3m2db	81821033-308	ok	0.001	0.001	12	2x3m2db
s6031	9jxkm4	81821033-6031	ok	0.925	0.919	0	9jxkm4
s6806	12jxmd4db	81821033-6806	timeout	10.006	9.998	-1	12jxmd4db
s8144	22jxm4db	81821033-8144	timeout	10.004	10.001	-1	22jxm4db
s6866	12x2xadb	81821033-6866	ok	2.773	2.750	253	12x2xadb
s4505	6jkmd4de	81821033-4505	ok	0.785	0.780	0	6jkmd4de
s8456	26jdb	81821033-8456	timeout	10.001	9.999	-1	26jdb
s1749	3jm2di	81821033-1749	ok	0.000	0.000	2	3jm2di
s2032	3x3r4da	81821033-2032	ok	0.514	0.513	32	3x3r4da
s7340	15jm8db	81821033-7340	timeout	10.012	10.002	-1	15jm8db
s7366	15jxm2da	81821033-7366	timeout	10.004	10.002	-1	15jxm2da
s6887	12x2xm2de	81821033-6887	timeout	10.073	10.015	-1	12x2xm2de
s2726	3x9md4db	81821033-2726	timeout	10.003	10.002	-1	3x9md4db
s4864	6x4xr4da	81821033-4864	ok	8.162	8.155	256	6x4xr4da
s793	2x6md2	81821033-793	ok	0.002	0.002	60	2x6md2
s1813	3jkmd4	81821033-1813	ok	0.000	0.000	0	3jkmd4
s2761	3x9xmd2	81821033-2761	ok	8.641	8.630	359	3x9xmd2
s6909	12x2xm8di	81821033-6909	ok	0.206	0.206	300	12x2xm8di
s6834	12x2r4du	81821033-6834	timeout	10.080	10.004	-1	12x2r4du
s2517	3x7m2di	81821033-2517	ok	0.629	0.625	193	3x7m2di
s4591	6jxkm4	81821033-4591	ok	0.009	0.009	0	6jxkm4
s7016	13x2db	81821033-7016	ok	1.133	1.128	352	13x2db
s3388	4x4md2da	81821033-3388	ok	0.453	0.451	96	4x4md2da
s3825	5jkm4di	81821033-3825	ok	0.047	0.047	0	5jkm4di
s8967	31jmd4di	81821033-8967	timeout	10.004	10.002	-1	31jmd4di
s5836	8x3xmd2da	81821033-5836	timeout	10.007	10.002	-1	8x3xmd2da
s964	2x8ada	81821033-964	ok	0.730	0.730	100	2x8ada
s5421	7x4m8di	81821033-5421	ok	2.494	2.493	408	7x4m8di
s3720	4x7xm2du	81821033-3720	timeout	10.019	9.998	-1	4x7xm2du
s744	2x5xm2du	81821033-744	ok	1.077	1.075	26	2x5xm2du
s858	2x6xmd4du	81821033-858	ok	0.919	0.919	48	2x6xmd4du
s6051	9x2adi	81821033-6051	ok	0.261	0.261	140	9x2adi
s8831	29jxm8de	81821033-8831	timeout	10.047	9.999	-1	29jxm8de
s6589	11jxr4	81821033-6589	ok	0.675	0.675	44	11jxr4
s1668	2x15m4du	81821033-1668	timeout	10.004	10.002	-1	2x15m4du
s1561	2x14md2	81821033-1561	ok	0.300	0.300	426	2x14md2
s6776	12jxdb	81821033-6776	timeout	10.032	9.967	-1	12jxdb
s3155	4x2km4de	81821033-3155	ok	0.340	0.340	0	4x2km4de
s8297	24jmd4de	81821033-8297	timeout	10.004	10.003	-1	24jmd4de
s8625	27jxm4di	81821033-8625	timeout	10.005	9.999	-1	27jxm4di
s6077	9x2md2de	81821033-6077	ok	3.043	3.043	148	9x2md2de
s1323	2x11xmd2di	81821033-1323	ok	1.070	1.070	221	2x11xmd2di
s8636	27jxm8db	81821033-8636	timeout	10.027	10.004	-1	27jxm8db
s2313	3x5di	81821033-2313	ok	0.051	0.051	90	3x5di
s5149	7jxkr4	81821033-5149	ok	0.001	0.001	0	7jxkr4
s5562	8jkmd4du	81821033-5562	ok	2.282	2.282	0	8jkmd4du
s2408	3x6db	81821033-2408	ok	0.057	0.057	136	3x6db
s5146	7jxkda	81821033-5146	ok	0.639	0.639	0	7jxkda
s8146	22jxm4da	81821033-8146	timeout	10.055	9.997	-1	22jxm4da
s5616	8jxm8du	81821033-5616	ok	0.249	0.245	12	8jxm8du
s4590	6jxkmd2du	81821033-4590	timeout	10.004	9.998	-1	6jxkmd2du
s8576	27jm4db	81821033-8576	timeout	10.002	10.000	-1	27jm4db
s1848	3x2m2du	81821033-1848	ok	3.172	3.172	12	3x2m2du
s4943	6x5m8de	81821033-4943	timeout	10.000	9.997	-1	6x5m8de
s5521	8jka	81821033-5521	ok	0.002	0.002	0	8jka
s3651	4x7adi	81821033-3651	timeout	10.099	10.007	-1	4x7adi
s8270	24jr4db	81821033-8270	timeout	10.004	9.996	-1	24jr4db
s3904	5jxkr4da	81821033-3904	ok	3.632	3.631	0	5jxkr4da
s3854	5jxr4db	81821033-3854	ok	0.001	0.001	4	5jxr4db
s5029	7jmd4	81821033-5029	ok	0.001	0.000	14	7jmd4
s4211	5x4xm4de	81821033-4211	ok	4.488	4.487	168	5x4xm4de
s8963	31jm4de	81821033-8963	timeout	10.001	9.998	-1	31jm4de
s6397	10x2xr4	81821033-6397	ok	0.016	0.016	200	10x2xr4
s3776	5jm4db	81821033-3776	ok	0.000	0.000	5	5jm4db
s4649	6x2md4de	81821033-4649	ok	0.180	0.180	58	6x2md4de
s4094	5x3xr4db	81821033-4094	ok	0.049	0.049	84	5x3xr4db
s7948	20jxmd2da	81821033-7948	timeout	10.068	9.998	-1	20jxmd2da
s312	2x3m2du	81821033-312	ok	0.822	0.821	12	2x3m2du
s7119	14jr4di	81821033-7119	timeout	10.004	9.998	-1	14jr4di
s473	2x3xkmd4de	81821033-473	ok	0.024	0.024	0	2x3xkmd4de
s6627	11x2adi	81821033-6627	ok	1.076	1.075	218	11x2adi
s2042	3x3md2db	81821033-2042	ok	0.001	0.001	28	3x3md2db
s5082	7jkmd4du	81821033-5082	ok	0.760	0.760	0	7jkmd4du
s5057	7jkr4de	81821033-5057	ok	0.300	0.300	0	7jkr4de
s3114	4x2md4du	81821033-3114	ok	0.064	0.064	22	4x2md4du
s2037	3x3m2di	81821033-2037	ok	0.012	0.012	28	3x3m2di
s612	2x4xm4du	81821033-612	ok	0.034	0.034	16	2x4xm4du
s8348	24jxm8db	81821033-8348	timeout	10.005	10.004	-1	24jxm8db
s4727	6x3m2de	81821033-4727	ok	2.806	2.806	140	6x3m2de
s5393	7x4r4de	81821033-5393	timeout	10.056	9.980	-1	7x4r4de
s3642	4x6xmd4du	81821033-3642	timeout	10.004	10.002	-1	4x6xmd4du
s7513	16jmd2	81821033-7513	timeout	10.007	9.999	-1	16jmd2
s8877	30jm8di	81821033-8877	timeout	10.002	10.000	-1	30jm8di
s8366	25jr4db	81821033-8366	timeout	10.084	10.011	-1	25jr4db
s8107	22jm8	81821033-8107	timeout	10.004	10.001	-1	22jm8
s5266	7x2xm4da	81821033-5266	ok	0.081	0.081	80	7x2xm4da
s2203	3x3xkm8	81821033-2203	ok	0.001	0.000	0	3x3xkm8
s1077	2x9m2di	81821033-1077	ok	0.226	0.226	146	2x9m2di
s4767	6x3xr4di	81821033-4767	ok	0.238	0.237	128	6x3xr4di
s1886	3x2kr4db	81821033-1886	ok	0.006	0.006	0	3x2kr4db
s6830	12x2r4db	81821033-6830	ok	0.141	0.141	300	12x2r4db
s5078	7jkmd4db	81821033-5078	ok	0.055	0.055	0	7jkmd4db
s154	2x2kda	81821033-154	ok	0.000	0.000	0	2x2kda
s8332	24jxmd2da	81821033-8332	timeout	10.008	10.001	-1	24jxmd2da
s5628	8jxkdu	81821033-5628	timeout	10.004	10.001	-1	8jxkdu
s3503	4x5m8de	81821033-3503	ok	5.893	5.890	188	4x5m8de
s1632	2x14xm8du	81821033-1632	timeout	10.001	9.998	-1	2x14xm8du
s693	2x5m2di	81821033-693	ok	0.004	0.004	38	2x5m2di
s3841	5jxa	81821033-3841	ok	0.001	0.001	5	5jxa
s8838	30jadu	81821033-8838	timeout	10.066	10.001	-1	30jadu
s4461	6jm8di	81821033-4461	ok	0.006	0.006	8	6jm8di
s188	2x2km8db	81821033-188	ok	0.000	0.000	0	2x2km8db
s1822	3jkm8da	81821033-1822	ok	0.000	0.000	0	3jkm8da
s2275	3x4xm2	81821033-2275	ok	0.002	0.002	54	3x4xm2
s5910	9jkadu	81821033-5910	ok	0.588	0.588	0	9jkadu
s1265	2x11r4de	81821033-1265	ok	3.574	3.573	252	2x11r4de
s712	2x5md4da	81821033-712	ok	0.052	0.051	40	2x5md4da
s4752	6x3m8du	81821033-4752	timeout	10.004	10.002	-1	6x3m8du
s7944	20jxm2du	81821033-7944	timeout	10.102	10.024	-1	20jxm2du
s7587	17jadi	81821033-7587	timeout	10.006	10.000	-1	17jadi
s3928	5jxkmd4da	81821033-3928	ok	0.285	0.284	0	5jxkmd4da
s6008	9jxkdb	81821033-6008	ok	2.010	2.009	0	9jxkdb
s8354	25jadb	81821033-8354	timeout	10.001	10.000	-1	25jadb
s7412	15x2m2db	81821033-7412	ok	1.211	1.211	496	15x2m2db
s5763	8x3adi	81821033-5763	ok	4.645	4.642	239	8x3adi
s2035	3x3m2	81821033-2035	ok	0.001	0.001	31	3x3m2
s947	2x7xm4de	81821033-947	ok	0.317	0.316	76	2x7xm4de
s1970	3x2xkadb	81821033-1970	ok	0.005	0.005	0	3x2xkadb
s7662	17jxmd2du	81821033-7662	timeout	10.008	10.000	-1	17jxmd2du
s2742	3x9xadu	81821033-2742	timeout	10.063	9.989	-1	3x9xadu
s5316	7x3m4du	81821033-5316	timeout	10.002	10.000	-1	7x3m4du
s824	2x6xdb	81821033-824	ok	0.006	0.006	52	2x6xdb
s468	2x3xkm4du	81821033-468	ok	0.056	0.056	0	2x3xkm4du
s1996	3x2xkmd2da	81821033-1996	ok	0.144	0.144	0	3x2xkmd2da
s5081	7jkmd4de	81821033-5081	ok	1.357	1.356	0	7jkmd4de
s2780	3x9xm8db	81821033-2780	ok	7.099	7.093	360	3x9xm8db
s4431	6jr4di	81821033-4431	ok	0.005	0.005	8	6jr4di
s1841	3x2r4de	81821033-1841	ok	0.014	0.014	12	3x2r4de
s2470	3x6xm2da	81821033-2470	ok	1.918	1.916	132	3x6xm2da
s1880	3x2kdb	81821033-1880	ok	0.014	0.013	0	3x2kdb
s4536	6jxm2du	81821033-4536	ok	0.005	0.005	6	6jxm2du
s2038	3x3m2da	81821033-2038	ok	0.063	0.063	26	3x3m2da
s5187	7x2adi	81821033-5187	ok	0.052	0.052	72	7x2adi
s2507	3x7de	81821033-2507	timeout	10.005	9.998	-1	3x7de
s1602	2x14xr4du	81821033-1602	timeout	10.056	9.984	-1	2x14xr4du
s4252	5x5md2da	81821033-4252	timeout	10.004	10.002	-1	5x5md2da
s2973	4jkm8di	81821033-2973	ok	0.048	0.048	0	4jkm8di
s4158	5x4md2du	81821033-4158	timeout	10.001	9.994	-1	5x4md2du
s3390	4x4md2du	81821033-3390	timeout	10.004	10.000	-1	4x4md2du
s2529	3x7m4di	81821033-2529	ok	0.310	0.309	206	3x7m4di
s544	2x4kr4da	81821033-544	ok	0.047	0.047	0	2x4kr4da
s2433	3x6m4di	81821033-2433	ok	0.202	0.202	156	3x6m4di
s4029	5x2xm8di	81821033-4029	ok	0.007	0.007	40	5x2xm8di
s4620	6x2du	81821033-4620	ok	0.360	0.360	56	6x2du
s6700	11x2xmd2da	81821033-6700	timeout	10.112	10.033	-1	11x2xmd2da
s5115	7jxmd2di	81821033-5115	ok	0.014	0.014	8	7jxmd2di
s8889	30jxdi	81821033-8889	timeout	10.004	10.003	-1	30jxdi
s1676	2x15m8db	81821033-1676	ok	0.321	0.321	516	2x15m8db
s4426	6jda	81821033-4426	ok	0.007	0.007	8	6jda
s6691	11x2xm2	81821033-6691	ok	1.160	1.160	246	11x2xm2
s8203	23jm8	81821033-8203	timeout	10.004	10.002	-1	23jm8
s4858	6x4xda	81821033-4858	timeout	10.009	10.000	-1	6x4xda
s8581	27jmd4	81821033-8581	timeout	10.058	10.000	-1	27jmd4
s2588	3x7xm8db	81821033-2588	ok	0.092	0.091	204	3x7xm8db
s7954	20jxm4da	81821033-7954	timeout	10.002	10.000	-1	20jxm4da
s7235	14x2m4de	81821033-7235	timeout	10.004	10.000	-1	14x2m4de
s1580	2x14m8db	81821033-1580	ok	0.227	0.227	448	2x14m8db
s3148	4x2kmd2da	81821033-3148	ok	0.014	0.014	0	4x2kmd2da
s4295	5x5xm2de	81821033-4295	timeout	10.008	9.999	-1	5x5xm2de
s48	2jm8du	81821033-48	crash	0.000	0.000	-1	2jm8du
s3169	4x2xa	81821033-3169	ok	0.001	0.001	15	4x2xa
s4020	5x2xm4du	81821033-4020	ok	0.152	0.152	28	5x2xm4du
s8539	26jxm8	81821033-8539	timeout	10.080	10.011	-1	26jxm8
s5447	7x4xm2de	81821033-5447	timeout	10.004	10.003	-1	7x4xm2de
s2079	3x3kr4di	81821033-2079	ok	0.063	0.062	0	3x3kr4di
s5715	8x2xadi	81821033-5715	ok	0.187	0.186	89	8x2xadi
s4433	6jr4de	81821033-4433	ok	0.009	0.009	12	6jr4de
s602	2x4xmd2db	81821033-602	ok	0.001	0.001	18	2x4xmd2db
s7730	18jxadb	81821033-7730	timeout	10.002	10.000	-1	18jxadb
s4296	5x5xm2du	81821033-4296	timeout	10.002	9.996	-1	5x5xm2du
s5176	7jxkmd4da	81821033-5176	ok	0.579	0.579	0	7jxkmd4da
s1646	2x15r4db	81821033-1646	ok	6.004	6.003	516	2x15r4db
s7480	15x2xmd4da	81821033-7480	timeout	10.076	10.010	-1	15x2xmd4da
s6874	12x2xda	81821033-6874	timeout	10.012	9.990	-1	12x2xda
s1480	2x13md4da	81821033-1480	timeout	10.008	9.992	-1	2x13md4da
s4383	5x6xr4di	81821033-4383	timeout	10.004	10.003	-1	5x6xr4di
s6980	13jxm2db	81821033-6980	timeout	10.016	9.969	-1	13jxm2db
s4761	6x3xdi	81821033-4761	ok	0.252	0.252	124	6x3xdi
s5186	7x2adb	81821033-5186	ok	0.023	0.023	74	7x2adb
s5126	7jxmd4db	81821033-5126	ok	0.002	0.002	12	7jxmd4db
s633	2x4xkdi	81821033-633	ok	0.006	0.006	0	2x4xkdi
s5056	7jkr4da	81821033-5056	ok	0.147	0.147	0	7jkr4da
s540	2x4kdu	81821033-540	ok	0.296	0.296	0	2x4kdu
s3565	4x6r4	81821033-3565	ok	0.049	0.049	296	4x6r4
s291	2x3adi	81821033-291	ok	0.122	0.122	9	2x3adi
s2154	3x3xmd4du	81821033-2154	ok	0.199	0.199	20	3x3xmd4du
s3242	4x2xkmd2db	81821033-3242	ok	0.002	0.002	0	4x2xkmd2db
s3639	4x6xmd4di	81821033-3639	ok	2.008	2.005	256	4x6xmd4di
s6701	11x2xmd2de	81821033-6701	timeout	10.000	9.999	-1	11x2xmd2de
s7414	15x2m2da	81821033-7414	timeout	10.076	10.000	-1	15x2m2da
s7074	13x2xr4du	81821033-7074	timeout	10.004	10.003	-1	13x2xr4du
s7292	14x2xm8db	81821033-7292	ok	2.276	2.264	420	14x2xm8db
s1117	2x9xr4	81821033-1117	ok	0.010	0.010	156	2x9xr4
s1829	3x2ade	81821033-1829	ok	0.029	0.029	10	3x2ade
s8379	25jmd2di	81821033-8379	timeout	10.001	9.995	-1	25jmd2di
s5646	8jxkmd2du	81821033-5646	ok	4.386	4.386	0	8jxkmd2du
s8823	29jxmd4di	81821033-8823	timeout	10.004	10.003	-1	29jxmd4di
s3022	4jxm8da	81821033-3022	timeout	10.056	9.995	-1	4jxm8da
s8988	31jxdu	81821033-8988	timeout	10.036	10.002	-1	31jxdu
s4066	5x3m4da	81821033-4066	ok	0.083	0.082	103	5x3m4da
s7850	19jxmd2db	81821033-7850	timeout	10.001	10.000	-1	19jxmd2db
s235	2x2xm8	81821033-235	crash	0.000	0.000	-1	2x2xm8
s5739	8x2xmd2di	81821033-5739	ok	0.173	0.173	99	8x2xmd2di
s1490	2x13xadb	81821033-1490	ok	2.282	2.279	303	2x13xadb
s2230	3x4m2da	81821033-2230	ok	0.177	0.177	54	3x4m2da
s1856	3x2m4db	81821033-1856	ok	0.000	0.000	16	3x2m4db
s5556	8jkm4du	81821033-5556	ok	2.038	2.028	0	8jkm4du
s7697	18jr4de	81821033-7697	timeout	10.004	10.003	-1	18jr4de
s7172	14jxm2db	81821033-7172	timeout	10.006	9.995	-1	14jxm2db
s4980	6x5xm4du	81821033-4980	timeout	10.005	10.003	-1	6x5xm4du
s5219	7x2m4de	81821033-5219	ok	0.127	0.127	92	7x2m4de
s6548	11jm2db	81821033-6548	ok	0.229	0.228	38	11jm2db
s8966	31jmd4db	81821033-8966	timeout	10.062	9.987	-1	31jmd4db
s4109	5x3xmd2de	81821033-4109	ok	0.365	0.364	71	5x3xmd2de
s2015	3x2xkm8de	81821033-2015	ok	0.163	0.163	0	3x2xkm8de
s4672	6x2xr4da	81821033-4672	ok	0.024	0.024	48	6x2xr4da
s4756	6x3xada	81821033-4756	ok	2.898	2.896	115	6x3xada
s412	2x3xmd2da	81821033-412	ok	0.034	0.034	7	2x3xmd2da
s2916	4jm4du	81821033-2916	timeout	10.004	10.003	-1	4jm4du
s6539	11jde	81821033-6539	ok	0.879	0.879	36	11jde
s6478	10x3m8da	81821033-6478	timeout	10.004	10.003	-1	10x3m8da
s34	2jm4da	81821033-34	crash	0.000	0.000	-1	2jm4da
s966	2x8adu	81821033-966	timeout	10.035	9.976	-1	2x8adu
s3936	5jxkm8du	81821033-3936	ok	0.904	0.900	0	5jxkm8du
s6560	11jm4db	81821033-6560	ok	0.048	0.048	40	11jm4db
s6215	9x3xm2de	81821033-6215	timeout	10.008	10.000	-1	9x3xm2de
s8040	21jxm2du	81821033-8040	timeout	10.000	9.998	-1	21jxm2du
s5037	7jm8di	81821033-5037	ok	0.001	0.001	12	7jm8di
s7757	18jxmd2de	81821033-7757	timeout	10.003	10.002	-1	18jxmd2de
s758	2x5xmd4db	81821033-758	ok	0.001	0.001	32	2x5xmd4db
s7114	14jda	81821033-7114	timeout	10.083	10.012	-1	14jda
s2952	4jkm2du	81821033-2952	ok	0.008	0.008	0	4jkm2du
s1565	2x14md2de	81821033-1565	timeout	10.004	9.998	-1	2x14md2de
s4929	6x5m4di	81821033-4929	ok	3.413	3.411	472	6x5m4di
s7901	20jmd2de	81821033-7901	timeout	10.003	10.000	-1	20jmd2de
s110	2x2r4db	81821033-110	ok	0.000	0.000	4	2x2r4db
s2779	3x9xm8	81821033-2779	ok	5.384	5.380	412	3x9xm8
s692	2x5m2db	81821033-692	ok	0.002	0.001	38	2x5m2db
s4409	5x6xmd4de	81821033-4409	timeout	10.071	10.007	-1	5x6xmd4de
s2225	3x4r4de	81821033-2225	ok	0.045	0.044	64	3x4r4de
s2621	3x8md2de	81821033-2621	timeout	10.002	9.998	-1	3x8md2de
s3340	4x3xmd2da	81821033-3340	ok	0.041	0.041	48	4x3xmd2da
s3380	4x4m2db	81821033-3380	ok	0.023	0.023	104	4x4m2db
s8352	24jxm8du	81821033-8352	timeout	10.003	10.001	-1	24jxm8du
s3981	5x2m8di	81821033-3981	ok	0.143	0.143	36	5x2m8di
s4659	6x2xadi	81821033-4659	ok	0.021	0.021	41	6x2xadi
s4741	6x3md4	81821033-4741	ok	0.011	0.011	154	6x3md4
s392	2x3xdb	81821033-392	ok	0.000	0.000	10	2x3xdb
s4632	6x2m2du	81821033-4632	ok	0.469	0.469	58	6x2m2du
s8223	23jxr4di	81821033-8223	timeout	10.006	9.999	-1	23jxr4di
s5921	9jkr4de	81821033-5921	ok	2.329	2.327	0	9jkr4de
s7569	16jxm4di	81821033-7569	timeout	10.099	10.022	-1	16jxm4di
s2951	4jkm2de	81821033-2951	ok	0.004	0.004	0	4jkm2de
s8406	25jxadu	81821033-8406	timeout	10.003	9.999	-1	25jxadu
s4055	5x3m2de	81821033-4055	ok	0.946	0.946	93	5x3m2de
s7986	21jr4du	81821033-7986	timeout	10.002	10.002	-1	21jr4du
s1286	2x11md4db	81821033-1286	ok	0.097	0.097	240	2x11md4db
s1070	2x9r4db	81821033-1070	ok	0.024	0.024	164	2x9r4db
s4594	6jxkm4da	81821033-4594	ok	5.117	5.080	0	6jxkm4da
s7759	18jxm4	81821033-7759	timeout	10.006	9.999	-1	18jxm4
s6614	11jxmd4db	81821033-6614	timeout	10.001	9.999	-1	11jxmd4db
s1690	2x15xda	81821033-1690	timeout	10.003	10.002	-1	2x15xda
s7790	19jr4db	81821033-7790	timeout	10.047	9.978	-1	19jr4db
s8290	24jm4da	81821033-8290	timeout	10.008	10.000	-1	24jm4da
s2449	3x6xa	81821033-2449	ok	0.046	0.045	122	3x6xa
s21	2jm2di	81821033-21	ok	0.000	0.000	2	2jm2di
s6939	13jmd2di	81821033-6939	timeout	10.004	10.002	-1	13jmd2di
s7764	18jxm4du	81821033-7764	timeout	10.004	10.003	-1	18jxm4du
s2593	3x8a	81821033-2593	ok	0.700	0.700	253	3x8a
s4358	5x6md4db	81821033-4358	timeout	10.032	9.959	-1	5x6md4db
s2763	3x9xmd2di	81821033-2763	timeout	10.006	9.999	-1	3x9xmd2di
s5	2jade	81821033-5	ok	0.000	0.000	1	2jade
s7031	13x2m2de	81821033-7031	timeout	10.004	10.000	-1	13x2m2de
s2243	3x4m4de	81821033-2243	ok	0.448	0.448	64	3x4m4de
s1902	3x2kmd2du	81821033-1902	ok	0.081	0.081	0	3x2kmd2du
s8938	31jda	81821033-8938	timeout	10.003	10.003	-1	31jda
s445	2x3xkr4	81821033-445	ok	0.001	0.000	0	2x3xkr4
s7294	14x2xm8da	81821033-7294	timeout	10.080	10.005	-1	14x2xm8da
s4593	6jxkm4di	81821033-4593	ok	3.601	3.600	0	6jxkm4di
s4415	5x6xm8de	81821033-4415	timeout	10.003	9.997	-1	5x6xm8de
s1210	2x10xda	81821033-1210	ok	4.310	4.286	174	2x10xda
s6075	9x2md2di	81821033-6075	ok	0.291	0.290	147	9x2md2di
s7134	14jmd2du	81821033-7134	timeout	10.003	10.001	-1	14jmd2du
s8242	23jxm4da	81821033-8242	timeout	10.001	10.000	-1	23jxm4da
s1233	2x10xm4di	81821033-1233	ok	0.407	0.407	180	2x10xm4di
s4243	5x5m2	81821033-4243	ok	0.211	0.211	300	5x5m2
s2848	3x10xr4da	81821033-2848	timeout	10.008	10.000	-1	3x10xr4da
s7410	15x2r4du	81821033-7410	timeout	10.079	10.003	-1	15x2r4du
s655	2x4xkm4	81821033-655	ok	0.001	0.001	0	2x4xkm4
s5974	9jxm2da	81821033-5974	ok	0.389	0.388	15	9jxm2da
s4160	5x4m4db	81821033-4160	ok	0.050	0.050	184	5x4m4db
s31	2jm4	81821033-31	crash	0.000	0.000	-1	2jm4
s2954	4jkmd2db	81821033-2954	ok	0.294	0.293	0	4jkmd2db
s7479	15x2xmd4di	81821033-7479	ok	6.830	6.825	480	15x2xmd4di
s1296	2x11m8du	81821033-1296	timeout	10.004	10.003	-1	2x11m8du
s267	2x2xkmd2di	81821033-267	ok	0.000	0.000	0	2x2xkmd2di
s5519	8jm8de	81821033-5519	ok	0.129	0.128	16	8jm8de
s642	2x4xkr4du	81821033-642	ok	0.016	0.016	0	2x4xkr4du
s4935	6x5md4di	81821033-4935	ok	5.411	5.369	456	6x5md4di
s2991	4jxr4di	81821033-2991	timeout	10.000	9.998	-1	4jxr4di
s4292	5x5xm2db	81821033-4292	ok	0.839	0.829	272	5x5xm2db
s3942	5x2adu	81821033-3942	ok	0.100	0.099	34	5x2adu
s3783	5jmd4di	81821033-3783	ok	0.005	0.005	7	5jmd4di
s6353	10x2r4de	81821033-6353	ok	5.043	5.042	200	10x2r4de
s4934	6x5md4db	81821033-4934	ok	1.834	1.834	452	6x5md4db
s2692	3x9ada	81821033-2692	timeout	10.003	10.001	-1	3x9ada
s8094	22jmd2du	81821033-8094	timeout	10.004	9.996	-1	22jmd2du
s1745	3jr4de	81821033-1745	ok	0.000	0.000	4	3jr4de
s1235	2x10xm4de	81821033-1235	ok	2.883	2.881	180	2x10xm4de
s8506	26jxda	81821033-8506	timeout	10.034	9.952	-1	26jxda
s5095	7jx	81821033-5095	ok	0.003	0.003	11	7jx
s5852	8x3xm8db	81821033-5852	ok	0.148	0.147	272	8x3xm8db
s3619	4x6xm2	81821033-3619	ok	0.138	0.138	268	4x6xm2
s3231	4x2xkr4di	81821033-3231	ok	0.002	0.002	0	4x2xkr4di
s2751	3x9xr4di	81821033-2751	ok	2.721	2.719	360	3x9xr4di
s4684	6x2xmd2da	81821033-4684	ok	0.187	0.187	50	6x2xmd2da
s6035	9jxkm4de	81821033-6035	timeout	10.004	10.002	-1	9jxkm4de
s2426	3x6md2db	81821033-2426	ok	0.052	0.051	137	3x6md2db
s632	2x4xkdb	81821033-632	ok	0.002	0.002	0	2x4xkdb
s2982	4jxadu	81821033-2982	timeout	10.003	10.000	-1	4jxadu
s6452	10x3m2db	81821033-6452	timeout	10.056	9.995	-1	10x3m2db
s8609	27jxr4de	81821033-8609	timeout	10.011	9.998	-1	27jxr4de
s2623	3x8m4	81821033-2623	ok	2.006	1.995	312	3x8m4
s1000	2x8md4da	81821033-1000	ok	0.153	0.152	116	2x8md4da
s8138	22jxmd2db	81821033-8138	timeout	10.002	9.998	-1	22jxmd2db
s3606	4x6xadu	81821033-3606	timeout	10.004	10.002	-1	4x6xadu
s4897	6x5a	81821033-4897	timeout	10.008	10.003	-1	6x5a
s8965	31jmd4	81821033-8965	timeout	10.061	9.996	-1	31jmd4
s8657	28jr4de	81821033-8657	timeout	10.004	10.001	-1	28jr4de
s2104	3x3kmd4da	81821033-2104	ok	0.007	0.007	0	3x3kmd4da
s345	2x3kdi	81821033-345	ok	0.053	0.053	0	2x3kdi
s5753	8x2xmd4de	81821033-5753	ok	0.528	0.528	106	8x2xmd4de
s5996	9jxm8db	81821033-5996	ok	0.156	0.156	20	9jxm8db
s5661	8jxkm8di	81821033-5661	ok	0.423	0.422	0	8jxkm8di
s4932	6x5m4du	81821033-4932	timeout	10.004	10.001	-1	6x5m4du
s2474	3x6xmd2db	81821033-2474	ok	0.060	0.059	127	3x6xmd2db
s6816	12jxm8du	81821033-6816	timeout	10.008	10.003	-1	12jxm8du
s2725	3x9md4	81821033-2725	ok	1.538	1.537	406	3x9md4
s8532	26jxm4du	81821033-8532	timeout	10.080	10.008	-1	26jxm4du
s3521	4x5xr4de	81821033-3521	ok	4.570	4.568	168	4x5xr4de
s2171	3x3xkde	81821033-2171	ok	4.187	4.185	0	3x3xkde
s2328	3x5m2du	81821033-2328	ok	2.376	2.375	87	3x5m2du
s3381	4x4m2di	81821033-3381	ok	0.070	0.069	100	4x4m2di
s1379	2x12m4de	81821033-1379	timeout	10.001	9.997	-1	2x12m4de
s530	2x4kadb	81821033-530	ok	0.001	0.001	0	2x4kadb
s6106	9x2xda	81821033-6106	ok	2.090	2.089	136	9x2xda
s8220	23jxdu	81821033-8220	timeout	10.044	9.982	-1	23jxdu
s2552	3x7xdb	81821033-2552	ok	0.187	0.183	186	3x7xdb
s6892	12x2xmd2da	81821033-6892	ok	9.979	9.976	259	12x2xmd2da
s5198	7x2r4db	81821033-5198	ok	0.005	0.005	88	7x2r4db
s7052	13x2m8db	81821033-7052	ok	0.732	0.731	384	13x2m8db
s1689	2x15xdi	81821033-1689	ok	9.658	9.653	466	2x15xdi
s4307	5x5xm4de	81821033-4307	timeout	10.004	10.000	-1	5x5xm4de
s7171	14jxm2	81821033-7171	timeout	10.056	9.983	-1	14jxm2
s7346	15jxadb	81821033-7346	timeout	10.002	10.000	-1	15jxadb
s7802	19jmd2db	81821033-7802	timeout	10.001	9.994	-1	19jmd2db
s5395	7x4m2	81821033-5395	ok	2.133	2.123	390	7x4m2
s8300	24jm8db	81821033-8300	timeout	10.008	10.003	-1	24jm8db
s6628	11x2ada	81821033-6628	ok	9.901	9.857	215	11x2ada
s1688	2x15xdb	81821033-1688	ok	2.313	2.304	480	2x15xdb
s2480	3x6xm4db	81821033-2480	ok	0.034	0.034	128	3x6xm4db
s3183	4x2xr4di	81821033-3183	ok	0.011	0.011	16	4x2xr4di
s6716	11x2xm8db	81821033-6716	ok	1.249	1.249	244	11x2xm8db
s3306	4x3md4du	81821033-3306	ok	0.310	0.309	56	4x3md4du
s4379	5x6xde	81821033-4379	timeout	10.004	10.002	-1	5x6xde
s719	2x5m8de	81821033-719	ok	0.496	0.495	48	2x5m8de
s4981	6x5xmd4	81821033-4981	ok	2.726	2.705	462	6x5xmd4
s2117	3x3xade	81821033-2117	ok	0.019	0.018	20	3x3xade
s1270	2x11m2da	81821033-1270	ok	4.224	4.199	246	2x11m2da
s4416	5x6xm8du	81821033-4416	timeout	10.004	10.002	-1	5x6xm8du
s5805	8x3m8di	81821033-5805	ok	1.727	1.708	296	8x3m8di
s6054	9x2adu	81821033-6054	timeout	10.004	10.002	-1	9x2adu
s7325	15jmd2de	81821033-7325	timeout	10.001	9.992	-1	15jmd2de
s5712	8x2m8du	81821033-5712	ok	0.945	0.944	116	8x2m8du
s4057	5x3md2	81821033-4057	ok	0.009	0.009	90	5x3md2
s2603	3x8de	81821033-2603	timeout	10.004	10.000	-1	3x8de
s2774	3x9xmd4db	81821033-2774	ok	9.962	9.895	351	3x9xmd4db
s6339	10x2adi	81821033-6339	ok	0.599	0.594	175	10x2adi
s1422	2x12xmd2du	81821033-1422	timeout	10.008	10.003	-1	2x12xmd2du
s7811	19jm4de	81821033-7811	timeout	10.001	10.000	-1	19jm4de
s5781	8x3m2di	81821033-5781	ok	1.776	1.775	274	8x3m2di
s6013	9jxkr4	81821033-6013	ok	0.638	0.638	0	9jxkr4
s6717	11x2xm8di	81821033-6717	ok	0.117	0.117	248	11x2xm8di
s3156	4x2km4du	81821033-3156	ok	0.266	0.265	0	4x2km4du
s5225	7x2md4de	81821033-5225	ok	0.366	0.366	86	7x2md4de
s4985	6x5xmd4de	81821033-4985	timeout	10.004	10.001	-1	6x5xmd4de
s2217	3x4di	81821033-2217	ok	0.013	0.013	56	3x4di
s1043	2x8xm4de	81821033-1043	ok	0.371	0.371	108	2x8xm4de
s1373	2x12md2de	81821033-1373	timeout	10.069	9.998	-1	2x12md2de
s4557	6jxm8di	81821033-4557	ok	4.844	4.843	8	6jxm8di
s2305	3x5a	81821033-2305	ok	0.019	0.019	80	3x5a
s3538	4x5xm4da	81821033-3538	ok	2.357	2.345	168	4x5xm4da
s5233	7x2xa	81821033-5233	ok	0.011	0.011	71	7x2xa
s258	2x2xkr4du	81821033-258	ok	0.000	0.000	0	2x2xkr4du
s3436	4x4xmd2da	81821033-3436	ok	0.710	0.709	97	4x4xmd2da
s4843	6x4m8	81821033-4843	ok	0.029	0.029	312	6x4m8
s1082	2x9md2db	81821033-1082	ok	0.040	0.040	148	2x9md2db
s77	2jkmd2de	81821033-77	timeout	10.008	10.002	-1	2jkmd2de
s4297	5x5xmd2	81821033-4297	ok	0.139	0.139	296	5x5xmd2
s3597	4x6m8di	81821033-3597	ok	1.039	1.038	288	4x6m8di
s6561	11jm4di	81821033-6561	ok	0.981	0.980	40	11jm4di
s3608	4x6xdb	81821033-3608	ok	0.403	0.402	258	4x6xdb
s7880	20jdb	81821033-7880	timeout	10.003	9.999	-1	20jdb
s5321	7x3md4de	81821033-5321	ok	2.599	2.598	212	7x3md4de
s8233	23jxmd2	81821033-8233	timeout	10.071	10.000	-1	23jxmd2
s4842	6x4md4du	81821033-4842	timeout	10.002	10.000	-1	6x4md4du
s668	2x4xkm8db	81821033-668	ok	0.002	0.002	0	2x4xkm8db
s4915	6x5m2	81821033-4915	timeout	10.005	10.000	-1	6x5m2
s7709	18jmd2de	81821033-7709	timeout	10.001	9.999	-1	18jmd2de
s2797	3x10r4	81821033-2797	timeout	10.040	9.972	-1	3x10r4
s8543	26jxm8de	81821033-8543	timeout	10.001	9.999	-1	26jxm8de
s252	2x2xkdu	81821033-252	ok	0.000	0.000	0	2x2xkdu
s1028	2x8xm2db	81821033-1028	ok	0.034	0.034	98	2x8xm2db
s4488	6jkm2du	81821033-4488	ok	0.138	0.138	0	6jkm2du
s3383	4x4m2de	81821033-3383	ok	0.696	0.696	102	4x4m2de
s1894	3x2km2da	81821033-1894	ok	0.008	0.008	0	3x2km2da
s8056	21jxmd4da	81821033-8056	timeout	10.008	10.003	-1	21jxmd4da
s7099	13x2xm8	81821033-7099	ok	0.042	0.042	388	13x2xm8
s3163	4x2km8	81821033-3163	ok	0.003	0.002	0	4x2km8
s2940	4jkdu	81821033-2940	ok	0.001	0.000	0	4jkdu
s4883	6x4xm4de	81821033-4883	timeout	10.077	10.003	-1	6x4xm4de
s5291	7x3de	81821033-5291	timeout	10.003	10.000	-1	7x3de
s5053	7jkr4	81821033-5053	ok	0.002	0.002	0	7jkr4
s7642	17jxda	81821033-7642	timeout	10.009	10.002	-1	17jxda
s8123	22jxde	81821033-8123	timeout	10.002	9.997	-1	22jxde
s4369	5x6xa	81821033-4369	timeout	10.008	10.001	-1	5x6xa
s419	2x3xm4de	81821033-419	ok	0.003	0.002	8	2x3xm4de
s7629	17jm8di	81821033-7629	timeout	10.002	10.000	-1	17jm8di
s6929	13jr4de	81821033-6929	timeout	10.084	10.013	-1	13jr4de
s5835	8x3xmd2di	81821033-5835	ok	1.289	1.285	251	8x3xmd2di
s2314	3x5da	81821033-2314	ok	0.243	0.243	95	3x5da
s4357	5x6md4	81821033-4357	ok	0.280	0.279	482	5x6md4
s1392	2x12m8du	81821033-1392	timeout	10.008	10.000	-1	2x12m8du
s2428	3x6md2da	81821033-2428	ok	1.488	1.488	136	3x6md2da
s7246	14x2m8da	81821033-7246	timeout	10.009	9.985	-1	14x2m8da
s8611	27jxm2	81821033-8611	timeout	10.004	10.000	-1	27jxm2
s7046	13x2md4db	81821033-7046	ok	0.255	0.251	360	13x2md4db
s4286	5x5xr4db	81821033-4286	ok	0.696	0.694	284	5x5xr4db
s8896	30jxr4da	81821033-8896	timeout	10.031	9.995	-1	30jxr4da
s49	2jka	81821033-49	timeout	10.007	10.000	-1	2jka
s5213	7x2md2de	81821033-5213	ok	0.157	0.157	83	7x2md2de
s4284	5x5xdu	81821033-4284	timeout	10.004	10.003	-1	5x5xdu
s3582	4x6md2du	81821033-3582	timeout	10.032	9.954	-1	4x6md2du
s243	2x2xkadi	81821033-243	ok	0.000	0.000	0	2x2xkadi
s7640	17jxdb	81821033-7640	timeout	10.004	10.001	-1	17jxdb
s6758	12jmd4db	81821033-6758	ok	2.122	2.120	46	12jmd4db
s4412	5x6xm8db	81821033-4412	timeout	10.007	9.998	-1	5x6xm8db
s275	2x2xkm4de	81821033-275	ok	0.000	0.000	0	2x2xkm4de
s3056	4jxkm4db	81821033-3056	ok	0.027	0.027	0	4jxkm4db
s8533	26jxmd4	81821033-8533	timeout	10.004	10.002	-1	26jxmd4
s1839	3x2r4di	81821033-1839	ok	0.047	0.047	12	3x2r4di
s5278	7x2xm8da	81821033-5278	ok	0.068	0.068	88	7x2xm8da
s3536	4x5xm4db	81821033-3536	ok	0.070	0.070	172	4x5xm4db
s7180	14jxmd2da	81821033-7180	timeout	10.075	10.007	-1	14jxmd2da
s391	2x3x	81821033-391	ok	0.000	0.000	10	2x3x
s2598	3x8adu	81821033-2598	timeout	10.002	10.000	-1	3x8adu
s5771	8x3de	81821033-5771	timeout	10.008	10.000	-1	8x3de
s8109	22jm8di	81821033-8109	timeout	10.003	10.002	-1	22jm8di
s3926	5jxkmd4db	81821033-3926	ok	0.025	0.025	0	5jxkmd4db
s4437	6jm2di	81821033-4437	ok	0.001	0.001	8	6jm2di
s7602	17jr4du	81821033-7602	timeout	10.099	10.020	-1	17jr4du
s2161	3x3xka	81821033-2161	ok	0.001	0.001	0	3x3xka
s8860	30jmd2da	81821033-8860	timeout	10.004	10.002	-1	30jmd2da
s8548	27jada	81821033-8548	timeout	10.004	9.999	-1	27jada
s6169	9x3md2	81821033-6169	ok	1.573	1.572	372	9x3md2
s5898	9jmd4du	81821033-5898	ok	0.046	0.046	24	9jmd4du
s2578	3x7xm4da	81821033-2578	ok	4.690	4.689	190	3x7xm4da
s1919	3x2km8de	81821033-1919	ok	1.399	1.398	0	3x2km8de
s627	2x4xkadi	81821033-627	ok	0.002	0.002	0	2x4xkadi
s8253	23jxm8di	81821033-8253	timeout	10.002	9.999	-1	23jxm8di
s2533	3x7md4	81821033-2533	ok	0.031	0.031	218	3x7md4
s3141	4x2km2di	81821033-3141	ok	0.002	0.001	0	4x2km2di
s2876	3x10xm8db	81821033-2876	timeout	10.031	9.959	-1	3x10xm8db
s6274	10jm4da	81821033-6274	ok	3.622	3.621	28	10jm4da
s5345	7x3xr4de	81821033-5345	ok	3.884	3.883	188	7x3xr4de
s6107	9x2xde	81821033-6107	ok	3.534	3.513	134	9x2xde
s1677	2x15m8di	81821033-1677	timeout	10.008	10.003	-1	2x15m8di
s2459	3x6xde	81821033-2459	ok	4.084	4.084	128	3x6xde
s3216	4x2xm8du	81821033-3216	ok	0.010	0.010	16	4x2xm8du
s58	2jkda	81821033-58	timeout	10.002	10.001	-1	2jkda
s2691	3x9adi	81821033-2691	ok	9.486	9.417	323	3x9adi
s5335	7x3x	81821033-5335	ok	0.050	0.050	202	7x3x
s6932	13jm2db	81821033-6932	timeout	10.008	10.001	-1	13jm2db
s5847	8x3xmd4di	81821033-5847	ok	1.211	1.211	260	8x3xmd4di
s5353	7x3xmd2	81821033-5353	ok	0.070	0.070	195	7x3xmd2
s6166	9x3m2da	81821033-6166	timeout	10.003	10.000	-1	9x3m2da
s210	2x2xr4du	81821033-210	crash	0.000	0.000	-1	2x2xr4du
s4748	6x3m8db	81821033-4748	ok	0.013	0.013	160	6x3m8db
s2188	3x3xkmd2da	81821033-2188	ok	0.004	0.004	0	3x3xkmd2da
s2132	3x3xm2db	81821033-2132	ok	0.001	0.001	24	3x3xm2db
s3046	4jxkm2da	81821033-3046	ok	0.631	0.630	0	4jxkm2da
s4550	6jxmd4db	81821033-4550	ok	0.003	0.003	8	6jxmd4db
s6237	9x3xm8di	81821033-6237	ok	5.486	5.486	372	9x3xm8di
s8738	29jadb	81821033-8738	timeout	10.002	10.000	-1	29jadb
s5228	7x2m8db	81821033-5228	ok	0.003	0.003	80	7x2m8db
s3592	4x6md4da	81821033-3592	timeout	10.059	10.000	-1	4x6md4da
s3650	4x7adb	81821033-3650	ok	2.556	2.541	343	4x7adb
s51	2jkadi	81821033-51	timeout	10.008	10.000	-1	2jkadi
s3075	4x2adi	81821033-3075	ok	0.006	0.006	19	4x2adi
s2065	3x3ka	81821033-2065	ok	0.001	0.001	0	3x3ka
s2697	3x9di	81821033-2697	ok	6.377	6.377	355	3x9di
s504	2x4m2du	81821033-504	ok	0.141	0.141	22	2x4m2du
s4999	7j	81821033-4999	ok	0.000	0.000	16	7j
s5533	8jkr4	81821033-5533	ok	0.009	0.009	0	8jkr4
s1216	2x10xr4da	81821033-1216	ok	3.630	3.626	180	2x10xr4da
s7734	18jxadu	81821033-7734	timeout	10.003	10.001	-1	18jxadu
s4457	6jmd4de	81821033-4457	ok	0.016	0.016	8	6jmd4de
s5468	7x4xm8db	81821033-5468	ok	8.977	8.925	388	7x4xm8db
s6905	12x2xmd4de	81821033-6905	timeout	10.000	9.998	-1	12x2xmd4de
s5116	7jxmd2da	81821033-5116	ok	0.121	0.121	10	7jxmd2da
s4802	6x4adb	81821033-4802	ok	0.844	0.843	245	6x4adb
s8054	21jxmd4db	81821033-8054	timeout	10.006	9.999	-1	21jxmd4db
s8452	26jada	81821033-8452	timeout	10.004	10.003	-1	26jada
s3949	5x2r4	81821033-3949	ok	0.001	0.001	44	5x2r4
s2478	3x6xmd2du	81821033-2478	timeout	10.047	9.970	-1	3x6xmd2du
s1343	2x11xm8de	81821033-1343	ok	4.672	4.669	228	2x11xm8de
s5544	8jkm2du	81821033-5544	ok	0.126	0.125	0	8jkm2du
s2989	4jxr4	81821033-2989	ok	0.000	0.000	4	4jxr4
s700	2x5md2da	81821033-700	ok	0.009	0.009	36	2x5md2da
s664	2x4xkmd4da	81821033-664	ok	0.007	0.007	0	2x4xkmd4da
s2175	3x3xkr4di	81821033-2175	ok	0.013	0.013	0	3x3xkr4di
s7931	20jxde	81821033-7931	timeout	10.003	10.000	-1	20jxde
s7228	14x2md2da	81821033-7228	timeout	10.007	10.006	-1	14x2md2da
s7126	14jm2da	81821033-7126	timeout	10.076	10.013	-1	14jm2da
s155	2x2kde	81821033-155	ok	0.000	0.000	0	2x2kde
s770	2x6adb	81821033-770	ok	0.009	0.009	48	2x6adb
s5862	9jadu	81821033-5862	ok	0.051	0.051	18	9jadu
s2604	3x8du	81821033-2604	timeout	10.008	10.000	-1	3x8du
s3739	4x7xm8	81821033-3739	ok	3.036	3.011	428	4x7xm8
s2502	3x7adu	81821033-2502	timeout	10.004	10.001	-1	3x7adu
s6623	11jxm8de	81821033-6623	timeout	10.004	10.003	-1	11jxm8de
s6711	11x2xmd4di	81821033-6711	ok	0.333	0.333	228	11x2xmd4di
s3511	4x5x	81821033-3511	ok	0.038	0.038	172	4x5x
s3028	4jxkada	81821033-3028	ok	1.200	1.200	0	4jxkada
s4119	5x3xmd4di	81821033-4119	ok	0.058	0.057	81	5x3xmd4di
s4807	6x4	81821033-4807	ok	0.660	0.660	276	6x4
s5205	7x2m2di	81821033-5205	ok	0.025	0.025	86	7x2m2di
s9020	31jxm8db	81821033-9020	timeout	10.004	9.996	-1	31jxm8db
s6839	12x2m2de	81821033-6839	timeout	10.098	10.034	-1	12x2m2de
s681	2x5di	81821033-681	ok	0.045	0.045	36	2x5di
s8071	22j	81821033-8071	timeout	10.004	10.002	-1	22j
s5487	8jr4di	81821033-5487	ok	0.027	0.027	20	8jr4di
s596	2x4xm2db	81821033-596	ok	0.001	0.001	16	2x4xm2db
s9010	31jxm4da	81821033-9010	timeout	10.001	10.000	-1	31jxm4da
s5407	7x4m4	81821033-5407	ok	0.238	0.238	428	7x4m4
s3715	4x7xm2	81821033-3715	ok	0.306	0.306	378	4x7xm2
s8337	24jxm4di	81821033-8337	timeout	10.008	9.999	-1	24jxm4di
s7606	17jm2da	81821033-7606	timeout	10.067	10.001	-1	17jm2da
s3293	4x3md2de	81821033-3293	ok	0.154	0.154	53	4x3md2de
s6663	11x2md4di	81821033-6663	ok	0.699	0.697	246	11x2md4di
s5863	9j	81821033-5863	ok	0.011	0.011	26	9j
s5841	8x3xm4di	81821033-5841	ok	1.032	1.025	272	8x3xm4di
s1105	2x9xa	81821033-1105	ok	0.045	0.045	136	2x9xa
s4724	6x3m2db	81821033-4724	ok	0.106	0.106	146	6x3m2db
s6132	9x2xm4du	81821033-6132	timeout	10.004	10.001	-1	9x2xm4du
s5297	7x3r4de	81821033-5297	ok	3.223	3.197	213	7x3r4de
s6379	10x2m8	81821033-6379	ok	0.011	0.010	228	10x2m8
s4759	6x3x	81821033-4759	ok	0.033	0.033	138	6x3x
s7900	20jmd2da	81821033-7900	timeout	10.004	10.002	-1	20jmd2da
s6068	9x2m2db	81821033-6068	ok	0.047	0.047	156	9x2m2db
s4399	5x6xm4	81821033-4399	ok	1.816	1.806	496	5x6xm4
s8177	23jr4de	81821033-8177	timeout	10.008	10.000	-1	23jr4de
s2210	3x4adb	81821033-2210	ok	0.008	0.008	48	3x4adb
s5194	7x2da	81821033-5194	ok	0.147	0.146	80	7x2da
s281	2x2xkmd4de	81821033-281	ok	0.000	0.000	0	2x2xkmd4de
s6405	10x2xm2di	81821033-6405	ok	0.644	0.644	182	10x2xm2di
s4753	6x3xa	81821033-4753	ok	0.038	0.038	123	6x3xa
s5899	9jm8	81821033-5899	ok	0.029	0.029	32	9jm8
s640	2x4xkr4da	81821033-640	ok	0.097	0.097	0	2x4xkr4da
s1496	2x13xdb	81821033-1496	ok	1.364	1.362	332	2x13xdb
s3219	4x2xkadi	81821033-3219	ok	0.028	0.028	0	4x2xkadi
s2048	3x3m4db	81821033-2048	ok	0.001	0.001	30	3x3m4db
s5158	7jxkm2da	81821033-5158	ok	0.082	0.081	0	7jxkm2da
s7903	20jm4	81821033-7903	timeout	10.004	10.002	-1	20jm4
s6493	10x3xr4	81821033-6493	ok	9.753	9.752	508	10x3xr4
s5736	8x2xm2du	81821033-5736	timeout	10.020	9.963	-1	8x2xm2du
s4210	5x4xm4da	81821033-4210	ok	2.466	2.466	172	5x4xm4da
s7120	14jr4da	81821033-7120	timeout	10.008	9.999	-1	14jr4da
s4713	6x3di	81821033-4713	ok	0.261	0.261	136	6x3di
s4264	5x5md4da	81821033-4264	timeout	10.004	9.999	-1	5x5md4da
s8519	26jxm2de	81821033-8519	timeout	10.076	10.005	-1	26jxm2de
s1834	3x2da	81821033-1834	ok	1.462	1.456	10	3x2da
s7539	16jxadi	81821033-7539	timeout	10.001	9.999	-1	16jxadi
s5188	7x2ada	81821033-5188	ok	0.230	0.230	75	7x2ada
s123	2x2md2di	81821033-123	ok	0.000	0.000	5	2x2md2di
s477	2x3xkm8di	81821033-477	ok	0.052	0.051	0	2x3xkm8di
s7761	18jxm4di	81821033-7761	timeout	10.003	9.999	-1	18jxm4di
s6416	10x2xm4db	81821033-6416	ok	0.057	0.057	188	10x2xm4db
s7623	17jmd4di	81821033-7623	timeout	10.004	10.000	-1	17jmd4di
s7273	14x2xmd2	81821033-7273	ok	1.930	1.929	413	14x2xmd2
s6544	11jr4da	81821033-6544	ok	1.967	1.967	36	11jr4da
s7808	19jm4db	81821033-7808	timeout	10.073	10.009	-1	19jm4db
s2875	3x10xm8	81821033-2875	timeout	10.010	10.003	-1	3x10xm8
s6767	12jm8de	81821033-6767	timeout	10.014	9.999	-1	12jm8de
s7385	15jxmd4de	81821033-7385	timeout	10.001	10.001	-1	15jxmd4de
s6076	9x2md2da	81821033-6076	ok	0.940	0.940	146	9x2md2da
s6536	11jdb	81821033-6536	ok	0.392	0.392	44	11jdb
s7827	19jxadi	81821033-7827	timeout	10.032	10.003	-1	19jxadi
s2896	4jr4da	81821033-2896	timeout	10.060	10.022	-1	4jr4da
s4496	6jkm4db	81821033-4496	ok	0.080	0.080	0	6jkm4db
s1609	2x14xmd2	81821033-1609	ok	1.139	1.120	415	2x14xmd2
s16	2jr4da	81821033-16	crash	0.000	0.000	-1	2jr4da
s461	2x3xkmd2de	81821033-461	ok	0.023	0.023	0	2x3xkmd2de
s4642	6x2m4da	81821033-4642	ok	0.009	0.009	68	6x2m4da
s4673	6x2xr4de	81821033-4673	ok	0.031	0.030	48	6x2xr4de
s2835	3x10xadi	81821033-2835	timeout	10.004	9.999	-1	3x10xadi
s2334	3x5md2du	81821033-2334	ok	3.780	3.764	85	3x5md2du
s661	2x4xkmd4	81821033-661	ok	0.001	0.000	0	2x4xkmd4
s7319	15jm2de	81821033-7319	timeout	10.000	9.999	-1	15jm2de
s546	2x4kr4du	81821033-546	ok	0.034	0.034	0	2x4kr4du
s5630	8jxkr4db	81821033-5630	ok	0.031	0.031	0	8jxkr4db
s7029	13x2m2di	81821033-7029	ok	1.503	1.503	348	13x2m2di
s2677	3x8xmd4	81821033-2677	ok	0.063	0.063	290	3x8xmd4
s5399	7x4m2de	81821033-5399	timeout	10.003	9.999	-1	7x4m2de
s1785	3jkdi	81821033-1785	ok	0.000	0.000	0	3jkdi
s885	2x7m2di	81821033-885	ok	0.020	0.020	84	2x7m2di
s6233	9x3xmd4de	81821033-6233	timeout	10.008	10.001	-1	9x3xmd4de
s5829	8x3xm2di	81821033-5829	ok	1.804	1.803	258	8x3xm2di
s7622	17jmd4db	81821033-7622	timeout	10.037	9.968	-1	17jmd4db
s5762	8x3adb	81821033-5762	ok	3.653	3.651	251	8x3adb
s6108	9x2xdu	81821033-6108	timeout	10.004	10.000	-1	9x2xdu
s7546	16jxda	81821033-7546	timeout	10.008	10.001	-1	16jxda
s2724	3x9m4du	81821033-2724	timeout	10.076	9.988	-1	3x9m4du
s7216	14x2r4da	81821033-7216	timeout	10.002	9.999	-1	14x2r4da
s6306	10jxr4du	81821033-6306	ok	2.952	2.932	20	10jxr4du
s4241	5x5r4de	81821033-4241	timeout	10.008	10.002	-1	5x5r4de
s754	2x5xm4da	81821033-754	ok	0.033	0.033	36	2x5xm4da
s7922	20jxadb	81821033-7922	timeout	10.008	10.003	-1	20jxadb
s7701	18jm2di	81821033-7701	timeout	10.004	10.002	-1	18jm2di
s4312	5x5xmd4da	81821033-4312	timeout	10.079	10.005	-1	5x5xmd4da
s1528	2x13xmd4da	81821033-1528	timeout	10.003	10.000	-1	2x13xmd4da
s8864	30jm4db	81821033-8864	timeout	10.004	9.997	-1	30jm4db
s3555	4x6adi	81821033-3555	ok	3.757	3.757	237	4x6adi
s2271	3x4xr4di	81821033-2271	ok	0.032	0.032	52	3x4xr4di
s3372	4x4du	81821033-3372	timeout	10.004	9.985	-1	4x4du
s7977	21jdi	81821033-7977	timeout	10.040	9.972	-1	21jdi
s1176	2x10m2du	81821033-1176	timeout	10.008	10.002	-1	2x10m2du
s4130	5x4adb	81821033-4130	ok	0.213	0.213	161	5x4adb
s5713	8x2xa	81821033-5713	ok	0.021	0.021	99	8x2xa
s5216	7x2m4db	81821033-5216	ok	0.004	0.004	92	7x2m4db
s2905	4jmd2	81821033-2905	ok	0.000	0.000	3	4jmd2
s4970	6x5xmd2db	81821033-4970	ok	2.150	2.148	408	6x5xmd2db
s3647	4x6xm8de	81821033-3647	timeout	10.002	10.000	-1	4x6xm8de
s2108	3x3km8db	81821033-2108	ok	0.007	0.007	0	3x3km8db
s259	2x2xkm2	81821033-259	ok	0.000	0.000	0	2x2xkm2
s5346	7x3xr4du	81821033-5346	timeout	10.004	10.002	-1	7x3xr4du
s7056	13x2m8du	81821033-7056	timeout	10.068	10.001	-1	13x2m8du
s5456	7x4xm4db	81821033-5456	ok	4.170	4.142	384	7x4xm4db
s4912	6x5r4da	81821033-4912	timeout	10.011	10.002	-1	6x5r4da
s6460	10x3md2da	81821033-6460	timeout	10.001	10.000	-1	10x3md2da
s1899	3x2kmd2di	81821033-1899	ok	0.076	0.076	0	3x2kmd2di
s3839	5jkm8de	81821033-3839	ok	0.117	0.117	0	5jkm8de
s8769	29jm4di	81821033-8769	timeout	10.004	10.002	-1	29jm4di
s6201	9x3xdi	81821033-6201	ok	3.620	3.614	332	9x3xdi
s3944	5x2db	81821033-3944	ok	0.001	0.001	40	5x2db
s2193	3x3xkm4di	81821033-2193	ok	0.006	0.005	0	3x3xkm4di
s3370	4x4da	81821033-3370	ok	0.551	0.551	100	4x4da
s4127	5x3xm8de	81821033-4127	ok	0.437	0.437	84	5x3xm8de
s4799	6x3xm8de	81821033-4799	ok	3.785	3.784	132	6x3xm8de
s5723	8x2xde	81821033-5723	ok	2.842	2.840	102	8x2xde
s3062	4jxkmd4db	81821033-3062	ok	0.028	0.028	0	4jxkmd4db
s7403	15x2de	81821033-7403	timeout	10.065	9.990	-1	15x2de
s2164	3x3xkada	81821033-2164	ok	0.025	0.025	0	3x3xkada
s7561	16jxmd2	81821033-7561	timeout	10.002	10.001	-1	16jxmd2
s5140	7jxkada	81821033-5140	ok	4.466	4.465	0	7jxkada
s161	2x2kr4de	81821033-161	ok	0.001	0.001	0	2x2kr4de
s4742	6x3md4db	81821033-4742	ok	0.028	0.028	134	6x3md4db
s7881	20jdi	81821033-7881	timeout	10.004	9.997	-1	20jdi
s72	2jkm2du	81821033-72	timeout	10.046	9.985	-1	2jkm2du
s6130	9x2xm4da	81821033-6130	ok	0.813	0.809	136	9x2xm4da
s8695	28jx	81821033-8695	timeout	10.004	10.002	-1	28jx
s3527	4x5xm2de	81821033-3527	timeout	10.003	10.001	-1	4x5xm2de
s3497	4x5md4de	81821033-3497	ok	2.761	2.736	182	4x5md4de
s6607	11jxm4	81821033-6607	ok	4.916	4.910	48	11jxm4
s6755	12jm4de	81821033-6755	ok	0.300	0.299	48	12jm4de
s2288	3x4xm4db	81821033-2288	ok	0.003	0.003	52	3x4xm4db
s870	2x7adu	81821033-870	ok	2.588	2.578	75	2x7adu
s8018	21jxadb	81821033-8018	timeout	10.004	10.000	-1	21jxadb
s5789	8x3md2de	81821033-5789	timeout	10.004	10.002	-1	8x3md2de
s7504	16jr4da	81821033-7504	timeout	10.004	9.998	-1	16jr4da
s5211	7x2md2di	81821033-5211	ok	0.036	0.036	83	7x2md2di
s1730	3jadb	81821033-1730	ok	0.000	0.000	2	3jadb
s7500	16jdu	81821033-7500	timeout	10.073	9.993	-1	16jdu
s5276	7x2xm8db	81821033-5276	ok	0.004	0.004	76	7x2xm8db
s4531	6jxm2	81821033-4531	ok	0.002	0.002	10	6jxm2
s689	2x5r4de	81821033-689	ok	0.180	0.176	40	2x5r4de
s1755	3jmd2di	81821033-1755	ok	0.000	0.000	3	3jmd2di
s1086	2x9md2du	81821033-1086	timeout	10.004	10.002	-1	2x9md2du
s1824	3jkm8du	81821033-1824	ok	0.000	0.000	0	3jkm8du
s8104	22jmd4da	81821033-8104	timeout	10.008	10.006	-1	22jmd4da
s4265	5x5md4de	81821033-4265	timeout	10.008	10.001	-1	5x5md4de
s4320	5x5xm8du	81821033-4320	timeout	10.045	9.985	-1	5x5xm8du
s6813	12jxm8di	81821033-6813	timeout	10.003	10.002	-1	12jxm8di
s5695	8x2m4	81821033-5695	ok	0.005	0.005	124	8x2m4
s325	2x3md4	81821033-325	ok	0.000	0.000	14	2x3md4
s1786	3jkda	81821033-1786	ok	0.000	0.000	0	3jkda
s8782	29jm8da	81821033-8782	timeout	10.004	10.002	-1	29jm8da
s6152	9x3db	81821033-6152	ok	1.114	1.113	351	9x3db
s6155	9x3de	81821033-6155	timeout	10.008	10.001	-1	9x3de
s6424	10x2xmd4da	81821033-6424	ok	1.495	1.495	182	10x2xmd4da
s6618	11jxmd4du	81821033-6618	timeout	10.072	9.993	-1	11jxmd4du
s3953	5x2r4de	81821033-3953	ok	0.051	0.050	40	5x2r4de
s5594	8jxmd2db	81821033-5594	ok	0.066	0.066	10	8jxmd2db
s4239	5x5r4di	81821033-4239	ok	0.842	0.836	304	5x5r4di
s3292	4x3md2da	81821033-3292	ok	0.094	0.094	56	4x3md2da
s5413	7x4md4	81821033-5413	ok	0.277	0.277	420	7x4md4
s1200	2x10m8du	81821033-1200	timeout	10.002	10.001	-1	2x10m8du
s6258	10jr4du	81821033-6258	ok	0.364	0.363	28	10jr4du
s1111	2x9x	81821033-1111	ok	0.025	0.025	150	2x9x
s482	2x4adb	81821033-482	ok	0.001	0.001	18	2x4adb
s3146	4x2kmd2db	81821033-3146	ok	0.011	0.011	0	4x2kmd2db
s4448	6jm4db	81821033-4448	ok	0.001	0.001	12	6jm4db
s1679	2x15m8de	81821033-1679	timeout	10.008	10.000	-1	2x15m8de
s811	2x6m8	81821033-811	ok	0.001	0.001	72	2x6m8
s8894	30jxr4db	81821033-8894	timeout	10.002	10.000	-1	30jxr4db
s2865	3x10xm4di	81821033-2865	timeout	10.081	10.005	-1	3x10xm4di
s5181	7jxkm8di	81821033-5181	ok	2.602	2.587	0	7jxkm8di
s8101	22jmd4	81821033-8101	timeout	10.001	10.001	-1	22jmd4
s6827	12x2de	81821033-6827	timeout	10.007	9.999	-1	12x2de
s7755	18jxmd2di	81821033-7755	timeout	10.004	10.002	-1	18jxmd2di
s881	2x7r4de	81821033-881	ok	0.077	0.077	84	2x7r4de
s4777	6x3xmd2	81821033-4777	ok	0.018	0.018	136	6x3xmd2
s7065	13x2xdi	81821033-7065	ok	4.980	4.934	326	13x2xdi
s606	2x4xmd2du	81821033-606	ok	0.091	0.091	14	2x4xmd2du
s2721	3x9m4di	81821033-2721	ok	6.270	6.265	367	3x9m4di
s5253	7x2xm2di	81821033-5253	ok	0.030	0.030	76	7x2xm2di
s8424	25jxm2du	81821033-8424	timeout	10.004	10.003	-1	25jxm2du
s7543	16jx	81821033-7543	timeout	10.001	9.998	-1	16jx
s1738	3jda	81821033-1738	ok	0.000	0.000	2	3jda
s5758	8x2xm8da	81821033-5758	ok	0.458	0.458	108	8x2xm8da
s3645	4x6xm8di	81821033-3645	ok	0.335	0.335	276	4x6xm8di
s4978	6x5xm4da	81821033-4978	timeout	10.053	9.990	-1	6x5xm4da
s3560	4x6db	81821033-3560	ok	0.314	0.314	274	4x6db
s876	2x7du	81821033-876	ok	6.480	6.474	80	2x7du
s8845	30jr4	81821033-8845	timeout	10.004	10.003	-1	30jr4
s6738	12jr4du	81821033-6738	timeout	10.036	9.973	-1	12jr4du
s3366	4x4adu	81821033-3366	timeout	10.004	10.002	-1	4x4adu
s2457	3x6xdi	81821033-2457	ok	0.242	0.242	132	3x6xdi
s8371	25jm2	81821033-8371	timeout	10.006	9.999	-1	25jm2
s1943	3x2xm2de	81821033-1943	ok	0.002	0.002	8	3x2xm2de
s3429	4x4xm2di	81821033-3429	ok	0.150	0.150	98	4x4xm2di
s4232	5x5db	81821033-4232	ok	1.191	1.190	292	5x5db
s921	2x7xdi	81821033-921	ok	0.040	0.040	70	2x7xdi
s2363	3x5xde	81821033-2363	ok	0.298	0.298	76	3x5xde
s3374	4x4r4db	81821033-3374	ok	0.010	0.010	108	4x4r4db
s5308	7x3md2da	81821033-5308	ok	8.269	8.268	195	7x3md2da
s6442	10x3da	81821033-6442	timeout	10.056	9.991	-1	10x3da
s5299	7x3m2	81821033-5299	ok	0.143	0.143	203	7x3m2
s677	2x5ade	81821033-677	ok	0.018	0.017	31	2x5ade
s5083	7jkm8	81821033-5083	ok	0.001	0.001	0	7jkm8
s7570	16jxm4da	81821033-7570	timeout	10.004	9.998	-1	16jxm4da
s5904	9jm8du	81821033-5904	ok	0.034	0.034	24	9jm8du
s2564	3x7xm2db	81821033-2564	ok	0.267	0.267	184	3x7xm2db
s1714	2x15xm4da	81821033-1714	timeout	10.001	9.999	-1	2x15xm4da
s6664	11x2md4da	81821033-6664	ok	2.432	2.417	252	11x2md4da
s7155	14jxadi	81821033-7155	timeout	10.014	10.002	-1	14jxadi
s1252	2x11ada	81821033-1252	timeout	10.006	10.000	-1	2x11ada
s6399	10x2xr4di	81821033-6399	ok	0.142	0.142	192	10x2xr4di
s8582	27jmd4db	81821033-8582	timeout	10.004	10.002	-1	27jmd4db
s4623	6x2r4di	81821033-4623	ok	0.019	0.019	60	6x2r4di
s1625	2x14xmd4de	81821033-1625	timeout	10.093	10.021	-1	2x14xmd4de
s6137	9x2xmd4de	81821033-6137	ok	1.160	1.160	142	9x2xmd4de
s4467	6jkadi	81821033-4467	ok	0.043	0.043	0	6jkadi
s1831	3x2	81821033-1831	ok	0.000	0.000	12	3x2
s350	2x3kr4db	81821033-350	ok	0.000	0.000	0	2x3kr4db
s5682	8x2r4du	81821033-5682	ok	2.237	2.235	120	8x2r4du
s4546	6jxm4da	81821033-4546	ok	0.693	0.692	8	6jxm4da
s2893	4jr4	81821033-2893	ok	0.000	0.000	4	4jr4
s3001	4jxmd2	81821033-3001	ok	0.000	0.000	4	4jxmd2
s6857	12x2md4de	81821033-6857	timeout	10.004	10.003	-1	12x2md4de
s3466	4x5da	81821033-3466	ok	2.482	2.481	176	4x5da
s6167	9x3m2de	81821033-6167	timeout	10.060	9.992	-1	9x3m2de
s6828	12x2du	81821033-6828	timeout	10.008	10.000	-1	12x2du
s3865	5jxmd2	81821033-3865	ok	0.001	0.001	5	5jxmd2
s6631	11x2	81821033-6631	ok	0.058	0.058	240	11x2
s1650	2x15r4du	81821033-1650	timeout	10.004	10.002	-1	2x15r4du
s6578	11jxadb	81821033-6578	timeout	10.001	10.000	-1	11jxadb
s7702	18jm2da	81821033-7702	timeout	10.080	10.000	-1	18jm2da
s696	2x5m2du	81821033-696	ok	0.053	0.053	36	2x5m2du
s548	2x4km2db	81821033-548	ok	0.004	0.004	0	2x4km2db
s8977	31jxa	81821033-8977	timeout	10.008	10.002	-1	31jxa
s4483	6jkm2	81821033-4483	ok	0.001	0.001	0	6jkm2
s5311	7x3m4	81821033-5311	ok	0.028	0.028	213	7x3m4
s1985	3x2xkr4de	81821033-1985	ok	0.115	0.115	0	3x2xkr4de
s4344	5x6m2du	81821033-4344	timeout	10.004	10.003	-1	5x6m2du
s8230	23jxm2da	81821033-8230	timeout	10.008	10.006	-1	23jxm2da
s6998	13jxmd4db	81821033-6998	timeout	10.062	9.997	-1	13jxmd4db
s3714	4x7xr4du	81821033-3714	timeout	10.003	9.998	-1	4x7xr4du
s3121	4x2ka	81821033-3121	ok	0.001	0.000	0	4x2ka
s6515	10x3xm4de	81821033-6515	timeout	10.004	10.002	-1	10x3xm4de
s2307	3x5adi	81821033-2307	ok	0.143	0.143	80	3x5adi
s3887	5jxm8de	81821033-3887	ok	0.018	0.018	4	5jxm8de
s1441	2x13a	81821033-1441	ok	0.488	0.488	320	2x13a
s7104	13x2xm8du	81821033-7104	timeout	10.004	10.001	-1	13x2xm8du
s1312	2x11xr4da	81821033-1312	ok	4.840	4.839	232	2x11xr4da
s7266	14x2xr4du	81821033-7266	timeout	10.028	9.953	-1	14x2xr4du
s5900	9jm8db	81821033-5900	ok	0.010	0.010	28	9jm8db
s8008	21jmd4da	81821033-8008	timeout	10.003	9.996	-1	21jmd4da
s6053	9x2ade	81821033-6053	ok	4.531	4.531	137	9x2ade
s7098	13x2xmd4du	81821033-7098	timeout	10.002	10.001	-1	13x2xmd4du
s3832	5jkmd4da	81821033-3832	ok	0.282	0.282	0	5jkmd4da
s5011	7jm2	81821033-5011	ok	0.001	0.001	14	7jm2
s2453	3x6xade	81821033-2453	timeout	10.077	10.013	-1	3x6xade
s6972	13jxdu	81821033-6972	timeout	10.004	9.996	-1	13jxdu
s452	2x3xkm2db	81821033-452	ok	0.006	0.006	0	2x3xkm2db
s4	2jada	81821033-4	ok	0.000	0.000	1	2jada
s2379	3x5xmd2di	81821033-2379	ok	0.064	0.063	79	3x5xmd2di
s4859	6x4xde	81821033-4859	timeout	10.004	10.002	-1	6x4xde
s8070	22jadu	81821033-8070	timeout	10.000	10.000	-1	22jadu
s3691	4x7m8	81821033-3691	ok	3.687	3.684	444	4x7m8
s8474	26jmd2db	81821033-8474	timeout	10.088	10.019	-1	26jmd2db
s7765	18jxmd4	81821033-7765	timeout	10.004	10.001	-1	18jxmd4
s945	2x7xm4di	81821033-945	ok	0.041	0.041	76	2x7xm4di
s8066	22jadb	81821033-8066	timeout	10.008	10.006	-1	22jadb
s7051	13x2m8	81821033-7051	ok	0.698	0.698	408	13x2m8
s3279	4x3r4di	81821033-3279	ok	0.014	0.014	56	4x3r4di
s3751	5j	81821033-3751	ok	0.000	0.000	8	5j
s6080	9x2m4db	81821033-6080	ok	0.019	0.018	156	9x2m4db
s2014	3x2xkm8da	81821033-2014	ok	0.004	0.004	0	3x2xkm8da
s7095	13x2xmd4di	81821033-7095	ok	0.852	0.852	346	13x2xmd4di
s8921	30jxmd4de	81821033-8921	timeout	10.002	9.995	-1	30jxmd4de
s837	2x6xm2di	81821033-837	ok	0.014	0.014	48	2x6xm2di
s435	2x3xkadi	81821033-435	ok	0.109	0.109	0	2x3xkadi
s1387	2x12m8	81821033-1387	ok	0.025	0.025	348	2x12m8
s1207	2x10x	81821033-1207	ok	0.514	0.513	192	2x10x
s4886	6x4xmd4db	81821033-4886	ok	0.796	0.796	268	6x4xmd4db
s6964	13jxada	81821033-6964	ok	4.800	4.799	42	13jxada
s555	2x4kmd2di	81821033-555	ok	0.003	0.002	0	2x4kmd2di
s543	2x4kr4di	81821033-543	ok	0.016	0.016	0	2x4kr4di
s5749	8x2xmd4	81821033-5749	ok	0.006	0.006	118	8x2xmd4
s4374	5x6xadu	81821033-4374	timeout	10.068	9.993	-1	5x6xadu
s5626	8jxkda	81821033-5626	ok	3.276	3.261	0	8jxkda
s8103	22jmd4di	81821033-8103	timeout	10.004	10.003	-1	22jmd4di
s7695	18jr4di	81821033-7695	timeout	10.005	9.996	-1	18jr4di
s7321	15jmd2	81821033-7321	timeout	10.002	10.000	-1	15jmd2
s2643	3x8xadi	81821033-2643	ok	6.747	6.701	237	3x8xadi
s3916	5jxkmd2da	81821033-3916	ok	2.384	2.361	0	5jxkmd2da
s2508	3x7du	81821033-2508	timeout	10.004	10.003	-1	3x7du
s1855	3x2m4	81821033-1855	ok	0.000	0.000	16	3x2m4
s5891	9jm4de	81821033-5891	ok	0.081	0.081	26	9jm4de
s7145	14jmd4de	81821033-7145	timeout	10.008	10.002	-1	14jmd4de
s1772	3jm8db	81821033-1772	ok	0.000	0.000	4	3jm8db
s2762	3x9xmd2db	81821033-2762	timeout	10.004	10.002	-1	3x9xmd2db
s729	2x5xdi	81821033-729	ok	0.009	0.009	32	2x5xdi
s5933	9jkmd2de	81821033-5933	ok	4.940	4.939	0	9jkmd2de
s6507	10x3xmd2di	81821033-6507	timeout	10.084	10.015	-1	10x3xmd2di
s5857	9ja	81821033-5857	ok	0.002	0.002	24	9ja
s2221	3x4r4	81821033-2221	ok	0.001	0.001	60	3x4r4
s6891	12x2xmd2di	81821033-6891	ok	1.496	1.496	268	12x2xmd2di
s8143	22jxm4	81821033-8143	timeout	10.002	10.001	-1	22jxm4
s518	2x4md4db	81821033-518	ok	0.001	0.001	24	2x4md4db
s7616	17jm4db	81821033-7616	timeout	10.007	10.001	-1	17jm4db
s6044	9jxkm8db	81821033-6044	ok	0.540	0.539	0	9jxkm8db
s2316	3x5du	81821033-2316	ok	1.976	1.975	90	3x5du
s2581	3x7xmd4	81821033-2581	ok	0.049	0.049	207	3x7xmd4
s8740	29jada	81821033-8740	timeout	10.121	10.049	-1	29jada
s1020	2x8xdu	81821033-1020	timeout	10.002	10.001	-1	2x8xdu
s5319	7x3md4di	81821033-5319	ok	0.382	0.381	210	7x3md4di
s2823	3x10md4di	81821033-2823	timeout	10.007	10.000	-1	3x10md4di
s490	2x4da	81821033-490	ok	0.029	0.029	22	2x4da
s1595	2x14xde	81821033-1595	timeout	10.006	10.000	-1	2x14xde
s1675	2x15m8	81821033-1675	ok	0.091	0.091	560	2x15m8
s1203	2x10xadi	81821033-1203	ok	0.941	0.941	167	2x10xadi
s38	2jmd4db	81821033-38	ok	0.000	0.000	2	2jmd4db
s7826	19jxadb	81821033-7826	timeout	10.048	9.986	-1	19jxadb
s4308	5x5xm4du	81821033-4308	timeout	10.002	10.000	-1	5x5xm4du
s3178	4x2xda	81821033-3178	ok	0.040	0.040	14	4x2xda
s5131	7jxm8	81821033-5131	ok	0.006	0.006	12	7jxm8
s6961	13jxa	81821033-6961	timeout	10.003	10.002	-1	13jxa
s7635	17jxadi	81821033-7635	timeout	10.007	10.001	-1	17jxadi
s5870	9jr4db	81821033-5870	ok	0.002	0.002	32	9jr4db
s7067	13x2xde	81821033-7067	timeout	10.052	9.971	-1	13x2xde
s2903	4jm2de	81821033-2903	ok	0.024	0.024	4	4jm2de
s8255	23jxm8de	81821033-8255	timeout	10.002	9.999	-1	23jxm8de
s8011	21jm8	81821033-8011	timeout	10.004	10.002	-1	21jm8
s3964	5x2md2da	81821033-3964	ok	0.052	0.052	36	5x2md2da
s6879	12x2xr4di	81821033-6879	ok	1.779	1.778	288	12x2xr4di
s1635	2x15adi	81821033-1635	ok	8.259	8.254	451	2x15adi
s3255	4x2xkmd4di	81821033-3255	ok	0.011	0.011	0	4x2xkmd4di
s8652	28jdu	81821033-8652	timeout	10.079	10.010	-1	28jdu
s7484	15x2xm8db	81821033-7484	timeout	10.004	10.002	-1	15x2xm8db
s7183	14jxm4	81821033-7183	timeout	10.001	9.999	-1	14jxm4
s6626	11x2adb	81821033-6626	ok	0.385	0.385	221	11x2adb
s8516	26jxm2db	81821033-8516	timeout	10.008	10.000	-1	26jxm2db
s2028	3x3du	81821033-2028	ok	0.573	0.573	26	3x3du
s5134	7jxm8da	81821033-5134	ok	0.122	0.122	8	7jxm8da
s6299	10jxde	81821033-6299	ok	6.886	6.886	22	10jxde
s8154	22jxmd4du	81821033-8154	timeout	10.092	10.009	-1	22jxmd4du
s4735	6x3m4	81821033-4735	ok	0.009	0.009	160	6x3m4
s7281	14x2xm4di	81821033-7281	ok	0.994	0.987	404	14x2xm4di
s6116	9x2xm2db	81821033-6116	ok	0.063	0.062	142	9x2xm2db
s3298	4x3m4da	81821033-3298	ok	0.187	0.186	64	4x3m4da
s4828	6x4md2da	81821033-4828	timeout	10.002	10.000	-1	6x4md2da
s3006	4jxmd2du	81821033-3006	timeout	10.000	9.991	-1	4jxmd2du
s1762	3jm4da	81821033-1762	ok	0.000	0.000	4	3jm4da
s92	2jkm8db	81821033-92	timeout	9.997	9.997	-1	2jkm8db
s7721	18jmd4de	81821033-7721	timeout	10.058	9.979	-1	18jmd4de
s187	2x2km8	81821033-187	ok	0.000	0.000	0	2x2km8
s8561	27jr4de	81821033-8561	timeout	10.004	10.002	-1	27jr4de
s221	2x2xmd2de	81821033-221	ok	0.000	0.000	4	2x2xmd2de
s5765	8x3ade	81821033-5765	timeout	10.007	10.002	-1	8x3ade
s652	2x4xkmd2da	81821033-652	ok	0.012	0.012	0	2x4xkmd2da
s7797	19jm2di	81821033-7797	timeout	10.004	10.001	-1	19jm2di
s4475	6jkde	81821033-4475	ok	0.340	0.340	0	6jkde
s3641	4x6xmd4de	81821033-3641	timeout	10.043	9.971	-1	4x6xmd4de
s4773	6x3xm2di	81821033-4773	ok	0.290	0.286	130	6x3xm2di
s1606	2x14xm2da	81821033-1606	timeout	10.003	10.002	-1	2x14xm2da
s8478	26jmd2du	81821033-8478	timeout	10.007	10.002	-1	26jmd2du
s2750	3x9xr4db	81821033-2750	ok	3.636	3.634	357	3x9xr4db
s5871	9jr4di	81821033-5871	ok	0.019	0.019	24	9jr4di
s1255	2x11	81821033-1255	ok	0.064	0.064	244	2x11
s1705	2x15xmd2	81821033-1705	ok	0.336	0.336	489	2x15xmd2
s3246	4x2xkmd2du	81821033-3246	ok	0.036	0.036	0	4x2xkmd2du
s5747	8x2xm4de	81821033-5747	ok	0.839	0.839	116	8x2xm4de
s5352	7x3xm2du	81821033-5352	timeout	10.004	10.002	-1	7x3xm2du
s2505	3x7di	81821033-2505	ok	0.658	0.658	196	3x7di
s1222	2x10xm2da	81821033-1222	ok	3.868	3.866	172	2x10xm2da
s986	2x8md2db	81821033-986	ok	0.023	0.023	115	2x8md2db
s7787	19jde	81821033-7787	timeout	10.054	9.977	-1	19jde
s781	2x6r4	81821033-781	ok	0.001	0.001	68	2x6r4
s1342	2x11xm8da	81821033-1342	ok	3.427	3.426	244	2x11xm8da
s7425	15x2m4di	81821033-7425	timeout	10.008	10.002	-1	15x2m4di
s6131	9x2xm4de	81821033-6131	ok	1.920	1.914	148	9x2xm4de
s8661	28jm2di	81821033-8661	timeout	10.001	10.000	-1	28jm2di
s180	2x2km4du	81821033-180	ok	0.000	0.000	0	2x2km4du
s1756	3jmd2da	81821033-1756	ok	0.000	0.000	2	3jmd2da
s4565	6jxkade	81821033-4565	timeout	10.074	10.010	-1	6jxkade
s3663	4x7r4di	81821033-3663	ok	2.808	2.800	408	4x7r4di
s7825	19jxa	81821033-7825	timeout	10.002	9.999	-1	19jxa
s1073	2x9r4de	81821033-1073	ok	1.608	1.607	156	2x9r4de
s3772	5jmd2da	81821033-3772	ok	0.520	0.519	4	5jmd2da
s4491	6jkmd2di	81821033-4491	ok	0.051	0.051	0	6jkmd2di
s4147	5x4m2	81821033-4147	ok	0.036	0.036	186	5x4m2
s728	2x5xdb	81821033-728	ok	0.003	0.003	30	2x5xdb
s8326	24jxm2da	81821033-8326	timeout	10.012	10.005	-1	24jxm2da
s176	2x2km4db	81821033-176	ok	0.000	0.000	0	2x2km4db
s5441	7x4xr4de	81821033-5441	timeout	10.043	10.011	-1	7x4xr4de
s189	2x2km8di	81821033-189	ok	0.000	0.000	0	2x2km8di
s8395	25jm8	81821033-8395	timeout	10.100	10.023	-1	25jm8
s711	2x5md4di	81821033-711	ok	0.033	0.033	40	2x5md4di
s3133	4x2kr4	81821033-3133	ok	0.002	0.002	0	4x2kr4
s7075	13x2xm2	81821033-7075	ok	0.159	0.158	358	13x2xm2
s5005	7jr4	81821033-5005	ok	0.002	0.002	17	7jr4
s5657	8jxkmd4de	81821033-5657	timeout	10.009	10.002	-1	8jxkmd4de
s5546	8jkmd2db	81821033-5546	ok	0.019	0.019	0	8jkmd2db
s7004	13jxm8db	81821033-7004	timeout	10.003	9.999	-1	13jxm8db
s7398	15x2adu	81821033-7398	timeout	10.003	10.002	-1	15x2adu
s6	2jadu	81821033-6	ok	0.000	0.000	1	2jadu
s5517	8jm8di	81821033-5517	ok	0.056	0.056	20	8jm8di
s253	2x2xkr4	81821033-253	ok	0.000	0.000	0	2x2xkr4
s7236	14x2m4du	81821033-7236	timeout	10.039	9.980	-1	14x2m4du
s5087	7jkm8de	81821033-5087	ok	1.508	1.497	0	7jkm8de
s630	2x4xkadu	81821033-630	ok	0.124	0.123	0	2x4xkadu
s2569	3x7xmd2	81821033-2569	ok	0.436	0.425	190	3x7xmd2
s8724	28jxm4du	81821033-8724	timeout	10.000	9.994	-1	28jxm4du
s2143	3x3xm4	81821033-2143	ok	0.001	0.001	28	3x3xm4
s2386	3x5xm4da	81821033-2386	ok	0.178	0.177	88	3x5xm4da
s3869	5jxmd2de	81821033-3869	ok	0.020	0.020	4	5jxmd2de
s7471	15x2xm4	81821033-7471	ok	0.170	0.170	520	15x2xm4
s1737	3jdi	81821033-1737	ok	0.000	0.000	2	3jdi
s2025	3x3di	81821033-2025	ok	0.002	0.002	28	3x3di
s4031	5x2xm8de	81821033-4031	ok	0.036	0.036	32	5x2xm8de
s7150	14jm8da	81821033-7150	timeout	10.004	10.002	-1	14jm8da
s4377	5x6xdi	81821033-4377	timeout	10.003	10.002	-1	5x6xdi
s6447	10x3r4di	81821033-6447	ok	2.865	2.865	484	10x3r4di
s8183	23jm2de	81821033-8183	timeout	10.007	10.002	-1	23jm2de
s8440	25jxmd4da	81821033-8440	timeout	10.059	9.986	-1	25jxmd4da
s5469	7x4xm8di	81821033-5469	ok	1.429	1.421	380	7x4xm8di
s4775	6x3xm2de	81821033-4775	ok	8.315	8.314	126	6x3xm2de
s7299	15jadi	81821033-7299	timeout	10.004	10.000	-1	15jadi
s6713	11x2xmd4de	81821033-6713	timeout	10.004	9.998	-1	11x2xmd4de
s1481	2x13md4de	81821033-1481	timeout	10.083	10.000	-1	2x13md4de
s114	2x2r4du	81821033-114	ok	0.000	0.000	4	2x2r4du
s4795	6x3xm8	81821033-4795	ok	0.006	0.006	160	6x3xm8
s2013	3x2xkm8di	81821033-2013	ok	0.088	0.087	0	3x2xkm8di
s7506	16jr4du	81821033-7506	timeout	10.004	10.003	-1	16jr4du
s3880	5jxmd4da	81821033-3880	ok	0.189	0.188	4	5jxmd4da
s8179	23jm2	81821033-8179	timeout	10.004	10.003	-1	23jm2
s8501	26jxade	81821033-8501	timeout	10.008	10.001	-1	26jxade
s3239	4x2xkm2de	81821033-3239	ok	0.151	0.151	0	4x2xkm2de
s7468	15x2xmd2da	81821033-7468	timeout	10.004	10.003	-1	15x2xmd2da
s5730	8x2xr4du	81821033-5730	timeout	10.064	9.988	-1	8x2xr4du
s192	2x2km8du	81821033-192	ok	0.000	0.000	0	2x2km8du
s6196	9x3xada	81821033-6196	timeout	10.004	10.002	-1	9x3xada
s2296	3x4xmd4da	81821033-2296	ok	0.211	0.207	48	3x4xmd4da
s3640	4x6xmd4da	81821033-3640	timeout	10.005	10.000	-1	4x6xmd4da
s780	2x6du	81821033-780	ok	0.306	0.306	56	2x6du
s5804	8x3m8db	81821033-5804	ok	0.084	0.084	304	8x3m8db
s4957	6x5xr4	81821033-4957	timeout	10.004	10.003	-1	6x5xr4
s71	2jkm2de	81821033-71	timeout	10.008	10.006	-1	2jkm2de
s3885	5jxm8di	81821033-3885	ok	0.005	0.005	4	5jxm8di
s8968	31jmd4da	81821033-8968	timeout	10.040	9.975	-1	31jmd4da
s4216	5x4xmd4da	81821033-4216	ok	1.388	1.386	162	5x4xmd4da
s4336	5x6r4da	81821033-4336	timeout	10.001	9.995	-1	5x6r4da
s906	2x7md4du	81821033-906	ok	0.263	0.262	88	2x7md4du
s4039	5x3	81821033-4039	ok	0.007	0.007	96	5x3
s3461	4x5ade	81821033-3461	timeout	10.003	10.001	-1	4x5ade
s476	2x3xkm8db	81821033-476	ok	0.015	0.015	0	2x3xkm8db
s5400	7x4m2du	81821033-5400	timeout	10.108	10.035	-1	7x4m2du
s1670	2x15md4db	81821033-1670	ok	0.669	0.668	502	2x15md4db
s5596	8jxmd2da	81821033-5596	ok	0.282	0.282	13	8jxmd2da
s5593	8jxmd2	81821033-5593	ok	0.171	0.171	15	8jxmd2
s2176	3x3xkr4da	81821033-2176	ok	0.007	0.007	0	3x3xkr4da
s320	2x3m4db	81821033-320	ok	0.004	0.004	12	2x3m4db
s7061	13x2xade	81821033-7061	timeout	10.004	10.002	-1	13x2xade
s909	2x7m8di	81821033-909	ok	0.097	0.097	92	2x7m8di
s4650	6x2md4du	81821033-4650	ok	0.237	0.236	62	6x2md4du
s4654	6x2m8da	81821033-4654	ok	0.101	0.100	64	6x2m8da
s57	2jkdi	81821033-57	timeout	10.006	9.999	-1	2jkdi
s7818	19jmd4du	81821033-7818	timeout	10.076	10.001	-1	19jmd4du
s8315	24jxde	81821033-8315	timeout	10.004	10.002	-1	24jxde
s3303	4x3md4di	81821033-3303	ok	0.043	0.043	52	4x3md4di
s5745	8x2xm4di	81821033-5745	ok	0.133	0.133	104	8x2xm4di
s999	2x8md4di	81821033-999	ok	0.024	0.023	118	2x8md4di
s443	2x3xkde	81821033-443	ok	0.015	0.015	0	2x3xkde
s1789	3jkr4	81821033-1789	ok	0.000	0.000	0	3jkr4
s5085	7jkm8di	81821033-5085	ok	0.031	0.030	0	7jkm8di
s8288	24jm4db	81821033-8288	timeout	10.003	10.000	-1	24jm4db
s5170	7jxkm4da	81821033-5170	ok	6.257	6.256	0	7jxkm4da
s3864	5jxm2du	81821033-3864	ok	0.023	0.023	4	5jxm2du
s8441	25jxmd4de	81821033-8441	timeout	10.008	10.001	-1	25jxmd4de
s2283	3x4xmd2di	81821033-2283	ok	0.016	0.016	47	3x4xmd2di
s2089	3x3kmd2	81821033-2089	ok	0.003	0.002	0	3x3kmd2
s2541	3x7m8di	81821033-2541	ok	0.091	0.091	212	3x7m8di
s1468	2x13md2da	81821033-1468	timeout	10.052	9.975	-1	2x13md2da
s6780	12jxdu	81821033-6780	timeout	10.004	10.003	-1	12jxdu
s3615	4x6xr4di	81821033-3615	ok	1.465	1.457	260	4x6xr4di
s6904	12x2xmd4da	81821033-6904	ok	5.510	5.505	280	12x2xmd4da
s1563	2x14md2di	81821033-1563	ok	2.899	2.896	415	2x14md2di
s6997	13jxmd4	81821033-6997	timeout	10.004	10.003	-1	13jxmd4
s1722	2x15xmd4du	81821033-1722	timeout	10.004	10.003	-1	2x15xmd4du
s2158	3x3xm8da	81821033-2158	ok	0.011	0.011	24	3x3xm8da
s5129	7jxmd4de	81821033-5129	ok	0.028	0.028	8	7jxmd4de
s6642	11x2r4du	81821033-6642	timeout	10.039	9.966	-1	11x2r4du
s7394	15x2adb	81821033-7394	ok	5.042	5.040	452	15x2adb
s3852	5jxdu	81821033-3852	ok	0.006	0.006	4	5jxdu
s3866	5jxmd2db	81821033-3866	ok	0.001	0.001	5	5jxmd2db
s577	2x4xa	81821033-577	ok	0.001	0.001	18	2x4xa
s144	2x2m8du	81821033-144	crash	0.000	0.000	-1	2x2m8du
s5986	9jxm4da	81821033-5986	ok	0.501	0.501	14	9jxm4da
s1356	2x12du	81821033-1356	timeout	10.005	9.999	-1	2x12du
s7285	14x2xmd4	81821033-7285	ok	1.180	1.179	438	14x2xmd4
s7866	19jxmd4du	81821033-7866	timeout	10.004	10.002	-1	19jxmd4du
s7156	14jxada	81821033-7156	timeout	10.060	9.989	-1	14jxada
s4958	6x5xr4db	81821033-4958	ok	0.804	0.799	432	6x5xr4db
s5935	9jkm4	81821033-5935	ok	0.037	0.037	0	9jkm4
s26	2jmd2db	81821033-26	ok	0.000	0.000	2	2jmd2db
s1707	2x15xmd2di	81821033-1707	timeout	10.004	10.003	-1	2x15xmd2di
s1926	3x2xadu	81821033-1926	ok	0.024	0.024	5	3x2xadu
s3755	5jde	81821033-3755	ok	0.001	0.001	6	5jde
s8765	29jmd2de	81821033-8765	timeout	10.008	10.003	-1	29jmd2de
s8837	30jade	81821033-8837	timeout	10.004	10.001	-1	30jade
s6552	11jm2du	81821033-6552	ok	0.697	0.696	31	11jm2du
s4880	6x4xm4db	81821033-4880	ok	0.181	0.181	256	6x4xm4db
s5274	7x2xmd4du	81821033-5274	timeout	10.075	9.995	-1	7x2xmd4du
s6454	10x3m2da	81821033-6454	timeout	10.002	9.998	-1	10x3m2da
s5027	7jm4de	81821033-5027	ok	0.023	0.022	12	7jm4de
s1800	3jkm2du	81821033-1800	ok	0.000	0.000	0	3jkm2du
s7028	13x2m2db	81821033-7028	ok	0.481	0.481	354	13x2m2db
s1733	3jade	81821033-1733	ok	0.000	0.000	2	3jade
s1271	2x11m2de	81821033-1271	timeout	10.004	9.999	-1	2x11m2de
s4564	6jxkada	81821033-4564	ok	8.497	8.437	0	6jxkada
s4217	5x4xmd4de	81821033-4217	ok	9.870	9.867	162	5x4xmd4de
s2069	3x3kade	81821033-2069	ok	5.062	5.060	0	3x3kade
s3584	4x6m4db	81821033-3584	ok	0.194	0.194	272	4x6m4db
s1506	2x13xr4du	81821033-1506	timeout	10.003	10.001	-1	2x13xr4du
s816	2x6m8du	81821033-816	ok	0.220	0.220	60	2x6m8du
s3264	4x2xkm8du	81821033-3264	ok	0.133	0.133	0	4x2xkm8du
s5710	8x2m8da	81821033-5710	ok	0.446	0.446	128	8x2m8da
s505	2x4md2	81821033-505	ok	0.000	0.000	24	2x4md2
s636	2x4xkdu	81821033-636	ok	0.154	0.154	0	2x4xkdu
s352	2x3kr4da	81821033-352	ok	0.271	0.271	0	2x3kr4da
s4628	6x2m2db	81821033-4628	ok	0.006	0.006	60	6x2m2db
s5531	8jkde	81821033-5531	ok	2.708	2.708	0	8jkde
s4423	6j	81821033-4423	ok	0.000	0.000	10	6j
s687	2x5r4di	81821033-687	ok	0.024	0.024	40	2x5r4di
s292	2x3ada	81821033-292	ok	2.810	2.809	9	2x3ada
s8621	27jxmd2de	81821033-8621	timeout	10.054	9.981	-1	27jxmd2de
s5306	7x3md2db	81821033-5306	ok	0.162	0.162	194	7x3md2db
s7843	19jxm2	81821033-7843	timeout	10.002	10.001	-1	19jxm2
s8650	28jda	81821033-8650	timeout	10.000	9.999	-1	28jda
s8132	22jxm2db	81821033-8132	timeout	10.005	9.997	-1	22jxm2db
s694	2x5m2da	81821033-694	ok	0.104	0.104	38	2x5m2da
s5369	7x3xmd4de	81821033-5369	ok	6.192	6.150	190	7x3xmd4de
s897	2x7m4di	81821033-897	ok	0.012	0.012	84	2x7m4di
s8989	31jxr4	81821033-8989	timeout	10.008	10.003	-1	31jxr4
s7380	15jxm4du	81821033-7380	timeout	10.004	10.003	-1	15jxm4du
s1316	2x11xm2db	81821033-1316	ok	0.250	0.249	220	2x11xm2db
s1066	2x9da	81821033-1066	ok	1.084	1.084	148	2x9da
s158	2x2kr4db	81821033-158	ok	0.000	0.000	0	2x2kr4db
s7277	14x2xmd2de	81821033-7277	timeout	10.011	10.002	-1	14x2xmd2de
s3387	4x4md2di	81821033-3387	ok	0.074	0.073	103	4x4md2di
s8169	23jdi	81821033-8169	timeout	10.049	9.987	-1	23jdi
s1285	2x11md4	81821033-1285	ok	0.036	0.036	256	2x11md4
s628	2x4xkada	81821033-628	ok	0.031	0.031	0	2x4xkada
s4148	5x4m2db	81821033-4148	ok	0.098	0.098	170	5x4m2db
s3043	4jxkm2	81821033-3043	ok	0.001	0.001	0	4jxkm2
s317	2x3md2de	81821033-317	ok	0.005	0.005	10	2x3md2de
s7356	15jxdu	81821033-7356	timeout	10.002	10.000	-1	15jxdu
s5772	8x3du	81821033-5772	timeout	10.003	10.001	-1	8x3du
s7953	20jxm4di	81821033-7953	timeout	10.006	10.000	-1	20jxm4di
s4471	6jk	81821033-4471	ok	0.000	0.000	0	6jk
s5226	7x2md4du	81821033-5226	ok	0.739	0.739	84	7x2md4du
s7463	15x2xm2de	81821033-7463	timeout	10.072	9.999	-1	15x2xm2de
s3557	4x6ade	81821033-3557	timeout	10.004	10.002	-1	4x6ade
s1211	2x10xde	81821033-1211	timeout	10.003	9.998	-1	2x10xde
s8885	30jxade	81821033-8885	timeout	10.016	10.003	-1	30jxade
s5993	9jxmd4de	81821033-5993	ok	0.104	0.101	21	9jxmd4de
s4702	6x2xm8da	81821033-4702	ok	0.048	0.047	60	6x2xm8da
s61	2jkr4	81821033-61	timeout	10.024	9.980	-1	2jkr4
s6682	11x2xda	81821033-6682	ok	6.623	6.590	212	11x2xda
s8213	23jxade	81821033-8213	timeout	10.004	10.002	-1	23jxade
s84	2jkm4du	81821033-84	timeout	10.008	10.002	-1	2jkm4du
s7523	16jm4de	81821033-7523	timeout	10.052	10.005	-1	16jm4de
s4984	6x5xmd4da	81821033-4984	timeout	10.008	9.994	-1	6x5xmd4da
s4161	5x4m4di	81821033-4161	ok	0.189	0.188	184	5x4m4di
s4605	6jxkm8di	81821033-4605	ok	0.428	0.428	0	6jxkm8di
s2979	4jxadi	81821033-2979	ok	0.009	0.009	3	4jxadi
s7146	14jmd4du	81821033-7146	timeout	10.024	10.000	-1	14jmd4du
s3559	4x6	81821033-3559	ok	0.100	0.099	292	4x6
s4030	5x2xm8da	81821033-4030	ok	0.038	0.038	36	5x2xm8da
s3082	4x2da	81821033-3082	ok	0.006	0.006	22	4x2da
s8951	31jm2de	81821033-8951	timeout	10.012	10.005	-1	31jm2de
s742	2x5xm2da	81821033-742	ok	0.012	0.012	26	2x5xm2da
s5034	7jmd4du	81821033-5034	ok	0.028	0.028	16	7jmd4du
s8426	25jxmd2db	81821033-8426	timeout	10.024	9.999	-1	25jxmd2db
s2293	3x4xmd4	81821033-2293	ok	0.002	0.002	58	3x4xmd4
s8275	24jm2	81821033-8275	timeout	10.013	9.997	-1	24jm2
s9021	31jxm8di	81821033-9021	timeout	10.027	9.966	-1	31jxm8di
s7884	20jdu	81821033-7884	timeout	10.004	9.997	-1	20jdu
s2760	3x9xm2du	81821033-2760	timeout	10.002	9.999	-1	3x9xm2du
s2052	3x3m4du	81821033-2052	ok	0.704	0.704	36	3x3m4du
s2613	3x8m2di	81821033-2613	ok	1.628	1.627	278	3x8m2di
s4527	6jxr4di	81821033-4527	ok	0.034	0.034	8	6jxr4di
s4678	6x2xm2da	81821033-4678	ok	0.114	0.114	50	6x2xm2da
s4214	5x4xmd4db	81821033-4214	ok	0.091	0.091	168	5x4xmd4db
s5214	7x2md2du	81821033-5214	ok	2.397	2.395	78	7x2md2du
s8780	29jm8db	81821033-8780	timeout	10.020	10.004	-1	29jm8db
s7971	21jadi	81821033-7971	timeout	10.064	10.012	-1	21jadi
s8925	30jxm8di	81821033-8925	timeout	10.003	10.002	-1	30jxm8di
s589	2x4xr4	81821033-589	ok	0.000	0.000	20	2x4xr4
s7496	16jdb	81821033-7496	timeout	10.002	9.995	-1	16jdb
s5322	7x3md4du	81821033-5322	timeout	10.044	10.005	-1	7x3md4du
s8643	28jadi	81821033-8643	timeout	10.036	9.999	-1	28jadi
s2961	4jkm4di	81821033-2961	ok	0.005	0.005	0	4jkm4di
s7090	13x2xm4da	81821033-7090	timeout	10.003	10.002	-1	13x2xm4da
s4395	5x6xmd2di	81821033-4395	timeout	10.008	10.001	-1	5x6xmd2di
s6117	9x2xm2di	81821033-6117	ok	0.207	0.207	132	9x2xm2di
s8163	23jadi	81821033-8163	timeout	10.048	9.973	-1	23jadi
s4270	5x5m8da	81821033-4270	timeout	10.003	10.001	-1	5x5m8da
s7027	13x2m2	81821033-7027	ok	0.180	0.180	368	13x2m2
s7952	20jxm4db	81821033-7952	timeout	10.004	10.002	-1	20jxm4db
s3073	4x2a	81821033-3073	ok	0.001	0.001	22	4x2a
s5897	9jmd4de	81821033-5897	ok	0.113	0.113	24	9jmd4de
s6901	12x2xmd4	81821033-6901	ok	0.945	0.945	304	12x2xmd4
s7304	15jdb	81821033-7304	timeout	10.005	9.998	-1	15jdb
s5112	7jxm2du	81821033-5112	ok	0.041	0.041	6	7jxm2du
s4139	5x4de	81821033-4139	ok	4.326	4.322	174	5x4de
s7918	20jm8da	81821033-7918	timeout	10.056	9.970	-1	20jm8da
s2946	4jkr4du	81821033-2946	ok	0.033	0.033	0	4jkr4du
s1621	2x14xmd4	81821033-1621	ok	0.158	0.157	440	2x14xmd4
s8658	28jr4du	81821033-8658	timeout	10.004	10.003	-1	28jr4du
s1978	3x2xkda	81821033-1978	ok	0.180	0.180	0	3x2xkda
s3494	4x5md4db	81821033-3494	ok	0.049	0.049	186	4x5md4db
s5432	7x4xdb	81821033-5432	ok	1.506	1.506	362	7x4xdb
s5914	9jkda	81821033-5914	ok	0.111	0.111	0	9jkda
s4919	6x5m2de	81821033-4919	timeout	10.000	9.997	-1	6x5m2de
s1627	2x14xm8	81821033-1627	ok	3.360	3.358	460	2x14xm8
s328	2x3md4da	81821033-328	ok	0.148	0.148	12	2x3md4da
s2403	3x6adi	81821033-2403	ok	0.561	0.561	127	3x6adi
s8467	26jm2	81821033-8467	timeout	10.076	10.010	-1	26jm2
s8710	28jxm2da	81821033-8710	timeout	10.001	9.998	-1	28jxm2da
s3483	4x5md2di	81821033-3483	ok	0.661	0.661	167	4x5md2di
s3648	4x6xm8du	81821033-3648	timeout	10.010	10.002	-1	4x6xm8du
s7895	20jm2de	81821033-7895	timeout	10.002	10.001	-1	20jm2de
s7997	21jmd2de	81821033-7997	timeout	10.072	10.006	-1	21jmd2de
s3774	5jmd2du	81821033-3774	ok	0.002	0.002	6	5jmd2du
s3797	5jkade	81821033-3797	ok	0.053	0.052	0	5jkade
s142	2x2m8da	81821033-142	ok	0.000	0.000	8	2x2m8da
s8064	21jxm8du	81821033-8064	timeout	10.002	10.001	-1	21jxm8du
s4051	5x3m2	81821033-4051	ok	0.007	0.007	95	5x3m2
s5576	8jxdb	81821033-5576	ok	0.072	0.071	14	8jxdb
s1673	2x15md4de	81821033-1673	timeout	10.008	10.001	-1	2x15md4de
s102	2x2adu	81821033-102	ok	0.000	0.000	4	2x2adu
s127	2x2m4	81821033-127	ok	0.000	0.000	8	2x2m4
s4054	5x3m2da	81821033-4054	ok	0.335	0.335	88	5x3m2da
s8142	22jxmd2du	81821033-8142	timeout	10.012	10.005	-1	22jxmd2du
s6476	10x3m8db	81821033-6476	ok	0.314	0.314	492	10x3m8db
s2360	3x5xdb	81821033-2360	ok	0.023	0.023	74	3x5xdb
s6406	10x2xm2da	81821033-6406	ok	3.539	3.537	176	10x2xm2da
s1724	2x15xm8db	81821033-1724	ok	0.457	0.457	500	2x15xm8db
s6371	10x2m4de	81821033-6371	ok	4.867	4.865	196	10x2m4de
s8898	30jxr4du	81821033-8898	timeout	10.057	9.979	-1	30jxr4du
s2798	3x10r4db	81821033-2798	ok	1.813	1.812	480	3x10r4db
s6676	11x2xada	81821033-6676	timeout	10.001	9.999	-1	11x2xada
s3384	4x4m2du	81821033-3384	ok	4.730	4.730	96	4x4m2du
s4657	6x2xa	81821033-4657	ok	0.004	0.004	48	6x2xa
s136	2x2md4da	81821033-136	ok	0.000	0.000	4	2x2md4da
s3316	4x3xada	81821033-3316	ok	0.094	0.094	38	4x3xada
s4434	6jr4du	81821033-4434	ok	0.011	0.011	8	6jr4du
s6808	12jxmd4da	81821033-6808	timeout	10.004	9.998	-1	12jxmd4da
s87	2jkmd4di	81821033-87	timeout	10.052	9.987	-1	2jkmd4di
s5450	7x4xmd2db	81821033-5450	ok	1.385	1.368	351	7x4xmd2db
s8048	21jxm4db	81821033-8048	timeout	10.004	10.001	-1	21jxm4db
s2967	4jkmd4di	81821033-2967	ok	0.048	0.048	0	4jkmd4di
s4921	6x5md2	81821033-4921	ok	0.833	0.832	460	6x5md2
s5098	7jxda	81821033-5098	ok	0.036	0.036	10	7jxda
s2917	4jmd4	81821033-2917	ok	0.000	0.000	6	4jmd4
s6119	9x2xm2de	81821033-6119	ok	9.316	9.315	130	9x2xm2de
s4556	6jxm8db	81821033-4556	ok	0.005	0.004	12	6jxm8db
s3081	4x2di	81821033-3081	ok	0.044	0.044	24	4x2di
s2966	4jkmd4db	81821033-2966	ok	0.099	0.099	0	4jkmd4db
s3816	5jkm2du	81821033-3816	ok	0.004	0.004	0	5jkm2du
s6041	9jxkmd4de	81821033-6041	timeout	10.004	9.997	-1	9jxkmd4de
s800	2x6m4db	81821033-800	ok	0.002	0.002	64	2x6m4db
s7125	14jm2di	81821033-7125	timeout	10.026	9.963	-1	14jm2di
s2693	3x9ade	81821033-2693	timeout	10.003	9.998	-1	3x9ade
s8974	31jm8da	81821033-8974	timeout	10.001	10.000	-1	31jm8da
s1962	3x2xmd4du	81821033-1962	ok	0.002	0.002	8	3x2xmd4du
s989	2x8md2de	81821033-989	ok	0.923	0.923	107	2x8md2de
s1820	3jkm8db	81821033-1820	ok	0.000	0.000	0	3jkm8db
s299	2x3de	81821033-299	ok	0.014	0.013	10	2x3de
s559	2x4km4	81821033-559	ok	0.001	0.001	0	2x4km4
s1790	3jkr4db	81821033-1790	ok	0.000	0.000	0	3jkr4db
s4988	6x5xm8db	81821033-4988	timeout	10.005	10.000	-1	6x5xm8db
s2370	3x5xr4du	81821033-2370	timeout	10.080	10.008	-1	3x5xr4du
s7423	15x2m4	81821033-7423	timeout	10.004	9.999	-1	15x2m4
s7215	14x2r4di	81821033-7215	ok	1.360	1.359	432	14x2r4di
s3350	4x3xmd4db	81821033-3350	ok	0.003	0.003	54	4x3xmd4db
s3002	4jxmd2db	81821033-3002	ok	0.006	0.006	3	4jxmd2db
s2365	3x5xr4	81821033-2365	ok	0.003	0.003	104	3x5xr4
s8172	23jdu	81821033-8172	timeout	10.004	10.001	-1	23jdu
s7112	14jdb	81821033-7112	timeout	10.008	10.002	-1	14jdb
s7472	15x2xm4db	81821033-7472	ok	0.692	0.692	480	15x2xm4db
s1639	2x15	81821033-1639	ok	0.392	0.392	494	2x15
s4391	5x6xm2de	81821033-4391	timeout	10.068	10.005	-1	5x6xm2de
s6883	12x2xm2	81821033-6883	ok	0.108	0.108	298	12x2xm2
s5173	7jxkmd4	81821033-5173	ok	0.001	0.001	0	7jxkmd4
s411	2x3xmd2di	81821033-411	ok	0.003	0.003	8	2x3xmd2di
s5357	7x3xmd2de	81821033-5357	timeout	10.003	10.000	-1	7x3xmd2de
s7578	16jxmd4du	81821033-7578	timeout	10.004	10.003	-1	16jxmd4du
s3333	4x3xm2di	81821033-3333	ok	0.032	0.032	48	4x3xm2di
s8299	24jm8	81821033-8299	timeout	10.007	10.002	-1	24jm8
s6244	10jada	81821033-6244	ok	0.167	0.166	24	10jada
s3338	4x3xmd2db	81821033-3338	ok	0.007	0.007	48	4x3xmd2db
s3513	4x5xdi	81821033-3513	ok	0.407	0.407	158	4x5xdi
s6522	10x3xmd4du	81821033-6522	timeout	10.047	9.971	-1	10x3xmd4du
s5425	7x4xa	81821033-5425	ok	0.724	0.720	340	7x4xa
s2325	3x5m2di	81821033-2325	ok	0.052	0.051	90	3x5m2di
s3952	5x2r4da	81821033-3952	ok	0.041	0.041	40	5x2r4da
s3588	4x6m4du	81821033-3588	timeout	10.004	10.001	-1	4x6m4du
s8236	23jxmd2da	81821033-8236	timeout	10.004	10.002	-1	23jxmd2da
s6584	11jxdb	81821033-6584	timeout	10.006	10.001	-1	11jxdb
s8773	29jmd4	81821033-8773	timeout	10.058	9.985	-1	29jmd4
s3065	4jxkmd4de	81821033-3065	ok	0.087	0.086	0	4jxkmd4de
s1030	2x8xm2da	81821033-1030	ok	1.042	1.036	102	2x8xm2da
s2590	3x7xm8da	81821033-2590	ok	3.674	3.672	188	3x7xm8da
s2495	3x6xm8de	81821033-2495	ok	0.797	0.796	136	3x6xm8de
s812	2x6m8db	81821033-812	ok	0.001	0.001	68	2x6m8db
s2805	3x10m2di	81821033-2805	timeout	10.004	10.001	-1	3x10m2di
s7474	15x2xm4da	81821033-7474	timeout	10.004	10.002	-1	15x2xm4da
s2937	4jkdi	81821033-2937	ok	0.035	0.035	0	4jkdi
s377	2x3kmd4de	81821033-377	ok	0.125	0.125	0	2x3kmd4de
s3677	4x7md2de	81821033-3677	timeout	10.047	9.997	-1	4x7md2de
s8746	29jda	81821033-8746	timeout	10.031	9.999	-1	29jda
s8597	27jxade	81821033-8597	timeout	10.004	10.002	-1	27jxade
s5023	7jm4	81821033-5023	ok	0.001	0.001	17	7jm4
s7744	18jxr4da	81821033-7744	timeout	10.004	10.002	-1	18jxr4da
s5953	9jxa	81821033-5953	ok	0.340	0.340	16	9jxa
s1993	3x2xkmd2	81821033-1993	ok	0.000	0.000	0	3x2xkmd2
s1651	2x15m2	81821033-1651	ok	1.728	1.726	500	2x15m2
s1351	2x12	81821033-1351	ok	1.304	1.304	304	2x12
s631	2x4xk	81821033-631	ok	0.001	0.000	0	2x4xk
s573	2x4km8di	81821033-573	ok	0.017	0.017	0	2x4km8di
s3331	4x3xm2	81821033-3331	ok	0.002	0.002	48	4x3xm2
s8266	24jda	81821033-8266	timeout	10.096	10.020	-1	24jda
s497	2x4r4de	81821033-497	ok	0.026	0.026	24	2x4r4de
s1218	2x10xr4du	81821033-1218	timeout	10.003	10.001	-1	2x10xr4du
s775	2x6	81821033-775	ok	0.002	0.002	58	2x6
s7647	17jxr4di	81821033-7647	timeout	10.008	10.002	-1	17jxr4di
s4490	6jkmd2db	81821033-4490	ok	0.029	0.029	0	6jkmd2db
s8127	22jxr4di	81821033-8127	timeout	10.003	10.002	-1	22jxr4di
s6429	10x2xm8di	81821033-6429	ok	0.122	0.122	192	10x2xm8di
s1622	2x14xmd4db	81821033-1622	ok	5.330	5.329	410	2x14xmd4db
s3166	4x2km8da	81821033-3166	ok	0.054	0.054	0	4x2km8da
s3897	5jxkdi	81821033-3897	ok	0.366	0.366	0	5jxkdi
s8206	23jm8da	81821033-8206	timeout	10.050	9.977	-1	23jm8da
s3534	4x5xmd2du	81821033-3534	timeout	10.006	9.999	-1	4x5xmd2du
s4422	6jadu	81821033-4422	ok	0.005	0.005	7	6jadu
s5076	7jkm4du	81821033-5076	ok	0.273	0.273	0	7jkm4du
s3840	5jkm8du	81821033-3840	ok	0.029	0.029	0	5jkm8du
s3986	5x2xadb	81821033-3986	ok	0.003	0.003	26	5x2xadb
s46	2jm8da	81821033-46	crash	0.000	0.000	-1	2jm8da
s759	2x5xmd4di	81821033-759	ok	0.012	0.012	32	2x5xmd4di
s8429	25jxmd2de	81821033-8429	timeout	10.002	9.999	-1	25jxmd2de
s603	2x4xmd2di	81821033-603	ok	0.005	0.005	15	2x4xmd2di
s5148	7jxkdu	81821033-5148	timeout	10.003	10.000	-1	7jxkdu
s528	2x4m8du	81821033-528	ok	0.119	0.118	24	2x4m8du
s1450	2x13da	81821033-1450	timeout	10.076	10.007	-1	2x13da
s3227	4x2xkde	81821033-3227	ok	0.246	0.242	0	4x2xkde
s5092	7jxada	81821033-5092	ok	0.039	0.038	7	7jxada
s5471	7x4xm8de	81821033-5471	timeout	10.004	9.998	-1	7x4xm8de
s993	2x8m4di	81821033-993	ok	0.038	0.037	120	2x8m4di
s2525	3x7md2de	81821033-2525	timeout	10.003	10.002	-1	3x7md2de
s2506	3x7da	81821033-2506	ok	4.252	4.214	196	3x7da
s6188	9x3m8db	81821033-6188	ok	0.211	0.210	373	9x3m8db
s7017	13x2di	81821033-7017	ok	1.737	1.737	346	13x2di
s4043	5x3de	81821033-4043	ok	0.602	0.602	94	5x3de
s7367	15jxm2de	81821033-7367	timeout	10.001	9.999	-1	15jxm2de
s2583	3x7xmd4di	81821033-2583	ok	0.617	0.617	192	3x7xmd4di
s7316	15jm2db	81821033-7316	timeout	10.002	9.995	-1	15jm2db
s5604	8jxm4du	81821033-5604	ok	0.194	0.194	12	8jxm4du
s6218	9x3xmd2db	81821033-6218	ok	1.062	1.061	336	9x3xmd2db
s7577	16jxmd4de	81821033-7577	timeout	10.063	9.979	-1	16jxmd4de
s5998	9jxm8da	81821033-5998	ok	7.527	7.525	20	9jxm8da
s8375	25jm2de	81821033-8375	timeout	10.003	10.003	-1	25jm2de
s6889	12x2xmd2	81821033-6889	ok	1.551	1.551	292	12x2xmd2
s11	2jde	81821033-11	ok	0.000	0.000	2	2jde
s3271	4x3	81821033-3271	ok	0.002	0.002	60	4x3
s5958	9jxadu	81821033-5958	ok	3.818	3.759	11	9jxadu
s5184	7jxkm8du	81821033-5184	timeout	10.006	9.998	-1	7jxkm8du
s5061	7jkm2di	81821033-5061	ok	0.015	0.015	0	7jkm2di
s8387	25jm4de	81821033-8387	timeout	10.004	10.002	-1	25jm4de
s7457	15x2xr4de	81821033-7457	timeout	10.100	9.965	-1	15x2xr4de
s6097	9x2xa	81821033-6097	ok	0.034	0.033	131	9x2xa
s3097	4x2md2	81821033-3097	ok	0.001	0.000	25	4x2md2
s4821	6x4m2di	81821033-4821	ok	1.592	1.579	266	6x4m2di
s4163	5x4m4de	81821033-4163	ok	3.541	3.538	180	5x4m4de
s6986	13jxmd2db	81821033-6986	timeout	10.004	10.003	-1	13jxmd2db
s2218	3x4da	81821033-2218	ok	0.276	0.275	52	3x4da
s1913	3x2kmd4de	81821033-1913	ok	0.096	0.096	0	3x2kmd4de
s5746	8x2xm4da	81821033-5746	ok	0.381	0.381	108	8x2xm4da
s5707	8x2m8	81821033-5707	ok	0.003	0.003	132	8x2m8
s1687	2x15x	81821033-1687	ok	7.222	7.222	494	2x15x
s8407	25jx	81821033-8407	timeout	10.058	9.984	-1	25jx
s104	2x2db	81821033-104	ok	0.000	0.000	4	2x2db
s8711	28jxm2de	81821033-8711	timeout	10.008	9.999	-1	28jxm2de
s5848	8x3xmd4da	81821033-5848	timeout	10.003	10.003	-1	8x3xmd4da
s6162	9x3r4du	81821033-6162	timeout	10.002	10.000	-1	9x3r4du
s4380	5x6xdu	81821033-4380	timeout	10.071	10.007	-1	5x6xdu
s8875	30jm8	81821033-8875	timeout	10.004	9.996	-1	30jm8
s5073	7jkm4di	81821033-5073	ok	0.003	0.003	0	7jkm4di
s5144	7jxkdb	81821033-5144	ok	0.347	0.346	0	7jxkdb
s1307	2x11xde	81821033-1307	timeout	10.004	10.002	-1	2x11xde
s4207	5x4xm4	81821033-4207	ok	0.021	0.020	204	5x4xm4
s2284	3x4xmd2da	81821033-2284	ok	0.075	0.075	45	3x4xmd2da
s4805	6x4ade	81821033-4805	timeout	10.004	10.002	-1	6x4ade
s1685	2x15xade	81821033-1685	timeout	10.040	10.009	-1	2x15xade
s2029	3x3r4	81821033-2029	ok	0.001	0.000	29	3x3r4
s1444	2x13ada	81821033-1444	timeout	10.049	9.988	-1	2x13ada
s1701	2x15xm2di	81821033-1701	ok	3.453	3.438	470	2x15xm2di
s7211	14x2de	81821033-7211	timeout	10.004	10.002	-1	14x2de
s4090	5x3xda	81821033-4090	ok	0.464	0.463	80	5x3xda
s2549	3x7xade	81821033-2549	timeout	10.004	10.001	-1	3x7xade
s801	2x6m4di	81821033-801	ok	0.020	0.020	60	2x6m4di
s8061	21jxm8di	81821033-8061	timeout	10.023	9.995	-1	21jxm8di
s6468	10x3m4du	81821033-6468	timeout	10.004	10.003	-1	10x3m4du
s6197	9x3xade	81821033-6197	timeout	10.011	9.984	-1	9x3xade
s5832	8x3xm2du	81821033-5832	timeout	10.028	9.982	-1	8x3xm2du
s4425	6jdi	81821033-4425	ok	0.003	0.003	10	6jdi
s2542	3x7m8da	81821033-2542	ok	0.799	0.798	216	3x7m8da
s2874	3x10xmd4du	81821033-2874	timeout	10.032	10.010	-1	3x10xmd4du
s7087	13x2xm4	81821033-7087	ok	0.145	0.145	380	13x2xm4
s6575	11jm8de	81821033-6575	ok	1.172	1.167	40	11jm8de
s2715	3x9md2di	81821033-2715	timeout	10.004	10.003	-1	3x9md2di
s396	2x3xdu	81821033-396	ok	0.005	0.005	6	2x3xdu
s2622	3x8md2du	81821033-2622	timeout	10.012	9.998	-1	3x8md2du
s8927	30jxm8de	81821033-8927	timeout	10.005	9.996	-1	30jxm8de
s5232	7x2m8du	81821033-5232	ok	0.672	0.672	92	7x2m8du
s1495	2x13x	81821033-1495	ok	0.751	0.750	360	2x13x
s3808	5jkr4da	81821033-3808	ok	0.180	0.179	0	5jkr4da
s301	2x3r4	81821033-301	ok	0.000	0.000	16	2x3r4
s6317	10jxmd2de	81821033-6317	ok	7.051	7.002	24	10jxmd2de
s615	2x4xmd4di	81821033-615	ok	0.001	0.001	16	2x4xmd4di
s4049	5x3r4de	81821033-4049	ok	0.669	0.664	92	5x3r4de
s4440	6jm2du	81821033-4440	ok	0.004	0.004	8	6jm2du
s8697	28jxdi	81821033-8697	timeout	10.003	10.001	-1	28jxdi
s4734	6x3md2du	81821033-4734	timeout	10.004	10.002	-1	6x3md2du
s1196	2x10m8db	81821033-1196	ok	0.026	0.025	216	2x10m8db
s7521	16jm4di	81821033-7521	timeout	10.001	9.992	-1	16jm4di
s7841	19jxr4de	81821033-7841	timeout	10.077	10.004	-1	19jxr4de
s4180	5x4xada	81821033-4180	timeout	10.004	10.003	-1	5x4xada
s2515	3x7m2	81821033-2515	ok	0.072	0.072	215	3x7m2
s7869	19jxm8di	81821033-7869	timeout	10.002	10.001	-1	19jxm8di
s7161	14jxdi	81821033-7161	timeout	10.020	10.011	-1	14jxdi
s455	2x3xkm2de	81821033-455	ok	0.875	0.875	0	2x3xkm2de
s1678	2x15m8da	81821033-1678	timeout	10.052	9.983	-1	2x15m8da
s6219	9x3xmd2di	81821033-6219	ok	4.304	4.283	336	9x3xmd2di
s8550	27jadu	81821033-8550	timeout	10.003	10.000	-1	27jadu
s2168	3x3xkdb	81821033-2168	ok	0.001	0.001	0	3x3xkdb
s8725	28jxmd4	81821033-8725	timeout	10.012	10.002	-1	28jxmd4
s8822	29jxmd4db	81821033-8822	timeout	10.001	10.000	-1	29jxmd4db
s695	2x5m2de	81821033-695	ok	0.013	0.013	34	2x5m2de
s4839	6x4md4di	81821033-4839	ok	1.123	1.121	276	6x4md4di
s5545	8jkmd2	81821033-5545	ok	0.028	0.028	0	8jkmd2
s6462	10x3md2du	81821033-6462	timeout	10.092	10.019	-1	10x3md2du
s7073	13x2xr4de	81821033-7073	timeout	10.003	10.002	-1	13x2xr4de
s3309	4x3m8di	81821033-3309	ok	0.012	0.012	64	4x3m8di
s6794	12jxmd2db	81821033-6794	timeout	10.003	10.001	-1	12jxmd2db
s6516	10x3xm4du	81821033-6516	timeout	10.009	10.000	-1	10x3xm4du
s4739	6x3m4de	81821033-4739	ok	1.613	1.612	152	6x3m4de
s8444	25jxm8db	81821033-8444	timeout	10.080	10.014	-1	25jxm8db
s4290	5x5xr4du	81821033-4290	timeout	10.003	10.002	-1	5x5xr4du
s3679	4x7m4	81821033-3679	timeout	10.012	10.003	-1	4x7m4
s4048	5x3r4da	81821033-4048	ok	0.344	0.343	96	5x3r4da
s5563	8jkm8	81821033-5563	ok	0.007	0.007	0	8jkm8
s8492	26jm8db	81821033-8492	timeout	10.003	10.002	-1	26jm8db
s1966	3x2xm8da	81821033-1966	timeout	10.084	10.014	-1	3x2xm8da
s2729	3x9md4de	81821033-2729	timeout	10.004	10.003	-1	3x9md4de
s2251	3x4m8	81821033-2251	ok	0.001	0.001	72	3x4m8
s6171	9x3md2di	81821033-6171	timeout	10.005	9.998	-1	9x3md2di
s381	2x3km8di	81821033-381	ok	0.039	0.038	0	2x3km8di
s2928	4jm8du	81821033-2928	timeout	10.004	10.003	-1	4jm8du
s2909	4jmd2de	81821033-2909	ok	0.001	0.001	3	4jmd2de
s3814	5jkm2da	81821033-3814	ok	0.752	0.752	0	5jkm2da
s194	2x2xadb	81821033-194	ok	0.000	0.000	3	2x2xadb
s4704	6x2xm8du	81821033-4704	ok	1.204	1.203	48	6x2xm8du
s6615	11jxmd4di	81821033-6615	ok	6.861	6.812	28	11jxmd4di
s6718	11x2xm8da	81821033-6718	ok	4.284	4.250	244	11x2xm8da
s5427	7x4xadi	81821033-5427	timeout	10.003	10.002	-1	7x4xadi
s3875	5jxm4de	81821033-3875	ok	0.011	0.011	4	5jxm4de
s8918	30jxmd4db	81821033-8918	timeout	10.003	10.000	-1	30jxmd4db
s1597	2x14xr4	81821033-1597	ok	0.144	0.144	436	2x14xr4
s3549	4x5xm8di	81821033-3549	ok	0.133	0.133	172	4x5xm8di
s6084	9x2m4du	81821033-6084	timeout	10.008	9.998	-1	9x2m4du
s2787	3x10adi	81821033-2787	timeout	10.058	10.004	-1	3x10adi
s1683	2x15xadi	81821033-1683	timeout	10.000	9.999	-1	2x15xadi
s1718	2x15xmd4db	81821033-1718	timeout	10.002	10.000	-1	2x15xmd4db
s7140	14jm4du	81821033-7140	timeout	10.004	9.998	-1	14jm4du
s4631	6x2m2de	81821033-4631	ok	0.128	0.128	56	6x2m2de
s5741	8x2xmd2de	81821033-5741	ok	1.454	1.453	105	8x2xmd2de
s2125	3x3xr4	81821033-2125	ok	0.001	0.000	28	3x3xr4
s3185	4x2xr4de	81821033-3185	ok	0.005	0.005	16	4x2xr4de
s8243	23jxm4de	81821033-8243	timeout	10.072	10.002	-1	23jxm4de
s7386	15jxmd4du	81821033-7386	timeout	10.004	10.002	-1	15jxmd4du
s4506	6jkmd4du	81821033-4506	ok	0.277	0.276	0	6jkmd4du
s2198	3x3xkmd4db	81821033-2198	ok	0.002	0.002	0	3x3xkmd4db
s1583	2x14m8de	81821033-1583	timeout	10.008	10.000	-1	2x14m8de
s990	2x8md2du	81821033-990	timeout	10.011	10.006	-1	2x8md2du
s727	2x5x	81821033-727	ok	0.001	0.001	36	2x5x
s1384	2x12md4da	81821033-1384	ok	7.556	7.554	298	2x12md4da
s6610	11jxm4da	81821033-6610	timeout	10.064	10.003	-1	11jxm4da
s6838	12x2m2da	81821033-6838	timeout	10.004	10.000	-1	12x2m2da
s2311	3x5	81821033-2311	ok	0.007	0.007	94	3x5
s1631	2x14xm8de	81821033-1631	timeout	10.007	10.000	-1	2x14xm8de
s7555	16jxm2	81821033-7555	timeout	10.003	10.000	-1	16jxm2
s2592	3x7xm8du	81821033-2592	timeout	10.072	10.008	-1	3x7xm8du
s7855	19jxm4	81821033-7855	timeout	10.000	10.000	-1	19jxm4
s8722	28jxm4da	81821033-8722	timeout	10.004	9.995	-1	28jxm4da
s7706	18jmd2db	81821033-7706	timeout	10.004	10.003	-1	18jmd2db
s7204	14x2ada	81821033-7204	timeout	10.056	9.985	-1	14x2ada
s6235	9x3xm8	81821033-6235	ok	0.053	0.053	416	9x3xm8
s7475	15x2xm4de	81821033-7475	timeout	10.004	10.000	-1	15x2xm4de
s1927	3x2x	81821033-1927	ok	0.000	0.000	8	3x2x
s3799	5jk	81821033-3799	ok	0.000	0.000	0	5jk
s6697	11x2xmd2	81821033-6697	ok	0.384	0.383	239	11x2xmd2
s7058	13x2xadb	81821033-7058	ok	4.868	4.841	298	13x2xadb
s7424	15x2m4db	81821033-7424	ok	0.774	0.761	520	15x2m4db
s6621	11jxm8di	81821033-6621	timeout	10.008	10.003	-1	11jxm8di
s2137	3x3xmd2	81821033-2137	ok	0.001	0.001	26	3x3xmd2
s8605	27jxr4	81821033-8605	timeout	10.004	10.003	-1	27jxr4
s3359	4x3xm8de	81821033-3359	ok	0.081	0.081	52	4x3xm8de
s2635	3x8m8	81821033-2635	ok	0.042	0.041	312	3x8m8
s499	2x4m2	81821033-499	ok	0.000	0.000	22	2x4m2
s5132	7jxm8db	81821033-5132	ok	0.007	0.007	12	7jxm8db
s4846	6x4m8da	81821033-4846	ok	4.308	4.279	292	6x4m8da
s6259	10jm2	81821033-6259	ok	0.010	0.010	32	10jm2
s2685	3x8xm8di	81821033-2685	ok	2.828	2.828	280	3x8xm8di
s5903	9jm8de	81821033-5903	ok	0.083	0.083	20	9jm8de
s8867	30jm4de	81821033-8867	timeout	10.007	10.001	-1	30jm4de
s7747	18jxm2	81821033-7747	timeout	10.007	10.002	-1	18jxm2
s8448	25jxm8du	81821033-8448	timeout	10.074	10.002	-1	25jxm8du
s288	2x2xkm8du	81821033-288	ok	0.000	0.000	0	2x2xkm8du
s6582	11jxadu	81821033-6582	timeout	10.002	10.002	-1	11jxadu
s1957	3x2xmd4	81821033-1957	ok	0.000	0.000	10	3x2xmd4
s6385	10x2xa	81821033-6385	ok	0.089	0.089	166	10x2xa
s3080	4x2db	81821033-3080	ok	0.002	0.002	20	4x2db
s564	2x4km4du	81821033-564	ok	0.194	0.194	0	2x4km4du
s3342	4x3xmd2du	81821033-3342	timeout	10.004	10.000	-1	4x3xmd2du
s6612	11jxm4du	81821033-6612	timeout	10.008	10.003	-1	11jxm4du
s6558	11jmd2du	81821033-6558	ok	3.333	3.332	28	11jmd2du
s8110	22jm8da	81821033-8110	timeout	10.079	10.017	-1	22jm8da
s2700	3x9du	81821033-2700	timeout	10.002	9.999	-1	3x9du
s541	2x4kr4	81821033-541	ok	0.002	0.001	0	2x4kr4
s7994	21jmd2db	81821033-7994	timeout	10.004	9.999	-1	21jmd2db
s716	2x5m8db	81821033-716	ok	0.002	0.002	44	2x5m8db
s5714	8x2xadb	81821033-5714	ok	0.062	0.062	98	8x2xadb
s6434	10x3adb	81821033-6434	timeout	10.002	9.995	-1	10x3adb
s8959	31jm4	81821033-8959	timeout	10.096	10.024	-1	31jm4
s8571	27jmd2di	81821033-8571	timeout	10.002	9.998	-1	27jmd2di
s502	2x4m2da	81821033-502	ok	0.006	0.006	24	2x4m2da
s4989	6x5xm8di	81821033-4989	ok	4.753	4.750	440	6x5xm8di
s8879	30jm8de	81821033-8879	timeout	10.004	10.000	-1	30jm8de
s4637	6x2md2de	81821033-4637	ok	0.069	0.069	55	6x2md2de
s4142	5x4r4db	81821033-4142	ok	0.033	0.033	172	5x4r4db
s4537	6jxmd2	81821033-4537	ok	0.015	0.015	9	6jxmd2
s5111	7jxm2de	81821033-5111	ok	0.028	0.028	9	7jxm2de
s4192	5x4xr4da	81821033-4192	ok	1.474	1.474	168	5x4xr4da
s2320	3x5r4da	81821033-2320	ok	0.057	0.056	97	3x5r4da
s5492	8jm2db	81821033-5492	ok	0.001	0.001	18	8jm2db
s8147	22jxm4de	81821033-8147	timeout	10.036	9.968	-1	22jxm4de
s8628	27jxm4du	81821033-8628	timeout	10.002	9.998	-1	27jxm4du
s5665	8x2a	81821033-5665	ok	0.014	0.013	111	8x2a
s2156	3x3xm8db	81821033-2156	ok	0.000	0.000	28	3x3xm8db
s5030	7jmd4db	81821033-5030	ok	0.001	0.001	14	7jmd4db
s2790	3x10adu	81821033-2790	timeout	10.007	10.001	-1	3x10adu
s2631	3x8md4di	81821033-2631	ok	0.769	0.769	276	3x8md4di
s7242	14x2md4du	81821033-7242	timeout	10.003	10.001	-1	14x2md4du
s1257	2x11di	81821033-1257	ok	0.385	0.384	246	2x11di
s76	2jkmd2da	81821033-76	timeout	10.060	9.999	-1	2jkmd2da
s2646	3x8xadu	81821033-2646	timeout	10.008	10.000	-1	3x8xadu
s3629	4x6xmd2de	81821033-3629	timeout	10.003	10.001	-1	4x6xmd2de
s697	2x5md2	81821033-697	ok	0.001	0.001	36	2x5md2
s8816	29jxm4db	81821033-8816	timeout	10.003	10.002	-1	29jxm4db
s8389	25jmd4	81821033-8389	timeout	10.076	10.011	-1	25jmd4
s1747	3jm2	81821033-1747	ok	0.000	0.000	2	3jm2
s43	2jm8	81821033-43	crash	0.000	0.000	-1	2jm8
s7406	15x2r4db	81821033-7406	ok	0.519	0.519	516	15x2r4db
s4966	6x5xm2da	81821033-4966	timeout	10.012	10.003	-1	6x5xm2da
s1758	3jmd2du	81821033-1758	ok	0.000	0.000	2	3jmd2du
s274	2x2xkm4da	81821033-274	ok	0.000	0.000	0	2x2xkm4da
s8842	30jda	81821033-8842	timeout	10.002	9.999	-1	30jda
s5197	7x2r4	81821033-5197	ok	0.002	0.002	92	7x2r4
s4068	5x3m4du	81821033-4068	ok	3.577	3.576	96	5x3m4du
s2659	3x8xm2	81821033-2659	ok	0.237	0.237	272	3x8xm2
s3317	4x3xade	81821033-3317	ok	0.290	0.289	39	4x3xade
s3524	4x5xm2db	81821033-3524	ok	0.163	0.163	170	4x5xm2db
s197	2x2xade	81821033-197	ok	0.000	0.000	3	2x2xade
s5950	9jkm8da	81821033-5950	ok	0.005	0.005	0	9jkm8da
s3879	5jxmd4di	81821033-3879	ok	0.002	0.002	4	5jxmd4di
s934	2x7xm2da	81821033-934	ok	0.456	0.455	70	2x7xm2da
s6660	11x2m4du	81821033-6660	timeout	10.071	10.005	-1	11x2m4du
s7650	17jxr4du	81821033-7650	timeout	10.001	9.999	-1	17jxr4du
s1310	2x11xr4db	81821033-1310	ok	0.096	0.096	236	2x11xr4db
s5559	8jkmd4di	81821033-5559	ok	0.153	0.152	0	8jkmd4di
s8964	31jm4du	81821033-8964	timeout	10.007	9.999	-1	31jm4du
s1291	2x11m8	81821033-1291	ok	0.019	0.019	276	2x11m8
s3827	5jkm4de	81821033-3827	ok	0.201	0.200	0	5jkm4de
s4466	6jkadb	81821033-4466	ok	0.028	0.027	0	6jkadb
s6848	12x2m4db	81821033-6848	ok	0.181	0.181	308	12x2m4db
s4339	5x6m2	81821033-4339	ok	0.481	0.480	456	5x6m2
s5008	7jr4da	81821033-5008	ok	0.080	0.080	12	7jr4da
s2071	3x3k	81821033-2071	ok	0.008	0.008	0	3x3k
s7251	14x2xadi	81821033-7251	ok	7.721	7.720	367	14x2xadi
s7049	13x2md4de	81821033-7049	timeout	10.055	9.980	-1	13x2md4de
s6149	9x3ade	81821033-6149	timeout	10.003	10.002	-1	9x3ade
s22	2jm2da	81821033-22	ok	0.000	0.000	2	2jm2da
s7783	19j	81821033-7783	timeout	10.006	9.999	-1	19j
s195	2x2xadi	81821033-195	ok	0.000	0.000	4	2x2xadi
s3567	4x6r4di	81821033-3567	ok	0.781	0.781	268	4x6r4di
s783	2x6r4di	81821033-783	ok	0.017	0.017	64	2x6r4di
s7040	13x2m4db	81821033-7040	ok	0.476	0.476	372	13x2m4db
s3564	4x6du	81821033-3564	timeout	10.001	9.996	-1	4x6du
s5169	7jxkm4di	81821033-5169	ok	0.061	0.060	0	7jxkm4di
s1337	2x11xmd4de	81821033-1337	timeout	10.096	10.022	-1	2x11xmd4de
s1727	2x15xm8de	81821033-1727	timeout	10.001	9.998	-1	2x15xm8de
s5329	7x3xa	81821033-5329	ok	0.167	0.167	177	7x3xa
s2781	3x9xm8di	81821033-2781	timeout	10.007	10.002	-1	3x9xm8di
s5660	8jxkm8db	81821033-5660	ok	0.299	0.299	0	8jxkm8db
s1871	3x2m8de	81821033-1871	ok	0.042	0.042	12	3x2m8de
s982	2x8m2da	81821033-982	ok	0.227	0.227	112	2x8m2da
s7044	13x2m4du	81821033-7044	timeout	10.003	10.001	-1	13x2m4du
s5338	7x3xda	81821033-5338	timeout	10.084	10.014	-1	7x3xda
s7806	19jmd2du	81821033-7806	timeout	10.003	9.999	-1	19jmd2du
s7798	19jm2da	81821033-7798	timeout	10.000	9.995	-1	19jm2da
s147	2x2kadi	81821033-147	ok	0.000	0.000	0	2x2kadi
s7490	16jadb	81821033-7490	timeout	10.004	10.001	-1	16jadb
s4627	6x2m2	81821033-4627	ok	0.002	0.002	60	6x2m2
s1508	2x13xm2db	81821033-1508	ok	3.535	3.534	336	2x13xm2db
s7842	19jxr4du	81821033-7842	timeout	10.076	10.000	-1	19jxr4du
s6624	11jxm8du	81821033-6624	timeout	10.008	10.002	-1	11jxm8du
s1795	3jkm2	81821033-1795	ok	0.000	0.000	0	3jkm2
s2282	3x4xmd2db	81821033-2282	ok	0.006	0.006	47	3x4xmd2db
s2752	3x9xr4da	81821033-2752	timeout	10.007	10.003	-1	3x9xr4da
s2440	3x6md4da	81821033-2440	ok	0.499	0.498	140	3x6md4da
s4587	6jxkmd2di	81821033-4587	ok	1.677	1.676	0	6jxkmd2di
s5683	8x2m2	81821033-5683	ok	0.009	0.009	124	8x2m2
s972	2x8du	81821033-972	ok	4.175	4.173	104	2x8du
s8980	31jxada	81821033-8980	timeout	10.003	10.002	-1	31jxada
s5074	7jkm4da	81821033-5074	ok	0.257	0.257	0	7jkm4da
s1570	2x14m4da	81821033-1570	timeout	10.044	9.978	-1	2x14m4da
s5718	8x2xadu	81821033-5718	timeout	10.007	10.001	-1	8x2xadu
s5269	7x2xmd4	81821033-5269	ok	0.033	0.033	88	7x2xmd4
s4878	6x4xmd2du	81821033-4878	timeout	10.006	10.000	-1	6x4xmd2du
s8565	27jm2di	81821033-8565	timeout	10.003	10.002	-1	27jm2di
s3486	4x5md2du	81821033-3486	timeout	10.068	9.994	-1	4x5md2du
s3710	4x7xr4db	81821033-3710	ok	0.569	0.567	388	4x7xr4db
s8415	25jxr4di	81821033-8415	timeout	10.007	10.002	-1	25jxr4di
s8607	27jxr4di	81821033-8607	timeout	10.012	10.006	-1	27jxr4di
s2856	3x10xm2du	81821033-2856	timeout	10.004	10.003	-1	3x10xm2du
s644	2x4xkm2db	81821033-644	ok	0.006	0.006	0	2x4xkm2db
s6052	9x2ada	81821033-6052	ok	3.596	3.592	140	9x2ada
s585	2x4xdi	81821033-585	ok	0.004	0.004	14	2x4xdi
s7115	14jde	81821033-7115	timeout	10.019	9.965	-1	14jde
s2617	3x8md2	81821033-2617	ok	0.264	0.264	287	3x8md2
s1863	3x2md4di	81821033-1863	ok	0.027	0.027	14	3x2md4di
s6745	12jmd2	81821033-6745	ok	0.731	0.731	54	12jmd2
s3423	4x4xr4di	81821033-3423	ok	0.054	0.053	104	4x4xr4di
s4298	5x5xmd2db	81821033-4298	ok	0.807	0.806	270	5x5xmd2db
s5551	8jkm4	81821033-5551	ok	0.009	0.009	0	8jkm4
s7071	13x2xr4di	81821033-7071	ok	0.877	0.876	340	13x2xr4di
s6214	9x3xm2da	81821033-6214	timeout	10.004	10.000	-1	9x3xm2da
s263	2x2xkm2de	81821033-263	ok	0.000	0.000	0	2x2xkm2de
s4924	6x5md2da	81821033-4924	timeout	10.004	10.001	-1	6x5md2da
s5968	9jxr4da	81821033-5968	ok	3.753	3.752	20	9jxr4da
s6861	12x2m8di	81821033-6861	ok	0.856	0.856	308	12x2m8di
s3310	4x3m8da	81821033-3310	ok	0.341	0.341	56	4x3m8da
s2447	3x6m8de	81821033-2447	ok	0.131	0.131	152	3x6m8de
s1283	2x11m4de	81821033-1283	ok	4.989	4.986	252	2x11m4de
s8024	21jxdb	81821033-8024	timeout	10.084	10.011	-1	21jxdb
s5494	8jm2da	81821033-5494	ok	0.040	0.040	16	8jm2da
s8562	27jr4du	81821033-8562	timeout	10.008	10.005	-1	27jr4du
s7572	16jxm4du	81821033-7572	timeout	10.004	10.000	-1	16jxm4du
s4140	5x4du	81821033-4140	timeout	10.007	10.002	-1	5x4du
s5229	7x2m8di	81821033-5229	ok	0.012	0.012	92	7x2m8di
s7456	15x2xr4da	81821033-7456	timeout	10.063	9.998	-1	15x2xr4da
s1969	3x2xka	81821033-1969	ok	0.000	0.000	0	3x2xka
s3134	4x2kr4db	81821033-3134	ok	0.014	0.014	0	4x2kr4db
s3165	4x2km8di	81821033-3165	ok	0.014	0.014	0	4x2km8di
s5153	7jxkr4de	81821033-5153	ok	7.843	7.841	0	7jxkr4de
s7626	17jmd4du	81821033-7626	timeout	10.008	10.003	-1	17jmd4du
s3837	5jkm8di	81821033-3837	ok	0.070	0.069	0	5jkm8di
s8870	30jmd4db	81821033-8870	timeout	10.008	10.002	-1	30jmd4db
s8792	29jxdb	81821033-8792	timeout	10.060	9.998	-1	29jxdb
s3910	5jxkm2da	81821033-3910	ok	5.044	5.041	0	5jxkm2da
s6946	13jm4da	81821033-6946	timeout	10.001	9.999	-1	13jm4da
s1261	2x11r4	81821033-1261	ok	0.371	0.371	260	2x11r4
s5853	8x3xm8di	81821033-5853	ok	0.477	0.477	280	8x3xm8di
s905	2x7md4de	81821033-905	ok	0.313	0.312	80	2x7md4de
s4788	6x3xm4du	81821033-4788	timeout	10.008	10.003	-1	6x3xm4du
s7925	20jxade	81821033-7925	timeout	10.056	9.989	-1	20jxade
s1473	2x13m4di	81821033-1473	ok	0.620	0.619	364	2x13m4di
s5412	7x4m4du	81821033-5412	timeout	10.002	9.999	-1	7x4m4du
s8268	24jdu	81821033-8268	timeout	10.002	9.999	-1	24jdu
s8002	21jm4da	81821033-8002	timeout	10.016	10.010	-1	21jm4da
s1088	2x9m4db	81821033-1088	ok	0.030	0.030	152	2x9m4db
s2824	3x10md4da	81821033-2824	timeout	10.087	10.026	-1	3x10md4da
s4410	5x6xmd4du	81821033-4410	timeout	10.004	10.000	-1	5x6xmd4du
s2680	3x8xmd4da	81821033-2680	timeout	10.004	10.001	-1	3x8xmd4da
s1012	2x8xada	81821033-1012	ok	0.574	0.574	85	2x8xada
s6928	13jr4da	81821033-6928	ok	4.917	4.887	53	13jr4da
s3727	4x7xm4	81821033-3727	ok	0.336	0.333	408	4x7xm4
s1068	2x9du	81821033-1068	timeout	10.006	9.997	-1	2x9du
s4867	6x4xm2	81821033-4867	ok	0.107	0.107	268	6x4xm2
s4923	6x5md2di	81821033-4923	timeout	10.004	10.000	-1	6x5md2di
s3415	4x4x	81821033-3415	ok	0.011	0.011	106	4x4x
s8928	30jxm8du	81821033-8928	timeout	10.001	9.998	-1	30jxm8du
s7538	16jxadb	81821033-7538	timeout	10.070	10.007	-1	16jxadb
s7328	15jm4db	81821033-7328	timeout	10.008	9.997	-1	15jm4db
s2701	3x9r4	81821033-2701	ok	3.235	3.235	392	3x9r4
s5813	8x3xade	81821033-5813	timeout	10.000	9.998	-1	8x3xade
s4429	6jr4	81821033-4429	ok	0.000	0.000	12	6jr4
s4175	5x4m8de	81821033-4175	ok	1.816	1.816	192	5x4m8de
s2297	3x4xmd4de	81821033-2297	ok	0.056	0.056	48	3x4xmd4de
s3495	4x5md4di	81821033-3495	ok	0.232	0.231	182	4x5md4di
s3851	5jxde	81821033-3851	ok	0.002	0.002	4	5jxde
s3289	4x3md2	81821033-3289	ok	0.002	0.002	58	4x3md2
s4424	6jdb	81821033-4424	ok	0.002	0.002	10	6jdb
s3272	4x3db	81821033-3272	ok	0.004	0.004	52	4x3db
s5012	7jm2db	81821033-5012	ok	0.001	0.001	12	7jm2db
s1582	2x14m8da	81821033-1582	timeout	10.040	9.975	-1	2x14m8da
s4313	5x5xmd4de	81821033-4313	timeout	10.008	10.003	-1	5x5xmd4de
s7272	14x2xm2du	81821033-7272	timeout	10.004	10.002	-1	14x2xm2du
s1509	2x13xm2di	81821033-1509	ok	4.402	4.401	328	2x13xm2di
s225	2x2xm4di	81821033-225	crash	0.000	0.000	-1	2x2xm4di
s1933	3x2xr4	81821033-1933	ok	0.000	0.000	12	3x2xr4
s3754	5jda	81821033-3754	ok	0.087	0.086	6	5jda
s6396	10x2xdu	81821033-6396	timeout	10.004	10.003	-1	10x2xdu
s7483	15x2xm8	81821033-7483	ok	0.544	0.544	548	15x2xm8
s6118	9x2xm2da	81821033-6118	ok	1.900	1.900	128	9x2xm2da
s2669	3x8xmd2de	81821033-2669	timeout	10.052	9.978	-1	3x8xmd2de
s6895	12x2xm4	81821033-6895	ok	0.053	0.053	312	12x2xm4
s944	2x7xm4db	81821033-944	ok	0.006	0.006	84	2x7xm4db
s7381	15jxmd4	81821033-7381	timeout	10.004	9.999	-1	15jxmd4
s5262	7x2xmd2du	81821033-5262	timeout	10.004	10.003	-1	7x2xmd2du
s6164	9x3m2db	81821033-6164	timeout	10.006	10.005	-1	9x3m2db
s6023	9jxkm2de	81821033-6023	timeout	10.068	9.999	-1	9jxkm2de
s6782	12jxr4db	81821033-6782	timeout	10.008	10.001	-1	12jxr4db
s280	2x2xkmd4da	81821033-280	ok	0.000	0.000	0	2x2xkmd4da
s8388	25jm4du	81821033-8388	timeout	10.008	10.003	-1	25jm4du
s8570	27jmd2db	81821033-8570	timeout	10.004	10.003	-1	27jmd2db
s6430	10x2xm8da	81821033-6430	ok	0.306	0.306	188	10x2xm8da
s6788	12jxm2db	81821033-6788	timeout	10.060	9.983	-1	12jxm2db
s8836	30jada	81821033-8836	timeout	10.007	9.999	-1	30jada
s5920	9jkr4da	81821033-5920	ok	0.071	0.071	0	9jkr4da
s2266	3x4xda	81821033-2266	ok	0.085	0.085	46	3x4xda
s7023	13x2r4di	81821033-7023	ok	0.532	0.531	376	13x2r4di
s1217	2x10xr4de	81821033-1217	ok	2.636	2.617	184	2x10xr4de
s5833	8x3xmd2	81821033-5833	ok	1.148	1.133	271	8x3xmd2
s8378	25jmd2db	81821033-8378	timeout	10.004	10.003	-1	25jmd2db
s238	2x2xm8da	81821033-238	crash	0.000	0.000	-1	2x2xm8da
s1363	2x12m2	81821033-1363	ok	0.107	0.107	298	2x12m2
s4636	6x2md2da	81821033-4636	ok	0.081	0.081	56	6x2md2da
s4002	5x2xr4du	81821033-4002	ok	0.159	0.159	32	5x2xr4du
s3147	4x2kmd2di	81821033-3147	ok	0.013	0.013	0	4x2kmd2di
s3655	4x7	81821033-3655	ok	0.432	0.432	394	4x7
s2736	3x9m8du	81821033-2736	timeout	10.001	10.000	-1	3x9m8du
s3501	4x5m8di	81821033-3501	ok	0.106	0.106	192	4x5m8di
s3012	4jxm4du	81821033-3012	timeout	10.030	9.981	-1	4jxm4du
s2235	3x4md2di	81821033-2235	ok	0.055	0.055	57	3x4md2di
s8057	21jxmd4de	81821033-8057	timeout	10.035	9.989	-1	21jxmd4de
s8526	26jxmd2du	81821033-8526	timeout	10.011	9.993	-1	26jxmd2du
s7439	15x2m8de	81821033-7439	timeout	10.001	9.998	-1	15x2m8de
s7878	20jadu	81821033-7878	timeout	10.020	9.992	-1	20jadu
s8861	30jmd2de	81821033-8861	timeout	10.020	9.993	-1	30jmd2de
s8800	29jxr4da	81821033-8800	timeout	10.052	10.004	-1	29jxr4da
s2992	4jxr4da	81821033-2992	timeout	10.004	10.001	-1	4jxr4da
s4785	6x3xm4di	81821033-4785	ok	0.137	0.137	140	6x3xm4di
s1347	2x12adi	81821033-1347	ok	2.378	2.358	266	2x12adi
s2817	3x10m4di	81821033-2817	timeout	10.004	9.999	-1	3x10m4di
s7854	19jxmd2du	81821033-7854	timeout	10.004	10.000	-1	19jxmd2du
s6325	10jxmd4	81821033-6325	ok	0.078	0.078	36	10jxmd4
s7209	14x2di	81821033-7209	ok	7.484	7.482	418	14x2di
s2668	3x8xmd2da	81821033-2668	timeout	10.053	10.006	-1	3x8xmd2da
s8491	26jm8	81821033-8491	timeout	10.008	10.003	-1	26jm8
s5088	7jkm8du	81821033-5088	ok	1.149	1.148	0	7jkm8du
s557	2x4kmd2de	81821033-557	ok	0.184	0.184	0	2x4kmd2de
s1530	2x13xmd4du	81821033-1530	timeout	10.046	10.002	-1	2x13xmd4du
s3975	5x2md4di	81821033-3975	ok	0.005	0.005	38	5x2md4di
s1567	2x14m4	81821033-1567	ok	3.971	3.961	456	2x14m4
s3999	5x2xr4di	81821033-3999	ok	0.006	0.006	32	5x2xr4di
s6090	9x2md4du	81821033-6090	ok	3.548	3.546	152	9x2md4du
s7915	20jm8	81821033-7915	timeout	10.002	10.000	-1	20jm8
s3237	4x2xkm2di	81821033-3237	ok	0.005	0.005	0	4x2xkm2di
s109	2x2r4	81821033-109	ok	0.000	0.000	8	2x2r4
s8342	24jxmd4db	81821033-8342	timeout	10.035	9.978	-1	24jxmd4db
s3015	4jxmd4di	81821033-3015	timeout	10.002	10.002	-1	4jxmd4di
s6495	10x3xr4di	81821033-6495	timeout	10.002	9.997	-1	10x3xr4di
s4520	6jxdb	81821033-4520	ok	0.008	0.008	6	6jxdb
s7655	17jxm2de	81821033-7655	timeout	10.003	10.000	-1	17jxm2de
s3427	4x4xm2	81821033-3427	ok	0.011	0.011	102	4x4xm2
s1057	2x9a	81821033-1057	ok	0.052	0.052	137	2x9a
s1015	2x8x	81821033-1015	ok	0.011	0.011	110	2x8x
s2420	3x6m2db	81821033-2420	ok	0.058	0.058	138	3x6m2db
s4111	5x3xm4	81821033-4111	ok	0.004	0.004	98	5x3xm4
s3273	4x3di	81821033-3273	ok	0.014	0.014	54	4x3di
s7738	18jxda	81821033-7738	timeout	10.088	10.005	-1	18jxda
s1457	2x13r4de	81821033-1457	timeout	10.004	10.002	-1	2x13r4de
s4699	6x2xm8	81821033-4699	ok	0.001	0.001	60	6x2xm8
s4200	5x4xm2du	81821033-4200	timeout	10.003	9.999	-1	5x4xm2du
s2538	3x7md4du	81821033-2538	timeout	10.005	10.000	-1	3x7md4du
s6799	12jxm4	81821033-6799	ok	3.614	3.612	52	12jxm4
s1693	2x15xr4	81821033-1693	ok	5.240	5.237	516	2x15xr4
s6506	10x3xmd2db	81821033-6506	timeout	10.003	10.000	-1	10x3xmd2db
s1700	2x15xm2db	81821033-1700	timeout	10.084	10.016	-1	2x15xm2db
s7123	14jm2	81821033-7123	timeout	10.010	10.005	-1	14jm2
s1712	2x15xm4db	81821033-1712	ok	7.650	7.649	484	2x15xm4db
s4283	5x5xde	81821033-4283	timeout	10.056	10.002	-1	5x5xde
s6982	13jxm2da	81821033-6982	timeout	10.004	9.981	-1	13jxm2da
s3257	4x2xkmd4de	81821033-3257	ok	0.241	0.237	0	4x2xkmd4de
s4847	6x4m8de	81821033-4847	ok	7.183	7.180	284	6x4m8de
s9	2jdi	81821033-9	ok	0.000	0.000	2	2jdi
s4749	6x3m8di	81821033-4749	ok	0.057	0.057	156	6x3m8di
s4246	5x5m2da	81821033-4246	timeout	10.004	9.996	-1	5x5m2da
s3842	5jxadb	81821033-3842	ok	0.002	0.002	4	5jxadb
s4653	6x2m8di	81821033-4653	ok	0.065	0.065	68	6x2m8di
s2400	3x5xm8du	81821033-2400	ok	8.599	8.598	84	3x5xm8du
s1469	2x13md2de	81821033-1469	timeout	10.043	9.972	-1	2x13md2de
s367	2x3km4	81821033-367	ok	0.001	0.001	0	2x3km4
s260	2x2xkm2db	81821033-260	ok	0.000	0.000	0	2x2xkm2db
s1318	2x11xm2da	81821033-1318	timeout	10.003	10.002	-1	2x11xm2da
s1794	3jkr4du	81821033-1794	ok	0.000	0.000	0	3jkr4du
s329	2x3md4de	81821033-329	ok	0.026	0.026	12	2x3md4de
s5435	7x4xde	81821033-5435	timeout	10.008	10.004	-1	7x4xde
s5485	8jr4	81821033-5485	ok	0.004	0.004	20	8jr4
s8289	24jm4di	81821033-8289	timeout	10.006	10.000	-1	24jm4di
s3930	5jxkmd4du	81821033-3930	ok	0.728	0.727	0	5jxkmd4du
s5506	8jm4da	81821033-5506	ok	0.008	0.007	16	8jm4da
s853	2x6xmd4	81821033-853	ok	0.001	0.001	60	2x6xmd4
s833	2x6xr4de	81821033-833	ok	0.124	0.124	48	2x6xr4de
s1484	2x13m8db	81821033-1484	ok	2.948	2.947	376	2x13m8db
s7257	14x2xdi	81821033-7257	ok	3.938	3.938	390	14x2xdi
s6160	9x3r4da	81821033-6160	timeout	10.075	9.990	-1	9x3r4da
s6903	12x2xmd4di	81821033-6903	ok	0.498	0.488	282	12x2xmd4di
s8393	25jmd4de	81821033-8393	timeout	10.002	10.000	-1	25jmd4de
s1327	2x11xm4	81821033-1327	ok	0.028	0.028	256	2x11xm4
s8535	26jxmd4di	81821033-8535	timeout	10.006	9.996	-1	26jxmd4di
s8715	28jxmd2di	81821033-8715	timeout	10.072	9.995	-1	28jxmd2di
s4098	5x3xr4du	81821033-4098	timeout	10.003	10.001	-1	5x3xr4du
s1352	2x12db	81821033-1352	ok	1.079	1.079	288	2x12db
s6177	9x3m4di	81821033-6177	ok	1.685	1.676	371	9x3m4di
s3893	5jxkade	81821033-3893	ok	0.862	0.862	0	5jxkade
s5210	7x2md2db	81821033-5210	ok	0.010	0.010	76	7x2md2db
s5706	8x2md4du	81821033-5706	ok	1.870	1.869	120	8x2md4du
s844	2x6xmd2da	81821033-844	ok	0.071	0.071	46	2x6xmd2da
s3712	4x7xr4da	81821033-3712	timeout	10.004	10.003	-1	4x7xr4da
s3201	4x2xm4di	81821033-3201	ok	0.005	0.005	16	4x2xm4di
s2563	3x7xm2	81821033-2563	ok	0.049	0.049	200	3x7xm2
s1726	2x15xm8da	81821033-1726	timeout	10.004	9.996	-1	2x15xm8da
s4327	5x6	81821033-4327	ok	6.118	6.118	458	5x6
s1531	2x13xm8	81821033-1531	ok	0.047	0.047	400	2x13xm8
s5615	8jxm8de	81821033-5615	ok	0.186	0.186	12	8jxm8de
s8983	31jx	81821033-8983	timeout	10.095	10.013	-1	31jx
s3577	4x6md2	81821033-3577	ok	0.108	0.105	279	4x6md2
s2584	3x7xmd4da	81821033-2584	ok	1.893	1.887	184	3x7xmd4da
s3523	4x5xm2	81821033-3523	ok	0.040	0.037	174	4x5xm2
s4677	6x2xm2di	81821033-4677	ok	0.016	0.016	46	6x2xm2di
s6526	10x3xm8da	81821033-6526	timeout	10.002	10.001	-1	10x3xm8da
s7274	14x2xmd2db	81821033-7274	ok	1.113	1.113	388	14x2xmd2db
s8633	27jxmd4de	81821033-8633	timeout	10.004	9.997	-1	27jxmd4de
s1229	2x10xmd2de	81821033-1229	ok	5.262	5.225	167	2x10xmd2de
s5218	7x2m4da	81821033-5218	ok	0.061	0.061	92	7x2m4da
s5231	7x2m8de	81821033-5231	ok	0.109	0.109	96	7x2m8de
s6033	9jxkm4di	81821033-6033	ok	0.030	0.029	0	9jxkm4di
s2226	3x4r4du	81821033-2226	ok	0.160	0.160	60	3x4r4du
s5481	8jdi	81821033-5481	ok	0.008	0.008	14	8jdi
s1645	2x15r4	81821033-1645	ok	8.350	8.348	524	2x15r4
s6366	10x2md2du	81821033-6366	timeout	10.002	10.000	-1	10x2md2du
s7956	20jxm4du	81821033-7956	timeout	10.044	9.973	-1	20jxm4du
s4836	6x4m4du	81821033-4836	timeout	10.012	10.005	-1	6x4m4du
s1656	2x15m2du	81821033-1656	timeout	10.003	10.002	-1	2x15m2du
s4833	6x4m4di	81821033-4833	ok	0.582	0.582	288	6x4m4di
s2439	3x6md4di	81821033-2439	ok	0.112	0.111	148	3x6md4di
s6658	11x2m4da	81821033-6658	ok	1.846	1.846	252	11x2m4da
s3861	5jxm2di	81821033-3861	ok	0.001	0.000	4	5jxm2di
s2393	3x5xmd4de	81821033-2393	ok	0.205	0.205	86	3x5xmd4de
s3347	4x3xm4de	81821033-3347	ok	0.161	0.161	48	4x3xm4de
s969	2x8di	81821033-969	ok	0.089	0.088	106	2x8di
s532	2x4kada	81821033-532	ok	0.044	0.044	0	2x4kada
s5553	8jkm4di	81821033-5553	ok	0.044	0.044	0	8jkm4di
s4911	6x5r4di	81821033-4911	ok	8.581	8.578	460	6x5r4di
s4164	5x4m4du	81821033-4164	timeout	10.064	9.995	-1	5x4m4du
s6947	13jm4de	81821033-6947	timeout	10.001	9.997	-1	13jm4de
s3221	4x2xkade	81821033-3221	ok	1.145	1.144	0	4x2xkade
s3940	5x2ada	81821033-3940	ok	0.012	0.012	35	5x2ada
s8588	27jm8db	81821033-8588	timeout	10.001	10.000	-1	27jm8db
s7558	16jxm2da	81821033-7558	timeout	10.006	10.001	-1	16jxm2da
s1990	3x2xkm2da	81821033-1990	ok	0.060	0.060	0	3x2xkm2da
s8578	27jm4da	81821033-8578	timeout	10.080	10.002	-1	27jm4da
s458	2x3xkmd2db	81821033-458	ok	0.000	0.000	0	2x3xkmd2db
s1616	2x14xm4db	81821033-1616	ok	0.528	0.524	420	2x14xm4db
s3889	5jxka	81821033-3889	ok	0.000	0.000	0	5jxka
s7920	20jm8du	81821033-7920	timeout	10.004	10.000	-1	20jm8du
s269	2x2xkmd2de	81821033-269	ok	0.000	0.000	0	2x2xkmd2de
s2769	3x9xm4di	81821033-2769	timeout	10.004	10.003	-1	3x9xm4di
s141	2x2m8di	81821033-141	crash	0.000	0.000	-1	2x2m8di
s2641	3x8xa	81821033-2641	ok	0.943	0.943	248	3x8xa
s5022	7jmd2du	81821033-5022	ok	0.008	0.008	11	7jmd2du
s4121	5x3xmd4de	81821033-4121	ok	0.250	0.250	82	5x3xmd4de
s14	2jr4db	81821033-14	crash	0.000	0.000	-1	2jr4db
s3708	4x7xdu	81821033-3708	timeout	10.008	10.003	-1	4x7xdu
s2713	3x9md2	81821033-2713	ok	0.271	0.270	360	3x9md2
s3203	4x2xm4de	81821033-3203	ok	0.012	0.012	20	4x2xm4de
s6812	12jxm8db	81821033-6812	timeout	10.043	9.984	-1	12jxm8db
s2456	3x6xdb	81821033-2456	ok	0.072	0.071	124	3x6xdb
s1960	3x2xmd4da	81821033-1960	timeout	10.007	10.003	-1	3x2xmd4da
s2145	3x3xm4di	81821033-2145	ok	0.010	0.010	22	3x3xm4di
s4952	6x5xdb	81821033-4952	timeout	10.002	10.000	-1	6x5xdb
s3695	4x7m8de	81821033-3695	timeout	10.005	10.000	-1	4x7m8de
s7064	13x2xdb	81821033-7064	ok	3.889	3.887	336	13x2xdb
s6898	12x2xm4da	81821033-6898	timeout	10.024	9.959	-1	12x2xm4da
s1446	2x13adu	81821033-1446	timeout	10.010	10.004	-1	2x13adu
s1139	2x9xm4de	81821033-1139	ok	2.011	2.000	148	2x9xm4de
s3915	5jxkmd2di	81821033-3915	ok	0.865	0.865	0	5jxkmd2di
s2306	3x5adb	81821033-2306	ok	0.025	0.025	83	3x5adb
s1654	2x15m2da	81821033-1654	timeout	10.004	10.002	-1	2x15m2da
s3736	4x7xmd4da	81821033-3736	timeout	10.003	10.000	-1	4x7xmd4da
s4758	6x3xadu	81821033-4758	timeout	10.069	9.994	-1	6x3xadu
s7619	17jm4de	81821033-7619	timeout	10.001	9.993	-1	17jm4de
s5235	7x2xadi	81821033-5235	ok	0.068	0.068	63	7x2xadi
s7840	19jxr4da	81821033-7840	timeout	10.004	10.001	-1	19jxr4da
s5070	7jkmd2du	81821033-5070	ok	0.199	0.199	0	7jkmd2du
s479	2x3xkm8de	81821033-479	ok	0.654	0.653	0	2x3xkm8de
s8157	22jxm8di	81821033-8157	timeout	10.004	10.001	-1	22jxm8di
s2957	4jkmd2de	81821033-2957	ok	0.272	0.272	0	4jkmd2de
s4612	6x2ada	81821033-4612	ok	0.079	0.079	54	6x2ada
s6294	10jxadu	81821033-6294	ok	5.318	5.317	14	10jxadu
s1052	2x8xm8db	81821033-1052	ok	0.006	0.006	120	2x8xm8db
s3762	5jr4du	81821033-3762	ok	0.004	0.004	5	5jr4du
s8196	23jm4du	81821033-8196	timeout	10.044	10.017	-1	23jm4du
s8594	27jxadb	81821033-8594	timeout	10.047	10.004	-1	27jxadb
s1399	2x12x	81821033-1399	ok	0.138	0.137	290	2x12x
s2662	3x8xm2da	81821033-2662	timeout	10.008	10.003	-1	3x8xm2da
s6651	11x2md2di	81821033-6651	ok	0.716	0.716	239	11x2md2di
s970	2x8da	81821033-970	ok	0.250	0.250	112	2x8da
s2900	4jm2db	81821033-2900	ok	0.003	0.003	4	4jm2db
s5199	7x2r4di	81821033-5199	ok	0.014	0.014	96	7x2r4di
s206	2x2xr4db	81821033-206	crash	0.000	0.000	-1	2x2xr4db
s6126	9x2xmd2du	81821033-6126	timeout	10.002	10.001	-1	9x2xmd2du
s8749	29jr4	81821033-8749	timeout	10.016	9.999	-1	29jr4
s6850	12x2m4da	81821033-6850	timeout	10.046	9.986	-1	12x2m4da
s2119	3x3x	81821033-2119	ok	0.001	0.001	24	3x3x
s3918	5jxkmd2du	81821033-3918	ok	1.620	1.620	0	5jxkmd2du
s2970	4jkmd4du	81821033-2970	ok	0.033	0.033	0	4jkmd4du
s1515	2x13xmd2di	81821033-1515	ok	1.727	1.716	329	2x13xmd2di
s4808	6x4db	81821033-4808	ok	0.289	0.289	276	6x4db
s8542	26jxm8da	81821033-8542	timeout	10.002	10.000	-1	26jxm8da
s8231	23jxm2de	81821033-8231	timeout	10.004	10.003	-1	23jxm2de
s747	2x5xmd2di	81821033-747	ok	0.005	0.005	30	2x5xmd2di
s6146	9x3adb	81821033-6146	ok	2.418	2.417	326	9x3adb
s2814	3x10md2du	81821033-2814	timeout	10.030	9.989	-1	3x10md2du
s7573	16jxmd4	81821033-7573	timeout	10.010	9.980	-1	16jxmd4
s6431	10x2xm8de	81821033-6431	ok	1.306	1.298	196	10x2xm8de
s2649	3x8xdi	81821033-2649	ok	2.213	2.203	248	3x8xdi
s1183	2x10m4	81821033-1183	ok	0.165	0.165	216	2x10m4
s7848	19jxm2du	81821033-7848	timeout	9.999	9.998	-1	19jxm2du
s5178	7jxkmd4du	81821033-5178	timeout	10.002	10.001	-1	7jxkmd4du
s5240	7x2xdb	81821033-5240	ok	0.014	0.014	68	7x2xdb
s5483	8jde	81821033-5483	ok	0.013	0.013	16	8jde
s7411	15x2m2	81821033-7411	ok	1.567	1.567	498	15x2m2
s1637	2x15ade	81821033-1637	timeout	10.004	9.999	-1	2x15ade
s264	2x2xkm2du	81821033-264	ok	0.000	0.000	0	2x2xkm2du
s153	2x2kdi	81821033-153	ok	0.000	0.000	0	2x2kdi
s212	2x2xm2db	81821033-212	ok	0.000	0.000	4	2x2xm2db
s6688	11x2xr4da	81821033-6688	ok	1.856	1.855	232	11x2xr4da
s3637	4x6xmd4	81821033-3637	ok	0.087	0.087	294	4x6xmd4
s5292	7x3du	81821033-5292	timeout	10.087	10.014	-1	7x3du
s5667	8x2adi	81821033-5667	ok	0.179	0.179	104	8x2adi
s6843	12x2md2di	81821033-6843	ok	1.329	1.328	291	12x2md2di
s122	2x2md2db	81821033-122	ok	0.000	0.000	6	2x2md2db
s7307	15jde	81821033-7307	timeout	10.004	10.003	-1	15jde
s4995	7jadi	81821033-4995	ok	0.005	0.005	11	7jadi
s6145	9x3a	81821033-6145	timeout	10.001	10.000	-1	9x3a
s4578	6jxkr4du	81821033-4578	ok	9.738	9.678	0	6jxkr4du
s8895	30jxr4di	81821033-8895	timeout	10.006	10.002	-1	30jxr4di
s7605	17jm2di	81821033-7605	timeout	10.003	10.001	-1	17jm2di
s6728	12jdb	81821033-6728	ok	2.277	2.276	44	12jdb
s3683	4x7m4de	81821033-3683	timeout	10.000	9.998	-1	4x7m4de
s5327	7x3m8de	81821033-5327	ok	3.518	3.516	217	7x3m8de
s750	2x5xmd2du	81821033-750	ok	0.499	0.499	29	2x5xmd2du
s8760	29jm2du	81821033-8760	timeout	10.055	9.974	-1	29jm2du
s6689	11x2xr4de	81821033-6689	ok	5.495	5.492	232	11x2xr4de
s7595	17jde	81821033-7595	timeout	10.004	10.001	-1	17jde
s6393	10x2xdi	81821033-6393	ok	0.698	0.698	170	10x2xdi
s6286	10jm8da	81821033-6286	ok	3.531	3.528	28	10jm8da
s5084	7jkm8db	81821033-5084	ok	0.035	0.035	0	7jkm8db
s7548	16jxdu	81821033-7548	timeout	10.001	9.999	-1	16jxdu
s3656	4x7db	81821033-3656	ok	9.405	9.343	378	4x7db
s3111	4x2md4di	81821033-3111	ok	0.041	0.041	24	4x2md4di
s4143	5x4r4di	81821033-4143	ok	0.237	0.236	184	5x4r4di
s3863	5jxm2de	81821033-3863	ok	0.001	0.001	4	5jxm2de
s2864	3x10xm4db	81821033-2864	timeout	10.001	9.997	-1	3x10xm4db
s2212	3x4ada	81821033-2212	ok	0.200	0.200	47	3x4ada
s1931	3x2xde	81821033-1931	ok	0.002	0.002	8	3x2xde
s3389	4x4md2de	81821033-3389	ok	0.611	0.611	103	4x4md2de
s2873	3x10xmd4de	81821033-2873	timeout	10.008	10.003	-1	3x10xmd4de
s5334	7x3xadu	81821033-5334	timeout	10.004	10.003	-1	7x3xadu
s8068	22jada	81821033-8068	timeout	10.078	10.007	-1	22jada
s4894	6x4xm8da	81821033-4894	ok	9.592	9.591	268	6x4xm8da
s4824	6x4m2du	81821033-4824	timeout	10.008	10.003	-1	6x4m2du
s4195	5x4xm2	81821033-4195	ok	0.045	0.045	178	5x4xm2
s609	2x4xm4di	81821033-609	ok	0.003	0.003	20	2x4xm4di
s3757	5jr4	81821033-3757	ok	0.000	0.000	8	5jr4
s1596	2x14xdu	81821033-1596	timeout	10.004	10.003	-1	2x14xdu
s2997	4jxm2di	81821033-2997	ok	0.006	0.005	4	4jxm2di
s1008	2x8m8du	81821033-1008	ok	3.076	3.075	120	2x8m8du
s347	2x3kde	81821033-347	ok	0.749	0.749	0	2x3kde
s6588	11jxdu	81821033-6588	timeout	10.080	10.011	-1	11jxdu
s6559	11jm4	81821033-6559	ok	0.238	0.237	46	11jm4
s268	2x2xkmd2da	81821033-268	ok	0.000	0.000	0	2x2xkmd2da
s3353	4x3xmd4de	81821033-3353	ok	0.173	0.172	44	4x3xmd4de
s3250	4x2xkm4da	81821033-3250	ok	0.022	0.021	0	4x2xkm4da
s5356	7x3xmd2da	81821033-5356	ok	6.542	6.542	178	7x3xmd2da
s2036	3x3m2db	81821033-2036	ok	0.001	0.001	26	3x3m2db
s5416	7x4md4da	81821033-5416	timeout	10.001	10.000	-1	7x4md4da
s2767	3x9xm4	81821033-2767	ok	5.054	5.052	398	3x9xm4
s5067	7jkmd2di	81821033-5067	ok	0.078	0.078	0	7jkmd2di
s5133	7jxm8di	81821033-5133	ok	0.024	0.024	8	7jxm8di
s5343	7x3xr4di	81821033-5343	ok	0.432	0.432	200	7x3xr4di
s4948	6x5xada	81821033-4948	timeout	10.058	9.990	-1	6x5xada
s2633	3x8md4de	81821033-2633	timeout	10.003	10.002	-1	3x8md4de
s6732	12jdu	81821033-6732	timeout	10.004	10.003	-1	12jdu
s2605	3x8r4	81821033-2605	ok	1.145	1.145	312	3x8r4
s2362	3x5xda	81821033-2362	ok	0.429	0.429	80	3x5xda
s7152	14jm8du	81821033-7152	timeout	9.997	9.992	-1	14jm8du
s2731	3x9m8	81821033-2731	ok	1.994	1.993	404	3x9m8
s7072	13x2xr4da	81821033-7072	timeout	10.080	10.008	-1	13x2xr4da
s3396	4x4m4du	81821033-3396	ok	2.498	2.487	112	4x4m4du
s8151	22jxmd4di	81821033-8151	timeout	10.004	10.003	-1	22jxmd4di
s2252	3x4m8db	81821033-2252	ok	0.002	0.002	72	3x4m8db
s8402	25jxadb	81821033-8402	timeout	10.004	9.998	-1	25jxadb
s8790	29jxadu	81821033-8790	timeout	10.003	10.002	-1	29jxadu
s4815	6x4r4di	81821033-4815	ok	0.898	0.897	276	6x4r4di
s5740	8x2xmd2da	81821033-5740	ok	0.344	0.344	105	8x2xmd2da
s1035	2x8xmd2di	81821033-1035	ok	0.107	0.107	98	2x8xmd2di
s2958	4jkmd2du	81821033-2958	ok	0.019	0.019	0	4jkmd2du
s3669	4x7m2di	81821033-3669	ok	4.644	4.642	378	4x7m2di
s1385	2x12md4de	81821033-1385	timeout	10.070	9.996	-1	2x12md4de
s8851	30jm2	81821033-8851	timeout	10.002	10.001	-1	30jm2
s4936	6x5md4da	81821033-4936	timeout	10.003	10.002	-1	6x5md4da
s5815	8x3x	81821033-5815	ok	0.107	0.107	282	8x3x
s8537	26jxmd4de	81821033-8537	timeout	10.007	10.001	-1	26jxmd4de
s6762	12jmd4du	81821033-6762	ok	1.319	1.318	42	12jmd4du
s1238	2x10xmd4db	81821033-1238	ok	0.074	0.074	176	2x10xmd4db
s5701	8x2md4	81821033-5701	ok	0.006	0.006	130	8x2md4
s6601	11jxmd2	81821033-6601	timeout	10.036	9.974	-1	11jxmd2
s2838	3x10xadu	81821033-2838	timeout	10.004	10.001	-1	3x10xadu
s5585	8jxr4de	81821033-5585	ok	0.560	0.556	12	8jxr4de
s2017	3x3a	81821033-2017	ok	0.001	0.001	25	3x3a
s2695	3x9	81821033-2695	ok	2.544	2.523	364	3x9
s4050	5x3r4du	81821033-4050	ok	6.186	6.184	88	5x3r4du
s6491	10x3xde	81821033-6491	timeout	10.001	10.000	-1	10x3xde
s6617	11jxmd4de	81821033-6617	timeout	10.008	10.002	-1	11jxmd4de
s2255	3x4m8de	81821033-2255	ok	0.033	0.033	60	3x4m8de
s1536	2x13xm8du	81821033-1536	timeout	10.070	10.003	-1	2x13xm8du
s6081	9x2m4di	81821033-6081	ok	0.183	0.179	160	9x2m4di
s5466	7x4xmd4du	81821033-5466	timeout	10.006	10.001	-1	7x4xmd4du
s6576	11jm8du	81821033-6576	ok	0.146	0.146	32	11jm8du
s3803	5jkde	81821033-3803	ok	0.092	0.092	0	5jkde
s8843	30jde	81821033-8843	timeout	10.004	10.003	-1	30jde
s2530	3x7m4da	81821033-2530	ok	2.246	2.223	215	3x7m4da
s3935	5jxkm8de	81821033-3935	ok	2.942	2.923	0	5jxkm8de
s4194	5x4xr4du	81821033-4194	timeout	10.003	9.999	-1	5x4xr4du
s896	2x7m4db	81821033-896	ok	0.006	0.006	84	2x7m4db
s792	2x6m2du	81821033-792	ok	0.219	0.219	54	2x6m2du
s1361	2x12r4de	81821033-1361	timeout	10.002	9.996	-1	2x12r4de
s8208	23jm8du	81821033-8208	timeout	10.004	10.001	-1	23jm8du
s2279	3x4xm2de	81821033-2279	ok	0.462	0.461	44	3x4xm2de
s6965	13jxade	81821033-6965	timeout	10.057	9.977	-1	13jxade
s2172	3x3xkdu	81821033-2172	ok	0.121	0.121	0	3x3xkdu
s3324	4x3xdu	81821033-3324	ok	3.872	3.870	42	4x3xdu
s2842	3x10xda	81821033-2842	timeout	10.002	10.001	-1	3x10xda
s2200	3x3xkmd4da	81821033-2200	ok	0.007	0.007	0	3x3xkmd4da
s7348	15jxada	81821033-7348	timeout	10.020	10.008	-1	15jxada
s2190	3x3xkmd2du	81821033-2190	ok	0.059	0.059	0	3x3xkmd2du
s4861	6x4xr4	81821033-4861	ok	0.057	0.057	284	6x4xr4
s7844	19jxm2db	81821033-7844	timeout	10.022	9.960	-1	19jxm2db
s52	2jkada	81821033-52	timeout	10.002	9.998	-1	2jkada
s2378	3x5xmd2db	81821033-2378	ok	0.030	0.029	78	3x5xmd2db
s5249	7x2xr4de	81821033-5249	ok	0.640	0.626	76	7x2xr4de
s4670	6x2xr4db	81821033-4670	ok	0.003	0.003	44	6x2xr4db
s3407	4x4m8de	81821033-3407	ok	0.245	0.244	112	4x4m8de
s5814	8x3xadu	81821033-5814	timeout	10.001	10.000	-1	8x3xadu
s2364	3x5xdu	81821033-2364	timeout	10.004	9.999	-1	3x5xdu
s3723	4x7xmd2di	81821033-3723	ok	6.362	6.361	350	4x7xmd2di
s525	2x4m8di	81821033-525	ok	0.015	0.015	28	2x4m8di
s1984	3x2xkr4da	81821033-1984	ok	0.104	0.104	0	3x2xkr4da
s5761	8x3a	81821033-5761	ok	0.281	0.281	255	8x3a
s7824	19jm8du	81821033-7824	timeout	10.088	10.022	-1	19jm8du
s3110	4x2md4db	81821033-3110	ok	0.001	0.000	22	4x2md4db
s713	2x5md4de	81821033-713	ok	0.027	0.027	44	2x5md4de
s1991	3x2xkm2de	81821033-1991	ok	0.076	0.076	0	3x2xkm2de
s2663	3x8xm2de	81821033-2663	timeout	10.004	10.003	-1	3x8xm2de
s6644	11x2m2db	81821033-6644	ok	0.193	0.193	238	11x2m2db
s4159	5x4m4	81821033-4159	ok	0.038	0.038	208	5x4m4
s2051	3x3m4de	81821033-2051	ok	0.011	0.011	30	3x3m4de
s4025	5x2xmd4de	81821033-4025	ok	0.025	0.025	28	5x2xmd4de
s2672	3x8xm4db	81821033-2672	ok	0.251	0.251	272	3x8xm4db
s3412	4x4xada	81821033-3412	ok	0.843	0.843	82	4x4xada
s4997	7jade	81821033-4997	ok	0.005	0.005	10	7jade
s149	2x2kade	81821033-149	ok	0.000	0.000	0	2x2kade
s1106	2x9xadb	81821033-1106	ok	0.186	0.186	120	2x9xadb
s6269	10jmd2de	81821033-6269	ok	0.152	0.152	27	10jmd2de
s5261	7x2xmd2de	81821033-5261	ok	0.302	0.302	70	7x2xmd2de
s6829	12x2r4	81821033-6829	ok	0.049	0.049	328	12x2r4
s7836	19jxdu	81821033-7836	timeout	10.008	10.002	-1	19jxdu
s3364	4x4ada	81821033-3364	ok	1.442	1.442	91	4x4ada
s8135	22jxm2de	81821033-8135	timeout	10.004	10.003	-1	22jxm2de
s1852	3x2md2da	81821033-1852	ok	1.034	1.034	10	3x2md2da
s3616	4x6xr4da	81821033-3616	timeout	10.079	10.007	-1	4x6xr4da
s7945	20jxmd2	81821033-7945	timeout	10.007	10.005	-1	20jxmd2
s313	2x3md2	81821033-313	ok	0.000	0.000	13	2x3md2
s6463	10x3m4	81821033-6463	ok	2.283	2.283	508	10x3m4
s4849	6x4xa	81821033-4849	ok	0.283	0.282	244	6x4xa
s3830	5jkmd4db	81821033-3830	ok	0.008	0.008	0	5jkmd4db
s2278	3x4xm2da	81821033-2278	ok	0.241	0.240	46	3x4xm2da
s8801	29jxr4de	81821033-8801	timeout	10.005	10.001	-1	29jxr4de
s8470	26jm2da	81821033-8470	timeout	10.001	10.001	-1	26jm2da
s6935	13jm2de	81821033-6935	ok	2.438	2.432	50	13jm2de
s4047	5x3r4di	81821033-4047	ok	0.052	0.051	97	5x3r4di
s767	2x5xm8de	81821033-767	ok	0.010	0.010	32	2x5xm8de
s1224	2x10xm2du	81821033-1224	timeout	10.048	9.997	-1	2x10xm2du
s7609	17jmd2	81821033-7609	timeout	10.000	9.998	-1	17jmd2
s5279	7x2xm8de	81821033-5279	ok	0.198	0.198	84	7x2xm8de
s3248	4x2xkm4db	81821033-3248	ok	0.001	0.001	0	4x2xkm4db
s6705	11x2xm4di	81821033-6705	ok	0.549	0.548	232	11x2xm4di
s7388	15jxm8db	81821033-7388	timeout	10.004	10.003	-1	15jxm8db
s1172	2x10m2db	81821033-1172	ok	0.128	0.128	192	2x10m2db
s3400	4x4md4da	81821033-3400	ok	0.191	0.191	112	4x4md4da
s2394	3x5xmd4du	81821033-2394	timeout	10.024	9.971	-1	3x5xmd4du
s5605	8jxmd4	81821033-5605	ok	0.098	0.098	20	8jxmd4
s3987	5x2xadi	81821033-3987	ok	0.025	0.025	26	5x2xadi
s8766	29jmd2du	81821033-8766	timeout	10.024	9.992	-1	29jmd2du
s1845	3x2m2di	81821033-1845	ok	0.161	0.161	12	3x2m2di
s7508	16jm2db	81821033-7508	timeout	10.008	10.006	-1	16jm2db
s7303	15j	81821033-7303	timeout	10.000	9.999	-1	15j
s1874	3x2kadb	81821033-1874	ok	0.005	0.005	0	3x2kadb
s1806	3jkmd2du	81821033-1806	ok	0.000	0.000	0	3jkmd2du
s96	2jkm8du	81821033-96	timeout	10.008	10.004	-1	2jkm8du
s2205	3x3xkm8di	81821033-2205	ok	0.008	0.008	0	3x3xkm8di
s8919	30jxmd4di	81821033-8919	timeout	10.059	9.997	-1	30jxmd4di
s4182	5x4xadu	81821033-4182	timeout	10.004	10.001	-1	5x4xadu
s6698	11x2xmd2db	81821033-6698	ok	0.282	0.282	226	11x2xmd2db
s4960	6x5xr4da	81821033-4960	timeout	10.002	9.998	-1	6x5xr4da
s8188	23jmd2da	81821033-8188	timeout	10.007	10.001	-1	23jmd2da
s3537	4x5xm4di	81821033-3537	ok	0.576	0.576	172	4x5xm4di
s619	2x4xm8	81821033-619	ok	0.001	0.000	24	2x4xm8
s8194	23jm4da	81821033-8194	timeout	10.092	10.020	-1	23jm4da
s7018	13x2da	81821033-7018	timeout	10.001	9.998	-1	13x2da
s8159	22jxm8de	81821033-8159	timeout	10.004	10.003	-1	22jxm8de
s8513	26jxr4de	81821033-8513	timeout	10.007	10.001	-1	26jxr4de
s931	2x7xm2	81821033-931	ok	0.005	0.005	84	2x7xm2
s1735	3j	81821033-1735	ok	0.000	0.000	2	3j
s6032	9jxkm4db	81821033-6032	ok	0.177	0.177	0	9jxkm4db
s7700	18jm2db	81821033-7700	timeout	10.036	9.960	-1	18jm2db
s7582	16jxm8da	81821033-7582	timeout	10.004	9.999	-1	16jxm8da
s5540	8jkm2db	81821033-5540	ok	0.023	0.023	0	8jkm2db
s6854	12x2md4db	81821033-6854	ok	0.183	0.183	302	12x2md4db
s8269	24jr4	81821033-8269	timeout	10.004	10.003	-1	24jr4
s1098	2x9md4du	81821033-1098	timeout	10.001	9.995	-1	2x9md4du
s4370	5x6xadb	81821033-4370	timeout	10.052	9.992	-1	5x6xadb
s1209	2x10xdi	81821033-1209	ok	0.348	0.347	174	2x10xdi
s7613	17jmd2de	81821033-7613	timeout	10.002	10.001	-1	17jmd2de
s1171	2x10m2	81821033-1171	ok	0.039	0.039	198	2x10m2
s7445	15x2xade	81821033-7445	timeout	10.004	10.001	-1	15x2xade
s4332	5x6du	81821033-4332	timeout	10.008	10.002	-1	5x6du
s3079	4x2	81821033-3079	ok	0.001	0.000	20	4x2
s1102	2x9m8da	81821033-1102	ok	0.166	0.166	172	2x9m8da
s3603	4x6xadi	81821033-3603	ok	3.405	3.405	230	4x6xadi
s764	2x5xm8db	81821033-764	ok	0.001	0.001	32	2x5xm8db
s5743	8x2xm4	81821033-5743	ok	0.005	0.005	116	8x2xm4
s6971	13jxde	81821033-6971	timeout	10.083	10.009	-1	13jxde
s2277	3x4xm2di	81821033-2277	ok	0.017	0.017	46	3x4xm2di
s2485	3x6xmd4	81821033-2485	ok	0.011	0.011	150	3x6xmd4
s7914	20jmd4du	81821033-7914	timeout	10.004	10.003	-1	20jmd4du
s488	2x4db	81821033-488	ok	0.001	0.001	22	2x4db
s7078	13x2xm2da	81821033-7078	timeout	10.004	9.997	-1	13x2xm2da
s6193	9x3xa	81821033-6193	ok	0.507	0.507	321	9x3xa
s7874	20jadb	81821033-7874	timeout	10.001	10.001	-1	20jadb
s4728	6x3m2du	81821033-4728	timeout	10.060	10.002	-1	6x3m2du
s8555	27jde	81821033-8555	timeout	10.003	10.002	-1	27jde
s4323	5x6adi	81821033-4323	timeout	10.008	10.002	-1	5x6adi
s4474	6jkda	81821033-4474	ok	0.111	0.111	0	6jkda
s4691	6x2xm4de	81821033-4691	ok	0.044	0.044	56	6x2xm4de
s1612	2x14xmd2da	81821033-1612	timeout	10.008	10.007	-1	2x14xmd2da
s4573	6jxkr4	81821033-4573	ok	0.034	0.034	0	6jxkr4
s9017	31jxmd4de	81821033-9017	timeout	10.040	9.971	-1	31jxmd4de
s7347	15jxadi	81821033-7347	timeout	10.004	10.003	-1	15jxadi
s1549	2x14r4	81821033-1549	ok	0.127	0.127	444	2x14r4
s5021	7jmd2de	81821033-5021	ok	0.028	0.028	12	7jmd2de
s4028	5x2xm8db	81821033-4028	ok	0.001	0.001	32	5x2xm8db
s5465	7x4xmd4de	81821033-5465	timeout	10.000	9.994	-1	7x4xmd4de
s7322	15jmd2db	81821033-7322	timeout	10.002	9.998	-1	15jmd2db
s1427	2x12xm4de	81821033-1427	timeout	10.084	10.016	-1	2x12xm4de
s2303	3x4xm8de	81821033-2303	ok	0.131	0.131	48	3x4xm8de
s7270	14x2xm2da	81821033-7270	timeout	10.004	10.003	-1	14x2xm2da
s4167	5x4md4di	81821033-4167	ok	0.323	0.322	182	5x4md4di
s70	2jkm2da	81821033-70	timeout	10.008	10.003	-1	2jkm2da
s8924	30jxm8db	81821033-8924	timeout	10.008	10.003	-1	30jxm8db
s3118	4x2m8da	81821033-3118	ok	0.987	0.987	24	4x2m8da
s1062	2x9adu	81821033-1062	timeout	10.064	10.002	-1	2x9adu
s5330	7x3xadb	81821033-5330	ok	0.478	0.478	162	7x3xadb
s3190	4x2xm2da	81821033-3190	ok	0.045	0.044	14	4x2xm2da
s7993	21jmd2	81821033-7993	timeout	10.001	10.000	-1	21jmd2
s4014	5x2xmd2du	81821033-4014	ok	0.573	0.573	28	5x2xmd2du
s1100	2x9m8db	81821033-1100	ok	0.014	0.014	176	2x9m8db
s5495	8jm2de	81821033-5495	ok	0.008	0.007	18	8jm2de
s7889	20jr4de	81821033-7889	timeout	10.008	10.001	-1	20jr4de
s6381	10x2m8di	81821033-6381	ok	0.054	0.054	204	10x2m8di
s7442	15x2xadb	81821033-7442	ok	8.882	8.877	427	15x2xadb
s4223	5x4xm8de	81821033-4223	ok	2.212	2.212	176	5x4xm8de
s1589	2x14xade	81821033-1589	timeout	10.076	10.004	-1	2x14xade
s1467	2x13md2di	81821033-1467	ok	1.498	1.497	346	2x13md2di
s6597	11jxm2di	81821033-6597	timeout	10.005	9.997	-1	11jxm2di
s7902	20jmd2du	81821033-7902	timeout	10.000	10.000	-1	20jmd2du
s8593	27jxa	81821033-8593	timeout	10.033	9.975	-1	27jxa
s2219	3x4de	81821033-2219	ok	0.164	0.164	52	3x4de
s6656	11x2m4db	81821033-6656	ok	0.303	0.302	256	11x2m4db
s2159	3x3xm8de	81821033-2159	ok	0.006	0.006	24	3x3xm8de
s4360	5x6md4da	81821033-4360	timeout	10.001	9.996	-1	5x6md4da
s6254	10jr4db	81821033-6254	ok	0.019	0.019	36	10jr4db
s6364	10x2md2da	81821033-6364	ok	2.438	2.419	190	10x2md2da
s9003	31jxmd2di	81821033-9003	timeout	10.004	9.999	-1	31jxmd2di
s2815	3x10m4	81821033-2815	timeout	10.004	10.002	-1	3x10m4
s3107	4x2m4de	81821033-3107	ok	0.098	0.098	24	4x2m4de
s8017	21jxa	81821033-8017	timeout	10.004	9.999	-1	21jxa
s7208	14x2db	81821033-7208	ok	1.455	1.454	426	14x2db
s5633	8jxkr4de	81821033-5633	timeout	10.063	10.020	-1	8jxkr4de
s1044	2x8xm4du	81821033-1044	timeout	10.068	10.013	-1	2x8xm4du
s1704	2x15xm2du	81821033-1704	timeout	10.001	9.998	-1	2x15xm2du
s8374	25jm2da	81821033-8374	timeout	10.008	10.002	-1	25jm2da
s8162	23jadb	81821033-8162	timeout	10.016	9.996	-1	23jadb
s6487	10x3x	81821033-6487	timeout	10.072	10.013	-1	10x3x
s8812	29jxmd2da	81821033-8812	timeout	10.004	10.001	-1	29jxmd2da
s5671	8x2	81821033-5671	ok	0.008	0.008	114	8x2
s2689	3x9a	81821033-2689	ok	2.522	2.509	333	3x9a
s5491	8jm2	81821033-5491	ok	0.009	0.009	20	8jm2
s4757	6x3xade	81821033-4757	ok	8.721	8.717	112	6x3xade
s5874	9jr4du	81821033-5874	ok	0.217	0.217	16	9jr4du
s3487	4x5m4	81821033-3487	ok	0.119	0.116	200	4x5m4
s8457	26jdi	81821033-8457	timeout	10.004	9.999	-1	26jdi
s7174	14jxm2da	81821033-7174	timeout	10.004	10.003	-1	14jxm2da
s6979	13jxm2	81821033-6979	timeout	10.026	9.997	-1	13jxm2
s8114	22jxadb	81821033-8114	timeout	10.035	9.978	-1	22jxadb
s1935	3x2xr4di	81821033-1935	ok	0.000	0.000	8	3x2xr4di
s3209	4x2xmd4de	81821033-3209	ok	0.015	0.015	16	4x2xmd4de
s3743	4x7xm8de	81821033-3743	timeout	10.008	10.002	-1	4x7xm8de
s6369	10x2m4di	81821033-6369	ok	0.086	0.086	200	10x2m4di
s3711	4x7xr4di	81821033-3711	ok	2.282	2.277	372	4x7xr4di
s4827	6x4md2di	81821033-4827	ok	2.412	2.410	270	6x4md2di
s6407	10x2xm2de	81821033-6407	ok	5.128	5.127	174	10x2xm2de
s341	2x3kade	81821033-341	ok	0.032	0.032	0	2x3kade
s7550	16jxr4db	81821033-7550	timeout	10.068	10.012	-1	16jxr4db
s714	2x5md4du	81821033-714	ok	0.314	0.314	40	2x5md4du
s360	2x3km2du	81821033-360	ok	0.011	0.011	0	2x3km2du
s3744	4x7xm8du	81821033-3744	timeout	10.029	9.996	-1	4x7xm8du
s7488	15x2xm8du	81821033-7488	timeout	10.005	9.997	-1	15x2xm8du
s6372	10x2m4du	81821033-6372	timeout	10.003	10.002	-1	10x2m4du
s3109	4x2md4	81821033-3109	ok	0.000	0.000	26	4x2md4
s7492	16jada	81821033-7492	timeout	10.003	10.000	-1	16jada
s6323	10jxm4de	81821033-6323	timeout	10.068	10.010	-1	10jxm4de
s7338	15jmd4du	81821033-7338	timeout	10.012	10.002	-1	15jmd4du
s5936	9jkm4db	81821033-5936	ok	0.013	0.013	0	9jkm4db
s7691	18jde	81821033-7691	timeout	10.027	10.016	-1	18jde
s2458	3x6xda	81821033-2458	ok	1.835	1.816	124	3x6xda
s832	2x6xr4da	81821033-832	ok	0.038	0.038	52	2x6xr4da
s920	2x7xdb	81821033-920	ok	0.020	0.020	68	2x7xdb
s7295	14x2xm8de	81821033-7295	timeout	10.008	10.004	-1	14x2xm8de
s6272	10jm4db	81821033-6272	ok	0.014	0.014	36	10jm4db
s7581	16jxm8di	81821033-7581	timeout	10.004	9.989	-1	16jxm8di
s5567	8jkm8de	81821033-5567	ok	2.040	2.039	0	8jkm8de
s7933	20jxr4	81821033-7933	timeout	10.007	10.001	-1	20jxr4
s4103	5x3xm2de	81821033-4103	ok	1.046	1.046	81	5x3xm2de
s797	2x6md2de	81821033-797	ok	0.042	0.042	56	2x6md2de
s3666	4x7r4du	81821033-3666	timeout	10.022	9.983	-1	4x7r4du
s3301	4x3md4	81821033-3301	ok	0.001	0.001	60	4x3md4
s8701	28jxr4	81821033-8701	timeout	10.064	9.987	-1	28jxr4
s6772	12jxada	81821033-6772	timeout	10.016	10.007	-1	12jxada
s771	2x6adi	81821033-771	ok	0.044	0.044	51	2x6adi
s8731	28jxm8	81821033-8731	timeout	10.001	9.999	-1	28jxm8
s2608	3x8r4da	81821033-2608	timeout	10.006	10.002	-1	3x8r4da
s7774	18jxm8da	81821033-7774	timeout	10.036	9.994	-1	18jxm8da
s6987	13jxmd2di	81821033-6987	timeout	10.007	10.000	-1	13jxmd2di
s1407	2x12xr4di	81821033-1407	ok	0.405	0.405	292	2x12xr4di
s432	2x3xm8du	81821033-432	timeout	10.016	10.008	-1	2x3xm8du
s912	2x7m8du	81821033-912	ok	0.215	0.215	88	2x7m8du
s5301	7x3m2di	81821033-5301	ok	0.824	0.824	198	7x3m2di
s9002	31jxmd2db	81821033-9002	timeout	10.024	9.988	-1	31jxmd2db
s6109	9x2xr4	81821033-6109	ok	0.011	0.011	156	9x2xr4
s3890	5jxkadb	81821033-3890	ok	0.103	0.103	0	5jxkadb
s6165	9x3m2di	81821033-6165	ok	4.664	4.662	352	9x3m2di
s4086	5x3xadu	81821033-4086	timeout	10.068	9.998	-1	5x3xadu
s7205	14x2ade	81821033-7205	timeout	10.003	9.996	-1	14x2ade
s3923	5jxkm4de	81821033-3923	ok	2.244	2.234	0	5jxkm4de
s2319	3x5r4di	81821033-2319	ok	0.019	0.019	92	3x5r4di
s8659	28jm2	81821033-8659	timeout	10.002	10.000	-1	28jm2
s2827	3x10m8	81821033-2827	timeout	10.001	9.996	-1	3x10m8
s6600	11jxm2du	81821033-6600	timeout	10.008	10.000	-1	11jxm2du
s7218	14x2r4du	81821033-7218	timeout	10.064	9.993	-1	14x2r4du
s8943	31jr4di	81821033-8943	timeout	10.004	10.002	-1	31jr4di
s2290	3x4xm4da	81821033-2290	ok	0.187	0.187	52	3x4xm4da
s4258	5x5m4da	81821033-4258	timeout	10.004	10.000	-1	5x5m4da
s1858	3x2m4da	81821033-1858	ok	0.569	0.569	12	3x2m4da
s5982	9jxmd2du	81821033-5982	ok	0.924	0.923	13	9jxmd2du
s2133	3x3xm2di	81821033-2133	ok	0.007	0.007	20	3x3xm2di
s6930	13jr4du	81821033-6930	timeout	10.008	9.999	-1	13jr4du
s2606	3x8r4db	81821033-2606	ok	0.253	0.252	280	3x8r4db
s8630	27jxmd4db	81821033-8630	timeout	10.072	10.006	-1	27jxmd4db
s4834	6x4m4da	81821033-4834	timeout	10.001	10.000	-1	6x4m4da
s6425	10x2xmd4de	81821033-6425	ok	2.522	2.519	188	10x2xmd4de
s6327	10jxmd4di	81821033-6327	ok	5.110	5.110	22	10jxmd4di
s7639	17jx	81821033-7639	timeout	10.003	10.001	-1	17jx
s8660	28jm2db	81821033-8660	timeout	10.072	9.998	-1	28jm2db
s7846	19jxm2da	81821033-7846	timeout	10.005	9.998	-1	19jxm2da
s5643	8jxkmd2di	81821033-5643	ok	1.585	1.574	0	8jxkmd2di
s1725	2x15xm8di	81821033-1725	ok	0.878	0.877	496	2x15xm8di
s1228	2x10xmd2da	81821033-1228	ok	2.760	2.758	174	2x10xmd2da
s6821	12x2ade	81821033-6821	timeout	10.001	9.997	-1	12x2ade
s1190	2x10md4db	81821033-1190	ok	0.053	0.053	200	2x10md4db
s1734	3jadu	81821033-1734	ok	0.000	0.000	2	3jadu
s935	2x7xm2de	81821033-935	ok	0.250	0.249	72	2x7xm2de
s8970	31jmd4du	81821033-8970	timeout	10.004	10.002	-1	31jmd4du
s4185	5x4xdi	81821033-4185	ok	0.404	0.404	162	5x4xdi
s2655	3x8xr4di	81821033-2655	ok	0.928	0.927	276	3x8xr4di
s4968	6x5xm2du	81821033-4968	timeout	10.071	10.005	-1	6x5xm2du
s2239	3x4m4	81821033-2239	ok	0.002	0.001	64	3x4m4
s3038	4jxkr4db	81821033-3038	ok	0.042	0.042	0	4jxkr4db
s7733	18jxade	81821033-7733	timeout	10.005	9.997	-1	18jxade
s1694	2x15xr4db	81821033-1694	ok	0.702	0.701	488	2x15xr4db
s8786	29jxadb	81821033-8786	timeout	10.000	9.997	-1	29jxadb
s6436	10x3ada	81821033-6436	timeout	10.003	10.001	-1	10x3ada
s2816	3x10m4db	81821033-2816	ok	7.809	7.745	480	3x10m4db
s6305	10jxr4de	81821033-6305	ok	4.676	4.651	24	10jxr4de
s5121	7jxm4di	81821033-5121	ok	0.038	0.035	12	7jxm4di
s6456	10x3m2du	81821033-6456	timeout	10.006	9.998	-1	10x3m2du
s7308	15jdu	81821033-7308	timeout	10.004	10.002	-1	15jdu
s4598	6jxkmd4db	81821033-4598	ok	0.499	0.499	0	6jxkmd4db
s4600	6jxkmd4da	81821033-4600	ok	1.890	1.872	0	6jxkmd4da
s1944	3x2xm2du	81821033-1944	ok	0.006	0.006	6	3x2xm2du
s5145	7jxkdi	81821033-5145	ok	0.458	0.453	0	7jxkdi
s5224	7x2md4da	81821033-5224	ok	0.261	0.260	86	7x2md4da
s7363	15jxm2	81821033-7363	timeout	10.004	10.000	-1	15jxm2
s5617	8jxka	81821033-5617	ok	0.295	0.295	0	8jxka
s378	2x3kmd4du	81821033-378	ok	0.011	0.011	0	2x3kmd4du
s2907	4jmd2di	81821033-2907	ok	0.032	0.032	3	4jmd2di
s7760	18jxm4db	81821033-7760	timeout	10.004	10.000	-1	18jxm4db
s2556	3x7xdu	81821033-2556	timeout	10.004	9.997	-1	3x7xdu
s7128	14jm2du	81821033-7128	timeout	10.083	10.025	-1	14jm2du
s8634	27jxmd4du	81821033-8634	timeout	10.001	9.997	-1	27jxmd4du
s7201	14x2a	81821033-7201	ok	6.319	6.317	383	14x2a
s6730	12jda	81821033-6730	ok	9.052	8.839	40	12jda
s7520	16jm4db	81821033-7520	timeout	10.088	9.996	-1	16jm4db
s6337	10x2a	81821033-6337	ok	0.083	0.082	179	10x2a
s5861	9jade	81821033-5861	ok	0.018	0.018	17	9jade
s5360	7x3xm4db	81821033-5360	ok	0.904	0.904	192	7x3xm4db
s5798	8x3md4db	81821033-5798	ok	0.299	0.299	288	8x3md4db
s7679	17jxm8de	81821033-7679	timeout	10.084	9.996	-1	17jxm8de
s3439	4x4xm4	81821033-3439	ok	0.005	0.005	116	4x4xm4
s4287	5x5xr4di	81821033-4287	ok	1.599	1.598	280	5x5xr4di
s1157	2x10ade	81821033-1157	ok	7.688	7.645	171	2x10ade
s129	2x2m4di	81821033-129	ok	0.000	0.000	8	2x2m4di
s3069	4jxkm8di	81821033-3069	ok	0.046	0.046	0	4jxkm8di
s4576	6jxkr4da	81821033-4576	ok	3.907	3.854	0	6jxkr4da
s7041	13x2m4di	81821033-7041	ok	3.609	3.608	380	13x2m4di
s3245	4x2xkmd2de	81821033-3245	ok	0.083	0.083	0	4x2xkmd2de
s7960	20jxmd4da	81821033-7960	timeout	10.302	9.991	-1	20jxmd4da
s8191	23jm4	81821033-8191	timeout	10.046	9.990	-1	23jm4
s4716	6x3du	81821033-4716	timeout	10.072	9.982	-1	6x3du
s4389	5x6xm2di	81821033-4389	timeout	10.145	9.992	-1	5x6xm2di
s4303	5x5xm4	81821033-4303	ok	0.147	0.147	316	5x5xm4
s1658	2x15md2db	81821033-1658	ok	1.152	1.138	480	2x15md2db
s6694	11x2xm2da	81821033-6694	ok	6.441	6.430	210	11x2xm2da
s8859	30jmd2di	81821033-8859	timeout	10.192	9.997	-1	30jmd2di
s5046	7jkadu	81821033-5046	ok	0.292	0.292	0	7jkadu
s6726	12jadu	81821033-6726	timeout	10.168	9.984	-1	12jadu
s3985	5x2xa	81821033-3985	ok	0.002	0.002	30	5x2xa
s2421	3x6m2di	81821033-2421	ok	0.112	0.112	142	3x6m2di
s5896	9jmd4da	81821033-5896	ok	0.502	0.501	20	9jmd4da
s4245	5x5m2di	81821033-4245	ok	6.400	6.294	282	5x5m2di
s5302	7x3m2da	81821033-5302	ok	4.676	4.675	194	7x3m2da
s1348	2x12ada	81821033-1348	timeout	10.288	9.960	-1	2x12ada
s5079	7jkmd4di	81821033-5079	ok	0.006	0.006	0	7jkmd4di
s1141	2x9xmd4	81821033-1141	ok	0.012	0.011	154	2x9xmd4
s2268	3x4xdu	81821033-2268	ok	3.117	3.094	44	3x4xdu
s2889	4jdi	81821033-2889	ok	0.025	0.025	4	4jdi
s2443	3x6m8	81821033-2443	ok	0.013	0.012	152	3x6m8
s2216	3x4db	81821033-2216	ok	0.004	0.004	54	3x4db
s4304	5x5xm4db	81821033-4304	ok	0.670	0.669	275	5x5xm4db
s4709	6x3ade	81821033-4709	ok	5.672	5.587	125	6x3ade
s4547	6jxm4de	81821033-4547	ok	0.034	0.034	8	6jxm4de
s536	2x4kdb	81821033-536	ok	0.003	0.003	0	2x4kdb
s1485	2x13m8di	81821033-1485	ok	0.302	0.302	368	2x13m8di
s8140	22jxmd2da	81821033-8140	timeout	10.011	9.995	-1	22jxmd2da
s5123	7jxm4de	81821033-5123	ok	0.078	0.078	12	7jxm4de
s1522	2x13xm4da	81821033-1522	timeout	10.086	9.988	-1	2x13xm4da
s6579	11jxadi	81821033-6579	timeout	10.002	10.001	-1	11jxadi
s3420	4x4xdu	81821033-3420	timeout	10.170	9.985	-1	4x4xdu
s6611	11jxm4de	81821033-6611	ok	8.166	8.162	34	11jxm4de
s162	2x2kr4du	81821033-162	ok	0.001	0.000	0	2x2kr4du
s7415	15x2m2de	81821033-7415	timeout	10.018	9.989	-1	15x2m2de
s5349	7x3xm2di	81821033-5349	ok	0.793	0.793	184	7x3xm2di
s6703	11x2xm4	81821033-6703	ok	0.031	0.030	260	11x2xm4
s1938	3x2xr4du	81821033-1938	ok	0.004	0.003	8	3x2xr4du
s4482	6jkr4du	81821033-4482	ok	0.104	0.104	0	6jkr4du
s2572	3x7xmd2da	81821033-2572	timeout	10.004	10.003	-1	3x7xmd2da
s7533	16jm8di	81821033-7533	timeout	10.116	9.994	-1	16jm8di
s6354	10x2r4du	81821033-6354	timeout	10.020	9.998	-1	10x2r4du
s7657	17jxmd2	81821033-7657	timeout	10.002	9.997	-1	17jxmd2
s2955	4jkmd2di	81821033-2955	ok	0.039	0.039	0	4jkmd2di
s8244	23jxm4du	81821033-8244	timeout	10.004	10.002	-1	23jxm4du
s3892	5jxkada	81821033-3892	ok	2.131	2.130	0	5jxkada
s7890	20jr4du	81821033-7890	timeout	10.108	9.974	-1	20jr4du
s5640	8jxkm2du	81821033-5640	timeout	10.004	9.997	-1	8jxkm2du
s3076	4x2ada	81821033-3076	ok	0.019	0.019	19	4x2ada
s6796	12jxmd2da	81821033-6796	timeout	10.005	9.999	-1	12jxmd2da
s6695	11x2xm2de	81821033-6695	ok	8.077	7.985	212	11x2xm2de
s6398	10x2xr4db	81821033-6398	ok	0.049	0.049	188	10x2xr4db
s6138	9x2xmd4du	81821033-6138	timeout	10.109	9.991	-1	9x2xmd4du
s1246	2x10xm8da	81821033-1246	ok	1.023	1.022	196	2x10xm8da
s8010	21jmd4du	81821033-8010	timeout	10.156	10.000	-1	21jmd4du
s1971	3x2xkadi	81821033-1971	ok	0.055	0.054	0	3x2xkadi
s7758	18jxmd2du	81821033-7758	timeout	10.076	9.993	-1	18jxmd2du
s7666	17jxm4da	81821033-7666	timeout	10.032	10.001	-1	17jxm4da
s8129	22jxr4de	81821033-8129	timeout	10.008	9.994	-1	22jxr4de
s8580	27jm4du	81821033-8580	timeout	10.157	9.996	-1	27jm4du
s7302	15jadu	81821033-7302	timeout	10.004	10.001	-1	15jadu
s6418	10x2xm4da	81821033-6418	ok	2.632	2.618	180	10x2xm4da
s8742	29jadu	81821033-8742	timeout	10.004	10.001	-1	29jadu
s8245	23jxmd4	81821033-8245	timeout	10.016	10.004	-1	23jxmd4
s4315	5x5xm8	81821033-4315	ok	0.043	0.043	324	5x5xm8
s2978	4jxadb	81821033-2978	ok	0.001	0.001	3	4jxadb
s7711	18jm4	81821033-7711	timeout	10.004	9.999	-1	18jm4
s6911	12x2xm8de	81821033-6911	timeout	10.047	10.002	-1	12x2xm8de
s6071	9x2m2de	81821033-6071	ok	2.992	2.992	156	9x2m2de
s7641	17jxdi	81821033-7641	timeout	10.004	10.002	-1	17jxdi
s5916	9jkdu	81821033-5916	ok	4.452	4.452	0	9jkdu
s7782	19jadu	81821033-7782	timeout	10.075	9.991	-1	19jadu
s2739	3x9xadi	81821033-2739	timeout	10.008	10.000	-1	3x9xadi
s139	2x2m8	81821033-139	crash	0.000	0.000	-1	2x2m8
s5222	7x2md4db	81821033-5222	ok	0.004	0.004	88	7x2md4db
s8903	30jxm2de	81821033-8903	timeout	10.004	10.003	-1	30jxm2de
s276	2x2xkm4du	81821033-276	ok	0.000	0.000	0	2x2xkm4du
s2412	3x6du	81821033-2412	timeout	10.003	10.001	-1	3x6du
s3416	4x4xdb	81821033-3416	ok	0.022	0.022	104	4x4xdb
s7670	17jxmd4db	81821033-7670	timeout	10.052	9.983	-1	17jxmd4db
s2106	3x3kmd4du	81821033-2106	ok	0.228	0.227	0	3x3kmd4du
s5503	8jm4	81821033-5503	ok	0.002	0.002	24	8jm4
s5094	7jxadu	81821033-5094	ok	0.051	0.051	7	7jxadu
s5980	9jxmd2da	81821033-5980	ok	2.289	2.289	15	9jxmd2da
s1866	3x2md4du	81821033-1866	ok	0.267	0.267	12	3x2md4du
s4463	6jm8de	81821033-4463	ok	0.010	0.010	12	6jm8de
s99	2x2adi	81821033-99	ok	0.000	0.000	4	2x2adi
s8954	31jmd2db	81821033-8954	timeout	10.003	9.994	-1	31jmd2db
s3877	5jxmd4	81821033-3877	ok	0.001	0.001	4	5jxmd4
s1149	2x9xm8di	81821033-1149	ok	0.038	0.038	152	2x9xm8di
s950	2x7xmd4db	81821033-950	ok	0.008	0.008	78	2x7xmd4db
s3092	4x2m2db	81821033-3092	ok	0.001	0.001	20	4x2m2db
s583	2x4x	81821033-583	ok	0.000	0.000	18	2x4x
s5965	9jxr4	81821033-5965	ok	0.292	0.292	25	9jxr4
s2499	3x7adi	81821033-2499	ok	1.324	1.323	176	3x7adi
s302	2x3r4db	81821033-302	ok	0.000	0.000	12	2x3r4db
s5677	8x2r4	81821033-5677	ok	0.004	0.004	124	8x2r4
s3638	4x6xmd4db	81821033-3638	ok	0.213	0.213	258	4x6xmd4db
s5850	8x3xmd4du	81821033-5850	timeout	10.002	9.999	-1	8x3xmd4du
s1649	2x15r4de	81821033-1649	timeout	10.078	9.998	-1	2x15r4de
s1420	2x12xmd2da	81821033-1420	timeout	10.000	10.000	-1	2x12xmd2da
s6562	11jm4da	81821033-6562	ok	0.534	0.534	40	11jm4da
s2492	3x6xm8db	81821033-2492	ok	0.015	0.015	136	3x6xm8db
s1303	2x11x	81821033-1303	ok	0.099	0.099	238	2x11x
s2339	3x5m4de	81821033-2339	ok	0.409	0.409	92	3x5m4de
s2187	3x3xkmd2di	81821033-2187	ok	0.007	0.007	0	3x3xkmd2di
s7219	14x2m2	81821033-7219	ok	4.012	3.987	430	14x2m2
s8091	22jmd2di	81821033-8091	timeout	10.005	9.998	-1	22jmd2di
s2540	3x7m8db	81821033-2540	ok	0.084	0.084	212	3x7m8db
s6229	9x3xmd4	81821033-6229	ok	2.107	2.085	388	9x3xmd4
s6729	12jdi	81821033-6729	ok	1.656	1.655	44	12jdi
s4082	5x3xadb	81821033-4082	ok	0.044	0.044	74	5x3xadb
s8744	29jdb	81821033-8744	timeout	10.004	10.002	-1	29jdb
s6572	11jm8db	81821033-6572	ok	0.291	0.291	44	11jm8db
s4443	6jmd2di	81821033-4443	ok	0.002	0.002	11	6jmd2di
s1220	2x10xm2db	81821033-1220	ok	0.113	0.113	178	2x10xm2db
s7050	13x2md4du	81821033-7050	timeout	10.006	10.001	-1	13x2md4du
s3742	4x7xm8da	81821033-3742	timeout	10.041	9.978	-1	4x7xm8da
s1201	2x10xa	81821033-1201	ok	0.289	0.288	164	2x10xa
s4248	5x5m2du	81821033-4248	timeout	10.004	9.997	-1	5x5m2du
s5350	7x3xm2da	81821033-5350	ok	4.560	4.557	190	7x3xm2da
s6014	9jxkr4db	81821033-6014	ok	0.830	0.829	0	9jxkr4db
s4850	6x4xadb	81821033-4850	ok	1.353	1.352	225	6x4xadb
s3263	4x2xkm8de	81821033-3263	ok	0.761	0.761	0	4x2xkm8de
s675	2x5adi	81821033-675	ok	0.010	0.010	33	2x5adi
s3489	4x5m4di	81821033-3489	ok	0.205	0.205	188	4x5m4di
s5381	7x4ade	81821033-5381	timeout	10.001	10.000	-1	7x4ade
s8263	24j	81821033-8263	timeout	10.094	10.007	-1	24j
s8897	30jxr4de	81821033-8897	timeout	10.011	10.006	-1	30jxr4de
s8644	28jada	81821033-8644	timeout	10.072	9.995	-1	28jada
s5277	7x2xm8di	81821033-5277	ok	0.047	0.047	80	7x2xm8di
s5090	7jxadb	81821033-5090	ok	0.003	0.003	9	7jxadb
s651	2x4xkmd2di	81821033-651	ok	0.001	0.001	0	2x4xkmd2di
s7607	17jm2de	81821033-7607	timeout	10.132	9.981	-1	17jm2de
s4768	6x3xr4da	81821033-4768	ok	3.194	3.193	136	6x3xr4da
s6653	11x2md2de	81821033-6653	ok	5.806	5.802	235	11x2md2de
s2463	3x6xr4di	81821033-2463	ok	0.099	0.099	136	3x6xr4di
s6789	12jxm2di	81821033-6789	timeout	10.008	10.001	-1	12jxm2di
s2974	4jkm8da	81821033-2974	ok	0.951	0.950	0	4jkm8da
s782	2x6r4db	81821033-782	ok	0.002	0.002	60	2x6r4db
s2487	3x6xmd4di	81821033-2487	ok	0.099	0.099	134	3x6xmd4di
s4465	6jka	81821033-4465	ok	0.000	0.000	0	6jka
s2758	3x9xm2da	81821033-2758	timeout	10.048	9.965	-1	3x9xm2da
s869	2x7ade	81821033-869	ok	0.426	0.422	76	2x7ade
s8445	25jxm8di	81821033-8445	timeout	10.002	10.001	-1	25jxm8di
s5477	8jade	81821033-5477	ok	0.014	0.014	14	8jade
s7942	20jxm2da	81821033-7942	timeout	10.006	10.002	-1	20jxm2da
s3661	4x7r4	81821033-3661	timeout	10.002	9.996	-1	4x7r4
s7669	17jxmd4	81821033-7669	timeout	10.081	9.978	-1	17jxmd4
s2299	3x4xm8	81821033-2299	ok	0.001	0.001	64	3x4xm8
s5043	7jkadi	81821033-5043	ok	0.004	0.004	0	7jkadi
s8178	23jr4du	81821033-8178	timeout	10.002	9.998	-1	23jr4du
s7047	13x2md4di	81821033-7047	ok	0.898	0.898	362	13x2md4di
s7187	14jxm4de	81821033-7187	timeout	10.004	10.001	-1	14jxm4de
s4392	5x6xm2du	81821033-4392	timeout	10.004	9.999	-1	5x6xm2du
s4203	5x4xmd2di	81821033-4203	ok	0.665	0.665	160	5x4xmd2di
s3594	4x6md4du	81821033-3594	timeout	10.086	10.015	-1	4x6md4du
s7143	14jmd4di	81821033-7143	timeout	10.001	9.999	-1	14jmd4di
s3514	4x5xda	81821033-3514	ok	3.380	3.350	164	4x5xda
s3274	4x3da	81821033-3274	ok	0.121	0.120	54	4x3da
s2988	4jxdu	81821033-2988	timeout	10.004	10.001	-1	4jxdu
s8847	30jr4di	81821033-8847	timeout	10.007	10.002	-1	30jr4di
s4277	5x5xade	81821033-4277	timeout	10.004	10.003	-1	5x5xade
s3454	4x4xm8da	81821033-3454	ok	0.509	0.509	104	4x4xm8da
s5004	7jdu	81821033-5004	ok	0.016	0.016	10	7jdu
s8459	26jde	81821033-8459	timeout	10.087	10.013	-1	26jde
s2361	3x5xdi	81821033-2361	ok	0.062	0.062	81	3x5xdi
s7891	20jm2	81821033-7891	timeout	10.004	10.000	-1	20jm2
s4686	6x2xmd2du	81821033-4686	ok	2.709	2.707	45	6x2xmd2du
s1761	3jm4di	81821033-1761	ok	0.000	0.000	4	3jm4di
s6938	13jmd2db	81821033-6938	ok	4.629	4.628	55	13jmd2db
s722	2x5xadb	81821033-722	ok	0.005	0.005	26	2x5xadb
s2260	3x4xada	81821033-2260	ok	0.085	0.085	43	3x4xada
s7690	18jda	81821033-7690	timeout	10.004	10.001	-1	18jda
s6959	13jm8de	81821033-6959	timeout	10.085	10.012	-1	13jm8de
s2550	3x7xadu	81821033-2550	timeout	10.098	10.002	-1	3x7xadu
s7038	13x2md2du	81821033-7038	timeout	10.015	10.000	-1	13x2md2du
s8818	29jxm4da	81821033-8818	timeout	10.048	9.994	-1	29jxm4da
s1744	3jr4da	81821033-1744	ok	0.000	0.000	4	3jr4da
s493	2x4r4	81821033-493	ok	0.000	0.000	28	2x4r4
s2357	3x5xade	81821033-2357	ok	1.680	1.679	72	3x5xade
s7864	19jxmd4da	81821033-7864	timeout	10.016	9.989	-1	19jxmd4da
s4040	5x3db	81821033-4040	ok	0.016	0.016	88	5x3db
s8606	27jxr4db	81821033-8606	timeout	10.004	10.002	-1	27jxr4db
s7780	19jada	81821033-7780	timeout	10.027	9.997	-1	19jada
s8259	24jadi	81821033-8259	timeout	10.003	10.000	-1	24jadi
s5709	8x2m8di	81821033-5709	ok	0.238	0.238	128	8x2m8di
s1729	3ja	81821033-1729	ok	0.000	0.000	2	3ja
s2148	3x3xm4du	81821033-2148	ok	0.072	0.071	21	3x3xm4du
s3590	4x6md4db	81821033-3590	ok	0.201	0.200	264	4x6md4db
s214	2x2xm2da	81821033-214	ok	0.000	0.000	6	2x2xm2da
s205	2x2xr4	81821033-205	crash	0.000	0.000	-1	2x2xr4
s2090	3x3kmd2db	81821033-2090	ok	0.003	0.003	0	3x3kmd2db
s4451	6jm4de	81821033-4451	ok	0.003	0.003	12	6jm4de
s7291	14x2xm8	81821033-7291	ok	0.061	0.061	484	14x2xm8
s3747	5jadi	81821033-3747	ok	0.000	0.000	4	5jadi
s6759	12jmd4di	81821033-6759	ok	0.630	0.630	42	12jmd4di
s1198	2x10m8da	81821033-1198	ok	0.456	0.456	204	2x10m8da
s1541	2x14ade	81821033-1541	timeout	10.060	9.972	-1	2x14ade
s1535	2x13xm8de	81821033-1535	timeout	10.004	10.003	-1	2x13xm8de
s2192	3x3xkm4db	81821033-2192	ok	0.005	0.005	0	3x3xkm4db
s8668	28jmd2da	81821033-8668	timeout	10.008	10.001	-1	28jmd2da
s1324	2x11xmd2da	81821033-1324	ok	9.321	9.317	213	2x11xmd2da
s8914	30jxm4da	81821033-8914	timeout	10.104	10.017	-1	30jxm4da
s3204	4x2xm4du	81821033-3204	ok	0.171	0.171	16	4x2xm4du
s7361	15jxr4de	81821033-7361	timeout	10.003	10.002	-1	15jxr4de
s1175	2x10m2de	81821033-1175	timeout	10.004	10.002	-1	2x10m2de
s8005	21jmd4	81821033-8005	timeout	10.001	9.999	-1	21jmd4
s5819	8x3xde	81821033-5819	timeout	10.068	9.991	-1	8x3xde
s8384	25jm4db	81821033-8384	timeout	10.004	10.003	-1	25jm4db
s7141	14jmd4	81821033-7141	timeout	10.004	10.002	-1	14jmd4
s1466	2x13md2db	81821033-1466	ok	0.616	0.616	358	2x13md2db
s3998	5x2xr4db	81821033-3998	ok	0.001	0.001	36	5x2xr4db
s6343	10x2	81821033-6343	ok	0.035	0.035	200	10x2
s4817	6x4r4de	81821033-4817	timeout	10.004	10.002	-1	6x4r4de
s1652	2x15m2db	81821033-1652	ok	4.079	4.079	488	2x15m2db
s4340	5x6m2db	81821033-4340	timeout	10.144	10.043	-1	5x6m2db
s6540	11jdu	81821033-6540	ok	1.875	1.875	31	11jdu
s3922	5jxkm4da	81821033-3922	ok	6.301	6.299	0	5jxkm4da
s864	2x6xm8du	81821033-864	ok	1.609	1.598	48	2x6xm8du
s7963	20jxm8	81821033-7963	timeout	10.004	10.001	-1	20jxm8
s8708	28jxm2db	81821033-8708	timeout	10.028	10.002	-1	28jxm2db
s4972	6x5xmd2da	81821033-4972	timeout	10.002	10.000	-1	6x5xmd2da
s724	2x5xada	81821033-724	ok	0.079	0.079	25	2x5xada
s8180	23jm2db	81821033-8180	timeout	10.043	9.986	-1	23jm2db
s2300	3x4xm8db	81821033-2300	ok	0.002	0.002	60	3x4xm8db
s7164	14jxdu	81821033-7164	timeout	10.012	10.009	-1	14jxdu
s5984	9jxm4db	81821033-5984	ok	0.042	0.041	22	9jxm4db
s2996	4jxm2db	81821033-2996	ok	0.005	0.005	4	4jxm2db
s2471	3x6xm2de	81821033-2471	ok	4.757	4.754	126	3x6xm2de
s2240	3x4m4db	81821033-2240	ok	0.002	0.002	60	3x4m4db
s5510	8jmd4db	81821033-5510	ok	0.007	0.007	22	8jmd4db
s7227	14x2md2di	81821033-7227	ok	4.070	4.040	406	14x2md2di
s2127	3x3xr4di	81821033-2127	ok	0.002	0.002	25	3x3xr4di
s4698	6x2xmd4du	81821033-4698	ok	1.922	1.922	50	6x2xmd4du
s2744	3x9xdb	81821033-2744	timeout	10.001	9.999	-1	3x9xdb
s6063	9x2r4di	81821033-6063	ok	0.077	0.077	152	9x2r4di
s1462	2x13m2da	81821033-1462	timeout	10.001	9.999	-1	2x13m2da
s6557	11jmd2de	81821033-6557	ok	0.058	0.058	31	11jmd2de
s3610	4x6xda	81821033-3610	timeout	10.101	10.011	-1	4x6xda
s1598	2x14xr4db	81821033-1598	ok	5.304	5.304	424	2x14xr4db
s8390	25jmd4db	81821033-8390	timeout	10.003	10.001	-1	25jmd4db
s5731	8x2xm2	81821033-5731	ok	0.011	0.010	114	8x2xm2
s7076	13x2xm2db	81821033-7076	ok	3.392	3.391	330	13x2xm2db
s425	2x3xmd4de	81821033-425	ok	0.001	0.001	10	2x3xmd4de
s3127	4x2k	81821033-3127	ok	0.001	0.001	0	4x2k
s3684	4x7m4du	81821033-3684	timeout	10.001	9.999	-1	4x7m4du
s5869	9jr4	81821033-5869	ok	0.051	0.051	29	9jr4
s8690	28jxadb	81821033-8690	timeout	10.080	10.003	-1	28jxadb
s3693	4x7m8di	81821033-3693	ok	2.312	2.308	416	4x7m8di
s124	2x2md2da	81821033-124	ok	0.000	0.000	6	2x2md2da
s8134	22jxm2da	81821033-8134	timeout	10.002	10.000	-1	22jxm2da
s6083	9x2m4de	81821033-6083	ok	1.281	1.262	152	9x2m4de
s1942	3x2xm2da	81821033-1942	ok	0.070	0.070	8	3x2xm2da
s6741	12jm2di	81821033-6741	ok	1.830	1.830	44	12jm2di
s766	2x5xm8da	81821033-766	ok	0.024	0.023	32	2x5xm8da
s5999	9jxm8de	81821033-5999	ok	0.097	0.097	20	9jxm8de
s2415	3x6r4di	81821033-2415	ok	0.086	0.086	148	3x6r4di
s3103	4x2m4	81821033-3103	ok	0.000	0.000	28	4x2m4
s4835	6x4m4de	81821033-4835	timeout	10.003	9.997	-1	6x4m4de
s118	2x2m2da	81821033-118	ok	0.000	0.000	6	2x2m2da
s524	2x4m8db	81821033-524	ok	0.002	0.002	28	2x4m8db
s1909	3x2kmd4	81821033-1909	ok	0.000	0.000	0	3x2kmd4
s2274	3x4xr4du	81821033-2274	ok	4.558	4.534	44	3x4xr4du
s2116	3x3xada	81821033-2116	ok	0.018	0.018	18	3x3xada
s4781	6x3xmd2de	81821033-4781	ok	3.291	3.261	130	6x3xmd2de
s1108	2x9xada	81821033-1108	ok	7.057	7.055	123	2x9xada
s93	2jkm8di	81821033-93	timeout	10.004	10.001	-1	2jkm8di
s4375	5x6x	81821033-4375	timeout	10.001	9.999	-1	5x6x
s1167	2x10r4di	81821033-1167	ok	0.122	0.122	200	2x10r4di
s8446	25jxm8da	81821033-8446	timeout	10.056	9.975	-1	25jxm8da
s5195	7x2de	81821033-5195	ok	0.294	0.290	90	7x2de
s3428	4x4xm2db	81821033-3428	ok	0.031	0.031	98	4x4xm2db
s4745	6x3md4de	81821033-4745	ok	0.446	0.439	146	6x3md4de
s1743	3jr4di	81821033-1743	ok	0.000	0.000	4	3jr4di
s440	2x3xkdb	81821033-440	ok	0.003	0.003	0	2x3xkdb
s8093	22jmd2de	81821033-8093	timeout	10.001	9.999	-1	22jmd2de
s3406	4x4m8da	81821033-3406	ok	0.321	0.319	112	4x4m8da
s2045	3x3md2de	81821033-2045	ok	0.008	0.008	29	3x3md2de
s1819	3jkm8	81821033-1819	ok	0.000	0.000	0	3jkm8
s667	2x4xkm8	81821033-667	ok	0.001	0.000	0	2x4xkm8
s8799	29jxr4di	81821033-8799	timeout	10.004	10.003	-1	29jxr4di
s277	2x2xkmd4	81821033-277	ok	0.000	0.000	0	2x2xkmd4
s4187	5x4xde	81821033-4187	ok	7.061	7.060	160	5x4xde
s2482	3x6xm4da	81821033-2482	ok	0.646	0.646	128	3x6xm4da
s8364	25jdu	81821033-8364	timeout	10.032	10.005	-1	25jdu
s2222	3x4r4db	81821033-2222	ok	0.004	0.004	56	3x4r4db
s887	2x7m2de	81821033-887	ok	0.180	0.180	86	2x7m2de
s5859	9jadi	81821033-5859	ok	0.011	0.011	18	9jadi
s8833	30ja	81821033-8833	timeout	10.022	9.972	-1	30ja
s5670	8x2adu	81821033-5670	timeout	10.004	10.002	-1	8x2adu
s1288	2x11md4da	81821033-1288	ok	1.357	1.356	250	2x11md4da
s1367	2x12m2de	81821033-1367	timeout	10.002	10.000	-1	2x12m2de
s3820	5jkmd2da	81821033-3820	ok	0.017	0.017	0	5jkmd2da
s8004	21jm4du	81821033-8004	timeout	10.020	9.987	-1	21jm4du
s2832	3x10m8du	81821033-2832	timeout	10.052	9.999	-1	3x10m8du
s7223	14x2m2de	81821033-7223	timeout	10.003	10.000	-1	14x2m2de
s908	2x7m8db	81821033-908	ok	0.003	0.003	100	2x7m8db
s8707	28jxm2	81821033-8707	timeout	10.003	10.000	-1	28jxm2
s852	2x6xm4du	81821033-852	ok	4.967	4.966	52	2x6xm4du
s6400	10x2xr4da	81821033-6400	ok	1.710	1.710	180	10x2xr4da
s2004	3x2xkm4du	81821033-2004	ok	0.064	0.064	0	3x2xkm4du
s8166	23jadu	81821033-8166	timeout	10.012	10.001	-1	23jadu
s6875	12x2xde	81821033-6875	timeout	10.076	10.012	-1	12x2xde
s4191	5x4xr4di	81821033-4191	ok	0.316	0.312	168	5x4xr4di
s2716	3x9md2da	81821033-2716	timeout	10.004	10.003	-1	3x9md2da
s7980	21jdu	81821033-7980	timeout	10.004	10.002	-1	21jdu
s8600	27jxdb	81821033-8600	timeout	10.032	9.999	-1	27jxdb
s6006	9jxkadu	81821033-6006	timeout	10.068	10.009	-1	9jxkadu
s233	2x2xmd4de	81821033-233	ok	0.000	0.000	6	2x2xmd4de
s5532	8jkdu	81821033-5532	ok	0.940	0.936	0	8jkdu
s3294	4x3md2du	81821033-3294	ok	0.783	0.779	56	4x3md2du
s4991	6x5xm8de	81821033-4991	timeout	10.004	10.001	-1	6x5xm8de
s5258	7x2xmd2db	81821033-5258	ok	0.015	0.015	72	7x2xmd2db
s2612	3x8m2db	81821033-2612	ok	0.353	0.352	276	3x8m2db
s3101	4x2md2de	81821033-3101	ok	0.005	0.005	20	4x2md2de
s7368	15jxm2du	81821033-7368	timeout	10.004	10.001	-1	15jxm2du
s2294	3x4xmd4db	81821033-2294	ok	0.002	0.002	52	3x4xmd4db
s7311	15jr4di	81821033-7311	timeout	10.008	9.993	-1	15jr4di
s8916	30jxm4du	81821033-8916	timeout	10.000	9.996	-1	30jxm4du
s8575	27jm4	81821033-8575	timeout	10.050	9.986	-1	27jm4
s1371	2x12md2di	81821033-1371	ok	1.076	1.076	283	2x12md2di
s3027	4jxkadi	81821033-3027	ok	0.018	0.018	0	4jxkadi
s6777	12jxdi	81821033-6777	ok	4.447	4.427	38	12jxdi
s915	2x7xadi	81821033-915	ok	0.070	0.068	63	2x7xadi
s5379	7x4adi	81821033-5379	timeout	10.001	9.998	-1	7x4adi
s4000	5x2xr4da	81821033-4000	ok	0.053	0.053	36	5x2xr4da
s8073	22jdi	81821033-8073	timeout	10.016	9.990	-1	22jdi
s363	2x3kmd2di	81821033-363	ok	0.022	0.019	0	2x3kmd2di
s4198	5x4xm2da	81821033-4198	ok	3.886	3.873	156	5x4xm2da
s1590	2x14xadu	81821033-1590	timeout	10.001	10.000	-1	2x14xadu
s7243	14x2m8	81821033-7243	ok	4.044	4.007	484	14x2m8
s2932	4jkada	81821033-2932	ok	1.509	1.509	0	4jkada
s7897	20jmd2	81821033-7897	timeout	10.002	9.998	-1	20jmd2
s337	2x3ka	81821033-337	ok	0.001	0.000	0	2x3ka
s1763	3jm4de	81821033-1763	ok	0.000	0.000	2	3jm4de
s8413	25jxr4	81821033-8413	timeout	10.008	10.004	-1	25jxr4
s451	2x3xkm2	81821033-451	ok	0.001	0.000	0	2x3xkm2
s8922	30jxmd4du	81821033-8922	timeout	10.073	10.002	-1	30jxmd4du
s6962	13jxadb	81821033-6962	timeout	10.002	10.001	-1	13jxadb
s1607	2x14xm2de	81821033-1607	timeout	10.007	10.005	-1	2x14xm2de
s8574	27jmd2du	81821033-8574	timeout	10.003	9.999	-1	27jmd2du
s6459	10x3md2di	81821033-6459	ok	8.275	8.274	446	10x3md2di
s1920	3x2km8du	81821033-1920	ok	0.015	0.015	0	3x2km8du
s2878	3x10xm8da	81821033-2878	timeout	10.072	9.991	-1	3x10xm8da
s4352	5x6m4db	81821033-4352	ok	1.693	1.685	456	5x6m4db
s7547	16jxde	81821033-7547	timeout	10.004	10.001	-1	16jxde
s8699	28jxde	81821033-8699	timeout	10.008	10.004	-1	28jxde
s4064	5x3m4db	81821033-4064	ok	0.008	0.008	100	5x3m4db
s1403	2x12xde	81821033-1403	timeout	10.022	10.000	-1	2x12xde
s4013	5x2xmd2de	81821033-4013	ok	0.021	0.021	31	5x2xmd2de
s4574	6jxkr4db	81821033-4574	ok	0.272	0.272	0	6jxkr4db
s2981	4jxade	81821033-2981	ok	0.046	0.046	3	4jxade
s1311	2x11xr4di	81821033-1311	ok	1.270	1.270	228	2x11xr4di
s2140	3x3xmd2da	81821033-2140	ok	0.010	0.010	20	3x3xmd2da
s7191	14jxmd4di	81821033-7191	timeout	10.035	9.979	-1	14jxmd4di
s19	2jm2	81821033-19	ok	0.000	0.000	2	2jm2
s2977	4jxa	81821033-2977	ok	0.000	0.000	3	4jxa
s6501	10x3xm2di	81821033-6501	timeout	10.008	10.003	-1	10x3xm2di
s6050	9x2adb	81821033-6050	ok	0.373	0.373	131	9x2adb
s5289	7x3di	81821033-5289	ok	0.677	0.677	198	7x3di
s5482	8jda	81821033-5482	ok	0.069	0.069	14	8jda
s1981	3x2xkr4	81821033-1981	ok	0.000	0.000	0	3x2xkr4
s4387	5x6xm2	81821033-4387	ok	0.633	0.632	446	5x6xm2
s6524	10x3xm8db	81821033-6524	timeout	10.003	10.000	-1	10x3xm8db
s4818	6x4r4du	81821033-4818	timeout	10.003	9.999	-1	6x4r4du
s3903	5jxkr4di	81821033-3903	ok	0.057	0.057	0	5jxkr4di
s3973	5x2md4	81821033-3973	ok	0.001	0.001	42	5x2md4
s427	2x3xm8	81821033-427	ok	0.000	0.000	16	2x3xm8
s4088	5x3xdb	81821033-4088	ok	0.045	0.045	84	5x3xdb
s286	2x2xkm8da	81821033-286	ok	0.000	0.000	0	2x2xkm8da
s1075	2x9m2	81821033-1075	ok	0.017	0.017	156	2x9m2
s4125	5x3xm8di	81821033-4125	ok	0.024	0.024	88	5x3xm8di
s8999	31jxm2de	81821033-8999	timeout	10.047	9.982	-1	31jxm2de
s2843	3x10xde	81821033-2843	timeout	10.007	10.002	-1	3x10xde
s7160	14jxdb	81821033-7160	timeout	10.004	10.001	-1	14jxdb
s8579	27jm4de	81821033-8579	timeout	10.003	9.999	-1	27jm4de
s8033	21jxr4de	81821033-8033	timeout	10.080	9.999	-1	21jxr4de
s4737	6x3m4di	81821033-4737	ok	0.224	0.224	148	6x3m4di
s5039	7jm8de	81821033-5039	ok	0.003	0.003	13	7jm8de
s3806	5jkr4db	81821033-3806	ok	0.006	0.006	0	5jkr4db
s4141	5x4r4	81821033-4141	ok	0.017	0.017	188	5x4r4
s2503	3x7	81821033-2503	ok	0.050	0.050	212	3x7
s2061	3x3m8di	81821033-2061	ok	0.002	0.001	28	3x3m8di
s7198	14jxm8da	81821033-7198	timeout	10.008	10.002	-1	14jxm8da
s1732	3jada	81821033-1732	ok	0.000	0.000	2	3jada
s6687	11x2xr4di	81821033-6687	ok	0.268	0.268	232	11x2xr4di
s5396	7x4m2db	81821033-5396	ok	5.503	5.498	374	7x4m2db
s7990	21jm2da	81821033-7990	timeout	10.004	10.001	-1	21jm2da
s7485	15x2xm8di	81821033-7485	ok	1.019	1.018	512	15x2xm8di
s3474	4x5r4du	81821033-3474	timeout	10.029	10.002	-1	4x5r4du
s64	2jkr4da	81821033-64	timeout	10.012	9.999	-1	2jkr4da
s7879	20j	81821033-7879	timeout	10.077	10.011	-1	20j
s7431	15x2md4di	81821033-7431	timeout	10.001	9.998	-1	15x2md4di
s348	2x3kdu	81821033-348	ok	0.006	0.006	0	2x3kdu
s6363	10x2md2di	81821033-6363	ok	0.325	0.324	192	10x2md2di
s7553	16jxr4de	81821033-7553	timeout	10.012	10.001	-1	16jxr4de
s5656	8jxkmd4da	81821033-5656	timeout	10.008	10.001	-1	8jxkmd4da
s5460	7x4xm4du	81821033-5460	timeout	10.044	10.003	-1	7x4xm4du
s8355	25jadi	81821033-8355	timeout	10.001	9.999	-1	25jadi
s6922	13jda	81821033-6922	timeout	10.040	9.963	-1	13jda
s6030	9jxkmd2du	81821033-6030	timeout	10.008	10.003	-1	9jxkmd2du
s2614	3x8m2da	81821033-2614	timeout	10.004	10.003	-1	3x8m2da
s6249	10jdi	81821033-6249	ok	0.055	0.055	28	10jdi
s7455	15x2xr4di	81821033-7455	timeout	10.004	10.001	-1	15x2xr4di
s5561	8jkmd4de	81821033-5561	ok	4.494	4.492	0	8jkmd4de
s5497	8jmd2	81821033-5497	ok	0.001	0.001	20	8jmd2
s8463	26jr4di	81821033-8463	timeout	10.036	9.964	-1	26jr4di
s7011	13x2adi	81821033-7011	ok	2.985	2.985	325	13x2adi
s3443	4x4xm4de	81821033-3443	ok	1.742	1.741	96	4x4xm4de
s3106	4x2m4da	81821033-3106	ok	0.276	0.276	20	4x2m4da
s8772	29jm4du	81821033-8772	timeout	10.008	10.002	-1	29jm4du
s3960	5x2m2du	81821033-3960	ok	0.185	0.184	36	5x2m2du
s6534	11jadu	81821033-6534	ok	0.662	0.661	28	11jadu
s8830	29jxm8da	81821033-8830	timeout	10.004	10.001	-1	29jxm8da
s5247	7x2xr4di	81821033-5247	ok	0.037	0.037	80	7x2xr4di
s2431	3x6m4	81821033-2431	ok	0.011	0.011	156	3x6m4
s2285	3x4xmd2de	81821033-2285	ok	0.376	0.376	43	3x4xmd2de
s7898	20jmd2db	81821033-7898	timeout	10.080	10.008	-1	20jmd2db
s2228	3x4m2db	81821033-2228	ok	0.004	0.004	56	3x4m2db
s2808	3x10m2du	81821033-2808	timeout	10.001	9.997	-1	3x10m2du
s6311	10jxm2de	81821033-6311	timeout	10.002	9.997	-1	10jxm2de
s5221	7x2md4	81821033-5221	ok	0.003	0.002	92	7x2md4
s787	2x6m2	81821033-787	ok	0.002	0.002	62	2x6m2
s193	2x2xa	81821033-193	ok	0.000	0.000	3	2x2xa
s2229	3x4m2di	81821033-2229	ok	0.029	0.029	52	3x4m2di
s7542	16jxadu	81821033-7542	timeout	10.003	10.002	-1	16jxadu
s5332	7x3xada	81821033-5332	timeout	10.064	9.996	-1	7x3xada
s1319	2x11xm2de	81821033-1319	timeout	10.004	10.000	-1	2x11xm2de
s44	2jm8db	81821033-44	crash	0.000	0.000	-1	2jm8db
s3078	4x2adu	81821033-3078	ok	0.197	0.197	20	4x2adu
s5368	7x3xmd4da	81821033-5368	timeout	10.006	9.996	-1	7x3xmd4da
s6613	11jxmd4	81821033-6613	timeout	10.004	10.002	-1	11jxmd4
s4791	6x3xmd4di	81821033-4791	ok	0.209	0.209	132	6x3xmd4di
s1415	2x12xm2de	81821033-1415	timeout	10.092	9.992	-1	2x12xm2de
s7804	19jmd2da	81821033-7804	timeout	10.003	9.999	-1	19jmd2da
s2099	3x3km4de	81821033-2099	timeout	10.008	10.002	-1	3x3km4de
s1281	2x11m4di	81821033-1281	ok	0.165	0.165	256	2x11m4di
s156	2x2kdu	81821033-156	ok	0.000	0.000	0	2x2kdu
s4324	5x6ada	81821033-4324	timeout	10.035	10.005	-1	5x6ada
s6940	13jmd2da	81821033-6940	timeout	10.060	9.996	-1	13jmd2da
s5380	7x4ada	81821033-5380	timeout	10.004	10.003	-1	7x4ada
s6342	10x2adu	81821033-6342	timeout	10.006	10.001	-1	10x2adu
s3351	4x3xmd4di	81821033-3351	ok	0.011	0.011	46	4x3xmd4di
s3525	4x5xm2di	81821033-3525	ok	0.601	0.601	156	4x5xm2di
s4438	6jm2da	81821033-4438	ok	0.145	0.145	10	6jm2da
s5598	8jxmd2du	81821033-5598	ok	0.905	0.905	8	8jxmd2du
s1684	2x15xada	81821033-1684	timeout	10.008	10.002	-1	2x15xada
s5237	7x2xade	81821033-5237	ok	0.933	0.932	64	7x2xade
s7583	16jxm8de	81821033-7583	timeout	10.068	9.993	-1	16jxm8de
s234	2x2xmd4du	81821033-234	ok	0.000	0.000	6	2x2xmd4du
s6955	13jm8	81821033-6955	ok	2.133	2.123	72	13jm8
s7168	14jxr4da	81821033-7168	timeout	10.008	9.999	-1	14jxr4da
s6514	10x3xm4da	81821033-6514	timeout	10.004	10.002	-1	10x3xm4da
s332	2x3m8db	81821033-332	ok	0.005	0.005	12	2x3m8db
s3905	5jxkr4de	81821033-3905	ok	0.267	0.267	0	5jxkr4de
s6989	13jxmd2de	81821033-6989	timeout	10.003	10.001	-1	13jxmd2de
s3760	5jr4da	81821033-3760	ok	0.795	0.795	8	5jr4da
s5086	7jkm8da	81821033-5086	ok	0.537	0.537	0	7jkm8da
s7083	13x2xmd2di	81821033-7083	ok	3.264	3.263	330	13x2xmd2di
s2437	3x6md4	81821033-2437	ok	0.011	0.011	156	3x6md4
s340	2x3kada	81821033-340	ok	0.224	0.223	0	2x3kada
s6384	10x2m8du	81821033-6384	timeout	10.059	9.976	-1	10x2m8du
s2915	4jm4de	81821033-2915	timeout	10.012	10.005	-1	4jm4de
s4877	6x4xmd2de	81821033-4877	timeout	10.004	10.003	-1	6x4xmd2de
s2986	4jxda	81821033-2986	timeout	10.000	9.999	-1	4jxda
s1682	2x15xadb	81821033-1682	ok	9.874	9.814	422	2x15xadb
s8392	25jmd4da	81821033-8392	timeout	10.008	10.001	-1	25jmd4da
s1988	3x2xkm2db	81821033-1988	ok	0.002	0.001	0	3x2xkm2db
s3267	4x3adi	81821033-3267	ok	0.026	0.026	49	4x3adi
s3982	5x2m8da	81821033-3982	ok	0.295	0.295	44	5x2m8da
s569	2x4kmd4de	81821033-569	ok	0.298	0.298	0	2x4kmd4de
s1702	2x15xm2da	81821033-1702	timeout	10.004	9.999	-1	2x15xm2da
s1750	3jm2da	81821033-1750	ok	0.000	0.000	2	3jm2da
s7233	14x2m4di	81821033-7233	ok	1.126	1.126	428	14x2m4di
s562	2x4km4da	81821033-562	ok	0.089	0.089	0	2x4km4da
s8278	24jm2da	81821033-8278	timeout	10.008	10.006	-1	24jm2da
s4041	5x3di	81821033-4041	ok	0.075	0.075	97	5x3di
s7391	15jxm8de	81821033-7391	timeout	10.090	10.015	-1	15jxm8de
s4559	6jxm8de	81821033-4559	ok	1.530	1.517	8	6jxm8de
s6021	9jxkm2di	81821033-6021	ok	0.867	0.862	0	9jxkm2di
s8663	28jm2de	81821033-8663	timeout	10.003	10.000	-1	28jm2de
s5692	8x2md2da	81821033-5692	ok	0.435	0.435	115	8x2md2da
s3938	5x2adb	81821033-3938	ok	0.002	0.002	34	5x2adb
s7871	19jxm8de	81821033-7871	timeout	10.007	10.002	-1	19jxm8de
s2086	3x3km2da	81821033-2086	ok	0.016	0.016	0	3x3km2da
s6652	11x2md2da	81821033-6652	ok	5.228	5.227	230	11x2md2da
s2638	3x8m8da	81821033-2638	ok	3.447	3.445	296	3x8m8da
s1401	2x12xdi	81821033-1401	ok	1.440	1.439	268	2x12xdi
s4986	6x5xmd4du	81821033-4986	timeout	10.083	10.007	-1	6x5xmd4du
s1836	3x2du	81821033-1836	ok	0.117	0.116	10	3x2du
s551	2x4km2de	81821033-551	ok	3.873	3.873	0	2x4km2de
s6351	10x2r4di	81821033-6351	ok	0.175	0.175	208	10x2r4di
s4301	5x5xmd2de	81821033-4301	timeout	10.002	9.999	-1	5x5xmd2de
s485	2x4ade	81821033-485	ok	0.071	0.071	21	2x4ade
s1260	2x11du	81821033-1260	timeout	10.004	9.998	-1	2x11du
s5951	9jkm8de	81821033-5951	ok	6.505	6.503	0	9jkm8de
s228	2x2xm4du	81821033-228	crash	0.000	0.000	-1	2x2xm4du
s6690	11x2xr4du	81821033-6690	timeout	10.059	9.989	-1	11x2xr4du
s4514	6jxadb	81821033-4514	ok	0.004	0.004	5	6jxadb
s4394	5x6xmd2db	81821033-4394	timeout	10.004	10.003	-1	5x6xmd2db
s8277	24jm2di	81821033-8277	timeout	10.008	10.001	-1	24jm2di
s5151	7jxkr4di	81821033-5151	ok	2.484	2.484	0	7jxkr4di
s7324	15jmd2da	81821033-7324	timeout	10.003	10.000	-1	15jmd2da
s1512	2x13xm2du	81821033-1512	timeout	10.092	10.017	-1	2x13xm2du
s688	2x5r4da	81821033-688	ok	0.044	0.044	40	2x5r4da
s8569	27jmd2	81821033-8569	timeout	10.008	10.002	-1	27jmd2
s8614	27jxm2da	81821033-8614	timeout	10.003	9.999	-1	27jxm2da
s7941	20jxm2di	81821033-7941	timeout	10.004	10.003	-1	20jxm2di
s7343	15jm8de	81821033-7343	timeout	10.063	10.000	-1	15jm8de
s3800	5jkdb	81821033-3800	ok	0.061	0.061	0	5jkdb
s584	2x4xdb	81821033-584	ok	0.001	0.001	18	2x4xdb
s2791	3x10	81821033-2791	timeout	10.008	9.999	-1	3x10
s877	2x7r4	81821033-877	ok	0.003	0.003	96	2x7r4
s2262	3x4xadu	81821033-2262	ok	3.582	3.564	40	3x4xadu
s1464	2x13m2du	81821033-1464	timeout	10.004	10.002	-1	2x13m2du
s2096	3x3km4db	81821033-2096	ok	0.003	0.003	0	3x3km4db
s2493	3x6xm8di	81821033-2493	ok	0.050	0.050	136	3x6xm8di
s6877	12x2xr4	81821033-6877	ok	0.904	0.904	316	12x2xr4
s891	2x7md2di	81821033-891	ok	0.024	0.024	79	2x7md2di
s745	2x5xmd2	81821033-745	ok	0.001	0.001	36	2x5xmd2
s172	2x2kmd2da	81821033-172	ok	0.000	0.000	0	2x2kmd2da
s2962	4jkm4da	81821033-2962	ok	0.969	0.964	0	4jkm4da
s6882	12x2xr4du	81821033-6882	timeout	10.004	10.000	-1	12x2xr4du
s582	2x4xadu	81821033-582	ok	0.083	0.083	13	2x4xadu
s6489	10x3xdi	81821033-6489	timeout	10.005	10.000	-1	10x3xdi
s6625	11x2a	81821033-6625	ok	0.162	0.162	222	11x2a
s7048	13x2md4da	81821033-7048	ok	9.718	9.652	362	13x2md4da
s2562	3x7xr4du	81821033-2562	timeout	10.003	9.999	-1	3x7xr4du
s2138	3x3xmd2db	81821033-2138	ok	0.001	0.001	23	3x3xmd2db
s561	2x4km4di	81821033-561	ok	0.007	0.007	0	2x4km4di
s2455	3x6x	81821033-2455	ok	0.022	0.021	140	3x6x
s323	2x3m4de	81821033-323	ok	0.039	0.038	16	2x3m4de
s579	2x4xadi	81821033-579	ok	0.002	0.002	13	2x4xadi
s4268	5x5m8db	81821033-4268	ok	3.156	3.153	320	5x5m8db
s116	2x2m2db	81821033-116	ok	0.000	0.000	4	2x2m2db
s8439	25jxmd4di	81821033-8439	timeout	10.005	10.001	-1	25jxmd4di
s7486	15x2xm8da	81821033-7486	timeout	10.033	9.975	-1	15x2xm8da
s6392	10x2xdb	81821033-6392	ok	0.272	0.271	172	10x2xdb
s5693	8x2md2de	81821033-5693	ok	0.391	0.390	111	8x2md2de
s7699	18jm2	81821033-7699	timeout	10.001	9.997	-1	18jm2
s6319	10jxm4	81821033-6319	ok	2.434	2.433	32	10jxm4
s737	2x5xr4de	81821033-737	ok	0.027	0.027	32	2x5xr4de
s3702	4x7xadu	81821033-3702	timeout	10.001	9.993	-1	4x7xadu
s2	2jadb	81821033-2	ok	0.000	0.000	1	2jadb
s4178	5x4xadb	81821033-4178	ok	0.271	0.271	148	5x4xadb
s8362	25jda	81821033-8362	timeout	10.036	10.005	-1	25jda
s3530	4x5xmd2db	81821033-3530	ok	0.134	0.133	158	4x5xmd2db
s1777	3jka	81821033-1777	ok	0.000	0.000	0	3jka
s1769	3jmd4de	81821033-1769	ok	0.000	0.000	4	3jmd4de
s1916	3x2km8db	81821033-1916	ok	0.002	0.002	0	3x2km8db
s7908	20jm4du	81821033-7908	timeout	10.068	10.011	-1	20jm4du
s2392	3x5xmd4da	81821033-2392	ok	0.184	0.183	86	3x5xmd4da
s6182	9x3md4db	81821033-6182	ok	1.187	1.181	374	9x3md4db
s1232	2x10xm4db	81821033-1232	ok	0.067	0.067	184	2x10xm4db
s4446	6jmd2du	81821033-4446	ok	0.021	0.021	5	6jmd2du
s2888	4jdb	81821033-2888	ok	0.002	0.002	4	4jdb
s7835	19jxde	81821033-7835	timeout	10.003	10.001	-1	19jxde
s5512	8jmd4da	81821033-5512	ok	0.071	0.071	16	8jmd4da
s8789	29jxade	81821033-8789	timeout	10.036	10.008	-1	29jxade
s8671	28jm4	81821033-8671	timeout	10.003	10.000	-1	28jm4
s4569	6jxkdi	81821033-4569	ok	0.581	0.581	0	6jxkdi
s3983	5x2m8de	81821033-3983	ok	0.062	0.062	44	5x2m8de
s8279	24jm2de	81821033-8279	timeout	10.016	9.997	-1	24jm2de
s2209	3x4a	81821033-2209	ok	0.005	0.005	50	3x4a
s4137	5x4di	81821033-4137	ok	0.421	0.421	170	5x4di
s4016	5x2xm4db	81821033-4016	ok	0.001	0.001	32	5x2xm4db
s5136	7jxm8du	81821033-5136	ok	0.044	0.044	8	7jxm8du
s1029	2x8xm2di	81821033-1029	ok	0.121	0.121	100	2x8xm2di
s3379	4x4m2	81821033-3379	ok	0.010	0.010	106	4x4m2
s1212	2x10xdu	81821033-1212	timeout	10.001	9.999	-1	2x10xdu
s6144	9x2xm8du	81821033-6144	timeout	10.064	10.004	-1	9x2xm8du
s8601	27jxdi	81821033-8601	timeout	10.000	9.999	-1	27jxdi
s3393	4x4m4di	81821033-3393	ok	0.036	0.036	112	4x4m4di
s8973	31jm8di	81821033-8973	timeout	10.016	10.000	-1	31jm8di
s483	2x4adi	81821033-483	ok	0.015	0.015	19	2x4adi
s2728	3x9md4da	81821033-2728	timeout	10.004	10.002	-1	3x9md4da
s1968	3x2xm8du	81821033-1968	timeout	10.040	9.964	-1	3x2xm8du
s6771	12jxadi	81821033-6771	timeout	10.007	10.003	-1	12jxadi
s1912	3x2kmd4da	81821033-1912	ok	0.096	0.096	0	3x2kmd4da
s997	2x8md4	81821033-997	ok	0.006	0.006	122	2x8md4
s7329	15jm4di	81821033-7329	timeout	10.017	10.001	-1	15jm4di
s5612	8jxm8db	81821033-5612	ok	0.059	0.059	20	8jxm8db
s6357	10x2m2di	81821033-6357	ok	0.223	0.223	190	10x2m2di
s4572	6jxkdu	81821033-4572	ok	0.800	0.800	0	6jxkdu
s1910	3x2kmd4db	81821033-1910	ok	0.009	0.009	0	3x2kmd4db
s3286	4x3m2da	81821033-3286	ok	0.070	0.070	52	4x3m2da
s5918	9jkr4db	81821033-5918	ok	0.176	0.176	0	9jkr4db
s448	2x3xkr4da	81821033-448	ok	0.142	0.142	0	2x3xkr4da
s4430	6jr4db	81821033-4430	ok	0.003	0.003	8	6jr4db
s1258	2x11da	81821033-1258	ok	7.778	7.772	240	2x11da
s8505	26jxdi	81821033-8505	timeout	10.004	10.001	-1	26jxdi
s1940	3x2xm2db	81821033-1940	ok	0.000	0.000	8	3x2xm2db
s1906	3x2km4da	81821033-1906	ok	0.161	0.161	0	3x2km4da
s5196	7x2du	81821033-5196	ok	1.570	1.570	80	7x2du
s580	2x4xada	81821033-580	ok	0.005	0.005	14	2x4xada
s4567	6jxk	81821033-4567	ok	0.009	0.008	0	6jxk
s777	2x6di	81821033-777	ok	0.030	0.030	60	2x6di
s201	2x2xdi	81821033-201	ok	0.000	0.000	4	2x2xdi
s3337	4x3xmd2	81821033-3337	ok	0.002	0.002	55	4x3xmd2
s1588	2x14xada	81821033-1588	timeout	10.060	10.007	-1	2x14xada
s3847	5jx	81821033-3847	ok	0.002	0.002	6	5jx
s8651	28jde	81821033-8651	timeout	10.003	9.998	-1	28jde
s7816	19jmd4da	81821033-7816	timeout	10.002	9.997	-1	19jmd4da
s2056	3x3md4da	81821033-2056	ok	0.073	0.073	30	3x3md4da
s2377	3x5xmd2	81821033-2377	ok	0.009	0.009	89	3x5xmd2
s6815	12jxm8de	81821033-6815	timeout	10.003	10.001	-1	12jxm8de
s6466	10x3m4da	81821033-6466	timeout	10.074	10.002	-1	10x3m4da
s3554	4x6adb	81821033-3554	ok	1.497	1.489	243	4x6adb
s4669	6x2xr4	81821033-4669	ok	0.001	0.001	60	6x2xr4
s6764	12jm8db	81821033-6764	ok	2.368	2.366	48	12jm8db
s6469	10x3md4	81821033-6469	ok	0.414	0.413	510	10x3md4
s4238	5x5r4db	81821033-4238	ok	0.202	0.202	300	5x5r4db
s5193	7x2di	81821033-5193	ok	0.075	0.075	82	7x2di
s3371	4x4de	81821033-3371	ok	1.764	1.763	100	4x4de
s5051	7jkde	81821033-5051	ok	5.722	5.682	0	7jkde
s4473	6jkdi	81821033-4473	ok	0.009	0.009	0	6jkdi
s1780	3jkada	81821033-1780	ok	0.000	0.000	0	3jkada
s5584	8jxr4da	81821033-5584	ok	0.311	0.308	16	8jxr4da
s7519	16jm4	81821033-7519	timeout	10.008	10.002	-1	16jm4
s2180	3x3xkm2db	81821033-2180	ok	0.004	0.004	0	3x3xkm2db
s4436	6jm2db	81821033-4436	ok	0.002	0.002	10	6jm2db
s7817	19jmd4de	81821033-7817	timeout	10.002	10.000	-1	19jmd4de
s2654	3x8xr4db	81821033-2654	ok	0.825	0.825	272	3x8xr4db
s184	2x2kmd4da	81821033-184	ok	0.001	0.001	0	2x2kmd4da
s3613	4x6xr4	81821033-3613	ok	0.054	0.054	292	4x6xr4
s3431	4x4xm2de	81821033-3431	ok	2.577	2.575	92	4x4xm2de
s996	2x8m4du	81821033-996	ok	0.938	0.938	116	2x8m4du
s8262	24jadu	81821033-8262	timeout	10.003	9.999	-1	24jadu
s2807	3x10m2de	81821033-2807	timeout	10.042	9.962	-1	3x10m2de
s151	2x2k	81821033-151	ok	0.000	0.000	0	2x2k
s1615	2x14xm4	81821033-1615	timeout	10.001	9.995	-1	2x14xm4
s807	2x6md4di	81821033-807	ok	0.006	0.006	54	2x6md4di
s6990	13jxmd2du	81821033-6990	timeout	10.001	9.999	-1	13jxmd2du
s5372	7x3xm8db	81821033-5372	ok	0.055	0.055	204	7x3xm8db
s2347	3x5m8	81821033-2347	ok	0.003	0.003	112	3x5m8
s8105	22jmd4de	81821033-8105	timeout	10.008	10.003	-1	22jmd4de
s7206	14x2adu	81821033-7206	timeout	10.052	9.984	-1	14x2adu
s8479	26jm4	81821033-8479	timeout	10.005	10.000	-1	26jm4
s6684	11x2xdu	81821033-6684	timeout	10.002	10.001	-1	11x2xdu
s1067	2x9de	81821033-1067	ok	0.729	0.728	148	2x9de
s5337	7x3xdi	81821033-5337	ok	0.804	0.803	178	7x3xdi
s386	2x3xadb	81821033-386	ok	0.000	0.000	7	2x3xadb
s8256	23jxm8du	81821033-8256	timeout	10.004	10.000	-1	23jxm8du
s6066	9x2r4du	81821033-6066	timeout	10.100	10.017	-1	9x2r4du
s8271	24jr4di	81821033-8271	timeout	10.007	10.000	-1	24jr4di
s741	2x5xm2di	81821033-741	ok	0.005	0.005	30	2x5xm2di
s8422	25jxm2da	81821033-8422	timeout	10.003	10.000	-1	25jxm2da
s1003	2x8m8	81821033-1003	ok	0.003	0.003	136	2x8m8
s4630	6x2m2da	81821033-4630	ok	0.100	0.099	58	6x2m2da
s2265	3x4xdi	81821033-2265	ok	0.022	0.022	42	3x4xdi
s7450	15x2xda	81821033-7450	timeout	10.008	10.005	-1	15x2xda
s6110	9x2xr4db	81821033-6110	ok	0.029	0.029	144	9x2xr4db
s5159	7jxkm2de	81821033-5159	ok	0.806	0.806	0	7jxkm2de
s1513	2x13xmd2	81821033-1513	ok	0.189	0.189	345	2x13xmd2
s2950	4jkm2da	81821033-2950	ok	0.470	0.469	0	4jkm2da
s4535	6jxm2de	81821033-4535	ok	0.029	0.029	8	6jxm2de
s2010	3x2xkmd4du	81821033-2010	ok	0.106	0.106	0	3x2xkmd4du
s7775	18jxm8de	81821033-7775	timeout	10.052	9.984	-1	18jxm8de
s4091	5x3xde	81821033-4091	ok	0.627	0.625	78	5x3xde
s4061	5x3md2de	81821033-4061	ok	0.272	0.268	88	5x3md2de
s6553	11jmd2	81821033-6553	ok	0.647	0.632	41	11jmd2
s554	2x4kmd2db	81821033-554	ok	0.001	0.001	0	2x4kmd2db
s8357	25jade	81821033-8357	timeout	10.007	9.998	-1	25jade
s8929	31ja	81821033-8929	timeout	10.002	10.000	-1	31ja
s6535	11j	81821033-6535	ok	0.092	0.092	42	11j
s3532	4x5xmd2da	81821033-3532	timeout	10.002	9.999	-1	4x5xmd2da
s1461	2x13m2di	81821033-1461	ok	1.692	1.692	344	2x13m2di
s2100	3x3km4du	81821033-2100	ok	0.038	0.038	0	3x3km4du
s1497	2x13xdi	81821033-1497	ok	1.975	1.973	338	2x13xdi
s648	2x4xkm2du	81821033-648	ok	0.025	0.025	0	2x4xkm2du
s4975	6x5xm4	81821033-4975	timeout	10.052	9.980	-1	6x5xm4
s8997	31jxm2di	81821033-8997	timeout	10.008	10.002	-1	31jxm2di
s459	2x3xkmd2di	81821033-459	ok	0.052	0.052	0	2x3xkmd2di
s4955	6x5xde	81821033-4955	timeout	10.003	10.002	-1	6x5xde
s4813	6x4r4	81821033-4813	ok	0.501	0.500	296	6x4r4
s5384	7x4db	81821033-5384	ok	1.367	1.367	366	7x4db
s1370	2x12md2db	81821033-1370	ok	0.337	0.337	294	2x12md2db
s1121	2x9xr4de	81821033-1121	ok	1.477	1.477	144	2x9xr4de
s7938	20jxr4du	81821033-7938	timeout	10.001	9.999	-1	20jxr4du
s8298	24jmd4du	81821033-8298	timeout	10.092	10.018	-1	24jmd4du
s3556	4x6ada	81821033-3556	timeout	10.007	10.000	-1	4x6ada
s2884	4jada	81821033-2884	timeout	10.014	9.998	-1	4jada
s7784	19jdb	81821033-7784	timeout	10.004	9.996	-1	19jdb
s6657	11x2m4di	81821033-6657	ok	0.222	0.221	248	11x2m4di
s2496	3x6xm8du	81821033-2496	timeout	10.060	10.000	-1	3x6xm8du
s1774	3jm8da	81821033-1774	ok	0.000	0.000	4	3jm8da
s3984	5x2m8du	81821033-3984	ok	3.288	3.286	40	5x2m8du
s5454	7x4xmd2du	81821033-5454	timeout	10.004	9.998	-1	7x4xmd2du
s2976	4jkm8du	81821033-2976	ok	0.004	0.004	0	4jkm8du
s2231	3x4m2de	81821033-2231	ok	0.368	0.368	52	3x4m2de
s3280	4x3r4da	81821033-3280	ok	0.185	0.185	56	4x3r4da
s7934	20jxr4db	81821033-7934	timeout	10.004	10.001	-1	20jxr4db
s2356	3x5xada	81821033-2356	ok	0.631	0.631	69	3x5xada
s7875	20jadi	81821033-7875	timeout	10.039	9.960	-1	20jadi
s4534	6jxm2da	81821033-4534	ok	0.592	0.587	6	6jxm2da
s8053	21jxmd4	81821033-8053	timeout	10.001	9.998	-1	21jxmd4
s1553	2x14r4de	81821033-1553	timeout	10.002	9.996	-1	2x14r4de
s2359	3x5x	81821033-2359	ok	0.008	0.008	94	3x5x
s3958	5x2m2da	81821033-3958	ok	0.037	0.037	36	5x2m2da
s8241	23jxm4di	81821033-8241	timeout	10.000	9.997	-1	23jxm4di
s4652	6x2m8db	81821033-4652	ok	0.002	0.001	64	6x2m8db
s3478	4x5m2da	81821033-3478	ok	6.222	6.176	178	4x5m2da
s8702	28jxr4db	81821033-8702	timeout	10.004	10.002	-1	28jxr4db
s5702	8x2md4db	81821033-5702	ok	0.013	0.013	120	8x2md4db
s4065	5x3m4di	81821033-4065	ok	0.155	0.155	100	5x3m4di
s7820	19jm8db	81821033-7820	timeout	10.010	10.001	-1	19jm8db
s8182	23jm2da	81821033-8182	timeout	10.002	10.001	-1	23jm2da
s6036	9jxkm4du	81821033-6036	timeout	10.093	10.016	-1	9jxkm4du
s7318	15jm2da	81821033-7318	timeout	10.031	10.002	-1	15jm2da
s614	2x4xmd4db	81821033-614	ok	0.001	0.001	18	2x4xmd4db
s5041	7jka	81821033-5041	ok	0.000	0.000	0	7jka
s6872	12x2xdb	81821033-6872	ok	0.402	0.401	270	12x2xdb
s8081	22jr4de	81821033-8081	timeout	10.008	10.002	-1	22jr4de
s376	2x3kmd4da	81821033-376	ok	0.103	0.102	0	2x3kmd4da
s6977	13jxr4de	81821033-6977	timeout	10.004	10.002	-1	13jxr4de
s5382	7x4adu	81821033-5382	timeout	10.004	9.999	-1	7x4adu
s886	2x7m2da	81821033-886	ok	0.257	0.256	84	2x7m2da
s6546	11jr4du	81821033-6546	ok	0.186	0.186	40	11jr4du
s1739	3jde	81821033-1739	ok	0.000	0.000	2	3jde
s1188	2x10m4du	81821033-1188	timeout	10.008	10.001	-1	2x10m4du
s5172	7jxkm4du	81821033-5172	timeout	10.085	10.010	-1	7jxkm4du
s1591	2x14x	81821033-1591	ok	0.370	0.369	424	2x14x
s5952	9jkm8du	81821033-5952	ok	0.880	0.880	0	9jkm8du
s4056	5x3m2du	81821033-4056	ok	1.394	1.394	89	5x3m2du
s8602	27jxda	81821033-8602	timeout	10.004	10.001	-1	27jxda
s8214	23jxadu	81821033-8214	timeout	10.004	10.000	-1	23jxadu
s8343	24jxmd4di	81821033-8343	timeout	10.029	9.965	-1	24jxmd4di
s1879	3x2k	81821033-1879	ok	0.001	0.001	0	3x2k
s4721	6x3r4de	81821033-4721	ok	0.517	0.517	140	6x3r4de
s8546	27jadb	81821033-8546	timeout	10.001	9.996	-1	27jadb
s470	2x3xkmd4db	81821033-470	ok	0.012	0.012	0	2x3xkmd4db
s8515	26jxm2	81821033-8515	timeout	10.004	10.001	-1	26jxm2
s106	2x2da	81821033-106	ok	0.000	0.000	4	2x2da
s5590	8jxm2da	81821033-5590	ok	0.022	0.022	12	8jxm2da
s4314	5x5xmd4du	81821033-4314	timeout	10.048	10.008	-1	5x5xmd4du
s6659	11x2m4de	81821033-6659	timeout	10.002	10.000	-1	11x2m4de
s4386	5x6xr4du	81821033-4386	timeout	10.012	10.005	-1	5x6xr4du
s3297	4x3m4di	81821033-3297	ok	0.007	0.007	60	4x3m4di
s7972	21jada	81821033-7972	timeout	10.001	9.998	-1	21jada
s177	2x2km4di	81821033-177	ok	0.000	0.000	0	2x2km4di
s5597	8jxmd2de	81821033-5597	ok	0.836	0.835	12	8jxmd2de
s1304	2x11xdb	81821033-1304	ok	0.324	0.324	226	2x11xdb
s285	2x2xkm8di	81821033-285	ok	0.000	0.000	0	2x2xkm8di
s5566	8jkm8da	81821033-5566	ok	0.007	0.007	0	8jkm8da
s4937	6x5md4de	81821033-4937	timeout	10.092	10.011	-1	6x5md4de
s6510	10x3xmd2du	81821033-6510	timeout	10.004	10.002	-1	10x3xmd2du
s5788	8x3md2da	81821033-5788	timeout	10.005	9.999	-1	8x3md2da
s8536	26jxmd4da	81821033-8536	timeout	10.004	10.001	-1	26jxmd4da
s6148	9x3ada	81821033-6148	timeout	10.060	9.992	-1	9x3ada
s1753	3jmd2	81821033-1753	ok	0.000	0.000	2	3jmd2
s5840	8x3xm4db	81821033-5840	ok	3.106	3.076	272	8x3xm4db
s7473	15x2xm4di	81821033-7473	timeout	10.004	10.001	-1	15x2xm4di
s2853	3x10xm2di	81821033-2853	timeout	10.008	10.002	-1	3x10xm2di
s2102	3x3kmd4db	81821033-2102	ok	0.006	0.006	0	3x3kmd4db
s7687	18j	81821033-7687	timeout	10.004	10.002	-1	18j
s7438	15x2m8da	81821033-7438	timeout	10.022	9.954	-1	15x2m8da
s8682	28jmd4du	81821033-8682	timeout	10.008	10.003	-1	28jmd4du
s8419	25jxm2	81821033-8419	timeout	10.006	9.999	-1	25jxm2
s2730	3x9md4du	81821033-2730	timeout	10.004	10.002	-1	3x9md4du
s2690	3x9adb	81821033-2690	ok	6.837	6.772	327	3x9adb
s3779	5jm4de	81821033-3779	ok	0.004	0.004	6	5jm4de
s6831	12x2r4di	81821033-6831	ok	2.783	2.765	304	12x2r4di
s7828	19jxada	81821033-7828	timeout	10.008	9.998	-1	19jxada
s5608	8jxmd4da	81821033-5608	ok	0.143	0.142	14	8jxmd4da
s6240	9x3xm8du	81821033-6240	timeout	10.004	9.998	-1	9x3xm8du
s8217	23jxdi	81821033-8217	timeout	10.004	10.002	-1	23jxdi
s7447	15x2x	81821033-7447	ok	2.067	2.066	492	15x2x
s3499	4x5m8	81821033-3499	ok	0.011	0.011	212	4x5m8
s1599	2x14xr4di	81821033-1599	ok	5.487	5.485	400	2x14xr4di
s6881	12x2xr4de	81821033-6881	timeout	10.039	9.964	-1	12x2xr4de
s4044	5x3du	81821033-4044	ok	4.502	4.499	88	5x3du
s7601	17jr4de	81821033-7601	timeout	10.004	10.002	-1	17jr4de
s3992	5x2xdb	81821033-3992	ok	0.002	0.002	28	5x2xdb
s1240	2x10xmd4da	81821033-1240	ok	2.436	2.435	178	2x10xmd4da
s560	2x4km4db	81821033-560	ok	0.002	0.002	0	2x4km4db
s7464	15x2xm2du	81821033-7464	timeout	10.002	9.991	-1	15x2xm2du
s8320	24jxr4da	81821033-8320	timeout	10.064	9.992	-1	24jxr4da
s7852	19jxmd2da	81821033-7852	timeout	10.004	9.998	-1	19jxmd2da
s6599	11jxm2de	81821033-6599	timeout	10.032	9.993	-1	11jxm2de
s3066	4jxkmd4du	81821033-3066	ok	0.209	0.206	0	4jxkmd4du
s3445	4x4xmd4	81821033-3445	ok	0.009	0.009	112	4x4xmd4
s4540	6jxmd2da	81821033-4540	ok	0.354	0.354	6	6jxmd2da
s4950	6x5xadu	81821033-4950	timeout	10.004	10.001	-1	6x5xadu
s6538	11jda	81821033-6538	ok	0.824	0.819	34	11jda
s6421	10x2xmd4	81821033-6421	ok	0.018	0.018	200	10x2xmd4
s7752	18jxm2du	81821033-7752	timeout	10.032	9.989	-1	18jxm2du
s5742	8x2xmd2du	81821033-5742	timeout	10.008	10.002	-1	8x2xmd2du
s2349	3x5m8di	81821033-2349	ok	0.048	0.048	96	3x5m8di
s1662	2x15md2du	81821033-1662	timeout	10.004	10.001	-1	2x15md2du
s2851	3x10xm2	81821033-2851	timeout	10.068	10.008	-1	3x10xm2
s6678	11x2xadu	81821033-6678	timeout	10.016	9.996	-1	11x2xadu
s7514	16jmd2db	81821033-7514	timeout	10.003	9.998	-1	16jmd2db
s45	2jm8di	81821033-45	crash	0.000	0.000	-1	2jm8di
s7809	19jm4di	81821033-7809	timeout	10.004	10.000	-1	19jm4di
s2064	3x3m8du	81821033-2064	ok	0.026	0.026	32	3x3m8du
s3623	4x6xm2de	81821033-3623	timeout	10.044	10.004	-1	4x6xm2de
s979	2x8m2	81821033-979	ok	0.010	0.010	116	2x8m2
s94	2jkm8da	81821033-94	timeout	10.016	9.975	-1	2jkm8da
s5631	8jxkr4di	81821033-5631	ok	1.446	1.446	0	8jxkr4di
s7664	17jxm4db	81821033-7664	timeout	10.007	10.001	-1	17jxm4db
s5164	7jxkmd2da	81821033-5164	ok	2.996	2.996	0	7jxkmd2da
s1551	2x14r4di	81821033-1551	ok	1.061	1.060	436	2x14r4di
s2098	3x3km4da	81821033-2098	ok	0.030	0.030	0	3x3km4da
s2673	3x8xm4di	81821033-2673	ok	3.308	3.308	264	3x8xm4di
s552	2x4km2du	81821033-552	ok	0.031	0.031	0	2x4km2du
s943	2x7xm4	81821033-943	ok	0.003	0.003	92	2x7xm4
s1219	2x10xm2	81821033-1219	ok	0.042	0.042	190	2x10xm2
s1865	3x2md4de	81821033-1865	ok	0.007	0.007	12	3x2md4de
s449	2x3xkr4de	81821033-449	ok	0.088	0.088	0	2x3xkr4de
s8549	27jade	81821033-8549	timeout	10.036	9.963	-1	27jade
s4526	6jxr4db	81821033-4526	ok	0.013	0.013	8	6jxr4db
s1579	2x14m8	81821033-1579	ok	0.057	0.057	472	2x14m8
s2396	3x5xm8db	81821033-2396	ok	0.006	0.006	92	3x5xm8db
s7238	14x2md4db	81821033-7238	ok	0.329	0.325	434	14x2md4db
s901	2x7md4	81821033-901	ok	0.002	0.002	104	2x7md4
s4319	5x5xm8de	81821033-4319	timeout	10.003	10.000	-1	5x5xm8de
s6855	12x2md4di	81821033-6855	ok	0.741	0.741	290	12x2md4di
s5259	7x2xmd2di	81821033-5259	ok	0.049	0.049	70	7x2xmd2di
s5342	7x3xr4db	81821033-5342	ok	0.101	0.101	204	7x3xr4db
s6070	9x2m2da	81821033-6070	ok	2.125	2.104	152	9x2m2da
s8117	22jxade	81821033-8117	timeout	10.004	9.996	-1	22jxade
s8809	29jxmd2	81821033-8809	timeout	10.001	9.997	-1	29jxmd2
s7961	20jxmd4de	81821033-7961	timeout	10.004	10.002	-1	20jxmd4de
s3173	4x2xade	81821033-3173	ok	0.017	0.017	14	4x2xade
s873	2x7di	81821033-873	ok	0.025	0.025	78	2x7di
s4998	7jadu	81821033-4998	ok	0.005	0.005	8	7jadu
s4918	6x5m2da	81821033-4918	timeout	10.075	10.006	-1	6x5m2da
s7043	13x2m4de	81821033-7043	timeout	10.008	10.003	-1	13x2m4de
s888	2x7m2du	81821033-888	ok	1.733	1.732	82	2x7m2du
s657	2x4xkm4di	81821033-657	ok	0.003	0.003	0	2x4xkm4di
s6236	9x3xm8db	81821033-6236	ok	0.438	0.437	364	9x3xm8db
s1151	2x9xm8de	81821033-1151	ok	3.274	3.245	144	2x9xm8de
s1972	3x2xkada	81821033-1972	ok	0.096	0.095	0	3x2xkada
s8862	30jmd2du	81821033-8862	timeout	10.008	10.003	-1	30jmd2du
s2280	3x4xm2du	81821033-2280	ok	2.732	2.730	44	3x4xm2du
s1022	2x8xr4db	81821033-1022	ok	0.013	0.013	108	2x8xr4db
s5927	9jkm2de	81821033-5927	ok	2.447	2.444	0	9jkm2de
s7628	17jm8db	81821033-7628	timeout	10.001	9.999	-1	17jm8db
s1375	2x12m4	81821033-1375	ok	0.046	0.046	308	2x12m4
s6293	10jxade	81821033-6293	ok	2.488	2.488	16	10jxade
s6059	9x2de	81821033-6059	ok	1.621	1.620	152	9x2de
s4100	5x3xm2db	81821033-4100	ok	0.022	0.022	78	5x3xm2db
s126	2x2md2du	81821033-126	ok	0.000	0.000	5	2x2md2du
s8656	28jr4da	81821033-8656	timeout	10.081	10.002	-1	28jr4da
s3090	4x2r4du	81821033-3090	ok	0.865	0.865	24	4x2r4du
s7353	15jxdi	81821033-7353	timeout	10.004	9.999	-1	15jxdi
s1479	2x13md4di	81821033-1479	ok	0.519	0.518	362	2x13md4di
s8460	26jdu	81821033-8460	timeout	10.008	9.998	-1	26jdu
s2372	3x5xm2db	81821033-2372	ok	0.022	0.022	84	3x5xm2db
s4762	6x3xda	81821033-4762	ok	1.887	1.885	130	6x3xda
s8599	27jx	81821033-8599	timeout	10.024	9.988	-1	27jx
s878	2x7r4db	81821033-878	ok	0.005	0.005	88	2x7r4db
s4533	6jxm2di	81821033-4533	ok	0.017	0.017	6	6jxm2di
s1357	2x12r4	81821033-1357	ok	0.103	0.103	316	2x12r4
s8397	25jm8di	81821033-8397	timeout	10.036	9.991	-1	25jm8di
s3355	4x3xm8	81821033-3355	ok	0.001	0.001	64	4x3xm8
s1842	3x2r4du	81821033-1842	ok	0.625	0.623	12	3x2r4du
s829	2x6xr4	81821033-829	ok	0.002	0.001	60	2x6xr4
s6115	9x2xm2	81821033-6115	ok	0.022	0.022	146	9x2xm2
s740	2x5xm2db	81821033-740	ok	0.002	0.002	30	2x5xm2db
s6702	11x2xmd2du	81821033-6702	timeout	10.005	9.998	-1	11x2xmd2du
s3571	4x6m2	81821033-3571	ok	0.145	0.145	278	4x6m2
s2948	4jkm2db	81821033-2948	ok	0.090	0.090	0	4jkm2db
s314	2x3md2db	81821033-314	ok	0.000	0.000	12	2x3md2db
s3314	4x3xadb	81821033-3314	ok	0.011	0.011	42	4x3xadb
s2841	3x10xdi	81821033-2841	timeout	10.006	9.999	-1	3x10xdi
s5827	8x3xm2	81821033-5827	ok	2.254	2.252	286	8x3xm2
s3119	4x2m8de	81821033-3119	ok	0.012	0.012	24	4x2m8de
s2253	3x4m8di	81821033-2253	ok	0.010	0.010	60	3x4m8di
s1161	2x10di	81821033-1161	ok	0.371	0.371	196	2x10di
s3224	4x2xkdb	81821033-3224	ok	0.002	0.002	0	4x2xkdb
s5099	7jxde	81821033-5099	ok	0.009	0.009	10	7jxde
s7253	14x2xade	81821033-7253	timeout	10.003	10.000	-1	14x2xade
s8806	29jxm2da	81821033-8806	timeout	10.086	10.002	-1	29jxm2da
s5966	9jxr4db	81821033-5966	ok	0.096	0.096	24	9jxr4db
s3796	5jkada	81821033-3796	ok	0.231	0.230	0	5jkada
s5239	7x2x	81821033-5239	ok	0.006	0.005	78	7x2x
s3526	4x5xm2da	81821033-3526	ok	7.960	7.958	156	4x5xm2da
s6143	9x2xm8de	81821033-6143	ok	1.734	1.733	144	9x2xm8de
s6232	9x3xmd4da	81821033-6232	timeout	10.006	10.001	-1	9x3xmd4da
s7460	15x2xm2db	81821033-7460	ok	1.853	1.852	470	15x2xm2db
s3777	5jm4di	81821033-3777	ok	0.005	0.005	6	5jm4di
s5208	7x2m2du	81821033-5208	ok	1.589	1.589	84	7x2m2du
s2302	3x4xm8da	81821033-2302	ok	0.211	0.211	48	3x4xm8da
s4062	5x3md2du	81821033-4062	ok	1.895	1.895	87	5x3md2du
s3094	4x2m2da	81821033-3094	ok	0.009	0.008	24	4x2m2da
s4513	6jxa	81821033-4513	ok	0.003	0.003	6	6jxa
s510	2x4md2du	81821033-510	ok	0.283	0.282	21	2x4md2du
s1059	2x9adi	81821033-1059	ok	0.344	0.344	134	2x9adi
s4024	5x2xmd4da	81821033-4024	ok	0.007	0.007	30	5x2xmd4da
s7020	13x2du	81821033-7020	timeout	10.004	10.002	-1	13x2du
s2249	3x4md4de	81821033-2249	ok	0.106	0.106	60	3x4md4de
s4427	6jde	81821033-4427	ok	0.023	0.023	8	6jde
s5019	7jmd2di	81821033-5019	ok	0.002	0.002	13	7jmd2di
s765	2x5xm8di	81821033-765	ok	0.019	0.019	36	2x5xm8di
s7718	18jmd4db	81821033-7718	timeout	10.079	9.994	-1	18jmd4db
s6328	10jxmd4da	81821033-6328	ok	4.285	4.284	24	10jxmd4da
s2784	3x9xm8du	81821033-2784	timeout	10.004	9.997	-1	3x9xm8du
s2610	3x8r4du	81821033-2610	timeout	10.001	9.999	-1	3x8r4du
s7379	15jxm4de	81821033-7379	timeout	10.072	9.992	-1	15jxm4de
s3995	5x2xde	81821033-3995	ok	0.056	0.056	28	5x2xde
s7210	14x2da	81821033-7210	timeout	10.002	9.999	-1	14x2da
s6245	10jade	81821033-6245	ok	0.201	0.201	26	10jade
s183	2x2kmd4di	81821033-183	ok	0.000	0.000	0	2x2kmd4di
s7476	15x2xm4du	81821033-7476	timeout	10.012	10.006	-1	15x2xm4du
s3836	5jkm8db	81821033-3836	ok	0.002	0.002	0	5jkm8db
s4939	6x5m8	81821033-4939	timeout	10.004	10.001	-1	6x5m8
s8367	25jr4di	81821033-8367	timeout	10.039	9.969	-1	25jr4di
s7469	15x2xmd2de	81821033-7469	timeout	10.002	10.001	-1	15x2xmd2de
s4618	6x2da	81821033-4618	ok	0.186	0.186	54	6x2da
s2898	4jr4du	81821033-2898	timeout	10.006	9.999	-1	4jr4du
s7604	17jm2db	81821033-7604	timeout	10.004	10.000	-1	17jm2db
s383	2x3km8de	81821033-383	ok	0.219	0.219	0	2x3km8de
s5310	7x3md2du	81821033-5310	timeout	10.068	9.988	-1	7x3md2du
s6079	9x2m4	81821033-6079	ok	0.010	0.010	172	9x2m4
s7537	16jxa	81821033-7537	timeout	10.002	9.999	-1	16jxa
s952	2x7xmd4da	81821033-952	ok	0.076	0.075	80	2x7xmd4da
s3696	4x7m8du	81821033-3696	timeout	10.004	9.997	-1	4x7m8du
s4592	6jxkm4db	81821033-4592	ok	0.152	0.152	0	6jxkm4db
s5191	7x2	81821033-5191	ok	0.004	0.004	84	7x2
s6632	11x2db	81821033-6632	ok	0.133	0.133	228	11x2db
s4347	5x6md2di	81821033-4347	timeout	10.001	9.999	-1	5x6md2di
s165	2x2km2di	81821033-165	ok	0.001	0.001	0	2x2km2di
s5047	7jk	81821033-5047	ok	0.005	0.005	0	7jk
s3528	4x5xm2du	81821033-3528	timeout	10.066	9.983	-1	4x5xm2du
s8321	24jxr4de	81821033-8321	timeout	10.004	10.003	-1	24jxr4de
s6952	13jmd4da	81821033-6952	timeout	10.010	10.002	-1	13jmd4da
s6025	9jxkmd2	81821033-6025	ok	0.170	0.169	0	9jxkmd2
s4257	5x5m4di	81821033-4257	ok	0.854	0.853	311	5x5m4di
s8785	29jxa	81821033-8785	timeout	10.001	10.000	-1	29jxa
s3048	4jxkm2du	81821033-3048	ok	0.010	0.010	0	4jxkm2du
s7896	20jm2du	81821033-7896	timeout	10.048	9.983	-1	20jm2du
s4384	5x6xr4da	81821033-4384	timeout	10.004	10.003	-1	5x6xr4da
s5547	8jkmd2di	81821033-5547	ok	0.015	0.015	0	8jkmd2di
s4597	6jxkmd4	81821033-4597	ok	0.007	0.007	0	6jxkmd4
s4206	5x4xmd2du	81821033-4206	timeout	10.012	10.002	-1	5x4xmd2du
s413	2x3xmd2de	81821033-413	ok	0.002	0.002	6	2x3xmd2de
s2565	3x7xm2di	81821033-2565	ok	0.658	0.657	187	3x7xm2di
s4418	6jadb	81821033-4418	ok	0.001	0.001	7	6jadb
s5655	8jxkmd4di	81821033-5655	ok	0.957	0.955	0	8jxkmd4di
s2574	3x7xmd2du	81821033-2574	timeout	10.037	10.000	-1	3x7xmd2du
s6441	10x3di	81821033-6441	timeout	10.044	9.995	-1	10x3di
s1390	2x12m8da	81821033-1390	ok	1.173	1.168	324	2x12m8da
s5568	8jkm8du	81821033-5568	ok	0.010	0.010	0	8jkm8du
s5419	7x4m8	81821033-5419	ok	0.254	0.253	428	7x4m8
s5260	7x2xmd2da	81821033-5260	ok	0.294	0.290	73	7x2xmd2da
s6287	10jm8de	81821033-6287	ok	0.181	0.180	24	10jm8de
s6586	11jxda	81821033-6586	timeout	10.001	10.000	-1	11jxda
s5024	7jm4db	81821033-5024	ok	0.001	0.001	14	7jm4db
s8820	29jxm4du	81821033-8820	timeout	10.001	9.994	-1	29jxm4du
s2858	3x10xmd2db	81821033-2858	ok	3.293	3.293	426	3x10xmd2db
s2136	3x3xm2du	81821033-2136	ok	0.086	0.086	22	3x3xm2du
s444	2x3xkdu	81821033-444	ok	0.111	0.110	0	2x3xkdu
s6851	12x2m4de	81821033-6851	timeout	10.008	10.003	-1	12x2m4de
s6231	9x3xmd4di	81821033-6231	ok	2.645	2.644	350	9x3xmd4di
s1080	2x9m2du	81821033-1080	timeout	10.063	9.989	-1	2x9m2du
s3546	4x5xmd4du	81821033-3546	timeout	10.001	10.000	-1	4x5xmd4du
s3750	5jadu	81821033-3750	ok	0.017	0.017	6	5jadu
s8939	31jde	81821033-8939	timeout	10.002	9.995	-1	31jde
s1731	3jadi	81821033-1731	ok	0.000	0.000	2	3jadi
s5452	7x4xmd2da	81821033-5452	timeout	10.007	9.999	-1	7x4xmd2da
s4165	5x4md4	81821033-4165	ok	0.022	0.022	202	5x4md4
s6049	9x2a	81821033-6049	ok	0.051	0.051	139	9x2a
s6047	9jxkm8de	81821033-6047	timeout	10.052	9.982	-1	9jxkm8de
s6420	10x2xm4du	81821033-6420	timeout	10.002	9.999	-1	10x2xm4du
s2895	4jr4di	81821033-2895	timeout	10.008	10.000	-1	4jr4di
s4869	6x4xm2di	81821033-4869	ok	1.704	1.702	250	6x4xm2di
s6823	12x2	81821033-6823	ok	0.828	0.827	306	12x2
s8345	24jxmd4de	81821033-8345	timeout	10.047	10.019	-1	24jxmd4de
s1995	3x2xkmd2di	81821033-1995	ok	0.014	0.014	0	3x2xkmd2di
s4325	5x6ade	81821033-4325	timeout	10.040	9.986	-1	5x6ade
s5759	8x2xm8de	81821033-5759	ok	0.277	0.276	108	8x2xm8de
s6295	10jx	81821033-6295	ok	0.012	0.012	28	10jx
s1173	2x10m2di	81821033-1173	ok	0.208	0.208	192	2x10m2di
s916	2x7xada	81821033-916	ok	0.353	0.353	61	2x7xada
s2755	3x9xm2	81821033-2755	ok	0.663	0.659	360	3x9xm2
s5565	8jkm8di	81821033-5565	ok	0.018	0.016	0	8jkm8di
s732	2x5xdu	81821033-732	ok	0.115	0.114	28	2x5xdu
s684	2x5du	81821033-684	ok	0.709	0.709	36	2x5du
s7936	20jxr4da	81821033-7936	timeout	10.004	10.000	-1	20jxr4da
s789	2x6m2di	81821033-789	ok	0.017	0.017	54	2x6m2di
s98	2x2adb	81821033-98	ok	0.000	0.000	5	2x2adb
s5799	8x3md4di	81821033-5799	ok	2.380	2.380	282	8x3md4di
s1643	2x15de	81821033-1643	timeout	10.008	10.003	-1	2x15de
s7674	17jxmd4du	81821033-7674	timeout	10.069	10.014	-1	17jxmd4du
s7370	15jxmd2db	81821033-7370	timeout	10.013	9.999	-1	15jxmd2db
s5672	8x2db	81821033-5672	ok	0.023	0.023	106	8x2db
s6837	12x2m2di	81821033-6837	ok	1.121	1.121	290	12x2m2di
s7574	16jxmd4db	81821033-7574	timeout	10.002	10.001	-1	16jxmd4db
s778	2x6da	81821033-778	ok	0.138	0.138	56	2x6da
s2927	4jm8de	81821033-2927	timeout	10.008	10.000	-1	4jm8de
s2553	3x7xdi	81821033-2553	ok	0.992	0.992	182	3x7xdi
s4668	6x2xdu	81821033-4668	ok	2.416	2.415	48	6x2xdu
s1081	2x9md2	81821033-1081	ok	0.021	0.021	154	2x9md2
s3788	5jm8db	81821033-3788	ok	0.002	0.001	8	5jm8db
s6151	9x3	81821033-6151	timeout	10.044	10.009	-1	9x3
s4376	5x6xdb	81821033-4376	timeout	10.040	9.986	-1	5x6xdb
s6679	11x2x	81821033-6679	ok	0.372	0.368	242	11x2x
s3479	4x5m2de	81821033-3479	ok	7.505	7.503	174	4x5m2de
s8664	28jm2du	81821033-8664	timeout	10.001	9.994	-1	28jm2du
s82	2jkm4da	81821033-82	timeout	10.024	10.007	-1	2jkm4da
s7402	15x2da	81821033-7402	timeout	10.083	9.986	-1	15x2da
s3344	4x3xm4db	81821033-3344	ok	0.003	0.003	44	4x3xm4db
s4334	5x6r4db	81821033-4334	timeout	10.004	10.001	-1	5x6r4db
s2335	3x5m4	81821033-2335	ok	0.004	0.004	110	3x5m4
s1659	2x15md2di	81821033-1659	ok	3.606	3.606	484	2x15md2di
s6104	9x2xdb	81821033-6104	ok	0.347	0.347	134	9x2xdb
s1715	2x15xm4de	81821033-1715	timeout	10.008	10.001	-1	2x15xm4de
s2381	3x5xmd2de	81821033-2381	ok	0.821	0.821	79	3x5xmd2de
s4516	6jxada	81821033-4516	ok	0.041	0.041	5	6jxada
s8079	22jr4di	81821033-8079	timeout	10.004	10.000	-1	22jr4di
s1332	2x11xm4du	81821033-1332	timeout	10.073	10.004	-1	2x11xm4du
s1315	2x11xm2	81821033-1315	ok	0.063	0.063	242	2x11xm2
s60	2jkdu	81821033-60	timeout	10.001	10.000	-1	2jkdu
s7858	19jxm4da	81821033-7858	timeout	10.001	9.994	-1	19jxm4da
s8828	29jxm8db	81821033-8828	timeout	10.004	10.003	-1	29jxm8db
s7417	15x2md2	81821033-7417	ok	1.580	1.580	505	15x2md2
s773	2x6ade	81821033-773	ok	0.100	0.100	46	2x6ade
s8917	30jxmd4	81821033-8917	timeout	10.080	9.997	-1	30jxmd4
s3899	5jxkde	81821033-3899	ok	5.593	5.556	0	5jxkde
s4961	6x5xr4de	81821033-4961	timeout	10.008	9.998	-1	6x5xr4de
s75	2jkmd2di	81821033-75	timeout	10.016	9.988	-1	2jkmd2di
s7536	16jm8du	81821033-7536	timeout	10.003	10.002	-1	16jm8du
s5988	9jxm4du	81821033-5988	ok	0.865	0.865	14	9jxm4du
s7430	15x2md4db	81821033-7430	ok	0.895	0.895	518	15x2md4db
s1334	2x11xmd4db	81821033-1334	ok	0.125	0.125	224	2x11xmd4db
s6648	11x2m2du	81821033-6648	timeout	10.031	10.000	-1	11x2m2du
s4887	6x4xmd4di	81821033-4887	ok	1.901	1.890	260	6x4xmd4di
s7015	13x2	81821033-7015	ok	0.144	0.144	354	13x2
s4017	5x2xm4di	81821033-4017	ok	0.003	0.003	36	5x2xm4di
s7197	14jxm8di	81821033-7197	timeout	10.020	9.981	-1	14jxm8di
s8303	24jm8de	81821033-8303	timeout	10.004	10.003	-1	24jm8de
s6790	12jxm2da	81821033-6790	timeout	10.010	10.002	-1	12jxm2da
s3430	4x4xm2da	81821033-3430	ok	2.001	2.001	94	4x4xm2da
s5480	8jdb	81821033-5480	ok	0.003	0.003	14	8jdb
s520	2x4md4da	81821033-520	ok	0.014	0.014	20	2x4md4da
s3472	4x5r4da	81821033-3472	ok	2.755	2.755	180	4x5r4da
s4723	6x3m2	81821033-4723	ok	0.021	0.021	152	6x3m2
s5331	7x3xadi	81821033-5331	ok	1.461	1.461	168	7x3xadi
s1040	2x8xm4db	81821033-1040	ok	0.098	0.097	104	2x8xm4db
s2666	3x8xmd2db	81821033-2666	ok	1.465	1.464	253	3x8xmd2db
s6775	12jx	81821033-6775	timeout	10.084	10.025	-1	12jx
s8076	22jdu	81821033-8076	timeout	10.008	10.000	-1	22jdu
s5689	8x2md2	81821033-5689	ok	0.009	0.009	112	8x2md2
s1862	3x2md4db	81821033-1862	ok	0.003	0.003	10	3x2md4db
s1287	2x11md4di	81821033-1287	ok	0.249	0.249	238	2x11md4di
s6326	10jxmd4db	81821033-6326	ok	1.227	1.208	28	10jxmd4db
s2771	3x9xm4de	81821033-2771	timeout	10.008	10.001	-1	3x9xm4de
s1453	2x13r4	81821033-1453	ok	0.077	0.076	380	2x13r4
s4042	5x3da	81821033-4042	ok	0.164	0.164	90	5x3da
s1063	2x9	81821033-1063	ok	0.019	0.019	152	2x9
s5212	7x2md2da	81821033-5212	ok	0.198	0.198	80	7x2md2da
s2914	4jm4da	81821033-2914	timeout	10.004	10.002	-1	4jm4da
s3132	4x2kdu	81821033-3132	ok	0.050	0.050	0	4x2kdu
s8905	30jxmd2	81821033-8905	timeout	10.002	9.998	-1	30jxmd2
s2326	3x5m2da	81821033-2326	ok	0.361	0.361	90	3x5m2da
s8530	26jxm4da	81821033-8530	timeout	10.029	9.964	-1	26jxm4da
s8700	28jxdu	81821033-8700	timeout	10.006	9.999	-1	28jxdu
s3408	4x4m8du	81821033-3408	ok	1.998	1.995	108	4x4m8du
s6543	11jr4di	81821033-6543	ok	0.112	0.112	40	11jr4di
s932	2x7xm2db	81821033-932	ok	0.014	0.014	72	2x7xm2db
s8455	26j	81821033-8455	timeout	10.006	10.000	-1	26j
s232	2x2xmd4da	81821033-232	ok	0.000	0.000	6	2x2xmd4da
s6103	9x2x	81821033-6103	ok	0.018	0.018	148	9x2x
s6359	10x2m2de	81821033-6359	ok	5.427	5.424	186	10x2m2de
s6616	11jxmd4da	81821033-6616	timeout	10.003	10.000	-1	11jxmd4da
s6257	10jr4de	81821033-6257	ok	0.062	0.061	32	10jr4de
s8477	26jmd2de	81821033-8477	timeout	10.068	9.997	-1	26jmd2de
s1586	2x14xadb	81821033-1586	ok	2.605	2.589	369	2x14xadb
s5147	7jxkde	81821033-5147	timeout	10.013	9.998	-1	7jxkde
s6427	10x2xm8	81821033-6427	ok	0.009	0.009	212	10x2xm8
s6300	10jxdu	81821033-6300	timeout	10.005	9.998	-1	10jxdu
s4812	6x4du	81821033-4812	timeout	10.014	10.000	-1	6x4du
s4240	5x5r4da	81821033-4240	ok	8.556	8.504	292	5x5r4da
s1140	2x9xm4du	81821033-1140	timeout	10.003	10.001	-1	2x9xm4du
s8500	26jxada	81821033-8500	timeout	10.012	10.004	-1	26jxada
s2233	3x4md2	81821033-2233	ok	0.003	0.002	61	3x4md2
s1284	2x11m4du	81821033-1284	timeout	10.064	9.997	-1	2x11m4du
s8414	25jxr4db	81821033-8414	timeout	10.011	10.003	-1	25jxr4db
s4059	5x3md2di	81821033-4059	ok	0.053	0.053	88	5x3md2di
s5797	8x3md4	81821033-5797	ok	0.088	0.088	302	8x3md4
s1875	3x2kadi	81821033-1875	ok	0.059	0.058	0	3x2kadi
s1628	2x14xm8db	81821033-1628	ok	1.883	1.874	424	2x14xm8db
s191	2x2km8de	81821033-191	ok	0.000	0.000	0	2x2km8de
s56	2jkdb	81821033-56	timeout	10.004	10.003	-1	2jkdb
s5599	8jxm4	81821033-5599	ok	0.121	0.121	16	8jxm4
s178	2x2km4da	81821033-178	ok	0.000	0.000	0	2x2km4da
s5931	9jkmd2di	81821033-5931	ok	0.117	0.117	0	9jkmd2di
s5514	8jmd4du	81821033-5514	ok	0.030	0.030	16	8jmd4du
s866	2x7adb	81821033-866	ok	0.019	0.019	75	2x7adb
s1945	3x2xmd2	81821033-1945	ok	0.000	0.000	8	3x2xmd2
s4570	6jxkda	81821033-4570	ok	0.225	0.225	0	6jxkda
s7803	19jmd2di	81821033-7803	timeout	10.001	9.996	-1	19jmd2di
s1065	2x9di	81821033-1065	ok	0.111	0.110	152	2x9di
s1386	2x12md4du	81821033-1386	timeout	10.032	9.981	-1	2x12md4du
s229	2x2xmd4	81821033-229	ok	0.000	0.000	6	2x2xmd4
s8027	21jxde	81821033-8027	timeout	10.024	9.993	-1	21jxde
s2830	3x10m8da	81821033-2830	timeout	10.002	10.001	-1	3x10m8da
s3319	4x3x	81821033-3319	ok	0.002	0.002	56	4x3x
s428	2x3xm8db	81821033-428	ok	0.000	0.000	12	2x3xm8db
s7834	19jxda	81821033-7834	timeout	10.005	9.999	-1	19jxda
s4705	6x3a	81821033-4705	ok	0.052	0.051	132	6x3a
s1691	2x15xde	81821033-1691	timeout	10.067	10.003	-1	2x15xde
s734	2x5xr4db	81821033-734	ok	0.001	0.001	36	2x5xr4db
s457	2x3xkmd2	81821033-457	ok	0.001	0.000	0	2x3xkmd2
s6310	10jxm2da	81821033-6310	ok	4.405	4.404	22	10jxm2da
s8522	26jxmd2db	81821033-8522	timeout	10.004	10.002	-1	26jxmd2db
s5539	8jkm2	81821033-5539	ok	0.020	0.020	0	8jkm2
s1640	2x15db	81821033-1640	ok	1.640	1.630	484	2x15db
s4634	6x2md2db	81821033-4634	ok	0.004	0.004	58	6x2md2db
s6243	10jadi	81821033-6243	ok	0.401	0.386	27	10jadi
s1317	2x11xm2di	81821033-1317	ok	0.609	0.607	224	2x11xm2di
s830	2x6xr4db	81821033-830	ok	0.003	0.003	52	2x6xr4db
s6792	12jxm2du	81821033-6792	timeout	10.004	9.997	-1	12jxm2du
s426	2x3xmd4du	81821033-426	ok	0.008	0.008	8	2x3xmd4du
s676	2x5ada	81821033-676	ok	0.019	0.019	33	2x5ada
s1556	2x14m2db	81821033-1556	ok	6.700	6.654	412	2x14m2db
s8985	31jxdi	81821033-8985	timeout	10.004	10.000	-1	31jxdi
s8714	28jxmd2db	81821033-8714	timeout	10.004	10.003	-1	28jxmd2db
s3917	5jxkmd2de	81821033-3917	ok	0.855	0.854	0	5jxkmd2de
s8803	29jxm2	81821033-8803	timeout	10.004	9.997	-1	29jxm2
s5156	7jxkm2db	81821033-5156	ok	0.212	0.212	0	7jxkm2db
s73	2jkmd2	81821033-73	timeout	10.036	9.975	-1	2jkmd2
s4108	5x3xmd2da	81821033-4108	ok	0.723	0.718	77	5x3xmd2da
s8338	24jxm4da	81821033-8338	timeout	10.004	10.002	-1	24jxm4da
s310	2x3m2da	81821033-310	ok	0.894	0.894	12	2x3m2da
s7195	14jxm8	81821033-7195	timeout	10.000	9.999	-1	14jxm8
s549	2x4km2di	81821033-549	ok	0.047	0.047	0	2x4km2di
s6314	10jxmd2db	81821033-6314	ok	1.818	1.817	23	10jxmd2db
s5499	8jmd2di	81821033-5499	ok	0.008	0.007	16	8jmd2di
s6807	12jxmd4di	81821033-6807	timeout	10.015	10.007	-1	12jxmd4di
s7969	21ja	81821033-7969	timeout	10.069	9.995	-1	21ja
s7182	14jxmd2du	81821033-7182	timeout	10.001	9.999	-1	14jxmd2du
s5105	7jxr4de	81821033-5105	ok	0.016	0.016	12	7jxr4de
s5020	7jmd2da	81821033-5020	ok	0.064	0.064	10	7jmd2da
s613	2x4xmd4	81821033-613	ok	0.000	0.000	22	2x4xmd4
s1811	3jkm4de	81821033-1811	ok	0.000	0.000	0	3jkm4de
s6217	9x3xmd2	81821033-6217	ok	0.289	0.289	364	9x3xmd2
s1341	2x11xm8di	81821033-1341	ok	1.090	1.090	236	2x11xm8di
s55	2jk	81821033-55	timeout	10.004	10.003	-1	2jk
s196	2x2xada	81821033-196	ok	0.000	0.000	3	2x2xada
s4170	5x4md4du	81821033-4170	timeout	10.008	10.001	-1	5x4md4du
s4689	6x2xm4di	81821033-4689	ok	0.007	0.007	52	6x2xm4di
s2534	3x7md4db	81821033-2534	ok	0.060	0.060	212	3x7md4db
s6058	9x2da	81821033-6058	ok	1.022	1.022	148	9x2da
s7326	15jmd2du	81821033-7326	timeout	10.068	10.004	-1	15jmd2du
s5890	9jm4da	81821033-5890	ok	0.506	0.494	25	9jm4da
s8824	29jxmd4da	81821033-8824	timeout	10.003	9.998	-1	29jxmd4da
s862	2x6xm8da	81821033-862	ok	0.043	0.043	52	2x6xm8da
s3617	4x6xr4de	81821033-3617	timeout	10.003	10.002	-1	4x6xr4de
s5075	7jkm4de	81821033-5075	ok	1.498	1.498	0	7jkm4de
s1844	3x2m2db	81821033-1844	ok	0.001	0.001	12	3x2m2db
s4263	5x5md4di	81821033-4263	ok	1.495	1.494	290	5x5md4di
s658	2x4xkm4da	81821033-658	ok	0.012	0.012	0	2x4xkm4da
s2250	3x4md4du	81821033-2250	ok	0.249	0.249	58	3x4md4du
s5977	9jxmd2	81821033-5977	ok	0.027	0.027	20	9jxmd2
s6280	10jmd4da	81821033-6280	ok	1.931	1.930	32	10jmd4da
s5374	7x3xm8da	81821033-5374	ok	2.422	2.422	184	7x3xm8da
s5016	7jm2du	81821033-5016	ok	0.014	0.014	13	7jm2du
s610	2x4xm4da	81821033-610	ok	0.017	0.017	20	2x4xm4da
s4731	6x3md2di	81821033-4731	ok	0.148	0.148	139	6x3md2di
s7505	16jr4de	81821033-7505	timeout	10.002	9.996	-1	16jr4de
s3833	5jkmd4de	81821033-3833	ok	0.040	0.040	0	5jkmd4de
s8272	24jr4da	81821033-8272	timeout	10.065	10.003	-1	24jr4da
s2902	4jm2da	81821033-2902	timeout	10.002	10.000	-1	4jm2da
s6897	12x2xm4di	81821033-6897	ok	0.813	0.813	288	12x2xm4di
s6451	10x3m2	81821033-6451	timeout	10.003	10.002	-1	10x3m2
s8857	30jmd2	81821033-8857	timeout	10.011	10.002	-1	30jmd2
s1400	2x12xdb	81821033-1400	ok	0.419	0.418	278	2x12xdb
s3657	4x7di	81821033-3657	ok	3.724	3.724	374	4x7di
s8720	28jxm4db	81821033-8720	timeout	10.048	9.978	-1	28jxm4db
s481	2x4a	81821033-481	ok	0.001	0.001	20	2x4a
s4012	5x2xmd2da	81821033-4012	ok	0.020	0.016	31	5x2xmd2da
s4162	5x4m4da	81821033-4162	ok	2.683	2.681	176	5x4m4da
s7831	19jx	81821033-7831	timeout	10.004	10.003	-1	19jx
s364	2x3kmd2da	81821033-364	ok	0.297	0.297	0	2x3kmd2da
s1114	2x9xda	81821033-1114	ok	1.354	1.353	136	2x9xda
s8038	21jxm2da	81821033-8038	timeout	10.002	10.000	-1	21jxm2da
s8603	27jxde	81821033-8603	timeout	10.071	9.996	-1	27jxde
s8745	29jdi	81821033-8745	timeout	10.006	9.997	-1	29jdi
s4789	6x3xmd4	81821033-4789	ok	0.012	0.012	154	6x3xmd4
s8754	29jr4du	81821033-8754	timeout	10.012	10.000	-1	29jr4du
s7940	20jxm2db	81821033-7940	timeout	10.004	10.002	-1	20jxm2db
s4275	5x5xadi	81821033-4275	timeout	10.092	10.016	-1	5x5xadi
s6852	12x2m4du	81821033-6852	timeout	10.023	10.001	-1	12x2m4du
s1079	2x9m2de	81821033-1079	ok	1.257	1.256	146	2x9m2de
s4144	5x4r4da	81821033-4144	ok	1.836	1.834	180	5x4r4da
s5378	7x4adb	81821033-5378	ok	1.856	1.856	344	7x4adb
s5241	7x2xdi	81821033-5241	ok	0.048	0.048	72	7x2xdi
s8590	27jm8da	81821033-8590	timeout	10.004	10.001	-1	27jm8da
s4582	6jxkm2da	81821033-4582	ok	1.548	1.548	0	6jxkm2da
s1801	3jkmd2	81821033-1801	ok	0.000	0.000	0	3jkmd2
s7001	13jxmd4de	81821033-7001	timeout	10.076	10.009	-1	13jxmd4de
s5290	7x3da	81821033-5290	ok	7.536	7.525	194	7x3da
s2047	3x3m4	81821033-2047	ok	0.001	0.000	32	3x3m4
s4990	6x5xm8da	81821033-4990	timeout	10.002	10.000	-1	6x5xm8da
s7913	20jmd4de	81821033-7913	timeout	10.003	10.000	-1	20jmd4de
s2486	3x6xmd4db	81821033-2486	ok	0.040	0.040	140	3x6xmd4db
s4938	6x5md4du	81821033-4938	timeout	10.010	10.001	-1	6x5md4du
s8676	28jm4du	81821033-8676	timeout	10.068	9.997	-1	28jm4du
s5658	8jxkmd4du	81821033-5658	timeout	10.004	10.002	-1	8jxkmd4du
s6292	10jxada	81821033-6292	ok	6.397	6.396	22	10jxada
s827	2x6xde	81821033-827	ok	0.206	0.206	50	2x6xde
s7493	16jade	81821033-7493	timeout	10.012	10.006	-1	16jade
s2764	3x9xmd2da	81821033-2764	timeout	10.076	10.001	-1	3x9xmd2da
s7226	14x2md2db	81821033-7226	ok	0.899	0.895	414	14x2md2db
s4205	5x4xmd2de	81821033-4205	ok	5.641	5.641	167	5x4xmd2de
s7148	14jm8db	81821033-7148	timeout	10.004	10.002	-1	14jm8db
s5831	8x3xm2de	81821033-5831	timeout	10.008	10.001	-1	8x3xm2de
s7297	15ja	81821033-7297	timeout	10.064	9.997	-1	15ja
s8819	29jxm4de	81821033-8819	timeout	10.003	10.001	-1	29jxm4de
s4393	5x6xmd2	81821033-4393	timeout	10.004	10.002	-1	5x6xmd2
s6768	12jm8du	81821033-6768	ok	0.471	0.471	52	12jm8du
s4208	5x4xm4db	81821033-4208	ok	0.062	0.062	172	5x4xm4db
s3770	5jmd2db	81821033-3770	ok	0.001	0.001	6	5jmd2db
s4530	6jxr4du	81821033-4530	ok	0.250	0.249	8	6jxr4du
s6401	10x2xr4de	81821033-6401	ok	2.364	2.364	180	10x2xr4de
s6948	13jm4du	81821033-6948	timeout	10.004	9.998	-1	13jm4du
s823	2x6x	81821033-823	ok	0.004	0.003	50	2x6x
s4455	6jmd4di	81821033-4455	ok	0.004	0.004	10	6jmd4di
s7512	16jm2du	81821033-7512	timeout	10.044	9.968	-1	16jm2du
s2046	3x3md2du	81821033-2046	ok	0.076	0.076	26	3x3md2du
s624	2x4xm8du	81821033-624	ok	0.125	0.124	20	2x4xm8du
s254	2x2xkr4db	81821033-254	ok	0.000	0.000	0	2x2xkr4db
s8667	28jmd2di	81821033-8667	timeout	10.004	9.999	-1	28jmd2di
s5810	8x3xadb	81821033-5810	ok	1.072	1.066	234	8x3xadb
s3035	4jxkde	81821033-3035	ok	0.065	0.064	0	4jxkde
s7301	15jade	81821033-7301	timeout	10.003	10.001	-1	15jade
s3898	5jxkda	81821033-3898	ok	2.135	2.134	0	5jxkda
s5476	8jada	81821033-5476	ok	0.024	0.024	14	8jada
s4236	5x5du	81821033-4236	timeout	10.008	10.003	-1	5x5du
s1437	2x12xm8di	81821033-1437	ok	0.175	0.175	304	2x12xm8di
s3438	4x4xmd2du	81821033-3438	timeout	10.008	10.002	-1	4x4xmd2du
s6869	12x2xade	81821033-6869	timeout	10.085	10.005	-1	12x2xade
s7207	14x2	81821033-7207	ok	0.246	0.242	420	14x2
s7427	15x2m4de	81821033-7427	timeout	10.004	10.002	-1	15x2m4de
s8779	29jm8	81821033-8779	timeout	10.021	10.004	-1	29jm8
s6428	10x2xm8db	81821033-6428	ok	0.034	0.034	184	10x2xm8db
s7069	13x2xr4	81821033-7069	ok	2.125	2.124	372	13x2xr4
s4485	6jkm2di	81821033-4485	ok	0.034	0.034	0	6jkm2di
s841	2x6xmd2	81821033-841	ok	0.002	0.002	53	2x6xmd2
s2374	3x5xm2da	81821033-2374	ok	0.526	0.526	80	3x5xm2da
s4707	6x3adi	81821033-4707	ok	0.652	0.651	118	6x3adi
s6896	12x2xm4db	81821033-6896	ok	0.198	0.198	296	12x2xm4db
s3456	4x4xm8du	81821033-3456	timeout	10.004	9.999	-1	4x4xm8du
s6017	9jxkr4de	81821033-6017	timeout	10.086	10.027	-1	9jxkr4de
s2543	3x7m8de	81821033-2543	ok	3.398	3.396	220	3x7m8de
s6187	9x3m8	81821033-6187	ok	2.986	2.984	412	9x3m8
s8648	28jdb	81821033-8648	timeout	10.002	10.001	-1	28jdb
s6273	10jm4di	81821033-6273	ok	0.016	0.016	32	10jm4di
s6564	11jm4du	81821033-6564	ok	0.558	0.558	34	11jm4du
s3276	4x3du	81821033-3276	ok	0.145	0.145	52	4x3du
s7724	18jm8db	81821033-7724	timeout	10.008	10.003	-1	18jm8db
s7327	15jm4	81821033-7327	timeout	10.056	9.980	-1	15jm4
s9000	31jxm2du	81821033-9000	timeout	10.005	10.000	-1	31jxm2du
s1851	3x2md2di	81821033-1851	ok	0.042	0.042	11	3x2md2di
s4744	6x3md4da	81821033-4744	ok	0.740	0.739	142	6x3md4da
s237	2x2xm8di	81821033-237	crash	0.000	0.000	-1	2x2xm8di
s1941	3x2xm2di	81821033-1941	ok	0.001	0.001	8	3x2xm2di
s3	2jadi	81821033-3	ok	0.000	0.000	1	2jadi
s7454	15x2xr4db	81821033-7454	ok	1.812	1.811	492	15x2xr4db
s1698	2x15xr4du	81821033-1698	timeout	10.008	10.000	-1	2x15xr4du
s3251	4x2xkm4de	81821033-3251	ok	0.905	0.904	0	4x2xkm4de
s152	2x2kdb	81821033-152	ok	0.000	0.000	0	2x2kdb
s7779	19jadi	81821033-7779	timeout	10.008	10.002	-1	19jadi
s2223	3x4r4di	81821033-2223	ok	0.010	0.010	56	3x4r4di
s725	2x5xade	81821033-725	ok	0.047	0.047	29	2x5xade
s8471	26jm2de	81821033-8471	timeout	10.048	9.975	-1	26jm2de
s3912	5jxkm2du	81821033-3912	ok	3.047	3.044	0	5jxkm2du
s4402	5x6xm4da	81821033-4402	timeout	10.004	10.001	-1	5x6xm4da
s865	2x7a	81821033-865	ok	0.009	0.009	83	2x7a
s1914	3x2kmd4du	81821033-1914	ok	0.032	0.032	0	3x2kmd4du
s2345	3x5md4de	81821033-2345	ok	0.338	0.338	88	3x5md4de
s6220	9x3xmd2da	81821033-6220	timeout	10.002	9.998	-1	9x3xmd2da
s4586	6jxkmd2db	81821033-4586	ok	0.220	0.220	0	6jxkmd2db
s3925	5jxkmd4	81821033-3925	ok	0.001	0.001	0	5jxkmd4
s6448	10x3r4da	81821033-6448	timeout	10.072	9.988	-1	10x3r4da
s9011	31jxm4de	81821033-9011	timeout	10.008	10.003	-1	31jxm4de
s6252	10jdu	81821033-6252	ok	0.180	0.180	24	10jdu
s2531	3x7m4de	81821033-2531	timeout	10.004	10.002	-1	3x7m4de
s255	2x2xkr4di	81821033-255	ok	0.000	0.000	0	2x2xkr4di
s319	2x3m4	81821033-319	ok	0.000	0.000	16	2x3m4
s1325	2x11xmd2de	81821033-1325	timeout	10.003	9.995	-1	2x11xmd2de
s2972	4jkm8db	81821033-2972	ok	0.203	0.203	0	4jkm8db
s6438	10x3adu	81821033-6438	timeout	10.084	10.007	-1	10x3adu
s6709	11x2xmd4	81821033-6709	ok	0.041	0.040	244	11x2xmd4
s828	2x6xdu	81821033-828	ok	0.935	0.930	46	2x6xdu
s7487	15x2xm8de	81821033-7487	timeout	10.004	10.003	-1	15x2xm8de
s5889	9jm4di	81821033-5889	ok	0.017	0.017	24	9jm4di
s7988	21jm2db	81821033-7988	timeout	10.003	10.002	-1	21jm2db
s4333	5x6r4	81821033-4333	timeout	10.004	10.000	-1	5x6r4
s769	2x6a	81821033-769	ok	0.003	0.003	56	2x6a
s538	2x4kda	81821033-538	ok	0.007	0.006	0	2x4kda
s1144	2x9xmd4da	81821033-1144	ok	0.650	0.649	138	2x9xmd4da
s7312	15jr4da	81821033-7312	timeout	10.024	9.956	-1	15jr4da
s2141	3x3xmd2de	81821033-2141	ok	0.014	0.014	24	3x3xmd2de
s4589	6jxkmd2de	81821033-4589	timeout	10.003	10.002	-1	6jxkmd2de
s1423	2x12xm4	81821033-1423	ok	0.056	0.056	308	2x12xm4
s3174	4x2xadu	81821033-3174	ok	0.080	0.080	13	4x2xadu
s4797	6x3xm8di	81821033-4797	ok	0.083	0.083	140	6x3xm8di
s7453	15x2xr4	81821033-7453	ok	1.986	1.985	516	15x2xr4
s4503	6jkmd4di	81821033-4503	ok	0.002	0.001	0	6jkmd4di
s1239	2x10xmd4di	81821033-1239	ok	0.236	0.236	178	2x10xmd4di
s6641	11x2r4de	81821033-6641	ok	3.232	3.232	252	11x2r4de
s1118	2x9xr4db	81821033-1118	ok	0.029	0.029	148	2x9xr4db
s5373	7x3xm8di	81821033-5373	ok	0.326	0.326	200	7x3xm8di
s7807	19jm4	81821033-7807	timeout	10.006	10.001	-1	19jm4
s4259	5x5m4de	81821033-4259	timeout	10.002	10.000	-1	5x5m4de
s1523	2x13xm4de	81821033-1523	timeout	10.054	9.981	-1	2x13xm4de
s1917	3x2km8di	81821033-1917	ok	0.070	0.070	0	3x2km8di
s7264	14x2xr4da	81821033-7264	timeout	9.996	9.996	-1	14x2xr4da
s7668	17jxm4du	81821033-7668	timeout	10.008	10.003	-1	17jxm4du
s4318	5x5xm8da	81821033-4318	timeout	10.004	10.002	-1	5x5xm8da
s3909	5jxkm2di	81821033-3909	ok	0.052	0.052	0	5jxkm2di
s4811	6x4de	81821033-4811	timeout	10.082	10.010	-1	6x4de
s1185	2x10m4di	81821033-1185	ok	0.102	0.102	200	2x10m4di
s6957	13jm8di	81821033-6957	ok	3.041	3.040	57	13jm8di
s6212	9x3xm2db	81821033-6212	ok	1.163	1.162	327	9x3xm2db
s5032	7jmd4da	81821033-5032	ok	0.093	0.093	12	7jmd4da
s2595	3x8adi	81821033-2595	ok	3.784	3.751	248	3x8adi
s1593	2x14xdi	81821033-1593	ok	2.890	2.888	396	2x14xdi
s7610	17jmd2db	81821033-7610	timeout	10.004	10.003	-1	17jmd2db
s1982	3x2xkr4db	81821033-1982	ok	0.011	0.011	0	3x2xkr4db
s1340	2x11xm8db	81821033-1340	ok	0.054	0.054	240	2x11xm8db
s8726	28jxmd4db	81821033-8726	timeout	10.003	10.001	-1	28jxmd4db
s1391	2x12m8de	81821033-1391	ok	6.722	6.722	312	2x12m8de
s2868	3x10xm4du	81821033-2868	timeout	10.077	10.001	-1	3x10xm4du
s3713	4x7xr4de	81821033-3713	timeout	10.008	10.003	-1	4x7xr4de
s5592	8jxm2du	81821033-5592	ok	0.138	0.138	8	8jxm2du
s6580	11jxada	81821033-6580	timeout	10.004	10.002	-1	11jxada
s1004	2x8m8db	81821033-1004	ok	0.006	0.006	128	2x8m8db
s4595	6jxkm4de	81821033-4595	ok	5.050	5.015	0	6jxkm4de
s1695	2x15xr4di	81821033-1695	ok	3.518	3.486	480	2x15xr4di
s3785	5jmd4de	81821033-3785	ok	0.001	0.001	6	5jmd4de
s6001	9jxka	81821033-6001	ok	0.932	0.926	0	9jxka
s2698	3x9da	81821033-2698	timeout	10.004	10.003	-1	3x9da
s3519	4x5xr4di	81821033-3519	ok	0.451	0.449	172	4x5xr4di
s2238	3x4md2du	81821033-2238	ok	0.496	0.496	54	3x4md2du
s8423	25jxm2de	81821033-8423	timeout	10.002	9.996	-1	25jxm2de
s710	2x5md4db	81821033-710	ok	0.001	0.001	42	2x5md4db
s2740	3x9xada	81821033-2740	timeout	10.001	9.999	-1	3x9xada
s4179	5x4xadi	81821033-4179	ok	1.819	1.819	138	5x4xadi
s7203	14x2adi	81821033-7203	ok	7.075	7.070	384	14x2adi
s5284	7x3ada	81821033-5284	timeout	10.072	10.021	-1	7x3ada
s8807	29jxm2de	81821033-8807	timeout	10.020	10.010	-1	29jxm2de
s7511	16jm2de	81821033-7511	timeout	10.028	9.997	-1	16jm2de
s6918	13jadu	81821033-6918	timeout	10.004	9.999	-1	13jadu
s339	2x3kadi	81821033-339	ok	0.105	0.105	0	2x3kadi
s4122	5x3xmd4du	81821033-4122	timeout	10.088	10.011	-1	5x3xmd4du
s5304	7x3m2du	81821033-5304	timeout	10.004	10.001	-1	7x3m2du
s6943	13jm4	81821033-6943	timeout	10.004	10.001	-1	13jm4
s5442	7x4xr4du	81821033-5442	timeout	10.007	10.001	-1	7x4xr4du
s282	2x2xkmd4du	81821033-282	ok	0.000	0.000	0	2x2xkmd4du
s5361	7x3xm4di	81821033-5361	ok	0.236	0.236	202	7x3xm4di
s8808	29jxm2du	81821033-8808	timeout	10.032	9.960	-1	29jxm2du
s8308	24jxada	81821033-8308	timeout	10.004	10.002	-1	24jxada
s3236	4x2xkm2db	81821033-3236	ok	0.003	0.003	0	4x2xkm2db
s5182	7jxkm8da	81821033-5182	ok	0.503	0.503	0	7jxkm8da
s835	2x6xm2	81821033-835	ok	0.002	0.002	54	2x6xm2
s2398	3x5xm8da	81821033-2398	ok	0.108	0.108	88	3x5xm8da
s7400	15x2db	81821033-7400	ok	1.461	1.452	486	15x2db
s3741	4x7xm8di	81821033-3741	ok	3.498	3.472	384	4x7xm8di
s3660	4x7du	81821033-3660	timeout	10.004	10.003	-1	4x7du
s7676	17jxm8db	81821033-7676	timeout	10.003	9.999	-1	17jxm8db
s2968	4jkmd4da	81821033-2968	ok	0.358	0.357	0	4jkmd4da
s3957	5x2m2di	81821033-3957	ok	0.008	0.008	38	5x2m2di
s8854	30jm2da	81821033-8854	timeout	10.003	10.002	-1	30jm2da
s3004	4jxmd2da	81821033-3004	timeout	10.069	10.012	-1	4jxmd2da
s8770	29jm4da	81821033-8770	timeout	10.016	10.000	-1	29jm4da
s7101	13x2xm8di	81821033-7101	ok	0.317	0.316	368	13x2xm8di
s2269	3x4xr4	81821033-2269	ok	0.002	0.001	56	3x4xr4
s1169	2x10r4de	81821033-1169	ok	1.706	1.692	204	2x10r4de
s4071	5x3md4di	81821033-4071	ok	0.084	0.084	96	5x3md4di
s5281	7x3a	81821033-5281	ok	0.119	0.119	187	7x3a
s7632	17jm8du	81821033-7632	timeout	10.006	10.000	-1	17jm8du
s446	2x3xkr4db	81821033-446	ok	0.004	0.004	0	2x3xkr4db
s8568	27jm2du	81821033-8568	timeout	10.004	10.003	-1	27jm2du
s8007	21jmd4di	81821033-8007	timeout	10.060	9.991	-1	21jmd4di
s8739	29jadi	81821033-8739	timeout	10.004	10.002	-1	29jadi
s3238	4x2xkm2da	81821033-3238	ok	0.048	0.048	0	4x2xkm2da
s6355	10x2m2	81821033-6355	ok	0.045	0.044	196	10x2m2
s3463	4x5	81821033-3463	ok	0.041	0.041	184	4x5
s5913	9jkdi	81821033-5913	ok	0.003	0.003	0	9jkdi
s3734	4x7xmd4db	81821033-3734	timeout	10.003	9.998	-1	4x7xmd4db
s6170	9x3md2db	81821033-6170	timeout	10.004	10.002	-1	9x3md2db
s3413	4x4xade	81821033-3413	ok	3.639	3.638	86	4x4xade
s5429	7x4xade	81821033-5429	timeout	10.056	9.991	-1	7x4xade
s4003	5x2xm2	81821033-4003	ok	0.001	0.001	36	5x2xm2
s8325	24jxm2di	81821033-8325	timeout	10.008	10.000	-1	24jxm2di
s3206	4x2xmd4db	81821033-3206	ok	0.001	0.001	18	4x2xmd4db
s1566	2x14md2du	81821033-1566	timeout	10.004	9.999	-1	2x14md2du
s5892	9jm4du	81821033-5892	ok	0.138	0.138	20	9jm4du
s2324	3x5m2db	81821033-2324	ok	0.016	0.016	93	3x5m2db
s3211	4x2xm8	81821033-3211	ok	0.000	0.000	28	4x2xm8
s9001	31jxmd2	81821033-9001	timeout	10.048	9.978	-1	31jxmd2
s5045	7jkade	81821033-5045	ok	0.858	0.857	0	7jkade
s578	2x4xadb	81821033-578	ok	0.001	0.001	14	2x4xadb
s6415	10x2xm4	81821033-6415	ok	0.021	0.021	208	10x2xm4
s1097	2x9md4de	81821033-1097	ok	0.708	0.703	156	2x9md4de
s571	2x4km8	81821033-571	ok	0.002	0.002	0	2x4km8
s1131	2x9xmd2di	81821033-1131	ok	0.194	0.183	127	2x9xmd2di
s3033	4jxkdi	81821033-3033	ok	0.005	0.005	0	4jxkdi
s8734	28jxm8da	81821033-8734	timeout	10.027	10.000	-1	28jxm8da
s1335	2x11xmd4di	81821033-1335	ok	0.420	0.420	230	2x11xmd4di
s8855	30jm2de	81821033-8855	timeout	10.003	9.999	-1	30jm2de
s7712	18jm4db	81821033-7712	timeout	10.005	10.000	-1	18jm4db
s1908	3x2km4du	81821033-1908	ok	0.017	0.017	0	3x2km4du
s7026	13x2r4du	81821033-7026	timeout	10.074	10.001	-1	13x2r4du
s2514	3x7r4du	81821033-2514	timeout	10.007	10.004	-1	3x7r4du
s8239	23jxm4	81821033-8239	timeout	10.008	10.003	-1	23jxm4
s8100	22jm4du	81821033-8100	timeout	10.002	9.999	-1	22jm4du
s6464	10x3m4db	81821033-6464	timeout	10.092	10.014	-1	10x3m4db
s7034	13x2md2db	81821033-7034	ok	0.542	0.540	347	13x2md2db
s174	2x2kmd2du	81821033-174	ok	0.000	0.000	0	2x2kmd2du
s8685	28jm8di	81821033-8685	timeout	10.004	10.001	-1	28jm8di
s7497	16jdi	81821033-7497	timeout	10.008	10.003	-1	16jdi
s7459	15x2xm2	81821033-7459	ok	0.474	0.474	494	15x2xm2
s803	2x6m4de	81821033-803	ok	0.031	0.031	64	2x6m4de
s1279	2x11m4	81821033-1279	ok	0.035	0.035	268	2x11m4
s7529	16jmd4de	81821033-7529	timeout	10.004	10.002	-1	16jmd4de
s7287	14x2xmd4di	81821033-7287	ok	2.812	2.811	398	14x2xmd4di
s369	2x3km4di	81821033-369	ok	0.067	0.067	0	2x3km4di
s6304	10jxr4da	81821033-6304	ok	9.081	9.012	24	10jxr4da
s6673	11x2xa	81821033-6673	ok	0.455	0.455	212	11x2xa
s5089	7jxa	81821033-5089	ok	0.003	0.003	11	7jxa
s7399	15x2	81821033-7399	ok	0.341	0.339	502	15x2
s8893	30jxr4	81821033-8893	timeout	10.004	10.002	-1	30jxr4
s3790	5jm8da	81821033-3790	ok	3.354	3.352	5	5jm8da
s3467	4x5de	81821033-3467	ok	4.972	4.933	172	4x5de
s3117	4x2m8di	81821033-3117	ok	0.009	0.009	24	4x2m8di
s6497	10x3xr4de	81821033-6497	timeout	10.004	10.003	-1	10x3xr4de
s3856	5jxr4da	81821033-3856	ok	0.008	0.008	4	5jxr4da
s7614	17jmd2du	81821033-7614	timeout	10.024	10.001	-1	17jmd2du
s1540	2x14ada	81821033-1540	timeout	10.003	9.998	-1	2x14ada
s2660	3x8xm2db	81821033-2660	ok	0.531	0.531	250	3x8xm2db
s4011	5x2xmd2di	81821033-4011	ok	0.021	0.021	31	5x2xmd2di
s7122	14jr4du	81821033-7122	timeout	10.060	9.984	-1	14jr4du
s1170	2x10r4du	81821033-1170	timeout	10.019	9.996	-1	2x10r4du
s2828	3x10m8db	81821033-2828	timeout	10.008	10.001	-1	3x10m8db
s8514	26jxr4du	81821033-8514	timeout	10.003	9.997	-1	26jxr4du
s1771	3jm8	81821033-1771	ok	0.000	0.000	4	3jm8
s3601	4x6xa	81821033-3601	ok	0.290	0.290	247	4x6xa
s6358	10x2m2da	81821033-6358	ok	1.902	1.902	194	10x2m2da
s8247	23jxmd4di	81821033-8247	timeout	10.044	9.978	-1	23jxmd4di
s1221	2x10xm2di	81821033-1221	ok	0.301	0.301	170	2x10xm2di
s1130	2x9xmd2db	81821033-1130	ok	0.169	0.169	132	2x9xmd2db
s5069	7jkmd2de	81821033-5069	ok	3.600	3.570	0	7jkmd2de
s7139	14jm4de	81821033-7139	timeout	10.004	10.000	-1	14jm4de
s720	2x5m8du	81821033-720	ok	5.233	5.230	36	2x5m8du
s646	2x4xkm2da	81821033-646	ok	0.016	0.016	0	2x4xkm2da
s738	2x5xr4du	81821033-738	ok	1.110	1.110	28	2x5xr4du
s2414	3x6r4db	81821033-2414	ok	0.023	0.023	148	3x6r4db
s5096	7jxdb	81821033-5096	ok	0.009	0.009	10	7jxdb
s6521	10x3xmd4de	81821033-6521	timeout	10.003	10.001	-1	10x3xmd4de
s2123	3x3xde	81821033-2123	ok	0.028	0.028	22	3x3xde
s4840	6x4md4da	81821033-4840	timeout	10.043	9.983	-1	6x4md4da
s1366	2x12m2da	81821033-1366	timeout	10.004	9.998	-1	2x12m2da
s8472	26jm2du	81821033-8472	timeout	10.002	9.999	-1	26jm2du
s5635	8jxkm2	81821033-5635	ok	0.191	0.191	0	8jxkm2
s3822	5jkmd2du	81821033-3822	ok	0.005	0.005	0	5jkmd2du
s3064	4jxkmd4da	81821033-3064	ok	1.089	1.088	0	4jxkmd4da
s1405	2x12xr4	81821033-1405	ok	0.094	0.094	316	2x12xr4
s5851	8x3xm8	81821033-5851	ok	0.037	0.037	312	8x3xm8
s685	2x5r4	81821033-685	ok	0.001	0.001	40	2x5r4
s6785	12jxr4de	81821033-6785	timeout	10.003	10.001	-1	12jxr4de
s8078	22jr4db	81821033-8078	timeout	10.088	10.006	-1	22jr4db
s4661	6x2xade	81821033-4661	ok	0.259	0.258	43	6x2xade
s4865	6x4xr4de	81821033-4865	timeout	10.006	10.001	-1	6x4xr4de
s1410	2x12xr4du	81821033-1410	timeout	10.004	10.002	-1	2x12xr4du
s8908	30jxmd2da	81821033-8908	timeout	10.004	10.002	-1	30jxmd2da
s1897	3x2kmd2	81821033-1897	ok	0.001	0.000	0	3x2kmd2
s2796	3x10du	81821033-2796	timeout	10.064	9.995	-1	3x10du
s678	2x5adu	81821033-678	ok	0.115	0.115	33	2x5adu
s7086	13x2xmd2du	81821033-7086	timeout	10.008	10.003	-1	13x2xmd2du
s8979	31jxadi	81821033-8979	timeout	10.004	10.001	-1	31jxadi
s889	2x7md2	81821033-889	ok	0.006	0.006	89	2x7md2
s1137	2x9xm4di	81821033-1137	ok	0.132	0.132	144	2x9xm4di
s3281	4x3r4de	81821033-3281	ok	0.023	0.023	60	4x3r4de
s3585	4x6m4di	81821033-3585	ok	0.788	0.787	284	4x6m4di
s2768	3x9xm4db	81821033-2768	ok	4.095	4.060	358	3x9xm4db
s3365	4x4ade	81821033-3365	ok	1.960	1.959	92	4x4ade
s3051	4jxkmd2di	81821033-3051	ok	0.118	0.118	0	4jxkmd2di
s6769	12jxa	81821033-6769	timeout	10.003	10.000	-1	12jxa
s1918	3x2km8da	81821033-1918	ok	0.306	0.305	0	3x2km8da
s1527	2x13xmd4di	81821033-1527	ok	0.737	0.737	346	2x13xmd4di
s5629	8jxkr4	81821033-5629	ok	0.158	0.158	0	8jxkr4
s1977	3x2xkdi	81821033-1977	ok	0.044	0.044	0	3x2xkdi
s3105	4x2m4di	81821033-3105	ok	0.010	0.010	24	4x2m4di
s7541	16jxade	81821033-7541	timeout	10.004	10.000	-1	16jxade
s8386	25jm4da	81821033-8386	timeout	10.049	9.968	-1	25jm4da
s8619	27jxmd2di	81821033-8619	timeout	10.001	9.999	-1	27jxmd2di
s2735	3x9m8de	81821033-2735	timeout	10.004	10.000	-1	3x9m8de
s4107	5x3xmd2di	81821033-4107	ok	0.136	0.136	80	5x3xmd2di
s2481	3x6xm4di	81821033-2481	ok	0.081	0.081	144	3x6xm4di
s5530	8jkda	81821033-5530	ok	0.088	0.088	0	8jkda
s4891	6x4xm8	81821033-4891	ok	0.038	0.038	304	6x4xm8
s1494	2x13xadu	81821033-1494	timeout	10.008	10.004	-1	2x13xadu
s83	2jkm4de	81821033-83	timeout	10.060	10.003	-1	2jkm4de
s3339	4x3xmd2di	81821033-3339	ok	0.018	0.018	43	4x3xmd2di
s8584	27jmd4da	81821033-8584	timeout	10.004	9.999	-1	27jmd4da
s216	2x2xm2du	81821033-216	ok	0.000	0.000	6	2x2xm2du
s2070	3x3kadu	81821033-2070	ok	0.464	0.459	0	3x3kadu
s85	2jkmd4	81821033-85	timeout	10.004	9.997	-1	2jkmd4
s1478	2x13md4db	81821033-1478	ok	0.310	0.309	362	2x13md4db
s5254	7x2xm2da	81821033-5254	ok	0.073	0.073	74	7x2xm2da
s6736	12jr4da	81821033-6736	ok	5.251	5.247	48	12jr4da
s2330	3x5md2db	81821033-2330	ok	0.016	0.016	86	3x5md2db
s3154	4x2km4da	81821033-3154	ok	0.009	0.009	0	4x2km4da
s6532	11jada	81821033-6532	ok	0.236	0.236	27	11jada
s3229	4x2xkr4	81821033-3229	ok	0.000	0.000	0	4x2xkr4
s6483	10x3xadi	81821033-6483	timeout	10.004	10.002	-1	10x3xadi
s2652	3x8xdu	81821033-2652	timeout	10.066	9.998	-1	3x8xdu
s3060	4jxkm4du	81821033-3060	ok	0.045	0.044	0	4jxkm4du
s5542	8jkm2da	81821033-5542	ok	0.653	0.651	0	8jkm2da
s5923	9jkm2	81821033-5923	ok	0.105	0.104	0	9jkm2
s2913	4jm4di	81821033-2913	ok	0.010	0.010	4	4jm4di
s987	2x8md2di	81821033-987	ok	0.070	0.069	116	2x8md2di
s7503	16jr4di	81821033-7503	timeout	10.001	9.998	-1	16jr4di
s1134	2x9xmd2du	81821033-1134	timeout	10.026	10.001	-1	2x9xmd2du
s5613	8jxm8di	81821033-5613	ok	0.184	0.183	16	8jxm8di
s4417	6ja	81821033-4417	ok	0.001	0.001	7	6ja
s1472	2x13m4db	81821033-1472	ok	0.846	0.845	372	2x13m4db
s7637	17jxade	81821033-7637	timeout	10.004	10.003	-1	17jxade
s4608	6jxkm8du	81821033-4608	ok	3.838	3.838	0	6jxkm8du
s735	2x5xr4di	81821033-735	ok	0.014	0.014	32	2x5xr4di
s923	2x7xde	81821033-923	ok	0.473	0.473	70	2x7xde
s1396	2x12xada	81821033-1396	timeout	10.108	10.032	-1	2x12xada
s6043	9jxkm8	81821033-6043	ok	0.130	0.129	0	9jxkm8
s4390	5x6xm2da	81821033-4390	timeout	10.004	10.001	-1	5x6xm2da
s6019	9jxkm2	81821033-6019	ok	1.065	1.065	0	9jxkm2
s6192	9x3m8du	81821033-6192	timeout	10.001	9.994	-1	9x3m8du
s6509	10x3xmd2de	81821033-6509	timeout	10.006	10.001	-1	10x3xmd2de
s2227	3x4m2	81821033-2227	ok	0.002	0.002	58	3x4m2
s980	2x8m2db	81821033-980	ok	0.025	0.025	114	2x8m2db
s2941	4jkr4	81821033-2941	ok	0.000	0.000	0	4jkr4
s8036	21jxm2db	81821033-8036	timeout	10.062	9.994	-1	21jxm2db
s5391	7x4r4di	81821033-5391	ok	1.902	1.902	396	7x4r4di
s7950	20jxmd2du	81821033-7950	timeout	10.002	10.000	-1	20jxmd2du
s4230	5x5adu	81821033-4230	timeout	10.004	9.998	-1	5x5adu
s7853	19jxmd2de	81821033-7853	timeout	10.092	10.011	-1	19jxmd2de
s7549	16jxr4	81821033-7549	timeout	10.002	10.000	-1	16jxr4
s810	2x6md4du	81821033-810	ok	0.260	0.260	56	2x6md4du
s3222	4x2xkadu	81821033-3222	ok	0.105	0.105	0	4x2xkadu
s1368	2x12m2du	81821033-1368	timeout	10.004	10.002	-1	2x12m2du
s6814	12jxm8da	81821033-6814	timeout	10.016	10.007	-1	12jxm8da
s798	2x6md2du	81821033-798	ok	0.317	0.317	55	2x6md2du
s4786	6x3xm4da	81821033-4786	ok	1.029	1.028	136	6x3xm4da
s4494	6jkmd2du	81821033-4494	ok	0.037	0.037	0	6jkmd2du
s6496	10x3xr4da	81821033-6496	timeout	10.128	10.032	-1	10x3xr4da
s8185	23jmd2	81821033-8185	timeout	10.003	10.002	-1	23jmd2
s1526	2x13xmd4db	81821033-1526	ok	0.381	0.381	346	2x13xmd4db
s3672	4x7m2du	81821033-3672	timeout	10.008	9.995	-1	4x7m2du
s1001	2x8md4de	81821033-1001	ok	0.918	0.917	122	2x8md4de
s4913	6x5r4de	81821033-4913	timeout	10.004	9.996	-1	6x5r4de
s6910	12x2xm8da	81821033-6910	ok	7.574	7.570	292	12x2xm8da
s8945	31jr4de	81821033-8945	timeout	10.064	9.988	-1	31jr4de
s3053	4jxkmd2de	81821033-3053	ok	0.068	0.068	0	4jxkmd2de
s3362	4x4adb	81821033-3362	ok	0.055	0.055	93	4x4adb
s854	2x6xmd4db	81821033-854	ok	0.003	0.003	52	2x6xmd4db
s2256	3x4m8du	81821033-2256	ok	0.389	0.385	56	3x4m8du
s454	2x3xkm2da	81821033-454	ok	0.113	0.112	0	2x3xkm2da
s5864	9jdb	81821033-5864	ok	0.005	0.005	25	9jdb
s8074	22jda	81821033-8074	timeout	10.001	9.999	-1	22jda
s1891	3x2km2	81821033-1891	ok	0.001	0.001	0	3x2km2
s5155	7jxkm2	81821033-5155	ok	0.005	0.005	0	7jxkm2
s2483	3x6xm4de	81821033-2483	ok	9.911	9.905	132	3x6xm4de
s3752	5jdb	81821033-3752	ok	0.000	0.000	6	5jdb
s7010	13x2adb	81821033-7010	ok	1.642	1.642	331	13x2adb
s4462	6jm8da	81821033-4462	ok	0.004	0.004	8	6jm8da
s236	2x2xm8db	81821033-236	ok	0.000	0.000	8	2x2xm8db
s620	2x4xm8db	81821033-620	ok	0.001	0.001	20	2x4xm8db
s6485	10x3xade	81821033-6485	timeout	10.008	10.003	-1	10x3xade
s8990	31jxr4db	81821033-8990	timeout	10.062	9.984	-1	31jxr4db
s6958	13jm8da	81821033-6958	timeout	9.998	9.997	-1	13jm8da
s7413	15x2m2di	81821033-7413	ok	4.450	4.447	488	15x2m2di
s5028	7jm4du	81821033-5028	ok	0.004	0.004	12	7jm4du
s6916	13jada	81821033-6916	ok	4.222	4.218	47	13jada
s6864	12x2m8du	81821033-6864	timeout	10.081	10.027	-1	12x2m8du
s8497	26jxa	81821033-8497	timeout	10.004	10.003	-1	26jxa
s6329	10jxmd4de	81821033-6329	timeout	10.002	9.999	-1	10jxmd4de
s422	2x3xmd4db	81821033-422	ok	0.001	0.001	8	2x3xmd4db
s8962	31jm4da	81821033-8962	timeout	10.006	9.989	-1	31jm4da
s4860	6x4xdu	81821033-4860	timeout	10.084	10.020	-1	6x4xdu
s3807	5jkr4di	81821033-3807	ok	0.082	0.082	0	5jkr4di
s5060	7jkm2db	81821033-5060	ok	0.001	0.001	0	7jkm2db
s3631	4x6xm4	81821033-3631	ok	0.110	0.110	300	4x6xm4
s721	2x5xa	81821033-721	ok	0.002	0.002	30	2x5xa
s5687	8x2m2de	81821033-5687	ok	0.798	0.793	110	8x2m2de
s2204	3x3xkm8db	81821033-2204	ok	0.003	0.002	0	3x3xkm8db
s296	2x3db	81821033-296	ok	0.001	0.001	12	2x3db
s7567	16jxm4	81821033-7567	timeout	10.004	10.003	-1	16jxm4
s170	2x2kmd2db	81821033-170	ok	0.000	0.000	0	2x2kmd2db
s7585	17ja	81821033-7585	timeout	10.003	10.002	-1	17ja
s6386	10x2xadb	81821033-6386	ok	0.326	0.326	157	10x2xadb
s3896	5jxkdb	81821033-3896	ok	0.139	0.139	0	5jxkdb
s1937	3x2xr4de	81821033-1937	ok	0.001	0.001	8	3x2xr4de
s4920	6x5m2du	81821033-4920	timeout	10.020	10.004	-1	6x5m2du
s5077	7jkmd4	81821033-5077	ok	0.002	0.002	0	7jkmd4
s4300	5x5xmd2da	81821033-4300	timeout	10.064	9.988	-1	5x5xmd2da
s8235	23jxmd2di	81821033-8235	timeout	10.004	10.003	-1	23jxmd2di
s637	2x4xkr4	81821033-637	ok	0.000	0.000	0	2x4xkr4
s1861	3x2md4	81821033-1861	ok	0.000	0.000	12	3x2md4
s4646	6x2md4db	81821033-4646	ok	0.002	0.002	66	6x2md4db
s8931	31jadi	81821033-8931	timeout	10.001	10.000	-1	31jadi
s27	2jmd2di	81821033-27	ok	0.000	0.000	1	2jmd2di
s6669	11x2m8di	81821033-6669	ok	0.507	0.507	260	11x2m8di
s2632	3x8md4da	81821033-2632	timeout	10.005	9.995	-1	3x8md4da
s1924	3x2xada	81821033-1924	ok	0.069	0.069	7	3x2xada
s3482	4x5md2db	81821033-3482	ok	0.122	0.122	165	4x5md2db
s4497	6jkm4di	81821033-4497	ok	0.048	0.047	0	6jkm4di
s326	2x3md4db	81821033-326	ok	0.000	0.000	12	2x3md4db
s6121	9x2xmd2	81821033-6121	ok	0.019	0.019	143	9x2xmd2
s8863	30jm4	81821033-8863	timeout	10.056	9.978	-1	30jm4
s5928	9jkm2du	81821033-5928	ok	0.185	0.184	0	9jkm2du
s6925	13jr4	81821033-6925	ok	2.020	2.010	68	13jr4
s8399	25jm8de	81821033-8399	timeout	10.001	10.000	-1	25jm8de
s303	2x3r4di	81821033-303	ok	0.572	0.572	12	2x3r4di
s8723	28jxm4de	81821033-8723	timeout	10.004	10.003	-1	28jxm4de
s8733	28jxm8di	81821033-8733	timeout	10.005	9.998	-1	28jxm8di
s8728	28jxmd4da	81821033-8728	timeout	10.051	9.999	-1	28jxmd4da
s4663	6x2x	81821033-4663	ok	0.002	0.002	54	6x2x
s6018	9jxkr4du	81821033-6018	timeout	10.003	9.997	-1	9jxkr4du
s5552	8jkm4db	81821033-5552	ok	0.011	0.011	0	8jkm4db
s1274	2x11md2db	81821033-1274	ok	0.174	0.174	241	2x11md2db
s4128	5x3xm8du	81821033-4128	timeout	10.004	10.003	-1	5x3xm8du
s1124	2x9xm2db	81821033-1124	ok	0.176	0.176	136	2x9xm2db
s293	2x3ade	81821033-293	ok	0.055	0.055	12	2x3ade
s2460	3x6xdu	81821033-2460	timeout	10.048	9.999	-1	3x6xdu
s809	2x6md4de	81821033-809	ok	0.122	0.121	58	2x6md4de
s1231	2x10xm4	81821033-1231	ok	0.019	0.019	204	2x10xm4
s5513	8jmd4de	81821033-5513	ok	0.073	0.073	14	8jmd4de
s4213	5x4xmd4	81821033-4213	ok	0.019	0.019	198	5x4xmd4
s5538	8jkr4du	81821033-5538	ok	4.946	4.944	0	8jkr4du
s3160	4x2kmd4da	81821033-3160	ok	0.023	0.023	0	4x2kmd4da
s4155	5x4md2di	81821033-4155	ok	0.456	0.456	167	5x4md2di
s8757	29jm2di	81821033-8757	timeout	10.001	9.997	-1	29jm2di
s6542	11jr4db	81821033-6542	ok	0.129	0.129	44	11jr4db
s6951	13jmd4di	81821033-6951	timeout	10.006	10.002	-1	13jmd4di
s2020	3x3ada	81821033-2020	ok	0.020	0.020	24	3x3ada
s3435	4x4xmd2di	81821033-3435	ok	0.142	0.141	92	4x4xmd2di
s6754	12jm4da	81821033-6754	timeout	10.102	10.026	-1	12jm4da
s6350	10x2r4db	81821033-6350	ok	0.037	0.037	200	10x2r4db
s6338	10x2adb	81821033-6338	ok	0.249	0.248	175	10x2adb
s788	2x6m2db	81821033-788	ok	0.004	0.004	60	2x6m2db
s7220	14x2m2db	81821033-7220	ok	1.083	1.078	416	14x2m2db
s954	2x7xmd4du	81821033-954	timeout	10.003	10.001	-1	2x7xmd4du
s3492	4x5m4du	81821033-3492	timeout	10.003	9.998	-1	4x5m4du
s1760	3jm4db	81821033-1760	ok	0.000	0.000	2	3jm4db
s938	2x7xmd2db	81821033-938	ok	0.013	0.013	73	2x7xmd2db
s5296	7x3r4da	81821033-5296	ok	1.694	1.693	212	7x3r4da
s2931	4jkadi	81821033-2931	ok	0.021	0.021	0	4jkadi
s795	2x6md2di	81821033-795	ok	0.013	0.013	54	2x6md2di
s6634	11x2da	81821033-6634	ok	6.144	6.096	230	11x2da
s7568	16jxm4db	81821033-7568	timeout	10.006	10.000	-1	16jxm4db
s995	2x8m4de	81821033-995	ok	0.569	0.569	124	2x8m4de
s7222	14x2m2da	81821033-7222	timeout	10.002	10.000	-1	14x2m2da
s7791	19jr4di	81821033-7791	timeout	10.003	10.003	-1	19jr4di
s4008	5x2xm2du	81821033-4008	ok	1.261	1.260	28	5x2xm2du
s8666	28jmd2db	81821033-8666	timeout	10.086	10.011	-1	28jmd2db
s1997	3x2xkmd2de	81821033-1997	ok	0.116	0.115	0	3x2xkmd2de
s6763	12jm8	81821033-6763	ok	0.879	0.862	56	12jm8
s5978	9jxmd2db	81821033-5978	ok	0.140	0.139	19	9jxmd2db
s3049	4jxkmd2	81821033-3049	ok	0.000	0.000	0	4jxkmd2
s8318	24jxr4db	81821033-8318	timeout	10.003	9.995	-1	24jxr4db
s6556	11jmd2da	81821033-6556	ok	1.670	1.669	31	11jmd2da
s1180	2x10md2da	81821033-1180	ok	2.430	2.429	190	2x10md2da
s1038	2x8xmd2du	81821033-1038	timeout	10.020	10.004	-1	2x8xmd2du
s2862	3x10xmd2du	81821033-2862	timeout	10.003	10.000	-1	3x10xmd2du
s2498	3x7adb	81821033-2498	ok	1.194	1.194	181	3x7adb
s8035	21jxm2	81821033-8035	timeout	10.044	9.991	-1	21jxm2
s6028	9jxkmd2da	81821033-6028	ok	1.576	1.572	0	9jxkmd2da
s4566	6jxkadu	81821033-4566	timeout	10.003	9.981	-1	6jxkadu
s5203	7x2m2	81821033-5203	ok	0.005	0.004	84	7x2m2
s2444	3x6m8db	81821033-2444	ok	0.019	0.019	156	3x6m8db
s7689	18jdi	81821033-7689	timeout	10.024	10.008	-1	18jdi
s7776	18jxm8du	81821033-7776	timeout	10.002	9.996	-1	18jxm8du
s7200	14jxm8du	81821033-7200	timeout	10.015	9.997	-1	14jxm8du
s4743	6x3md4di	81821033-4743	ok	0.093	0.093	140	6x3md4di
s7012	13x2ada	81821033-7012	timeout	10.024	9.982	-1	13x2ada
s5717	8x2xade	81821033-5717	ok	3.815	3.782	88	8x2xade
s2083	3x3km2	81821033-2083	ok	0.003	0.003	0	3x3km2
s6291	10jxadi	81821033-6291	ok	0.436	0.435	18	10jxadi
s8629	27jxmd4	81821033-8629	timeout	10.004	10.003	-1	27jxmd4
s7420	15x2md2da	81821033-7420	timeout	10.004	10.001	-1	15x2md2da
s8335	24jxm4	81821033-8335	timeout	10.061	9.999	-1	24jxm4
s8212	23jxada	81821033-8212	timeout	10.016	10.001	-1	23jxada
s4149	5x4m2di	81821033-4149	ok	0.593	0.588	174	5x4m2di
s649	2x4xkmd2	81821033-649	ok	0.001	0.001	0	2x4xkmd2
s5994	9jxmd4du	81821033-5994	ok	0.403	0.402	14	9jxmd4du
s3850	5jxda	81821033-3850	ok	0.017	0.017	4	5jxda
s5161	7jxkmd2	81821033-5161	ok	0.020	0.020	0	7jxkmd2
s3071	4jxkm8de	81821033-3071	ok	0.147	0.147	0	4jxkm8de
s3769	5jmd2	81821033-3769	ok	0.000	0.000	6	5jmd2
s5659	8jxkm8	81821033-5659	ok	0.074	0.074	0	8jxkm8
s4074	5x3md4du	81821033-4074	ok	0.668	0.663	102	5x3md4du
s679	2x5	81821033-679	ok	0.001	0.001	40	2x5
s1905	3x2km4di	81821033-1905	ok	0.021	0.021	0	3x2km4di
s3871	5jxm4	81821033-3871	ok	0.001	0.001	6	5jxm4
s971	2x8de	81821033-971	ok	0.324	0.323	114	2x8de
s5256	7x2xm2du	81821033-5256	timeout	10.000	9.999	-1	7x2xm2du
s4772	6x3xm2db	81821033-4772	ok	0.049	0.049	124	6x3xm2db
s7333	15jmd4	81821033-7333	timeout	10.004	10.000	-1	15jmd4
s148	2x2kada	81821033-148	ok	0.000	0.000	0	2x2kada
s2756	3x9xm2db	81821033-2756	ok	1.576	1.576	348	3x9xm2db
s3561	4x6di	81821033-3561	ok	2.121	2.120	258	4x6di
s4244	5x5m2db	81821033-4244	ok	2.296	2.295	292	5x5m2db
s1697	2x15xr4de	81821033-1697	timeout	10.009	10.004	-1	2x15xr4de
s1048	2x8xmd4da	81821033-1048	ok	0.384	0.383	102	2x8xmd4da
s918	2x7xadu	81821033-918	timeout	10.078	10.002	-1	2x7xadu
s8453	26jade	81821033-8453	timeout	10.002	10.001	-1	26jade
s2446	3x6m8da	81821033-2446	ok	0.813	0.813	156	3x6m8da
s3277	4x3r4	81821033-3277	ok	0.001	0.001	64	4x3r4
s5398	7x4m2da	81821033-5398	timeout	10.002	9.998	-1	7x4m2da
s4551	6jxmd4di	81821033-4551	ok	0.029	0.029	8	6jxmd4di
s2877	3x10xm8di	81821033-2877	timeout	10.008	10.003	-1	3x10xm8di
s572	2x4km8db	81821033-572	ok	0.006	0.005	0	2x4km8db
s4476	6jkdu	81821033-4476	ok	0.154	0.154	0	6jkdu
s1843	3x2m2	81821033-1843	ok	0.000	0.000	12	3x2m2
s7723	18jm8	81821033-7723	timeout	10.068	9.993	-1	18jm8
s8346	24jxmd4du	81821033-8346	timeout	10.001	10.001	-1	24jxmd4du
s4405	5x6xmd4	81821033-4405	timeout	10.007	10.000	-1	5x6xmd4
s8382	25jmd2du	81821033-8382	timeout	10.004	10.001	-1	25jmd2du
s8344	24jxmd4da	81821033-8344	timeout	10.024	9.963	-1	24jxmd4da
s6585	11jxdi	81821033-6585	timeout	10.004	10.003	-1	11jxdi
s717	2x5m8di	81821033-717	ok	0.124	0.124	44	2x5m8di
s4261	5x5md4	81821033-4261	ok	1.566	1.565	338	5x5md4
s2340	3x5m4du	81821033-2340	ok	1.783	1.781	94	3x5m4du
s6984	13jxm2du	81821033-6984	timeout	10.004	10.001	-1	13jxm2du
s8848	30jr4da	81821033-8848	timeout	10.004	10.003	-1	30jr4da
s2024	3x3db	81821033-2024	ok	0.001	0.001	28	3x3db
s3047	4jxkm2de	81821033-3047	ok	0.052	0.052	0	4jxkm2de
s8469	26jm2di	81821033-8469	timeout	10.048	9.991	-1	26jm2di
s8768	29jm4db	81821033-8768	timeout	10.026	10.004	-1	29jm4db
s3016	4jxmd4da	81821033-3016	timeout	10.004	10.001	-1	4jxmd4da
s2078	3x3kr4db	81821033-2078	ok	0.007	0.007	0	3x3kr4db
s4529	6jxr4de	81821033-4529	ok	0.111	0.111	8	6jxr4de
s5669	8x2ade	81821033-5669	ok	0.844	0.843	105	8x2ade
s4063	5x3m4	81821033-4063	ok	0.004	0.004	100	5x3m4
s3976	5x2md4da	81821033-3976	ok	0.112	0.112	40	5x2md4da
s3970	5x2m4da	81821033-3970	ok	0.244	0.244	44	5x2m4da
s3334	4x3xm2da	81821033-3334	ok	0.041	0.041	44	4x3xm2da
s4793	6x3xmd4de	81821033-4793	ok	1.642	1.642	138	6x3xmd4de
s5183	7jxkm8de	81821033-5183	timeout	10.002	9.997	-1	7jxkm8de
s4184	5x4xdb	81821033-4184	ok	0.158	0.158	164	5x4xdb
s262	2x2xkm2da	81821033-262	ok	0.000	0.000	0	2x2xkm2da
s8615	27jxm2de	81821033-8615	timeout	10.104	10.037	-1	27jxm2de
s1545	2x14di	81821033-1545	ok	2.073	2.050	418	2x14di
s7080	13x2xm2du	81821033-7080	timeout	10.001	9.999	-1	13x2xm2du
s4278	5x5xadu	81821033-4278	timeout	10.001	9.998	-1	5x5xadu
s1873	3x2ka	81821033-1873	ok	0.000	0.000	0	3x2ka
s6605	11jxmd2de	81821033-6605	timeout	10.001	9.999	-1	11jxmd2de
s6016	9jxkr4da	81821033-6016	ok	0.798	0.797	0	9jxkr4da
s4832	6x4m4db	81821033-4832	ok	0.160	0.160	284	6x4m4db
s1876	3x2kada	81821033-1876	ok	0.152	0.151	0	3x2kada
s904	2x7md4da	81821033-904	ok	0.237	0.236	84	2x7md4da
s8001	21jm4di	81821033-8001	timeout	10.107	10.020	-1	21jm4di
s2276	3x4xm2db	81821033-2276	ok	0.005	0.004	46	3x4xm2db
s1558	2x14m2da	81821033-1558	timeout	10.004	10.001	-1	2x14m2da
s4035	5x3adi	81821033-4035	ok	0.128	0.128	81	5x3adi
s2068	3x3kada	81821033-2068	ok	0.050	0.050	0	3x3kada
s1823	3jkm8de	81821033-1823	ok	0.000	0.000	0	3jkm8de
s4992	6x5xm8du	81821033-4992	timeout	10.004	10.001	-1	6x5xm8du
s4655	6x2m8de	81821033-4655	ok	0.078	0.078	60	6x2m8de
s3170	4x2xadb	81821033-3170	ok	0.001	0.001	12	4x2xadb
s3801	5jkdi	81821033-3801	ok	0.083	0.082	0	5jkdi
s475	2x3xkm8	81821033-475	ok	0.000	0.000	0	2x3xkm8
s9012	31jxm4du	81821033-9012	timeout	10.001	9.998	-1	31jxm4du
s5638	8jxkm2da	81821033-5638	ok	0.654	0.654	0	8jxkm2da
s7698	18jr4du	81821033-7698	timeout	10.083	9.996	-1	18jr4du
s8832	29jxm8du	81821033-8832	timeout	10.001	10.000	-1	29jxm8du
s8489	26jmd4de	81821033-8489	timeout	10.001	9.999	-1	26jmd4de
s4120	5x3xmd4da	81821033-4120	ok	0.081	0.081	82	5x3xmd4da
s680	2x5db	81821033-680	ok	0.001	0.001	34	2x5db
s137	2x2md4de	81821033-137	crash	0.000	0.000	-1	2x2md4de
s420	2x3xm4du	81821033-420	ok	0.020	0.020	8	2x3xm4du
s6970	13jxda	81821033-6970	timeout	10.002	10.000	-1	13jxda
s2130	3x3xr4du	81821033-2130	ok	0.190	0.190	20	3x3xr4du
s5190	7x2adu	81821033-5190	ok	5.106	5.105	74	7x2adu
s2615	3x8m2de	81821033-2615	timeout	10.080	10.003	-1	3x8m2de
s8396	25jm8db	81821033-8396	timeout	10.004	10.003	-1	25jm8db
s1742	3jr4db	81821033-1742	ok	0.000	0.000	4	3jr4db
s7748	18jxm2db	81821033-7748	timeout	10.022	10.003	-1	18jxm2db
s851	2x6xm4de	81821033-851	ok	0.087	0.087	52	2x6xm4de
s3011	4jxm4de	81821033-3011	ok	0.001	0.001	4	4jxm4de
s733	2x5xr4	81821033-733	ok	0.001	0.001	40	2x5xr4
s1869	3x2m8di	81821033-1869	timeout	10.001	10.000	-1	3x2m8di
s7005	13jxm8di	81821033-7005	timeout	10.076	10.013	-1	13jxm8di
s6593	11jxr4de	81821033-6593	timeout	10.003	10.001	-1	11jxr4de
s290	2x3adb	81821033-290	ok	0.000	0.000	10	2x3adb
s7332	15jm4du	81821033-7332	timeout	10.003	9.997	-1	15jm4du
s1429	2x12xmd4	81821033-1429	ok	0.051	0.051	312	2x12xmd4
s2153	3x3xmd4de	81821033-2153	ok	0.013	0.013	24	3x3xmd4de
s7482	15x2xmd4du	81821033-7482	timeout	10.004	10.003	-1	15x2xmd4du
s1893	3x2km2di	81821033-1893	ok	0.047	0.047	0	3x2km2di
s8232	23jxm2du	81821033-8232	timeout	10.084	10.003	-1	23jxm2du
s6309	10jxm2di	81821033-6309	ok	3.201	3.199	22	10jxm2di
s4710	6x3adu	81821033-4710	timeout	10.003	10.001	-1	6x3adu
s8224	23jxr4da	81821033-8224	timeout	10.000	9.999	-1	23jxr4da
s8013	21jm8di	81821033-8013	timeout	10.084	10.020	-1	21jm8di
s6260	10jm2db	81821033-6260	ok	0.003	0.003	30	10jm2db
s8694	28jxadu	81821033-8694	timeout	10.002	9.999	-1	28jxadu
s4675	6x2xm2	81821033-4675	ok	0.002	0.002	50	6x2xm2
s2854	3x10xm2da	81821033-2854	timeout	10.004	10.000	-1	3x10xm2da
s8871	30jmd4di	81821033-8871	timeout	10.004	10.002	-1	30jmd4di
s507	2x4md2di	81821033-507	ok	0.007	0.007	20	2x4md2di
s8972	31jm8db	81821033-8972	timeout	10.045	9.966	-1	31jm8db
s7838	19jxr4db	81821033-7838	timeout	10.002	9.999	-1	19jxr4db
s4581	6jxkm2di	81821033-4581	ok	5.334	5.332	0	6jxkm2di
s7066	13x2xda	81821033-7066	timeout	10.065	10.020	-1	13x2xda
s7951	20jxm4	81821033-7951	timeout	10.012	9.991	-1	20jxm4
s5128	7jxmd4da	81821033-5128	ok	0.100	0.100	10	7jxmd4da
s5103	7jxr4di	81821033-5103	ok	0.014	0.014	12	7jxr4di
s7651	17jxm2	81821033-7651	timeout	10.004	10.000	-1	17jxm2
s7708	18jmd2da	81821033-7708	timeout	10.002	9.999	-1	18jmd2da
s333	2x3m8di	81821033-333	timeout	10.056	10.020	-1	2x3m8di
s1961	3x2xmd4de	81821033-1961	ok	0.004	0.004	8	3x2xmd4de
s1507	2x13xm2	81821033-1507	ok	0.177	0.177	350	2x13xm2
s4032	5x2xm8du	81821033-4032	ok	0.106	0.106	32	5x2xm8du
s7566	16jxmd2du	81821033-7566	timeout	10.058	10.006	-1	16jxmd2du
s8200	23jmd4da	81821033-8200	timeout	10.004	10.003	-1	23jmd4da
s2281	3x4xmd2	81821033-2281	ok	0.003	0.003	51	3x4xmd2
s4477	6jkr4	81821033-4477	ok	0.000	0.000	0	6jkr4
s1626	2x14xmd4du	81821033-1626	timeout	10.004	10.002	-1	2x14xmd4du
s8940	31jdu	81821033-8940	timeout	10.000	9.998	-1	31jdu
s3403	4x4m8	81821033-3403	ok	0.003	0.003	132	4x4m8
s5371	7x3xm8	81821033-5371	ok	0.038	0.038	232	7x3xm8
s3587	4x6m4de	81821033-3587	timeout	10.044	9.977	-1	4x6m4de
s8704	28jxr4da	81821033-8704	timeout	10.000	9.997	-1	28jxr4da
s7358	15jxr4db	81821033-7358	timeout	10.008	10.005	-1	15jxr4db
s6639	11x2r4di	81821033-6639	ok	0.778	0.778	252	11x2r4di
s4183	5x4x	81821033-4183	ok	0.036	0.035	174	5x4x
s4949	6x5xade	81821033-4949	timeout	10.003	10.000	-1	6x5xade
s5298	7x3r4du	81821033-5298	timeout	10.064	9.993	-1	7x3r4du
s843	2x6xmd2di	81821033-843	ok	0.049	0.049	47	2x6xmd2di
s8827	29jxm8	81821033-8827	timeout	10.036	10.020	-1	29jxm8
s1126	2x9xm2da	81821033-1126	ok	1.752	1.752	134	2x9xm2da
s5006	7jr4db	81821033-5006	ok	0.002	0.002	16	7jr4db
s4138	5x4da	81821033-4138	ok	2.400	2.398	172	5x4da
s8173	23jr4	81821033-8173	timeout	10.002	9.999	-1	23jr4
s2128	3x3xr4da	81821033-2128	ok	0.068	0.068	28	3x3xr4da
s6900	12x2xm4du	81821033-6900	timeout	10.088	10.024	-1	12x2xm4du
s7309	15jr4	81821033-7309	timeout	10.001	9.999	-1	15jr4
s1592	2x14xdb	81821033-1592	ok	1.132	1.128	396	2x14xdb
s5873	9jr4de	81821033-5873	ok	0.276	0.275	24	9jr4de
s2990	4jxr4db	81821033-2990	timeout	10.030	9.996	-1	4jxr4db
s3030	4jxkadu	81821033-3030	ok	0.467	0.465	0	4jxkadu
s595	2x4xm2	81821033-595	ok	0.001	0.001	20	2x4xm2
s8949	31jm2di	81821033-8949	timeout	10.003	10.001	-1	31jm2di
s2648	3x8xdb	81821033-2648	ok	0.462	0.462	248	3x8xdb
s1681	2x15xa	81821033-1681	ok	0.982	0.982	446	2x15xa
s4306	5x5xm4da	81821033-4306	timeout	10.004	10.003	-1	5x5xm4da
s7298	15jadb	81821033-7298	timeout	10.003	9.999	-1	15jadb
s1132	2x9xmd2da	81821033-1132	ok	0.971	0.971	131	2x9xmd2da
s3475	4x5m2	81821033-3475	ok	0.052	0.052	178	4x5m2
s2245	3x4md4	81821033-2245	ok	0.001	0.001	62	3x4md4
s7440	15x2m8du	81821033-7440	timeout	10.084	10.006	-1	15x2m8du
s1503	2x13xr4di	81821033-1503	ok	0.658	0.653	352	2x13xr4di
s6824	12x2db	81821033-6824	ok	2.479	2.479	296	12x2db
s1411	2x12xm2	81821033-1411	ok	0.107	0.107	294	2x12xm2
s3296	4x3m4db	81821033-3296	ok	0.002	0.002	64	4x3m4db
s6189	9x3m8di	81821033-6189	timeout	10.003	9.999	-1	9x3m8di
s7350	15jxadu	81821033-7350	timeout	10.004	10.002	-1	15jxadu
s1578	2x14md4du	81821033-1578	timeout	10.049	9.984	-1	2x14md4du
s7528	16jmd4da	81821033-7528	timeout	10.002	10.000	-1	16jmd4da
s5114	7jxmd2db	81821033-5114	ok	0.028	0.028	9	7jxmd2db
s3721	4x7xmd2	81821033-3721	timeout	10.004	9.998	-1	4x7xmd2
s8062	21jxm8da	81821033-8062	timeout	10.048	9.995	-1	21jxm8da
s5013	7jm2di	81821033-5013	ok	0.002	0.002	11	7jm2di
s7359	15jxr4di	81821033-7359	timeout	10.004	9.996	-1	15jxr4di
s6216	9x3xm2du	81821033-6216	timeout	10.008	10.003	-1	9x3xm2du
s2882	4jadb	81821033-2882	ok	0.001	0.000	3	4jadb
s2500	3x7ada	81821033-2500	timeout	10.004	9.999	-1	3x7ada
s3738	4x7xmd4du	81821033-3738	timeout	10.045	10.003	-1	4x7xmd4du
s3719	4x7xm2de	81821033-3719	timeout	10.040	9.996	-1	4x7xm2de
s2388	3x5xm4du	81821033-2388	timeout	10.003	9.998	-1	3x5xm4du
s270	2x2xkmd2du	81821033-270	ok	0.000	0.000	0	2x2xkmd2du
s6667	11x2m8	81821033-6667	ok	0.020	0.020	268	11x2m8
s4517	6jxade	81821033-4517	ok	0.017	0.017	6	6jxade
s8554	27jda	81821033-8554	timeout	10.004	9.998	-1	27jda
s6724	12jada	81821033-6724	ok	2.535	2.533	34	12jada
s8227	23jxm2	81821033-8227	timeout	10.024	9.983	-1	23jxm2
s8324	24jxm2db	81821033-8324	timeout	10.024	9.993	-1	24jxm2db
s1	2ja	81821033-1	ok	0.000	0.000	1	2ja
s2201	3x3xkmd4de	81821033-2201	ok	0.433	0.433	0	3x3xkmd4de
s925	2x7xr4	81821033-925	ok	0.002	0.002	88	2x7xr4
s718	2x5m8da	81821033-718	ok	0.654	0.654	40	2x5m8da
s785	2x6r4de	81821033-785	ok	0.468	0.468	56	2x6r4de
s8839	30j	81821033-8839	timeout	10.004	10.002	-1	30j
s4104	5x3xm2du	81821033-4104	timeout	10.027	10.000	-1	5x3xm2du
s3044	4jxkm2db	81821033-3044	ok	0.059	0.056	0	4jxkm2db
s1413	2x12xm2di	81821033-1413	ok	1.010	0.994	272	2x12xm2di
s265	2x2xkmd2	81821033-265	ok	0.000	0.000	0	2x2xkmd2
s4726	6x3m2da	81821033-4726	ok	2.129	2.117	136	6x3m2da
s6547	11jm2	81821033-6547	ok	0.038	0.038	41	11jm2
s755	2x5xm4de	81821033-755	ok	0.049	0.049	32	2x5xm4de
s1773	3jm8di	81821033-1773	ok	0.000	0.000	4	3jm8di
s3646	4x6xm8da	81821033-3646	timeout	10.020	10.002	-1	4x6xm8da
s6345	10x2di	81821033-6345	ok	0.351	0.350	186	10x2di
s8703	28jxr4di	81821033-8703	timeout	10.001	9.986	-1	28jxr4di
s2993	4jxr4de	81821033-2993	timeout	10.004	10.001	-1	4jxr4de
s8226	23jxr4du	81821033-8226	timeout	10.053	10.000	-1	23jxr4du
s8953	31jmd2	81821033-8953	timeout	10.004	10.001	-1	31jmd2
s4760	6x3xdb	81821033-4760	ok	0.071	0.071	126	6x3xdb
s2450	3x6xadb	81821033-2450	ok	0.128	0.128	115	3x6xadb
s8258	24jadb	81821033-8258	timeout	10.040	9.997	-1	24jadb
s8804	29jxm2db	81821033-8804	timeout	10.004	10.002	-1	29jxm2db
s2030	3x3r4db	81821033-2030	ok	0.001	0.001	33	3x3r4db
s1604	2x14xm2db	81821033-1604	ok	1.007	1.006	398	2x14xm2db
s748	2x5xmd2da	81821033-748	ok	0.039	0.039	31	2x5xmd2da
s3376	4x4r4da	81821033-3376	ok	0.653	0.653	108	4x4r4da
s8361	25jdi	81821033-8361	timeout	10.016	10.009	-1	25jdi
s8086	22jm2da	81821033-8086	timeout	10.005	10.000	-1	22jm2da
s23	2jm2de	81821033-23	ok	0.000	0.000	2	2jm2de
s883	2x7m2	81821033-883	ok	0.005	0.005	90	2x7m2
s7239	14x2md4di	81821033-7239	ok	1.517	1.517	432	14x2md4di
s7092	13x2xm4du	81821033-7092	timeout	10.076	9.998	-1	13x2xm4du
s3950	5x2r4db	81821033-3950	ok	0.001	0.001	40	5x2r4db
s8438	25jxmd4db	81821033-8438	timeout	10.016	9.998	-1	25jxmd4db
s1778	3jkadb	81821033-1778	ok	0.000	0.000	0	3jkadb
s2524	3x7md2da	81821033-2524	ok	2.920	2.918	197	3x7md2da
s6902	12x2xmd4db	81821033-6902	ok	2.334	2.333	278	12x2xmd4db
s6505	10x3xmd2	81821033-6505	timeout	10.004	9.996	-1	10x3xmd2
s2049	3x3m4di	81821033-2049	ok	0.003	0.003	27	3x3m4di
s4826	6x4md2db	81821033-4826	ok	0.536	0.536	268	6x4md2db
s1142	2x9xmd4db	81821033-1142	ok	0.034	0.034	142	2x9xmd4db
s8365	25jr4	81821033-8365	timeout	10.001	10.000	-1	25jr4
s8294	24jmd4db	81821033-8294	timeout	10.063	9.993	-1	24jmd4db
s4001	5x2xr4de	81821033-4001	ok	0.057	0.057	32	5x2xr4de
s4254	5x5md2du	81821033-4254	timeout	10.005	9.996	-1	5x5md2du
s2237	3x4md2de	81821033-2237	ok	0.113	0.113	53	3x4md2de
s5990	9jxmd4db	81821033-5990	ok	0.047	0.047	22	9jxmd4db
s1321	2x11xmd2	81821033-1321	ok	0.086	0.085	231	2x11xmd2
s3077	4x2ade	81821033-3077	ok	0.059	0.058	19	4x2ade
s8037	21jxm2di	81821033-8037	timeout	10.006	10.001	-1	21jxm2di
s8617	27jxmd2	81821033-8617	timeout	10.004	10.002	-1	27jxmd2
s8421	25jxm2di	81821033-8421	timeout	10.019	9.997	-1	25jxm2di
s7893	20jm2di	81821033-7893	timeout	10.067	10.002	-1	20jm2di
s7624	17jmd4da	81821033-7624	timeout	10.004	9.999	-1	17jmd4da
s2435	3x6m4de	81821033-2435	ok	1.058	1.057	156	3x6m4de
s3969	5x2m4di	81821033-3969	ok	0.014	0.013	40	5x2m4di
s4690	6x2xm4da	81821033-4690	ok	0.086	0.086	56	6x2xm4da
s6367	10x2m4	81821033-6367	ok	0.015	0.015	212	10x2m4
s6696	11x2xm2du	81821033-6696	timeout	10.004	10.000	-1	11x2xm2du
s2118	3x3xadu	81821033-2118	ok	0.166	0.166	19	3x3xadu
s8952	31jm2du	81821033-8952	timeout	10.004	9.999	-1	31jm2du
s6967	13jx	81821033-6967	timeout	10.068	10.009	-1	13jx
s8853	30jm2di	81821033-8853	timeout	10.006	10.001	-1	30jm2di
s8683	28jm8	81821033-8683	timeout	10.001	9.996	-1	28jm8
s6200	9x3xdb	81821033-6200	timeout	10.004	10.001	-1	9x3xdb
s3037	4jxkr4	81821033-3037	ok	0.000	0.000	0	4jxkr4
s6849	12x2m4di	81821033-6849	ok	0.320	0.320	312	12x2m4di
s1056	2x8xm8du	81821033-1056	timeout	10.084	10.013	-1	2x8xm8du
s2001	3x2xkm4di	81821033-2001	ok	0.064	0.064	0	3x2xkm4di
s3625	4x6xmd2	81821033-3625	ok	0.233	0.229	269	4x6xmd2
s6795	12jxmd2di	81821033-6795	timeout	10.004	9.998	-1	12jxmd2di
s5050	7jkda	81821033-5050	ok	0.066	0.066	0	7jkda
s7736	18jxdb	81821033-7736	timeout	10.004	10.002	-1	18jxdb
s5962	9jxda	81821033-5962	ok	2.592	2.590	17	9jxda
s7703	18jm2de	81821033-7703	timeout	10.003	9.998	-1	18jm2de
s4373	5x6xade	81821033-4373	timeout	10.043	9.973	-1	5x6xade
s3505	4x5xa	81821033-3505	ok	0.103	0.102	158	4x5xa
s6344	10x2db	81821033-6344	ok	0.121	0.121	190	10x2db
s1018	2x8xda	81821033-1018	ok	0.355	0.354	96	2x8xda
s7959	20jxmd4di	81821033-7959	timeout	10.004	10.000	-1	20jxmd4di
s1404	2x12xdu	81821033-1404	timeout	10.006	10.001	-1	2x12xdu
s3087	4x2r4di	81821033-3087	ok	0.166	0.166	24	4x2r4di
s6234	9x3xmd4du	81821033-6234	timeout	10.004	10.000	-1	9x3xmd4du
s1145	2x9xmd4de	81821033-1145	ok	0.744	0.744	142	2x9xmd4de
s5726	8x2xr4db	81821033-5726	ok	0.012	0.012	108	8x2xr4db
s5587	8jxm2	81821033-5587	ok	0.048	0.048	18	8jxm2
s3507	4x5xadi	81821033-3507	ok	0.929	0.929	139	4x5xadi
s8756	29jm2db	81821033-8756	timeout	10.037	9.977	-1	29jm2db
s8709	28jxm2di	81821033-8709	timeout	10.004	10.002	-1	28jxm2di
s7330	15jm4da	81821033-7330	timeout	10.010	10.004	-1	15jm4da
s2561	3x7xr4de	81821033-2561	ok	6.069	6.030	200	3x7xr4de
s5636	8jxkm2db	81821033-5636	ok	0.229	0.226	0	8jxkm2db
s8296	24jmd4da	81821033-8296	timeout	10.002	9.998	-1	24jmd4da
s5907	9jkadi	81821033-5907	ok	0.313	0.312	0	9jkadi
s2371	3x5xm2	81821033-2371	ok	0.008	0.008	92	3x5xm2
s4851	6x4xadi	81821033-4851	ok	5.470	5.467	225	6x4xadi
s5246	7x2xr4db	81821033-5246	ok	0.012	0.012	76	7x2xr4db
s7436	15x2m8db	81821033-7436	ok	0.287	0.287	516	15x2m8db
s2215	3x4	81821033-2215	ok	0.002	0.002	56	3x4
s8090	22jmd2db	81821033-8090	timeout	10.004	10.000	-1	22jmd2db
s6225	9x3xm4di	81821033-6225	ok	6.359	6.316	348	9x3xm4di
s1150	2x9xm8da	81821033-1150	ok	1.301	1.297	152	2x9xm8da
s2783	3x9xm8de	81821033-2783	timeout	10.009	10.003	-1	3x9xm8de
s6512	10x3xm4db	81821033-6512	timeout	10.001	9.995	-1	10x3xm4db
s2747	3x9xde	81821033-2747	timeout	10.004	10.002	-1	3x9xde
s1486	2x13m8da	81821033-1486	ok	9.860	9.797	372	2x13m8da
s984	2x8m2du	81821033-984	timeout	10.004	9.998	-1	2x8m2du
s453	2x3xkm2di	81821033-453	ok	0.056	0.056	0	2x3xkm2di
s1071	2x9r4di	81821033-1071	ok	0.048	0.048	148	2x9r4di
s1784	3jkdb	81821033-1784	ok	0.000	0.000	0	3jkdb
s4199	5x4xm2de	81821033-4199	timeout	10.004	9.999	-1	5x4xm2de
s8762	29jmd2db	81821033-8762	timeout	10.004	10.003	-1	29jmd2db
s5620	8jxkada	81821033-5620	ok	4.797	4.795	0	8jxkada
s8376	25jm2du	81821033-8376	timeout	10.085	10.011	-1	25jm2du
s1047	2x8xmd4di	81821033-1047	ok	0.047	0.047	102	2x8xmd4di
s6112	9x2xr4da	81821033-6112	ok	0.555	0.552	144	9x2xr4da
s5242	7x2xda	81821033-5242	ok	0.180	0.179	66	7x2xda
s4831	6x4m4	81821033-4831	ok	3.419	3.418	304	6x4m4
s2942	4jkr4db	81821033-2942	ok	0.011	0.011	0	4jkr4db
s7093	13x2xmd4	81821033-7093	ok	0.075	0.075	378	13x2xmd4
s240	2x2xm8du	81821033-240	crash	0.000	0.000	-1	2x2xm8du
s1091	2x9m4de	81821033-1091	ok	0.447	0.447	160	2x9m4de
s7259	14x2xde	81821033-7259	timeout	10.015	10.005	-1	14x2xde
s2367	3x5xr4di	81821033-2367	ok	0.028	0.028	80	3x5xr4di
s6264	10jm2du	81821033-6264	ok	0.243	0.242	26	10jm2du
s5768	8x3db	81821033-5768	ok	0.548	0.543	274	8x3db
s3484	4x5md2da	81821033-3484	ok	4.098	4.096	172	4x5md2da
s4906	6x5da	81821033-4906	timeout	10.004	10.001	-1	6x5da
s5283	7x3adi	81821033-5283	ok	1.544	1.543	185	7x3adi
s8821	29jxmd4	81821033-8821	timeout	10.032	10.005	-1	29jxmd4
s5365	7x3xmd4	81821033-5365	ok	0.049	0.049	208	7x3xmd4
s3967	5x2m4	81821033-3967	ok	0.001	0.001	48	5x2m4
s3686	4x7md4db	81821033-3686	ok	8.015	8.011	394	4x7md4db
s8698	28jxda	81821033-8698	timeout	10.071	10.006	-1	28jxda
s5202	7x2r4du	81821033-5202	ok	0.385	0.384	88	7x2r4du
s7672	17jxmd4da	81821033-7672	timeout	10.004	10.002	-1	17jxmd4da
s190	2x2km8da	81821033-190	ok	0.000	0.000	0	2x2km8da
s4495	6jkm4	81821033-4495	ok	0.001	0.001	0	6jkm4
s5648	8jxkm4db	81821033-5648	ok	0.637	0.637	0	8jxkm4db
s6921	13jdi	81821033-6921	timeout	10.022	10.003	-1	13jdi
s3346	4x3xm4da	81821033-3346	ok	0.017	0.017	56	4x3xm4da
s1084	2x9md2da	81821033-1084	ok	0.846	0.846	148	2x9md2da
s2177	3x3xkr4de	81821033-2177	ok	3.807	3.803	0	3x3xkr4de
s7673	17jxmd4de	81821033-7673	timeout	10.003	9.999	-1	17jxmd4de
s112	2x2r4da	81821033-112	ok	0.000	0.000	4	2x2r4da
s7608	17jm2du	81821033-7608	timeout	10.051	9.978	-1	17jm2du
s894	2x7md2du	81821033-894	ok	2.150	2.140	78	2x7md2du
s100	2x2ada	81821033-100	ok	0.000	0.000	4	2x2ada
s3453	4x4xm8di	81821033-3453	ok	0.028	0.028	96	4x4xm8di
s3010	4jxm4da	81821033-3010	timeout	10.001	10.000	-1	4jxm4da
s8228	23jxm2db	81821033-8228	timeout	10.004	10.002	-1	23jxm2db
s8050	21jxm4da	81821033-8050	timeout	10.008	9.999	-1	21jxm4da
s2620	3x8md2da	81821033-2620	timeout	10.030	9.970	-1	3x8md2da
s8906	30jxmd2db	81821033-8906	timeout	10.004	10.001	-1	30jxmd2db
s3385	4x4md2	81821033-3385	ok	0.012	0.012	108	4x4md2
s6525	10x3xm8di	81821033-6525	timeout	10.004	10.001	-1	10x3xm8di
s5845	8x3xmd4	81821033-5845	ok	0.062	0.062	298	8x3xmd4
s1475	2x13m4de	81821033-1475	timeout	10.004	9.997	-1	2x13m4de
s5504	8jm4db	81821033-5504	ok	0.001	0.001	20	8jm4db
s8222	23jxr4db	81821033-8222	timeout	10.084	10.011	-1	23jxr4db
s2220	3x4du	81821033-2220	ok	0.123	0.123	50	3x4du
s59	2jkde	81821033-59	timeout	10.008	10.003	-1	2jkde
s3442	4x4xm4da	81821033-3442	ok	0.338	0.338	104	4x4xm4da
s1320	2x11xm2du	81821033-1320	timeout	10.002	9.997	-1	2x11xm2du
s8610	27jxr4du	81821033-8610	timeout	10.006	10.002	-1	27jxr4du
s4328	5x6db	81821033-4328	timeout	10.076	10.011	-1	5x6db
s7314	15jr4du	81821033-7314	timeout	10.001	9.998	-1	15jr4du
s6275	10jm4de	81821033-6275	ok	0.212	0.212	32	10jm4de
s5376	7x3xm8du	81821033-5376	timeout	10.008	10.004	-1	7x3xm8du
s2472	3x6xm2du	81821033-2472	timeout	10.008	10.002	-1	3x6xm2du
s8045	21jxmd2de	81821033-8045	timeout	10.064	10.001	-1	21jxmd2de
s4703	6x2xm8de	81821033-4703	ok	0.109	0.108	52	6x2xm8de
s3188	4x2xm2db	81821033-3188	ok	0.001	0.001	18	4x2xm2db
s8904	30jxm2du	81821033-8904	timeout	10.004	10.001	-1	30jxm2du
s5044	7jkada	81821033-5044	ok	0.813	0.813	0	7jkada
s4969	6x5xmd2	81821033-4969	ok	1.041	1.040	437	6x5xmd2
s2766	3x9xmd2du	81821033-2766	timeout	10.004	10.001	-1	3x9xmd2du
s3733	4x7xmd4	81821033-3733	ok	0.271	0.271	420	4x7xmd4
s3195	4x2xmd2di	81821033-3195	ok	0.006	0.006	15	4x2xmd2di
s5867	9jde	81821033-5867	ok	0.011	0.011	24	9jde
s6198	9x3xadu	81821033-6198	timeout	10.008	10.002	-1	9x3xadu
s1236	2x10xm4du	81821033-1236	timeout	10.066	9.985	-1	2x10xm4du
s3096	4x2m2du	81821033-3096	ok	0.271	0.267	24	4x2m2du
s8356	25jada	81821033-8356	timeout	10.001	10.000	-1	25jada
s7909	20jmd4	81821033-7909	timeout	10.003	9.999	-1	20jmd4
s5825	8x3xr4de	81821033-5825	timeout	10.008	10.003	-1	8x3xr4de
s1027	2x8xm2	81821033-1027	ok	0.012	0.012	112	2x8xm2
s4242	5x5r4du	81821033-4242	timeout	10.061	10.000	-1	5x5r4du
s5286	7x3adu	81821033-5286	timeout	10.004	10.002	-1	7x3adu
s6693	11x2xm2di	81821033-6693	ok	0.744	0.743	220	11x2xm2di
s1083	2x9md2di	81821033-1083	ok	0.157	0.157	148	2x9md2di
s67	2jkm2	81821033-67	timeout	10.004	10.002	-1	2jkm2
s2554	3x7xda	81821033-2554	timeout	10.008	10.000	-1	3x7xda
s4708	6x3ada	81821033-4708	ok	3.261	3.261	133	6x3ada
s5573	8jxade	81821033-5573	ok	0.025	0.025	10	8jxade
s6727	12j	81821033-6727	ok	1.756	1.755	48	12j
s941	2x7xmd2de	81821033-941	ok	0.479	0.479	72	2x7xmd2de
s3168	4x2km8du	81821033-3168	ok	0.100	0.099	0	4x2km8du
s7378	15jxm4da	81821033-7378	timeout	10.100	10.002	-1	15jxm4da
s7202	14x2adb	81821033-7202	ok	2.004	2.003	383	14x2adb
s1147	2x9xm8	81821033-1147	ok	0.006	0.006	168	2x9xm8
s2585	3x7xmd4de	81821033-2585	ok	7.309	7.303	192	3x7xmd4de
s7726	18jm8da	81821033-7726	timeout	10.004	10.001	-1	18jm8da
s7175	14jxm2de	81821033-7175	timeout	10.064	9.983	-1	14jxm2de
s5991	9jxmd4di	81821033-5991	ok	0.143	0.142	22	9jxmd4di
s7876	20jada	81821033-7876	timeout	10.005	9.999	-1	20jada
s7107	14jadi	81821033-7107	timeout	10.002	9.999	-1	14jadi
s3862	5jxm2da	81821033-3862	ok	0.041	0.040	6	5jxm2da
s5609	8jxmd4de	81821033-5609	ok	0.023	0.023	14	8jxmd4de
s2821	3x10md4	81821033-2821	timeout	10.004	10.001	-1	3x10md4
s1133	2x9xmd2de	81821033-1133	ok	2.022	2.022	136	2x9xmd2de
s2599	3x8	81821033-2599	ok	0.537	0.536	280	3x8
s5696	8x2m4db	81821033-5696	ok	0.015	0.015	124	8x2m4db
s354	2x3kr4du	81821033-354	ok	0.018	0.018	0	2x3kr4du
s7515	16jmd2di	81821033-7515	timeout	10.049	9.975	-1	16jmd2di
s3084	4x2du	81821033-3084	ok	0.008	0.008	20	4x2du
s9018	31jxmd4du	81821033-9018	timeout	10.008	10.002	-1	31jxmd4du
s1094	2x9md4db	81821033-1094	ok	0.023	0.023	156	2x9md4db
s2985	4jxdi	81821033-2985	ok	0.000	0.000	4	4jxdi
s1350	2x12adu	81821033-1350	timeout	10.004	10.000	-1	2x12adu
s2434	3x6m4da	81821033-2434	ok	0.663	0.662	148	3x6m4da
s4038	5x3adu	81821033-4038	timeout	10.003	10.001	-1	5x3adu
s6550	11jm2da	81821033-6550	ok	1.256	1.256	36	11jm2da
s7317	15jm2di	81821033-7317	timeout	10.112	10.025	-1	15jm2di
s994	2x8m4da	81821033-994	ok	0.310	0.307	128	2x8m4da
s956	2x7xm8db	81821033-956	ok	0.004	0.004	80	2x7xm8db
s5942	9jkmd4db	81821033-5942	ok	0.159	0.158	0	9jkmd4db
s3562	4x6da	81821033-3562	timeout	10.008	10.002	-1	4x6da
s430	2x3xm8da	81821033-430	timeout	10.001	9.995	-1	2x3xm8da
s3895	5jxk	81821033-3895	ok	0.001	0.001	0	5jxk
s8115	22jxadi	81821033-8115	timeout	10.003	10.002	-1	22jxadi
s7252	14x2xada	81821033-7252	timeout	10.074	10.010	-1	14x2xada
s3971	5x2m4de	81821033-3971	ok	0.098	0.098	40	5x2m4de
s5725	8x2xr4	81821033-5725	ok	0.007	0.007	120	8x2xr4
s6037	9jxkmd4	81821033-6037	ok	0.492	0.491	0	9jxkmd4
s3104	4x2m4db	81821033-3104	ok	0.000	0.000	24	4x2m4db
s4272	5x5m8du	81821033-4272	timeout	10.008	10.002	-1	5x5m8du
s5580	8jxdu	81821033-5580	ok	0.164	0.164	12	8jxdu
s6744	12jm2du	81821033-6744	ok	5.423	5.422	36	12jm2du
s8211	23jxadi	81821033-8211	timeout	10.002	10.000	-1	23jxadi
s1719	2x15xmd4di	81821033-1719	ok	1.579	1.578	468	2x15xmd4di
s5472	7x4xm8du	81821033-5472	timeout	10.058	9.988	-1	7x4xm8du
s2318	3x5r4db	81821033-2318	ok	0.008	0.008	92	3x5r4db
s7060	13x2xada	81821033-7060	timeout	10.007	10.003	-1	13x2xada
s8405	25jxade	81821033-8405	timeout	10.000	9.999	-1	25jxade
s5268	7x2xm4du	81821033-5268	timeout	9.997	9.995	-1	7x2xm4du
s6886	12x2xm2da	81821033-6886	timeout	10.071	9.988	-1	12x2xm2da
s1471	2x13m4	81821033-1471	ok	2.153	2.153	376	2x13m4
s8507	26jxde	81821033-8507	timeout	10.004	9.996	-1	26jxde
s958	2x7xm8da	81821033-958	ok	0.417	0.416	80	2x7xm8da
s63	2jkr4di	81821033-63	timeout	10.004	10.003	-1	2jkr4di
s8333	24jxmd2de	81821033-8333	timeout	10.068	10.003	-1	24jxmd2de
s8713	28jxmd2	81821033-8713	timeout	9.998	9.996	-1	28jxmd2
s7510	16jm2da	81821033-7510	timeout	10.006	9.995	-1	16jm2da
s2026	3x3da	81821033-2026	ok	0.004	0.003	26	3x3da
s2312	3x5db	81821033-2312	ok	0.012	0.012	93	3x5db
s2949	4jkm2di	81821033-2949	ok	0.259	0.259	0	4jkm2di
s7719	18jmd4di	81821033-7719	timeout	10.004	10.002	-1	18jmd4di
s1123	2x9xm2	81821033-1123	ok	0.020	0.020	156	2x9xm2
s3717	4x7xm2di	81821033-3717	timeout	10.004	10.001	-1	4x7xm2di
s7540	16jxada	81821033-7540	timeout	10.092	10.016	-1	16jxada
s300	2x3du	81821033-300	ok	0.034	0.034	10	2x3du
s2002	3x2xkm4da	81821033-2002	ok	0.198	0.198	0	3x2xkm4da
s8781	29jm8di	81821033-8781	timeout	10.008	10.003	-1	29jm8di
s5245	7x2xr4	81821033-5245	ok	0.003	0.002	88	7x2xr4
s3673	4x7md2	81821033-3673	ok	0.349	0.349	395	4x7md2
s4615	6x2	81821033-4615	ok	0.003	0.002	58	6x2
s8926	30jxm8da	81821033-8926	timeout	10.004	10.000	-1	30jxm8da
s3784	5jmd4da	81821033-3784	ok	4.713	4.713	5	5jmd4da
s4058	5x3md2db	81821033-4058	ok	0.016	0.016	89	5x3md2db
s8136	22jxm2du	81821033-8136	timeout	10.006	10.001	-1	22jxm2du
s702	2x5md2du	81821033-702	ok	0.227	0.227	36	2x5md2du
s7494	16jadu	81821033-7494	timeout	10.077	10.010	-1	16jadu
s7372	15jxmd2da	81821033-7372	timeout	10.001	9.996	-1	15jxmd2da
s3929	5jxkmd4de	81821033-3929	ok	3.438	3.435	0	5jxkmd4de
s3675	4x7md2di	81821033-3675	ok	5.354	5.313	372	4x7md2di
s4037	5x3ade	81821033-4037	ok	1.673	1.671	81	5x3ade
s1544	2x14db	81821033-1544	ok	0.726	0.726	418	2x14db
s434	2x3xkadb	81821033-434	ok	0.027	0.027	0	2x3xkadb
s330	2x3md4du	81821033-330	ok	0.460	0.460	12	2x3md4du
s4959	6x5xr4di	81821033-4959	timeout	10.003	10.001	-1	6x5xr4di
s3341	4x3xmd2de	81821033-3341	ok	0.068	0.068	42	4x3xmd2de
s2720	3x9m4db	81821033-2720	ok	0.535	0.535	368	3x9m4db
s1878	3x2kadu	81821033-1878	ok	0.004	0.003	0	3x2kadu
s4665	6x2xdi	81821033-4665	ok	0.017	0.017	50	6x2xdi
s6603	11jxmd2di	81821033-6603	timeout	10.000	9.998	-1	11jxmd2di
s4262	5x5md4db	81821033-4262	ok	2.003	2.002	303	5x5md4db
s6917	13jade	81821033-6917	ok	3.458	3.458	44	13jade
s3552	4x5xm8du	81821033-3552	timeout	10.081	10.006	-1	4x5xm8du
s2464	3x6xr4da	81821033-2464	ok	0.630	0.625	136	3x6xr4da
s2801	3x10r4de	81821033-2801	timeout	10.002	9.996	-1	3x10r4de
s2080	3x3kr4da	81821033-2080	ok	0.027	0.027	0	3x3kr4da
s8067	22jadi	81821033-8067	timeout	10.020	10.010	-1	22jadi
s847	2x6xm4	81821033-847	ok	0.002	0.002	60	2x6xm4
s7837	19jxr4	81821033-7837	timeout	10.002	10.001	-1	19jxr4
s2548	3x7xada	81821033-2548	timeout	10.053	9.983	-1	3x7xada
s1655	2x15m2de	81821033-1655	timeout	10.005	10.000	-1	2x15m2de
s5975	9jxm2de	81821033-5975	ok	0.465	0.464	13	9jxm2de
s4114	5x3xm4da	81821033-4114	ok	0.085	0.085	86	5x3xm4da
s1965	3x2xm8di	81821033-1965	timeout	10.002	9.998	-1	3x2xm8di
s5142	7jxkadu	81821033-5142	ok	3.615	3.612	0	7jxkadu
s848	2x6xm4db	81821033-848	ok	0.006	0.006	52	2x6xm4db
s4288	5x5xr4da	81821033-4288	timeout	10.004	10.000	-1	5x5xr4da
s2577	3x7xm4di	81821033-2577	ok	0.607	0.606	194	3x7xm4di
s977	2x8r4de	81821033-977	ok	0.151	0.151	128	2x8r4de
s1122	2x9xr4du	81821033-1122	timeout	10.076	10.003	-1	2x9xr4du
s1860	3x2m4du	81821033-1860	timeout	10.006	10.000	-1	3x2m4du
s2477	3x6xmd2de	81821033-2477	ok	2.344	2.342	126	3x6xmd2de
s522	2x4md4du	81821033-522	ok	0.003	0.003	22	2x4md4du
s5091	7jxadi	81821033-5091	ok	0.031	0.031	7	7jxadi
s2634	3x8md4du	81821033-2634	timeout	10.004	10.002	-1	3x8md4du
s1692	2x15xdu	81821033-1692	timeout	10.004	10.002	-1	2x15xdu
s1799	3jkm2de	81821033-1799	ok	0.000	0.000	0	3jkm2de
s5463	7x4xmd4di	81821033-5463	timeout	10.072	10.003	-1	7x4xmd4di
s7979	21jde	81821033-7979	timeout	10.008	10.001	-1	21jde
s1007	2x8m8de	81821033-1007	ok	1.122	1.122	124	2x8m8de
s8635	27jxm8	81821033-8635	timeout	10.004	10.003	-1	27jxm8
s3070	4jxkm8da	81821033-3070	ok	0.373	0.372	0	4jxkm8da
s8572	27jmd2da	81821033-8572	timeout	10.007	10.005	-1	27jmd2da
s7248	14x2m8du	81821033-7248	timeout	10.056	9.988	-1	14x2m8du
s2317	3x5r4	81821033-2317	ok	0.004	0.004	104	3x5r4
s2964	4jkm4du	81821033-2964	ok	0.029	0.029	0	4jkm4du
s1282	2x11m4da	81821033-1282	ok	3.551	3.550	256	2x11m4da
s957	2x7xm8di	81821033-957	ok	0.009	0.009	80	2x7xm8di
s3145	4x2kmd2	81821033-3145	ok	0.001	0.001	0	4x2kmd2
s1975	3x2xk	81821033-1975	ok	0.000	0.000	0	3x2xk
s8529	26jxm4di	81821033-8529	timeout	10.001	9.996	-1	26jxm4di
s2818	3x10m4da	81821033-2818	timeout	10.002	10.002	-1	3x10m4da
s7121	14jr4de	81821033-7121	timeout	10.062	9.992	-1	14jr4de
s1520	2x13xm4db	81821033-1520	ok	2.771	2.770	348	2x13xm4db
s5040	7jm8du	81821033-5040	ok	0.017	0.017	16	7jm8du
s3089	4x2r4de	81821033-3089	ok	0.017	0.017	24	4x2r4de
s8755	29jm2	81821033-8755	timeout	10.003	9.998	-1	29jm2
s1328	2x11xm4db	81821033-1328	ok	0.132	0.132	240	2x11xm4db
s2656	3x8xr4da	81821033-2656	timeout	10.012	10.007	-1	3x8xr4da
s4725	6x3m2di	81821033-4725	ok	0.219	0.218	138	6x3m2di
s7452	15x2xdu	81821033-7452	timeout	10.060	9.999	-1	15x2xdu
s8168	23jdb	81821033-8168	timeout	10.003	10.001	-1	23jdb
s6348	10x2du	81821033-6348	timeout	10.004	10.002	-1	10x2du
s3627	4x6xmd2di	81821033-3627	ok	1.817	1.817	246	4x6xmd2di
s8487	26jmd4di	81821033-8487	timeout	10.001	9.993	-1	26jmd4di
s526	2x4m8da	81821033-526	ok	0.633	0.632	28	2x4m8da
s2959	4jkm4	81821033-2959	ok	0.000	0.000	0	4jkm4
s4539	6jxmd2di	81821033-4539	ok	0.002	0.002	6	6jxmd2di
s2894	4jr4db	81821033-2894	ok	0.027	0.027	4	4jr4db
s2930	4jkadb	81821033-2930	ok	0.026	0.026	0	4jkadb
s8059	21jxm8	81821033-8059	timeout	10.060	9.996	-1	21jxm8
s8359	25j	81821033-8359	timeout	10.004	10.002	-1	25j
s3907	5jxkm2	81821033-3907	ok	0.001	0.001	0	5jxkm2
s3326	4x3xr4db	81821033-3326	ok	0.002	0.002	48	4x3xr4db
s8485	26jmd4	81821033-8485	timeout	10.014	10.005	-1	26jmd4
s5959	9jx	81821033-5959	ok	0.059	0.059	21	9jx
s2000	3x2xkm4db	81821033-2000	ok	0.017	0.017	0	3x2xkm4db
s4280	5x5xdb	81821033-4280	ok	1.279	1.279	276	5x5xdb
s4908	6x5du	81821033-4908	timeout	10.004	9.994	-1	6x5du
s8910	30jxmd2du	81821033-8910	timeout	10.032	9.978	-1	30jxmd2du
s949	2x7xmd4	81821033-949	ok	0.033	0.033	86	2x7xmd4
s7966	20jxm8da	81821033-7966	timeout	10.004	10.002	-1	20jxm8da
s7833	19jxdi	81821033-7833	timeout	9.997	9.995	-1	19jxdi
s2194	3x3xkm4da	81821033-2194	ok	0.029	0.029	0	3x3xkm4da
s4667	6x2xde	81821033-4667	ok	0.195	0.195	50	6x2xde
s3459	4x5adi	81821033-3459	ok	1.347	1.346	152	4x5adi
s5954	9jxadb	81821033-5954	ok	0.138	0.138	16	9jxadb
s1394	2x12xadb	81821033-1394	ok	1.348	1.347	248	2x12xadb
s5849	8x3xmd4de	81821033-5849	timeout	10.032	9.978	-1	8x3xmd4de
s3113	4x2md4de	81821033-3113	ok	0.036	0.036	24	4x2md4de
s8589	27jm8di	81821033-8589	timeout	10.046	10.001	-1	27jm8di
s3308	4x3m8db	81821033-3308	ok	0.002	0.002	64	4x3m8db
s6184	9x3md4da	81821033-6184	timeout	10.002	10.001	-1	9x3md4da
s5922	9jkr4du	81821033-5922	ok	7.775	7.771	0	9jkr4du
s3205	4x2xmd4	81821033-3205	ok	0.001	0.001	20	4x2xmd4
s1101	2x9m8di	81821033-1101	ok	0.063	0.063	160	2x9m8di
s5336	7x3xdb	81821033-5336	ok	0.442	0.442	189	7x3xdb
s3697	4x7xa	81821033-3697	ok	9.754	9.753	341	4x7xa
s4115	5x3xm4de	81821033-4115	ok	0.372	0.372	82	5x3xm4de
s2031	3x3r4di	81821033-2031	ok	0.024	0.024	28	3x3r4di
s4987	6x5xm8	81821033-4987	ok	0.177	0.177	496	6x5xm8
s1439	2x12xm8de	81821033-1439	timeout	10.081	9.996	-1	2x12xm8de
s7659	17jxmd2di	81821033-7659	timeout	10.004	9.994	-1	17jxmd2di
s1061	2x9ade	81821033-1061	timeout	10.001	9.999	-1	2x9ade
s2969	4jkmd4de	81821033-2969	ok	0.184	0.184	0	4jkmd4de
s2859	3x10xmd2di	81821033-2859	timeout	10.004	10.001	-1	3x10xmd2di
s5358	7x3xmd2du	81821033-5358	timeout	10.100	10.025	-1	7x3xmd2du
s7634	17jxadb	81821033-7634	timeout	10.004	9.998	-1	17jxadb
s6211	9x3xm2	81821033-6211	ok	0.233	0.233	367	9x3xm2
s5010	7jr4du	81821033-5010	ok	0.063	0.063	20	7jr4du
s7967	20jxm8de	81821033-7967	timeout	10.003	10.002	-1	20jxm8de
s6569	11jmd4de	81821033-6569	ok	0.294	0.294	34	11jmd4de
s8884	30jxada	81821033-8884	timeout	10.004	10.003	-1	30jxada
s7636	17jxada	81821033-7636	timeout	10.048	9.973	-1	17jxada
s6833	12x2r4de	81821033-6833	ok	7.193	7.192	304	12x2r4de
s2093	3x3kmd2de	81821033-2093	timeout	10.004	9.997	-1	3x3kmd2de
s2789	3x10ade	81821033-2789	timeout	10.004	10.003	-1	3x10ade
s5052	7jkdu	81821033-5052	ok	0.062	0.062	0	7jkdu
s4256	5x5m4db	81821033-4256	ok	8.141	8.085	314	5x5m4db
s4492	6jkmd2da	81821033-4492	ok	0.160	0.160	0	6jkmd2da
s2926	4jm8da	81821033-2926	timeout	10.002	10.000	-1	4jm8da
s8520	26jxm2du	81821033-8520	timeout	10.008	10.003	-1	26jxm2du
s8998	31jxm2da	81821033-8998	timeout	10.001	9.998	-1	31jxm2da
s1930	3x2xda	81821033-1930	ok	0.045	0.044	8	3x2xda
s653	2x4xkmd2de	81821033-653	ok	0.893	0.892	0	2x4xkmd2de
s415	2x3xm4	81821033-415	ok	0.000	0.000	12	2x3xm4
s1474	2x13m4da	81821033-1474	timeout	10.066	9.991	-1	2x13m4da
s4903	6x5	81821033-4903	timeout	10.008	10.006	-1	6x5
s3533	4x5xmd2de	81821033-3533	timeout	10.004	9.999	-1	4x5xmd2de
s6707	11x2xm4de	81821033-6707	timeout	10.001	10.001	-1	11x2xm4de
s1336	2x11xmd4da	81821033-1336	ok	2.642	2.641	230	2x11xmd4da
s8370	25jr4du	81821033-8370	timeout	10.060	9.994	-1	25jr4du
s217	2x2xmd2	81821033-217	ok	0.000	0.000	4	2x2xmd2
s1788	3jkdu	81821033-1788	ok	0.000	0.000	0	3jkdu
s4732	6x3md2da	81821033-4732	ok	2.009	2.008	141	6x3md2da
s7054	13x2m8da	81821033-7054	ok	4.787	4.787	380	13x2m8da
s899	2x7m4de	81821033-899	ok	0.277	0.277	88	2x7m4de
s2799	3x10r4di	81821033-2799	timeout	10.004	10.001	-1	3x10r4di
s5822	8x3xr4db	81821033-5822	ok	1.689	1.689	280	8x3xr4db
s5944	9jkmd4da	81821033-5944	ok	0.041	0.041	0	9jkmd4da
s131	2x2m4de	81821033-131	ok	0.000	0.000	8	2x2m4de
s6279	10jmd4di	81821033-6279	ok	0.074	0.074	30	10jmd4di
s3703	4x7x	81821033-3703	ok	4.976	4.938	382	4x7x
s2566	3x7xm2da	81821033-2566	timeout	10.004	9.996	-1	3x7xm2da
s8403	25jxadi	81821033-8403	timeout	10.004	10.000	-1	25jxadi
s8028	21jxdu	81821033-8028	timeout	10.002	10.000	-1	21jxdu
s3299	4x3m4de	81821033-3299	ok	0.188	0.188	60	4x3m4de
s5756	8x2xm8db	81821033-5756	ok	0.125	0.125	112	8x2xm8db
s2944	4jkr4da	81821033-2944	ok	0.177	0.176	0	4jkr4da
s8524	26jxmd2da	81821033-8524	timeout	10.023	9.981	-1	26jxmd2da
s1895	3x2km2de	81821033-1895	ok	0.492	0.491	0	3x2km2de
s3126	4x2kadu	81821033-3126	ok	0.066	0.065	0	4x2kadu
s1174	2x10m2da	81821033-1174	ok	2.546	2.542	190	2x10m2da
s384	2x3km8du	81821033-384	ok	0.014	0.014	0	2x3km8du
s4124	5x3xm8db	81821033-4124	ok	0.006	0.006	92	5x3xm8db
s2409	3x6di	81821033-2409	ok	0.126	0.126	138	3x6di
s8328	24jxm2du	81821033-8328	timeout	10.036	9.972	-1	24jxm2du
s1085	2x9md2de	81821033-1085	ok	1.681	1.667	142	2x9md2de
s5323	7x3m8	81821033-5323	ok	0.015	0.015	229	7x3m8
s5902	9jm8da	81821033-5902	ok	0.450	0.446	24	9jm8da
s4449	6jm4di	81821033-4449	ok	0.001	0.001	8	6jm4di
s3934	5jxkm8da	81821033-3934	ok	0.118	0.118	0	5jxkm8da
s7396	15x2ada	81821033-7396	timeout	10.004	10.001	-1	15x2ada
s2943	4jkr4di	81821033-2943	ok	0.030	0.029	0	4jkr4di
s3153	4x2km4di	81821033-3153	ok	0.086	0.086	0	4x2km4di
s224	2x2xm4db	81821033-224	ok	0.000	0.000	8	2x2xm4db
s1782	3jkadu	81821033-1782	ok	0.000	0.000	0	3jkadu
s6414	10x2xmd2du	81821033-6414	timeout	10.002	10.000	-1	10x2xmd2du
s4853	6x4xade	81821033-4853	timeout	10.002	9.997	-1	6x4xade
s6029	9jxkmd2de	81821033-6029	timeout	10.054	10.004	-1	9jxkmd2de
s8088	22jm2du	81821033-8088	timeout	10.008	10.006	-1	22jm2du
s2676	3x8xm4du	81821033-2676	timeout	10.004	10.003	-1	3x8xm4du
s7278	14x2xmd2du	81821033-7278	timeout	10.056	10.003	-1	14x2xmd2du
s7132	14jmd2da	81821033-7132	timeout	10.012	10.007	-1	14jmd2da
s8087	22jm2de	81821033-8087	timeout	10.004	10.002	-1	22jm2de
s6072	9x2m2du	81821033-6072	timeout	10.004	10.002	-1	9x2m2du
s7263	14x2xr4di	81821033-7263	ok	2.446	2.446	412	14x2xr4di
s4625	6x2r4de	81821033-4625	ok	0.084	0.084	60	6x2r4de
s5844	8x3xm4du	81821033-5844	timeout	10.072	9.997	-1	8x3xm4du
s1042	2x8xm4da	81821033-1042	ok	0.576	0.575	104	2x8xm4da
s6374	10x2md4db	81821033-6374	ok	0.059	0.058	198	10x2md4db
s5370	7x3xmd4du	81821033-5370	timeout	10.008	10.000	-1	7x3xmd4du
s2881	4ja	81821033-2881	ok	0.000	0.000	3	4ja
s1587	2x14xadi	81821033-1587	ok	9.724	9.723	356	2x14xadi
s5423	7x4m8de	81821033-5423	timeout	10.001	9.998	-1	7x4m8de
s7079	13x2xm2de	81821033-7079	timeout	10.025	9.963	-1	13x2xm2de
s6804	12jxm4du	81821033-6804	timeout	10.007	10.001	-1	12jxm4du
s2922	4jmd4du	81821033-2922	timeout	10.003	10.002	-1	4jmd4du
s6159	9x3r4di	81821033-6159	ok	8.967	8.965	372	9x3r4di
s2765	3x9xmd2de	81821033-2765	timeout	10.100	10.012	-1	3x9xmd2de
s6735	12jr4di	81821033-6735	ok	1.591	1.582	44	12jr4di
s6465	10x3m4di	81821033-6465	timeout	10.004	9.998	-1	10x3m4di
s3989	5x2xade	81821033-3989	ok	0.061	0.061	24	5x2xade
s3214	4x2xm8da	81821033-3214	ok	0.070	0.070	20	4x2xm8da
s706	2x5m4da	81821033-706	ok	0.219	0.219	40	2x5m4da
s6402	10x2xr4du	81821033-6402	timeout	10.004	10.002	-1	10x2xr4du
s4146	5x4r4du	81821033-4146	timeout	10.008	10.003	-1	5x4r4du
s5676	8x2du	81821033-5676	ok	3.758	3.756	114	8x2du
s8986	31jxda	81821033-8986	timeout	10.089	10.016	-1	31jxda
s8622	27jxmd2du	81821033-8622	timeout	10.004	10.003	-1	27jxmd2du
s5644	8jxkmd2da	81821033-5644	timeout	10.004	10.001	-1	8jxkmd2da
s2016	3x2xkm8du	81821033-2016	ok	0.740	0.740	0	3x2xkm8du
s6570	11jmd4du	81821033-6570	ok	0.647	0.647	38	11jmd4du
s3240	4x2xkm2du	81821033-3240	ok	0.027	0.027	0	4x2xkm2du
s2184	3x3xkm2du	81821033-2184	ok	0.070	0.070	0	3x3xkm2du
s1657	2x15md2	81821033-1657	ok	0.395	0.395	513	2x15md2
s4222	5x4xm8da	81821033-4222	ok	0.487	0.487	176	5x4xm8da
s4117	5x3xmd4	81821033-4117	ok	0.045	0.045	96	5x3xmd4
s1197	2x10m8di	81821033-1197	ok	0.104	0.104	212	2x10m8di
s4033	5x3a	81821033-4033	ok	0.013	0.013	87	5x3a
s3886	5jxm8da	81821033-3886	ok	0.165	0.165	4	5jxm8da
s343	2x3k	81821033-343	ok	0.001	0.001	0	2x3k
s7369	15jxmd2	81821033-7369	timeout	10.002	9.998	-1	15jxmd2
s4101	5x3xm2di	81821033-4101	ok	0.096	0.096	78	5x3xm2di
s8204	23jm8db	81821033-8204	timeout	10.048	9.989	-1	23jm8db
s3635	4x6xm4de	81821033-3635	timeout	10.007	10.006	-1	4x6xm4de
s1152	2x9xm8du	81821033-1152	timeout	10.001	10.000	-1	2x9xm8du
s1195	2x10m8	81821033-1195	ok	0.010	0.010	224	2x10m8
s7932	20jxdu	81821033-7932	timeout	10.008	10.003	-1	20jxdu
s6289	10jxa	81821033-6289	ok	1.342	1.342	23	10jxa
s4798	6x3xm8da	81821033-4798	ok	0.626	0.626	144	6x3xm8da
s1025	2x8xr4de	81821033-1025	ok	1.340	1.339	112	2x8xr4de
s5071	7jkm4	81821033-5071	ok	0.001	0.001	0	7jkm4
s3578	4x6md2db	81821033-3578	ok	0.350	0.350	271	4x6md2db
s1501	2x13xr4	81821033-1501	ok	0.726	0.726	384	2x13xr4
s7930	20jxda	81821033-7930	timeout	10.044	9.971	-1	20jxda
s7275	14x2xmd2di	81821033-7275	ok	3.415	3.415	398	14x2xmd2di
s7267	14x2xm2	81821033-7267	ok	1.106	1.105	404	14x2xm2
s3223	4x2xk	81821033-3223	ok	0.001	0.000	0	4x2xk
s7652	17jxm2db	81821033-7652	timeout	10.004	10.002	-1	17jxm2db
s315	2x3md2di	81821033-315	ok	0.091	0.091	12	2x3md2di
s4965	6x5xm2di	81821033-4965	ok	7.571	7.527	412	6x5xm2di
s7562	16jxmd2db	81821033-7562	timeout	10.005	9.999	-1	16jxmd2db
s4084	5x3xada	81821033-4084	ok	0.868	0.867	69	5x3xada
s1647	2x15r4di	81821033-1647	ok	2.389	2.388	512	2x15r4di
s8312	24jxdb	81821033-8312	timeout	10.001	10.001	-1	24jxdb
s3498	4x5md4du	81821033-3498	timeout	10.013	10.001	-1	4x5md4du
s8528	26jxm4db	81821033-8528	timeout	10.073	9.999	-1	26jxm4db
s2234	3x4md2db	81821033-2234	ok	0.005	0.005	52	3x4md2db
s2776	3x9xmd4da	81821033-2776	timeout	10.002	9.996	-1	3x9xmd4da
s7535	16jm8de	81821033-7535	timeout	10.004	10.002	-1	16jm8de
s2401	3x6a	81821033-2401	ok	0.038	0.038	134	3x6a
s4113	5x3xm4di	81821033-4113	ok	0.125	0.125	84	5x3xm4di
s2189	3x3xkmd2de	81821033-2189	ok	1.497	1.496	0	3x3xkmd2de
s5474	8jadb	81821033-5474	ok	0.001	0.001	16	8jadb
s3345	4x3xm4di	81821033-3345	ok	0.011	0.011	56	4x3xm4di
s3835	5jkm8	81821033-3835	ok	0.000	0.000	0	5jkm8
s7829	19jxade	81821033-7829	timeout	10.004	10.001	-1	19jxade
s6026	9jxkmd2db	81821033-6026	ok	0.519	0.519	0	9jxkmd2db
s2734	3x9m8da	81821033-2734	timeout	10.050	9.993	-1	3x9m8da
s1574	2x14md4db	81821033-1574	ok	1.135	1.128	436	2x14md4db
s8240	23jxm4db	81821033-8240	timeout	10.004	9.997	-1	23jxm4db
s5312	7x3m4db	81821033-5312	ok	0.329	0.329	212	7x3m4db
s3558	4x6adu	81821033-3558	timeout	10.002	9.999	-1	4x6adu
s1613	2x14xmd2de	81821033-1613	timeout	10.001	9.999	-1	2x14xmd2de
s8098	22jm4da	81821033-8098	timeout	10.044	9.971	-1	22jm4da
s8748	29jdu	81821033-8748	timeout	10.007	9.998	-1	29jdu
s86	2jkmd4db	81821033-86	timeout	10.004	10.003	-1	2jkmd4db
s8957	31jmd2de	81821033-8957	timeout	10.004	10.001	-1	31jmd2de
s2714	3x9md2db	81821033-2714	ok	2.423	2.422	366	3x9md2db
s1653	2x15m2di	81821033-1653	ok	3.294	3.293	478	2x15m2di
s2645	3x8xade	81821033-2645	timeout	10.080	10.010	-1	3x8xade
s15	2jr4di	81821033-15	crash	0.000	0.000	-1	2jr4di
s2923	4jm8	81821033-2923	ok	0.000	0.000	4	4jm8
s6907	12x2xm8	81821033-6907	ok	1.421	1.413	320	12x2xm8
s3220	4x2xkada	81821033-3220	ok	0.011	0.011	0	4x2xkada
s4790	6x3xmd4db	81821033-4790	ok	0.041	0.040	140	6x3xmd4db
s1194	2x10md4du	81821033-1194	timeout	10.008	10.001	-1	2x10md4du
s105	2x2di	81821033-105	ok	0.000	0.000	4	2x2di
s6250	10jda	81821033-6250	ok	0.307	0.307	30	10jda
s2336	3x5m4db	81821033-2336	ok	0.010	0.010	96	3x5m4db
s6361	10x2md2	81821033-6361	ok	0.044	0.044	192	10x2md2
s7241	14x2md4de	81821033-7241	timeout	10.001	9.998	-1	14x2md4de
s368	2x3km4db	81821033-368	ok	0.043	0.042	0	2x3km4db
s496	2x4r4da	81821033-496	ok	0.064	0.063	24	2x4r4da
s2348	3x5m8db	81821033-2348	ok	0.004	0.004	104	3x5m8db
s2342	3x5md4db	81821033-2342	ok	0.009	0.008	96	3x5md4db
s5520	8jm8du	81821033-5520	ok	0.015	0.015	16	8jm8du
s581	2x4xade	81821033-581	ok	0.021	0.021	15	2x4xade
s1268	2x11m2db	81821033-1268	ok	0.179	0.178	236	2x11m2db
s3021	4jxm8di	81821033-3021	timeout	10.001	9.998	-1	4jxm8di
s3550	4x5xm8da	81821033-3550	ok	1.846	1.846	172	4x5xm8da
s2353	3x5xa	81821033-2353	ok	0.015	0.015	81	3x5xa
s4544	6jxm4db	81821033-4544	ok	0.017	0.017	12	6jxm4db
s1867	3x2m8	81821033-1867	ok	0.000	0.000	16	3x2m8
s5611	8jxm8	81821033-5611	ok	0.105	0.105	24	8jxm8
s1023	2x8xr4di	81821033-1023	ok	0.051	0.051	104	2x8xr4di
s8286	24jmd2du	81821033-8286	timeout	10.061	9.996	-1	24jmd2du
s8404	25jxada	81821033-8404	timeout	10.006	9.998	-1	25jxada
s4351	5x6m4	81821033-4351	ok	1.358	1.351	492	5x6m4
s3457	4x5a	81821033-3457	ok	0.113	0.112	167	4x5a
s5881	9jmd2	81821033-5881	ok	0.014	0.014	25	9jmd2
s1204	2x10xada	81821033-1204	ok	7.231	7.230	161	2x10xada
s5624	8jxkdb	81821033-5624	ok	0.169	0.169	0	8jxkdb
s4189	5x4xr4	81821033-4189	ok	0.021	0.021	192	5x4xr4
s1178	2x10md2db	81821033-1178	ok	0.122	0.122	187	2x10md2db
s5113	7jxmd2	81821033-5113	ok	0.015	0.015	12	7jxmd2
s3749	5jade	81821033-3749	ok	0.005	0.005	5	5jade
s2390	3x5xmd4db	81821033-2390	ok	0.014	0.014	86	3x5xmd4db
s5925	9jkm2di	81821033-5925	ok	0.321	0.321	0	9jkm2di
s4250	5x5md2db	81821033-4250	ok	0.548	0.548	285	5x5md2db
s8672	28jm4db	81821033-8672	timeout	10.020	9.998	-1	28jm4db
s5778	8x3r4du	81821033-5778	timeout	10.016	9.999	-1	8x3r4du
s2597	3x8ade	81821033-2597	timeout	10.022	10.004	-1	3x8ade
s1225	2x10xmd2	81821033-1225	ok	0.040	0.040	192	2x10xmd2
s5811	8x3xadi	81821033-5811	ok	3.791	3.789	231	8x3xadi
s4177	5x4xa	81821033-4177	ok	0.091	0.090	160	5x4xa
s3622	4x6xm2da	81821033-3622	timeout	10.003	10.003	-1	4x6xm2da
s4528	6jxr4da	81821033-4528	ok	0.090	0.090	8	6jxr4da
s8632	27jxmd4da	81821033-8632	timeout	10.036	9.977	-1	27jxmd4da
s6908	12x2xm8db	81821033-6908	ok	1.647	1.647	296	12x2xm8db
s120	2x2m2du	81821033-120	ok	0.000	0.000	4	2x2m2du
s6633	11x2di	81821033-6633	ok	0.500	0.500	234	11x2di
s5543	8jkm2de	81821033-5543	ok	2.432	2.432	0	8jkm2de
s3941	5x2ade	81821033-3941	ok	0.052	0.052	32	5x2ade
s3307	4x3m8	81821033-3307	ok	0.001	0.001	68	4x3m8
s6180	9x3m4du	81821033-6180	timeout	10.007	10.002	-1	9x3m4du
s7789	19jr4	81821033-7789	timeout	10.042	9.996	-1	19jr4
s66	2jkr4du	81821033-66	timeout	10.012	9.996	-1	2jkr4du
s7981	21jr4	81821033-7981	timeout	10.000	10.000	-1	21jr4
s395	2x3xde	81821033-395	ok	0.003	0.003	8	2x3xde
s5025	7jm4di	81821033-5025	ok	0.008	0.007	11	7jm4di
s6847	12x2m4	81821033-6847	ok	0.089	0.089	316	12x2m4
s421	2x3xmd4	81821033-421	ok	0.000	0.000	10	2x3xmd4
s616	2x4xmd4da	81821033-616	ok	0.041	0.041	20	2x4xmd4da
s166	2x2km2da	81821033-166	ok	0.000	0.000	0	2x2km2da
s5650	8jxkm4da	81821033-5650	ok	0.288	0.288	0	8jxkm4da
s4407	5x6xmd4di	81821033-4407	timeout	10.008	10.000	-1	5x6xmd4di
s342	2x3kadu	81821033-342	ok	0.016	0.016	0	2x3kadu
s4499	6jkm4de	81821033-4499	ok	0.284	0.284	0	6jkm4de
s6969	13jxdi	81821033-6969	timeout	10.104	10.022	-1	13jxdi
s1686	2x15xadu	81821033-1686	timeout	10.004	10.000	-1	2x15xadu
s8911	30jxm4	81821033-8911	timeout	10.002	10.000	-1	30jxm4
s1929	3x2xdi	81821033-1929	ok	0.003	0.003	8	3x2xdi
s500	2x4m2db	81821033-500	ok	0.001	0.001	22	2x4m2db
s7395	15x2adi	81821033-7395	timeout	10.007	9.999	-1	15x2adi
s8794	29jxda	81821033-8794	timeout	10.060	9.995	-1	29jxda
s5486	8jr4db	81821033-5486	ok	0.009	0.009	20	8jr4db
s47	2jm8de	81821033-47	crash	0.000	0.000	-1	2jm8de
s6704	11x2xm4db	81821033-6704	ok	0.130	0.129	232	11x2xm4db
s4910	6x5r4db	81821033-4910	timeout	10.004	10.001	-1	6x5r4db
s1818	3jkmd4du	81821033-1818	ok	0.000	0.000	0	3jkmd4du
s672	2x4xkm8du	81821033-672	ok	0.049	0.049	0	2x4xkm8du
s5093	7jxade	81821033-5093	ok	0.016	0.016	7	7jxade
s1720	2x15xmd4da	81821033-1720	timeout	10.004	10.003	-1	2x15xmd4da
s8712	28jxm2du	81821033-8712	timeout	10.012	10.006	-1	28jxm2du
s4640	6x2m4db	81821033-4640	ok	0.002	0.002	64	6x2m4db
s8003	21jm4de	81821033-8003	timeout	10.060	9.984	-1	21jm4de
s8902	30jxm2da	81821033-8902	timeout	10.003	9.999	-1	30jxm2da
s7282	14x2xm4da	81821033-7282	timeout	10.004	10.002	-1	14x2xm4da
s9006	31jxmd2du	81821033-9006	timeout	10.002	9.997	-1	31jxmd2du
s7526	16jmd4db	81821033-7526	timeout	10.072	10.000	-1	16jmd4db
s3834	5jkmd4du	81821033-3834	ok	0.004	0.004	0	5jkmd4du
s4927	6x5m4	81821033-4927	timeout	10.004	10.001	-1	6x5m4
s4765	6x3xr4	81821033-4765	ok	0.144	0.144	144	6x3xr4
s8850	30jr4du	81821033-8850	timeout	10.020	10.010	-1	30jr4du
s5518	8jm8da	81821033-5518	ok	0.281	0.280	20	8jm8da
s6654	11x2md2du	81821033-6654	timeout	10.008	10.003	-1	11x2md2du
s6481	10x3xa	81821033-6481	timeout	10.076	10.012	-1	10x3xa
s50	2jkadb	81821033-50	timeout	10.004	10.003	-1	2jkadb
s2723	3x9m4de	81821033-2723	timeout	10.007	10.000	-1	3x9m4de
s8042	21jxmd2db	81821033-8042	timeout	10.008	10.002	-1	21jxmd2db
s3367	4x4	81821033-3367	ok	0.009	0.009	112	4x4
s8319	24jxr4di	81821033-8319	timeout	10.092	10.022	-1	24jxr4di
s6391	10x2x	81821033-6391	ok	0.037	0.037	196	10x2x
s5821	8x3xr4	81821033-5821	ok	0.056	0.056	292	8x3xr4
s1078	2x9m2da	81821033-1078	ok	2.939	2.938	146	2x9m2da
s3451	4x4xm8	81821033-3451	ok	0.004	0.004	120	4x4xm8
s2987	4jxde	81821033-2987	ok	0.011	0.011	4	4jxde
s8815	29jxm4	81821033-8815	timeout	10.004	10.001	-1	29jxm4
s5160	7jxkm2du	81821033-5160	timeout	10.004	9.992	-1	7jxkm2du
s8498	26jxadb	81821033-8498	timeout	10.026	9.972	-1	26jxadb
s3177	4x2xdi	81821033-3177	ok	0.004	0.003	18	4x2xdi
s542	2x4kr4db	81821033-542	ok	0.005	0.005	0	2x4kr4db
s6395	10x2xde	81821033-6395	ok	4.370	4.369	172	10x2xde
s2391	3x5xmd4di	81821033-2391	ok	0.041	0.041	84	3x5xmd4di
s307	2x3m2	81821033-307	ok	0.000	0.000	12	2x3m2
s8331	24jxmd2di	81821033-8331	timeout	10.008	10.004	-1	24jxmd2di
s2852	3x10xm2db	81821033-2852	timeout	10.004	10.001	-1	3x10xm2db
s4454	6jmd4db	81821033-4454	ok	0.000	0.000	8	6jmd4db
s1504	2x13xr4da	81821033-1504	timeout	10.019	9.986	-1	2x13xr4da
s7193	14jxmd4de	81821033-7193	timeout	10.044	9.986	-1	14jxmd4de
s1487	2x13m8de	81821033-1487	timeout	10.004	9.998	-1	2x13m8de
s6871	12x2x	81821033-6871	ok	0.409	0.409	296	12x2x
s8314	24jxda	81821033-8314	timeout	10.007	10.002	-1	24jxda
s2785	3x10a	81821033-2785	timeout	10.008	10.003	-1	3x10a
s7648	17jxr4da	81821033-7648	timeout	10.084	10.015	-1	17jxr4da
s5824	8x3xr4da	81821033-5824	timeout	10.006	10.000	-1	8x3xr4da
s2007	3x2xkmd4di	81821033-2007	ok	0.002	0.002	0	3x2xkmd4di
s5603	8jxm4de	81821033-5603	ok	0.321	0.320	16	8jxm4de
s8401	25jxa	81821033-8401	timeout	10.004	10.001	-1	25jxa
s1448	2x13db	81821033-1448	ok	0.583	0.583	346	2x13db
s480	2x3xkm8du	81821033-480	ok	0.888	0.887	0	2x3xkm8du
s7441	15x2xa	81821033-7441	ok	4.279	4.269	441	15x2xa
s2748	3x9xdu	81821033-2748	timeout	10.060	10.005	-1	3x9xdu
s3348	4x3xm4du	81821033-3348	ok	0.466	0.462	44	4x3xm4du
s2241	3x4m4di	81821033-2241	ok	0.088	0.088	56	3x4m4di
s3302	4x3md4db	81821033-3302	ok	0.003	0.003	56	4x3md4db
s8665	28jmd2	81821033-8665	timeout	10.004	9.997	-1	28jmd2
s1603	2x14xm2	81821033-1603	ok	0.284	0.284	422	2x14xm2
s4729	6x3md2	81821033-4729	ok	0.021	0.021	147	6x3md2
s1805	3jkmd2de	81821033-1805	ok	0.000	0.000	0	3jkmd2de
s1915	3x2km8	81821033-1915	ok	0.001	0.001	0	3x2km8
s1355	2x12de	81821033-1355	timeout	10.000	9.997	-1	2x12de
s962	2x8adb	81821033-962	ok	0.054	0.054	99	2x8adb
s2829	3x10m8di	81821033-2829	timeout	10.000	9.998	-1	3x10m8di
s3291	4x3md2di	81821033-3291	ok	0.023	0.023	47	4x3md2di
s3569	4x6r4de	81821033-3569	timeout	10.050	9.980	-1	4x6r4de
s8909	30jxmd2de	81821033-8909	timeout	10.001	9.996	-1	30jxmd2de
s6223	9x3xm4	81821033-6223	timeout	10.002	9.999	-1	9x3xm4
s4253	5x5md2de	81821033-4253	timeout	10.001	9.998	-1	5x5md2de
s8680	28jmd4da	81821033-8680	timeout	10.044	9.979	-1	28jmd4da
s1560	2x14m2du	81821033-1560	timeout	10.004	9.997	-1	2x14m2du
s6347	10x2de	81821033-6347	ok	7.749	7.746	186	10x2de
s1470	2x13md2du	81821033-1470	timeout	10.004	10.002	-1	2x13md2du
s4052	5x3m2db	81821033-4052	ok	0.018	0.018	89	5x3m2db
s5285	7x3ade	81821033-5285	timeout	10.080	10.012	-1	7x3ade
s3193	4x2xmd2	81821033-3193	ok	0.001	0.000	18	4x2xmd2
s3786	5jmd4du	81821033-3786	ok	0.007	0.007	4	5jmd4du
s8858	30jmd2db	81821033-8858	timeout	10.012	10.004	-1	30jmd2db
s3583	4x6m4	81821033-3583	ok	0.104	0.104	312	4x6m4
s3275	4x3de	81821033-3275	ok	0.222	0.222	60	4x3de
s8108	22jm8db	81821033-8108	timeout	10.007	10.003	-1	22jm8db
s2651	3x8xde	81821033-2651	timeout	10.005	9.998	-1	3x8xde
s3993	5x2xdi	81821033-3993	ok	0.004	0.004	32	5x2xdi
s6683	11x2xde	81821033-6683	timeout	10.020	9.993	-1	11x2xde
s4829	6x4md2de	81821033-4829	timeout	10.034	10.006	-1	6x4md2de
s8890	30jxda	81821033-8890	timeout	10.004	10.002	-1	30jxda
s586	2x4xda	81821033-586	ok	0.005	0.005	16	2x4xda
s8466	26jr4du	81821033-8466	timeout	10.048	10.016	-1	26jr4du
s6787	12jxm2	81821033-6787	timeout	10.004	9.998	-1	12jxm2
s7887	20jr4di	81821033-7887	timeout	10.044	9.979	-1	20jr4di
s1832	3x2db	81821033-1832	ok	0.001	0.001	10	3x2db
s3576	4x6m2du	81821033-3576	timeout	10.003	10.001	-1	4x6m2du
s7592	17jdb	81821033-7592	timeout	10.004	10.002	-1	17jdb
s6622	11jxm8da	81821033-6622	timeout	10.020	9.980	-1	11jxm8da
s8573	27jmd2de	81821033-8573	timeout	10.046	9.990	-1	27jmd2de
s7306	15jda	81821033-7306	timeout	10.004	10.000	-1	15jda
s4075	5x3m8	81821033-4075	ok	0.002	0.002	120	5x3m8
s669	2x4xkm8di	81821033-669	ok	0.015	0.015	0	2x4xkm8di
s4456	6jmd4da	81821033-4456	ok	0.110	0.109	8	6jmd4da
s7232	14x2m4db	81821033-7232	ok	0.357	0.357	448	14x2m4db
s5642	8jxkmd2db	81821033-5642	ok	1.829	1.828	0	8jxkmd2db
s1045	2x8xmd4	81821033-1045	ok	0.005	0.005	124	2x8xmd4
s1112	2x9xdb	81821033-1112	ok	0.072	0.072	132	2x9xdb
s8566	27jm2da	81821033-8566	timeout	10.004	9.999	-1	27jm2da
s1266	2x11r4du	81821033-1266	timeout	10.068	10.010	-1	2x11r4du
s5775	8x3r4di	81821033-5775	ok	0.820	0.811	280	8x3r4di
s5462	7x4xmd4db	81821033-5462	ok	1.547	1.536	366	7x4xmd4db
s7163	14jxde	81821033-7163	timeout	10.002	9.999	-1	14jxde
s3363	4x4adi	81821033-3363	ok	0.182	0.182	96	4x4adi
s8006	21jmd4db	81821033-8006	timeout	10.000	9.994	-1	21jmd4db
s5180	7jxkm8db	81821033-5180	ok	0.006	0.006	0	7jxkm8db
s1624	2x14xmd4da	81821033-1624	timeout	10.012	10.009	-1	2x14xmd4da
s5387	7x4de	81821033-5387	timeout	10.088	10.012	-1	7x4de
s5541	8jkm2di	81821033-5541	ok	0.080	0.080	0	8jkm2di
s8218	23jxda	81821033-8218	timeout	10.001	10.000	-1	23jxda
s7518	16jmd2du	81821033-7518	timeout	10.005	9.999	-1	16jmd2du
s3939	5x2adi	81821033-3939	ok	0.012	0.012	35	5x2adi
s3759	5jr4di	81821033-3759	ok	0.005	0.005	8	5jr4di
s4388	5x6xm2db	81821033-4388	timeout	10.004	10.002	-1	5x6xm2db
s489	2x4di	81821033-489	ok	0.018	0.018	22	2x4di
s2936	4jkdb	81821033-2936	ok	0.025	0.025	0	4jkdb
s1163	2x10de	81821033-1163	ok	2.023	2.021	188	2x10de
s6255	10jr4di	81821033-6255	ok	0.247	0.247	32	10jr4di
s3187	4x2xm2	81821033-3187	ok	0.001	0.001	20	4x2xm2
s7244	14x2m8db	81821033-7244	ok	0.204	0.204	440	14x2m8db
s6394	10x2xda	81821033-6394	ok	3.040	3.038	176	10x2xda
s4771	6x3xm2	81821033-4771	ok	0.454	0.454	140	6x3xm2
s6608	11jxm4db	81821033-6608	ok	10.032	9.957	36	11jxm4db
s8221	23jxr4	81821033-8221	timeout	10.004	10.001	-1	23jxr4
s5679	8x2r4di	81821033-5679	ok	0.093	0.093	120	8x2r4di
s3159	4x2kmd4di	81821033-3159	ok	0.030	0.030	0	4x2kmd4di
s6000	9jxm8du	81821033-6000	ok	1.558	1.538	12	9jxm8du
s8721	28jxm4di	81821033-8721	timeout	10.000	9.997	-1	28jxm4di
s2665	3x8xmd2	81821033-2665	ok	0.261	0.261	277	3x8xmd2
s593	2x4xr4de	81821033-593	ok	0.024	0.024	16	2x4xr4de
s2749	3x9xr4	81821033-2749	ok	4.028	4.008	392	3x9xr4
s8971	31jm8	81821033-8971	timeout	10.006	10.000	-1	31jm8
s8503	26jx	81821033-8503	timeout	10.025	10.005	-1	26jx
s6937	13jmd2	81821033-6937	ok	0.660	0.657	59	13jmd2
s2607	3x8r4di	81821033-2607	ok	0.669	0.664	280	3x8r4di
s7177	14jxmd2	81821033-7177	timeout	10.002	10.000	-1	14jxmd2
s1994	3x2xkmd2db	81821033-1994	ok	0.000	0.000	0	3x2xkmd2db
s2559	3x7xr4di	81821033-2559	ok	1.436	1.435	180	3x7xr4di
s6135	9x2xmd4di	81821033-6135	ok	0.098	0.098	146	9x2xmd4di
s6756	12jm4du	81821033-6756	timeout	10.020	9.993	-1	12jm4du
s3665	4x7r4de	81821033-3665	timeout	10.004	9.998	-1	4x7r4de
s5385	7x4di	81821033-5385	ok	4.935	4.933	376	7x4di
s5930	9jkmd2db	81821033-5930	ok	0.044	0.044	0	9jkmd2db
s8654	28jr4db	81821033-8654	timeout	10.050	10.007	-1	28jr4db
s1193	2x10md4de	81821033-1193	ok	4.114	4.113	202	2x10md4de
s6774	12jxadu	81821033-6774	timeout	10.048	9.999	-1	12jxadu
s4408	5x6xmd4da	81821033-4408	timeout	10.004	9.997	-1	5x6xmd4da
s7715	18jm4de	81821033-7715	timeout	10.004	9.999	-1	18jm4de
s3059	4jxkm4de	81821033-3059	ok	0.151	0.150	0	4jxkm4de
s7904	20jm4db	81821033-7904	timeout	10.003	10.002	-1	20jm4db
s2657	3x8xr4de	81821033-2657	timeout	10.084	10.008	-1	3x8xr4de
s5744	8x2xm4db	81821033-5744	ok	0.015	0.015	108	8x2xm4db
s7773	18jxm8di	81821033-7773	timeout	10.008	10.001	-1	18jxm8di
s4787	6x3xm4de	81821033-4787	ok	2.803	2.801	136	6x3xm4de
s4822	6x4m2da	81821033-4822	timeout	10.001	9.999	-1	6x4m2da
s3476	4x5m2db	81821033-3476	ok	0.138	0.137	174	4x5m2db
s3230	4x2xkr4db	81821033-3230	ok	0.004	0.004	0	4x2xkr4db
s5527	8jk	81821033-5527	ok	0.025	0.025	0	8jk
s1505	2x13xr4de	81821033-1505	timeout	10.004	10.001	-1	2x13xr4de
s2366	3x5xr4db	81821033-2366	ok	0.009	0.009	88	3x5xr4db
s1031	2x8xm2de	81821033-1031	ok	2.635	2.635	102	2x8xm2de
s6349	10x2r4	81821033-6349	ok	0.018	0.018	208	10x2r4
s1051	2x8xm8	81821033-1051	ok	0.004	0.004	124	2x8xm8
s2358	3x5xadu	81821033-2358	timeout	10.049	9.974	-1	3x5xadu
s6093	9x2m8di	81821033-6093	ok	0.096	0.096	168	9x2m8di
s6010	9jxkda	81821033-6010	ok	3.435	3.418	0	9jxkda
s405	2x3xm2di	81821033-405	ok	0.036	0.036	8	2x3xm2di
s1039	2x8xm4	81821033-1039	ok	0.005	0.005	128	2x8xm4
s6529	11ja	81821033-6529	ok	0.006	0.006	34	11ja
s2702	3x9r4db	81821033-2702	timeout	10.005	10.000	-1	3x9r4db
s143	2x2m8de	81821033-143	crash	0.000	0.000	-1	2x2m8de
s1280	2x11m4db	81821033-1280	ok	0.105	0.105	248	2x11m4db
s3548	4x5xm8db	81821033-3548	ok	0.035	0.035	172	4x5xm8db
s5326	7x3m8da	81821033-5326	ok	1.574	1.572	204	7x3m8da
s8195	23jm4de	81821033-8195	timeout	10.003	9.999	-1	23jm4de
s2733	3x9m8di	81821033-2733	timeout	10.003	9.998	-1	3x9m8di
s486	2x4adu	81821033-486	ok	0.154	0.154	20	2x4adu
s5054	7jkr4db	81821033-5054	ok	0.001	0.001	0	7jkr4db
s1850	3x2md2db	81821033-1850	ok	0.002	0.001	11	3x2md2db
s338	2x3kadb	81821033-338	ok	0.007	0.007	0	2x3kadb
s1242	2x10xmd4du	81821033-1242	timeout	10.076	9.997	-1	2x10xmd4du
s4404	5x6xm4du	81821033-4404	timeout	10.005	9.997	-1	5x6xm4du
s3815	5jkm2de	81821033-3815	ok	0.347	0.346	0	5jkm2de
s4366	5x6m8da	81821033-4366	timeout	10.004	10.002	-1	5x6m8da
s8165	23jade	81821033-8165	timeout	10.003	9.999	-1	23jade
s3698	4x7xadb	81821033-3698	ok	3.395	3.394	333	4x7xadb
s3855	5jxr4di	81821033-3855	ok	0.005	0.005	4	5jxr4di
s3658	4x7da	81821033-3658	timeout	10.068	10.003	-1	4x7da
s3019	4jxm8	81821033-3019	ok	0.000	0.000	8	4jxm8
s8462	26jr4db	81821033-8462	timeout	10.001	9.996	-1	26jr4db
s8428	25jxmd2da	81821033-8428	timeout	10.004	10.000	-1	25jxmd2da
s8302	24jm8da	81821033-8302	timeout	10.003	10.000	-1	24jm8da
s132	2x2m4du	81821033-132	crash	0.000	0.000	-1	2x2m4du
s5282	7x3adb	81821033-5282	ok	0.371	0.370	184	7x3adb
s1518	2x13xmd2du	81821033-1518	timeout	10.055	9.979	-1	2x13xmd2du
s7070	13x2xr4db	81821033-7070	ok	1.182	1.172	348	13x2xr4db
s963	2x8adi	81821033-963	ok	0.142	0.142	100	2x8adi
s5363	7x3xm4de	81821033-5363	timeout	10.008	10.002	-1	7x3xm4de
s3152	4x2km4db	81821033-3152	ok	0.004	0.004	0	4x2km4db
s5767	8x3	81821033-5767	ok	0.210	0.210	280	8x3
s1548	2x14du	81821033-1548	timeout	10.004	9.999	-1	2x14du
s6089	9x2md4de	81821033-6089	ok	1.109	1.108	156	9x2md4de
s394	2x3xda	81821033-394	ok	0.004	0.004	8	2x3xda
s2074	3x3kda	81821033-2074	ok	0.066	0.066	0	3x3kda
s2207	3x3xkm8de	81821033-2207	ok	1.862	1.860	0	3x3xkm8de
s2899	4jm2	81821033-2899	ok	0.000	0.000	6	4jm2
s698	2x5md2db	81821033-698	ok	0.002	0.002	36	2x5md2db
s4309	5x5xmd4	81821033-4309	ok	0.087	0.087	310	5x5xmd4
s860	2x6xm8db	81821033-860	ok	0.002	0.002	60	2x6xm8db
s7221	14x2m2di	81821033-7221	ok	2.801	2.799	416	14x2m2di
s5406	7x4md2du	81821033-5406	timeout	10.001	9.999	-1	7x4md2du
s8443	25jxm8	81821033-8443	timeout	10.059	9.986	-1	25jxm8
s1838	3x2r4db	81821033-1838	ok	0.000	0.000	12	3x2r4db
s8353	25ja	81821033-8353	timeout	10.008	10.001	-1	25ja
s7383	15jxmd4di	81821033-7383	timeout	10.004	10.000	-1	15jxmd4di
s7310	15jr4db	81821033-7310	timeout	10.004	10.002	-1	15jr4db
s4714	6x3da	81821033-4714	ok	1.418	1.418	142	6x3da
s1243	2x10xm8	81821033-1243	ok	0.012	0.012	212	2x10xm8
s5727	8x2xr4di	81821033-5727	ok	0.036	0.036	112	8x2xr4di
s736	2x5xr4da	81821033-736	ok	0.027	0.027	32	2x5xr4da
s1058	2x9adb	81821033-1058	ok	0.160	0.160	137	2x9adb
s1791	3jkr4di	81821033-1791	ok	0.000	0.000	0	3jkr4di
s6662	11x2md4db	81821033-6662	ok	0.100	0.100	248	11x2md4db
s604	2x4xmd2da	81821033-604	ok	0.024	0.024	16	2x4xmd2da
s8284	24jmd2da	81821033-8284	timeout	10.091	10.025	-1	24jmd2da
s2113	3x3xa	81821033-2113	ok	0.001	0.001	20	3x3xa
s7696	18jr4da	81821033-7696	timeout	10.008	10.002	-1	18jr4da
s8844	30jdu	81821033-8844	timeout	10.004	10.002	-1	30jdu
s8866	30jm4da	81821033-8866	timeout	10.001	9.997	-1	30jm4da
s90	2jkmd4du	81821033-90	timeout	10.063	9.988	-1	2jkmd4du
s371	2x3km4de	81821033-371	ok	0.255	0.254	0	2x3km4de
s8133	22jxm2di	81821033-8133	timeout	10.008	10.002	-1	22jxm2di
s6316	10jxmd2da	81821033-6316	ok	4.271	4.245	23	10jxmd2da
s1262	2x11r4db	81821033-1262	ok	0.094	0.081	252	2x11r4db
s8969	31jmd4de	81821033-8969	timeout	10.004	10.000	-1	31jmd4de
s4830	6x4md2du	81821033-4830	timeout	10.004	10.002	-1	6x4md2du
s1465	2x13md2	81821033-1465	ok	2.923	2.921	360	2x13md2
s8032	21jxr4da	81821033-8032	timeout	10.004	9.995	-1	21jxr4da
s8436	25jxm4du	81821033-8436	timeout	10.048	9.988	-1	25jxm4du
s6024	9jxkm2du	81821033-6024	timeout	10.004	10.002	-1	9jxkm2du
s2746	3x9xda	81821033-2746	timeout	10.004	10.003	-1	3x9xda
s5794	8x3m4da	81821033-5794	timeout	10.008	10.001	-1	8x3m4da
s4435	6jm2	81821033-4435	ok	0.000	0.000	10	6jm2
s7998	21jmd2du	81821033-7998	timeout	10.068	10.005	-1	21jmd2du
s7418	15x2md2db	81821033-7418	ok	1.705	1.704	490	15x2md2db
s2596	3x8ada	81821033-2596	timeout	10.004	10.000	-1	3x8ada
s8480	26jm4db	81821033-8480	timeout	10.003	10.001	-1	26jm4db
s3458	4x5adb	81821033-3458	ok	0.273	0.272	155	4x5adb
s8686	28jm8da	81821033-8686	timeout	10.068	10.000	-1	28jm8da
s7663	17jxm4	81821033-7663	timeout	10.002	9.992	-1	17jxm4
s1648	2x15r4da	81821033-1648	timeout	10.004	9.999	-1	2x15r4da
s5522	8jkadb	81821033-5522	ok	0.043	0.043	0	8jkadb
s5201	7x2r4de	81821033-5201	ok	0.444	0.443	84	7x2r4de
s6278	10jmd4db	81821033-6278	ok	0.006	0.006	28	10jmd4db
s1618	2x14xm4da	81821033-1618	timeout	10.003	9.998	-1	2x14xm4da
s5446	7x4xm2da	81821033-5446	timeout	10.040	9.954	-1	7x4xm2da
s2183	3x3xkm2de	81821033-2183	ok	0.062	0.062	0	3x3xkm2de
s3005	4jxmd2de	81821033-3005	timeout	10.001	9.998	-1	4jxmd2de
s8077	22jr4	81821033-8077	timeout	10.009	10.003	-1	22jr4
s2512	3x7r4da	81821033-2512	ok	4.453	4.449	204	3x7r4da
s1333	2x11xmd4	81821033-1333	ok	0.498	0.498	256	2x11xmd4
s6105	9x2xdi	81821033-6105	ok	0.214	0.214	136	9x2xdi
s3434	4x4xmd2db	81821033-3434	ok	0.081	0.080	99	4x4xmd2db
s4964	6x5xm2db	81821033-4964	timeout	10.004	10.002	-1	6x5xm2db
s6739	12jm2	81821033-6739	ok	0.679	0.679	50	12jm2
s8063	21jxm8de	81821033-8063	timeout	10.062	9.993	-1	21jxm8de
s2901	4jm2di	81821033-2901	ok	0.006	0.005	4	4jm2di
s7617	17jm4di	81821033-7617	timeout	10.004	10.002	-1	17jm4di
s5525	8jkade	81821033-5525	ok	0.399	0.399	0	8jkade
s4888	6x4xmd4da	81821033-4888	timeout	10.006	9.998	-1	6x4xmd4da
s7796	19jm2db	81821033-7796	timeout	10.000	9.998	-1	19jm2db
s5313	7x3m4di	81821033-5313	ok	0.430	0.430	205	7x3m4di
s4905	6x5di	81821033-4905	ok	7.632	7.631	446	6x5di
s2111	3x3km8de	81821033-2111	timeout	10.078	10.004	-1	3x3km8de
s5607	8jxmd4di	81821033-5607	ok	0.111	0.110	12	8jxmd4di
s4977	6x5xm4di	81821033-4977	timeout	10.008	10.000	-1	6x5xm4di
s7258	14x2xda	81821033-7258	timeout	10.002	9.999	-1	14x2xda
s346	2x3kda	81821033-346	ok	0.041	0.040	0	2x3kda
s7560	16jxm2du	81821033-7560	timeout	10.001	9.997	-1	16jxm2du
s6786	12jxr4du	81821033-6786	timeout	10.049	9.977	-1	12jxr4du
s222	2x2xmd2du	81821033-222	ok	0.000	0.000	4	2x2xmd2du
s2291	3x4xm4de	81821033-2291	ok	0.024	0.024	48	3x4xm4de
s4909	6x5r4	81821033-4909	timeout	10.008	10.001	-1	6x5r4
s5878	9jm2da	81821033-5878	ok	0.009	0.009	19	9jm2da
s5511	8jmd4di	81821033-5511	ok	0.009	0.009	18	8jmd4di
s2095	3x3km4	81821033-2095	ok	0.001	0.001	0	3x3km4
s9019	31jxm8	81821033-9019	timeout	10.034	10.008	-1	31jxm8
s7365	15jxm2di	81821033-7365	timeout	10.004	10.000	-1	15jxm2di
s4555	6jxm8	81821033-4555	ok	0.001	0.001	16	6jxm8
s2402	3x6adb	81821033-2402	ok	0.119	0.119	127	3x6adb
s6973	13jxr4	81821033-6973	timeout	10.027	9.996	-1	13jxr4
s3607	4x6x	81821033-3607	ok	2.135	2.134	274	4x6x
s1671	2x15md4di	81821033-1671	timeout	10.001	9.995	-1	2x15md4di
s2826	3x10md4du	81821033-2826	timeout	10.068	10.014	-1	3x10md4du
s7147	14jm8	81821033-7147	timeout	10.012	10.002	-1	14jm8
s8907	30jxmd2di	81821033-8907	timeout	10.004	9.999	-1	30jxmd2di
s1539	2x14adi	81821033-1539	ok	5.380	5.376	381	2x14adi
s6880	12x2xr4da	81821033-6880	ok	5.794	5.792	284	12x2xr4da
s6208	9x3xr4da	81821033-6208	timeout	10.068	10.010	-1	9x3xr4da
s7927	20jx	81821033-7927	timeout	10.004	9.999	-1	20jx
s336	2x3m8du	81821033-336	timeout	10.008	9.999	-1	2x3m8du
s3740	4x7xm8db	81821033-3740	ok	0.419	0.419	388	4x7xm8db
s4022	5x2xmd4db	81821033-4022	ok	0.002	0.002	36	5x2xmd4db
s6995	13jxm4de	81821033-6995	timeout	10.001	9.998	-1	13jxm4de
s3398	4x4md4db	81821033-3398	ok	0.017	0.017	112	4x4md4db
s709	2x5md4	81821033-709	ok	0.001	0.001	44	2x5md4
s5641	8jxkmd2	81821033-5641	ok	0.046	0.046	0	8jxkmd2
s4730	6x3md2db	81821033-4730	ok	0.055	0.055	132	6x3md2db
s1458	2x13r4du	81821033-1458	timeout	10.036	9.968	-1	2x13r4du
s7725	18jm8di	81821033-7725	timeout	10.000	9.994	-1	18jm8di
s6885	12x2xm2di	81821033-6885	ok	0.723	0.722	266	12x2xm2di
s242	2x2xkadb	81821033-242	ok	0.000	0.000	0	2x2xkadb
s4080	5x3m8du	81821033-4080	ok	0.420	0.420	101	5x3m8du
s1817	3jkmd4de	81821033-1817	ok	0.000	0.000	0	3jkmd4de
s3433	4x4xmd2	81821033-3433	ok	0.013	0.013	105	4x4xmd2
s6488	10x3xdb	81821033-6488	timeout	10.007	10.001	-1	10x3xdb
s3198	4x2xmd2du	81821033-3198	ok	0.045	0.045	13	4x2xmd2du
s1557	2x14m2di	81821033-1557	ok	5.426	5.422	414	2x14m2di
s1921	3x2xa	81821033-1921	ok	0.000	0.000	9	3x2xa
s4302	5x5xmd2du	81821033-4302	timeout	10.005	9.998	-1	5x5xmd2du
s8941	31jr4	81821033-8941	timeout	10.052	10.000	-1	31jr4
s433	2x3xka	81821033-433	ok	0.000	0.000	0	2x3xka
s3690	4x7md4du	81821033-3690	timeout	10.006	10.000	-1	4x7md4du
s4401	5x6xm4di	81821033-4401	ok	3.711	3.707	448	5x6xm4di
s8846	30jr4db	81821033-8846	timeout	10.024	10.003	-1	30jr4db
s7552	16jxr4da	81821033-7552	timeout	10.004	10.001	-1	16jxr4da
s2686	3x8xm8da	81821033-2686	timeout	10.035	10.008	-1	3x8xm8da
s6176	9x3m4db	81821033-6176	ok	0.513	0.513	369	9x3m4db
s7586	17jadb	81821033-7586	timeout	10.037	10.008	-1	17jadb
s8752	29jr4da	81821033-8752	timeout	10.032	9.981	-1	29jr4da
s3098	4x2md2db	81821033-3098	ok	0.001	0.001	22	4x2md2db
s8417	25jxr4de	81821033-8417	timeout	10.004	10.000	-1	25jxr4de
s3522	4x5xr4du	81821033-3522	timeout	10.003	10.001	-1	4x5xr4du
s4819	6x4m2	81821033-4819	ok	2.977	2.963	280	6x4m2
s6224	9x3xm4db	81821033-6224	ok	0.486	0.486	354	9x3xm4db
s5003	7jde	81821033-5003	ok	0.021	0.020	12	7jde
s3510	4x5xadu	81821033-3510	timeout	10.008	9.999	-1	4x5xadu
s8201	23jmd4de	81821033-8201	timeout	10.004	10.001	-1	23jmd4de
s4613	6x2ade	81821033-4613	ok	0.136	0.135	49	6x2ade
s3464	4x5db	81821033-3464	ok	0.092	0.091	172	4x5db
s7284	14x2xm4du	81821033-7284	timeout	10.042	9.974	-1	14x2xm4du
s8891	30jxde	81821033-8891	timeout	10.000	10.000	-1	30jxde
s8022	21jxadu	81821033-8022	timeout	10.012	10.005	-1	21jxadu
s145	2x2ka	81821033-145	ok	0.000	0.000	0	2x2ka
s1454	2x13r4db	81821033-1454	ok	0.261	0.261	372	2x13r4db
s5586	8jxr4du	81821033-5586	ok	0.402	0.402	12	8jxr4du
s8788	29jxada	81821033-8788	timeout	10.004	9.999	-1	29jxada
s4154	5x4md2db	81821033-4154	ok	0.098	0.098	178	5x4md2db
s1797	3jkm2di	81821033-1797	ok	0.000	0.000	0	3jkm2di
s2295	3x4xmd4di	81821033-2295	ok	0.011	0.011	48	3x4xmd4di
s4305	5x5xm4di	81821033-4305	ok	1.853	1.853	278	5x5xm4di
s4914	6x5r4du	81821033-4914	timeout	10.088	10.019	-1	6x5r4du
s7982	21jr4db	81821033-7982	timeout	10.004	10.003	-1	21jr4db
s2186	3x3xkmd2db	81821033-2186	ok	0.002	0.002	0	3x3xkmd2db
s3756	5jdu	81821033-3756	ok	0.018	0.018	6	5jdu
s2327	3x5m2de	81821033-2327	ok	0.893	0.889	96	3x5m2de
s5250	7x2xr4du	81821033-5250	ok	7.389	7.382	72	7x2xr4du
s4509	6jkm8di	81821033-4509	ok	0.021	0.021	0	6jkm8di
s4464	6jm8du	81821033-4464	ok	0.023	0.023	8	6jm8du
s5236	7x2xada	81821033-5236	ok	0.549	0.548	62	7x2xada
s1110	2x9xadu	81821033-1110	timeout	10.001	9.997	-1	2x9xadu
s4310	5x5xmd4db	81821033-4310	ok	0.303	0.303	288	5x5xmd4db
s322	2x3m4da	81821033-322	ok	0.071	0.071	12	2x3m4da
s8856	30jm2du	81821033-8856	timeout	10.011	10.001	-1	30jm2du
s3054	4jxkmd2du	81821033-3054	ok	0.098	0.098	0	4jxkmd2du
s4700	6x2xm8db	81821033-4700	ok	0.002	0.002	60	6x2xm8db
s6298	10jxda	81821033-6298	timeout	10.067	10.005	-1	10jxda
s5622	8jxkadu	81821033-5622	timeout	10.005	10.000	-1	8jxkadu
s3867	5jxmd2di	81821033-3867	ok	0.001	0.001	4	5jxmd2di
s3473	4x5r4de	81821033-3473	ok	4.722	4.720	180	4x5r4de
s5453	7x4xmd2de	81821033-5453	timeout	10.005	10.004	-1	7x4xmd2de
s3441	4x4xm4di	81821033-3441	ok	0.105	0.105	100	4x4xm4di
s6450	10x3r4du	81821033-6450	timeout	10.004	10.000	-1	10x3r4du
s4974	6x5xmd2du	81821033-4974	timeout	10.060	9.981	-1	6x5xmd2du
s2804	3x10m2db	81821033-2804	timeout	10.005	9.999	-1	3x10m2db
s6455	10x3m2de	81821033-6455	timeout	10.003	10.001	-1	10x3m2de
s2773	3x9xmd4	81821033-2773	ok	0.499	0.498	384	3x9xmd4
s492	2x4du	81821033-492	ok	0.272	0.272	20	2x4du
s2924	4jm8db	81821033-2924	ok	0.003	0.003	4	4jm8db
s5347	7x3xm2	81821033-5347	ok	0.162	0.162	206	7x3xm2
s1021	2x8xr4	81821033-1021	ok	0.006	0.006	116	2x8xr4
s441	2x3xkdi	81821033-441	ok	0.081	0.081	0	2x3xkdi
s465	2x3xkm4di	81821033-465	ok	0.046	0.046	0	2x3xkm4di
s5104	7jxr4da	81821033-5104	ok	0.046	0.045	12	7jxr4da
s2965	4jkmd4	81821033-2965	ok	0.000	0.000	0	4jkmd4
s388	2x3xada	81821033-388	ok	0.001	0.001	6	2x3xada
s4635	6x2md2di	81821033-4635	ok	0.016	0.016	56	6x2md2di
s8693	28jxade	81821033-8693	timeout	10.008	10.001	-1	28jxade
s2213	3x4ade	81821033-2213	ok	0.207	0.207	47	3x4ade
s973	2x8r4	81821033-973	ok	0.006	0.006	128	2x8r4
s3947	5x2de	81821033-3947	ok	0.057	0.056	38	5x2de
s484	2x4ada	81821033-484	ok	0.024	0.024	20	2x4ada
s8193	23jm4di	81821033-8193	timeout	10.048	9.985	-1	23jm4di
s3161	4x2kmd4de	81821033-3161	ok	0.458	0.457	0	4x2kmd4de
s4469	6jkade	81821033-4469	ok	2.198	2.195	0	6jkade
s1748	3jm2db	81821033-1748	ok	0.000	0.000	2	3jm2db
s2375	3x5xm2de	81821033-2375	ok	0.902	0.901	73	3x5xm2de
s5619	8jxkadi	81821033-5619	ok	1.782	1.781	0	8jxkadi
s5582	8jxr4db	81821033-5582	ok	0.071	0.070	16	8jxr4db
s4651	6x2m8	81821033-4651	ok	0.001	0.001	68	6x2m8
s5653	8jxkmd4	81821033-5653	ok	0.105	0.105	0	8jxkmd4
s5926	9jkm2da	81821033-5926	ok	0.106	0.106	0	9jkm2da
s3254	4x2xkmd4db	81821033-3254	ok	0.002	0.002	0	4x2xkmd4db
s2918	4jmd4db	81821033-2918	ok	0.059	0.058	4	4jmd4db
s1491	2x13xadi	81821033-1491	ok	3.373	3.371	314	2x13xadi
s2264	3x4xdb	81821033-2264	ok	0.006	0.006	48	3x4xdb
s3963	5x2md2di	81821033-3963	ok	0.005	0.005	37	5x2md2di
s8556	27jdu	81821033-8556	timeout	10.004	10.000	-1	27jdu
s5634	8jxkr4du	81821033-5634	timeout	10.000	9.993	-1	8jxkr4du
s3529	4x5xmd2	81821033-3529	ok	0.042	0.042	175	4x5xmd2
s6629	11x2ade	81821033-6629	timeout	10.098	10.027	-1	11x2ade
s2469	3x6xm2di	81821033-2469	ok	0.218	0.218	122	3x6xm2di
s8198	23jmd4db	81821033-8198	timeout	10.003	9.998	-1	23jmd4db
s5882	9jmd2db	81821033-5882	ok	0.011	0.011	27	9jmd2db
s3446	4x4xmd4db	81821033-3446	ok	0.014	0.014	98	4x4xmd4db
s1728	2x15xm8du	81821033-1728	timeout	10.008	10.007	-1	2x15xm8du
s4895	6x4xm8de	81821033-4895	timeout	10.002	9.993	-1	6x4xm8de
s163	2x2km2	81821033-163	ok	0.000	0.000	0	2x2km2
s7006	13jxm8da	81821033-7006	timeout	10.069	9.998	-1	13jxm8da
s6206	9x3xr4db	81821033-6206	ok	1.879	1.871	357	9x3xr4db
s6797	12jxmd2de	81821033-6797	timeout	10.003	9.998	-1	12jxmd2de
s3137	4x2kr4de	81821033-3137	ok	0.433	0.433	0	4x2kr4de
s1069	2x9r4	81821033-1069	ok	0.014	0.013	164	2x9r4
s8434	25jxm4da	81821033-8434	timeout	10.004	10.003	-1	25jxm4da
s3798	5jkadu	81821033-3798	ok	0.014	0.014	0	5jkadu
s5946	9jkmd4du	81821033-5946	ok	0.806	0.805	0	9jkmd4du
s5143	7jxk	81821033-5143	ok	0.028	0.028	0	7jxk
s8942	31jr4db	81821033-8942	timeout	10.011	10.001	-1	31jr4db
s1870	3x2m8da	81821033-1870	ok	0.326	0.326	12	3x2m8da
s4076	5x3m8db	81821033-4076	ok	0.004	0.004	100	5x3m8db
s6859	12x2m8	81821033-6859	ok	0.336	0.336	344	12x2m8
s3902	5jxkr4db	81821033-3902	ok	0.148	0.148	0	5jxkr4db
s2547	3x7xadi	81821033-2547	ok	2.269	2.267	172	3x7xadi
s2642	3x8xadb	81821033-2642	ok	1.616	1.615	231	3x8xadb
s6671	11x2m8de	81821033-6671	ok	9.560	9.504	268	11x2m8de
s4662	6x2xadu	81821033-4662	ok	2.170	2.150	43	6x2xadu
s5752	8x2xmd4da	81821033-5752	ok	0.346	0.342	98	8x2xmd4da
s1010	2x8xadb	81821033-1010	ok	0.101	0.100	88	2x8xadb
s7157	14jxade	81821033-7157	timeout	10.000	9.995	-1	14jxade
s6591	11jxr4di	81821033-6591	ok	6.686	6.681	32	11jxr4di
s3182	4x2xr4db	81821033-3182	ok	0.001	0.000	20	4x2xr4db
s7136	14jm4db	81821033-7136	timeout	10.001	9.999	-1	14jm4db
s3794	5jkadb	81821033-3794	ok	0.011	0.011	0	5jkadb
s7911	20jmd4di	81821033-7911	timeout	10.055	9.995	-1	20jmd4di
s5839	8x3xm4	81821033-5839	ok	0.052	0.052	304	8x3xm4
s8886	30jxadu	81821033-8886	timeout	10.008	10.005	-1	30jxadu
s8019	21jxadi	81821033-8019	timeout	10.005	9.998	-1	21jxadi
s2142	3x3xmd2du	81821033-2142	ok	0.362	0.361	20	3x3xmd2du
s2438	3x6md4db	81821033-2438	ok	0.060	0.060	148	3x6md4db
s8706	28jxr4du	81821033-8706	timeout	10.001	9.999	-1	28jxr4du
s8306	24jxadb	81821033-8306	timeout	10.080	10.007	-1	24jxadb
s5359	7x3xm4	81821033-5359	ok	0.026	0.026	218	7x3xm4
s3758	5jr4db	81821033-3758	ok	0.001	0.001	8	5jr4db
s3795	5jkadi	81821033-3795	ok	0.012	0.012	0	5jkadi
s4617	6x2di	81821033-4617	ok	0.010	0.010	56	6x2di
s3792	5jm8du	81821033-3792	ok	0.042	0.042	5	5jm8du
s4916	6x5m2db	81821033-4916	timeout	10.008	10.002	-1	6x5m2db
s6389	10x2xade	81821033-6389	timeout	10.001	9.997	-1	10x2xade
s4562	6jxkadb	81821033-4562	ok	0.042	0.041	0	6jxkadb
s1576	2x14md4da	81821033-1576	timeout	10.004	10.000	-1	2x14md4da
s1026	2x8xr4du	81821033-1026	timeout	10.072	10.001	-1	2x8xr4du
s69	2jkm2di	81821033-69	timeout	10.004	9.998	-1	2jkm2di
s5119	7jxm4	81821033-5119	ok	0.020	0.020	14	7jxm4
s7371	15jxmd2di	81821033-7371	timeout	10.002	10.000	-1	15jxmd2di
s89	2jkmd4de	81821033-89	timeout	10.004	10.000	-1	2jkmd4de
s5455	7x4xm4	81821033-5455	timeout	10.032	9.966	-1	7x4xm4
s1331	2x11xm4de	81821033-1331	ok	6.919	6.917	236	2x11xm4de
s3540	4x5xm4du	81821033-3540	timeout	10.004	9.998	-1	4x5xm4du
s4112	5x3xm4db	81821033-4112	ok	0.011	0.011	88	5x3xm4db
s4311	5x5xmd4di	81821033-4311	ok	1.498	1.497	284	5x5xmd4di
s592	2x4xr4da	81821033-592	ok	0.010	0.010	16	2x4xr4da
s8295	24jmd4di	81821033-8295	timeout	10.004	10.003	-1	24jmd4di
s2170	3x3xkda	81821033-2170	ok	0.005	0.005	0	3x3xkda
s5777	8x3r4de	81821033-5777	ok	7.623	7.617	280	8x3r4de
s2984	4jxdb	81821033-2984	ok	0.003	0.003	4	4jxdb
s2630	3x8md4db	81821033-2630	ok	0.787	0.787	290	3x8md4db
s7344	15jm8du	81821033-7344	timeout	10.060	9.985	-1	15jm8du
s5800	8x3md4da	81821033-5800	timeout	10.004	9.999	-1	8x3md4da
s7217	14x2r4de	81821033-7217	timeout	10.003	10.001	-1	14x2r4de
s4816	6x4r4da	81821033-4816	timeout	10.003	10.000	-1	6x4r4da
s7435	15x2m8	81821033-7435	ok	2.680	2.679	552	15x2m8
s4874	6x4xmd2db	81821033-4874	ok	0.455	0.453	247	6x4xmd2db
s1953	3x2xm4di	81821033-1953	timeout	10.040	9.971	-1	3x2xm4di
s1638	2x15adu	81821033-1638	timeout	10.008	10.002	-1	2x15adu
s7002	13jxmd4du	81821033-7002	timeout	10.004	10.003	-1	13jxmd4du
s1783	3jk	81821033-1783	ok	0.000	0.000	0	3jk
s8092	22jmd2da	81821033-8092	timeout	10.004	9.998	-1	22jmd2da
s839	2x6xm2de	81821033-839	ok	0.192	0.192	50	2x6xm2de
s3959	5x2m2de	81821033-3959	ok	0.131	0.130	38	5x2m2de
s3512	4x5xdb	81821033-3512	ok	0.143	0.143	156	4x5xdb
s5684	8x2m2db	81821033-5684	ok	0.020	0.020	110	8x2m2db
s1532	2x13xm8db	81821033-1532	ok	0.220	0.220	344	2x13xm8db
s5141	7jxkade	81821033-5141	timeout	10.076	9.996	-1	7jxkade
s1345	2x12a	81821033-1345	ok	0.250	0.250	267	2x12a
s8432	25jxm4db	81821033-8432	timeout	10.012	10.006	-1	25jxm4db
s2678	3x8xmd4db	81821033-2678	ok	1.057	1.057	272	3x8xmd4db
s3422	4x4xr4db	81821033-3422	ok	0.014	0.014	100	4x4xr4db
s2343	3x5md4di	81821033-2343	ok	0.026	0.026	99	3x5md4di
s1416	2x12xm2du	81821033-1416	timeout	10.004	10.003	-1	2x12xm2du
s2131	3x3xm2	81821033-2131	ok	0.001	0.001	25	3x3xm2
s6098	9x2xadb	81821033-6098	ok	0.170	0.170	121	9x2xadb
s1577	2x14md4de	81821033-1577	timeout	10.080	10.014	-1	2x14md4de
s3508	4x5xada	81821033-3508	timeout	10.003	9.999	-1	4x5xada
s617	2x4xmd4de	81821033-617	ok	0.004	0.004	20	2x4xmd4de
s3007	4jxm4	81821033-3007	ok	0.000	0.000	8	4jxm4
s1992	3x2xkm2du	81821033-1992	ok	0.219	0.218	0	3x2xkm2du
s5773	8x3r4	81821033-5773	ok	0.357	0.357	304	8x3r4
s1360	2x12r4da	81821033-1360	ok	3.676	3.648	296	2x12r4da
s1256	2x11db	81821033-1256	ok	0.214	0.210	236	2x11db
s4931	6x5m4de	81821033-4931	timeout	10.009	10.000	-1	6x5m4de
s4419	6jadi	81821033-4419	ok	0.001	0.001	6	6jadi
s2254	3x4m8da	81821033-2254	ok	0.397	0.396	64	3x4m8da
s7159	14jx	81821033-7159	timeout	10.001	10.000	-1	14jx
s516	2x4m4du	81821033-516	ok	0.226	0.226	20	2x4m4du
s7384	15jxmd4da	81821033-7384	timeout	10.002	10.000	-1	15jxmd4da
s7692	18jdu	81821033-7692	timeout	10.058	9.983	-1	18jdu
s5694	8x2md2du	81821033-5694	ok	5.208	5.207	112	8x2md2du
s3780	5jm4du	81821033-3780	ok	0.005	0.005	4	5jm4du
s91	2jkm8	81821033-91	timeout	10.006	10.000	-1	2jkm8
s7800	19jm2du	81821033-7800	timeout	10.005	9.997	-1	19jm2du
s5388	7x4du	81821033-5388	timeout	10.076	9.985	-1	7x4du
s5257	7x2xmd2	81821033-5257	ok	0.004	0.004	77	7x2xmd2
s2945	4jkr4de	81821033-2945	ok	0.049	0.048	0	4jkr4de
s6417	10x2xm4di	81821033-6417	ok	0.758	0.754	196	10x2xm4di
s5885	9jmd2de	81821033-5885	ok	0.043	0.042	20	9jmd2de
s6498	10x3xr4du	81821033-6498	timeout	10.010	10.004	-1	10x3xr4du
s3699	4x7xadi	81821033-3699	timeout	10.008	10.002	-1	4x7xadi
s7919	20jm8de	81821033-7919	timeout	10.004	10.000	-1	20jm8de
s6266	10jmd2db	81821033-6266	ok	0.003	0.003	31	10jmd2db
s5436	7x4xdu	81821033-5436	timeout	10.082	10.003	-1	7x4xdu
s393	2x3xdi	81821033-393	ok	0.001	0.001	6	2x3xdi
s7451	15x2xde	81821033-7451	timeout	10.004	10.000	-1	15x2xde
s3391	4x4m4	81821033-3391	ok	0.005	0.005	124	4x4m4
s1006	2x8m8da	81821033-1006	ok	0.161	0.161	124	2x8m8da
s4342	5x6m2da	81821033-4342	timeout	10.008	10.000	-1	5x6m2da
s2571	3x7xmd2di	81821033-2571	ok	0.797	0.797	187	3x7xmd2di
s1581	2x14m8di	81821033-1581	ok	0.910	0.909	436	2x14m8di
s6150	9x3adu	81821033-6150	timeout	10.001	9.998	-1	9x3adu
s6439	10x3	81821033-6439	timeout	10.086	10.018	-1	10x3
s8055	21jxmd4di	81821033-8055	timeout	10.000	9.999	-1	21jxmd4di
s8534	26jxmd4db	81821033-8534	timeout	10.001	9.995	-1	26jxmd4db
s988	2x8md2da	81821033-988	ok	0.794	0.794	112	2x8md2da
s185	2x2kmd4de	81821033-185	ok	0.000	0.000	0	2x2kmd4de
s7684	18jada	81821033-7684	timeout	10.004	10.001	-1	18jada
s6330	10jxmd4du	81821033-6330	ok	4.245	4.215	18	10jxmd4du
s4507	6jkm8	81821033-4507	ok	0.000	0.000	0	6jkm8
s2261	3x4xade	81821033-2261	ok	0.103	0.103	42	3x4xade
s1146	2x9xmd4du	81821033-1146	timeout	10.004	10.001	-1	2x9xmd4du
s478	2x3xkm8da	81821033-478	ok	0.129	0.129	0	2x3xkm8da
s398	2x3xr4db	81821033-398	ok	0.000	0.000	8	2x3xr4db
s4879	6x4xm4	81821033-4879	ok	0.138	0.137	300	6x4xm4
s831	2x6xr4di	81821033-831	ok	0.006	0.006	52	2x6xr4di
s1757	3jmd2de	81821033-1757	ok	0.000	0.000	3	3jmd2de
s5895	9jmd4di	81821033-5895	ok	0.020	0.020	26	9jmd4di
s6503	10x3xm2de	81821033-6503	timeout	10.002	9.994	-1	10x3xm2de
s3726	4x7xmd2du	81821033-3726	timeout	10.004	10.002	-1	4x7xmd2du
s1050	2x8xmd4du	81821033-1050	timeout	10.043	9.978	-1	2x8xmd4du
s3131	4x2kde	81821033-3131	ok	1.592	1.591	0	4x2kde
s6141	9x2xm8di	81821033-6141	ok	0.023	0.023	152	9x2xm8di
s623	2x4xm8de	81821033-623	ok	0.010	0.010	16	2x4xm8de
s806	2x6md4db	81821033-806	ok	0.002	0.002	62	2x6md4db
s1575	2x14md4di	81821033-1575	ok	2.408	2.396	438	2x14md4di
s2935	4jk	81821033-2935	ok	0.000	0.000	0	4jk
s8865	30jm4di	81821033-8865	timeout	10.002	9.999	-1	30jm4di
s309	2x3m2di	81821033-309	ok	0.130	0.130	12	2x3m2di
s1538	2x14adb	81821033-1538	ok	6.334	6.330	378	2x14adb
s9024	31jxm8du	81821033-9024	timeout	10.004	10.000	-1	31jxm8du
s3520	4x5xr4da	81821033-3520	ok	1.484	1.483	160	4x5xr4da
s2925	4jm8di	81821033-2925	timeout	10.064	9.996	-1	4jm8di
s5426	7x4xadb	81821033-5426	timeout	10.002	10.000	-1	7x4xadb
s6422	10x2xmd4db	81821033-6422	ok	0.061	0.061	186	10x2xmd4db
s5405	7x4md2de	81821033-5405	timeout	10.004	10.002	-1	7x4md2de
s5135	7jxm8de	81821033-5135	ok	0.203	0.203	13	7jxm8de
s8639	27jxm8de	81821033-8639	timeout	10.005	9.997	-1	27jxm8de
s3262	4x2xkm8da	81821033-3262	ok	0.003	0.003	0	4x2xkm8da
s1568	2x14m4db	81821033-1568	ok	3.348	3.347	448	2x14m4db
s8252	23jxm8db	81821033-8252	timeout	10.068	10.006	-1	23jxm8db
s7409	15x2r4de	81821033-7409	timeout	10.004	10.001	-1	15x2r4de
s1158	2x10adu	81821033-1158	timeout	10.009	10.004	-1	2x10adu
s3872	5jxm4db	81821033-3872	ok	0.001	0.001	4	5jxm4db
s220	2x2xmd2da	81821033-220	ok	0.000	0.000	4	2x2xmd2da
s7984	21jr4da	81821033-7984	timeout	10.002	10.000	-1	21jr4da
s1804	3jkmd2da	81821033-1804	ok	0.000	0.000	0	3jkmd2da
s7974	21jadu	81821033-7974	timeout	10.076	10.009	-1	21jadu
s2812	3x10md2da	81821033-2812	timeout	10.004	10.001	-1	3x10md2da
s861	2x6xm8di	81821033-861	ok	0.005	0.004	52	2x6xm8di
s1430	2x12xmd4db	81821033-1430	ok	0.645	0.644	288	2x12xmd4db
s660	2x4xkm4du	81821033-660	ok	0.005	0.005	0	2x4xkm4du
s164	2x2km2db	81821033-164	ok	0.000	0.000	0	2x2km2db
s3580	4x6md2da	81821033-3580	timeout	10.006	10.002	-1	4x6md2da
s2034	3x3r4du	81821033-2034	ok	0.314	0.313	28	3x3r4du
s7110	14jadu	81821033-7110	timeout	10.003	10.001	-1	14jadu
s7527	16jmd4di	81821033-7527	timeout	10.044	9.982	-1	16jmd4di
s133	2x2md4	81821033-133	ok	0.000	0.000	6	2x2md4
s855	2x6xmd4di	81821033-855	ok	0.007	0.007	48	2x6xmd4di
s5698	8x2m4da	81821033-5698	ok	0.223	0.223	120	8x2m4da
s1389	2x12m8di	81821033-1389	ok	0.129	0.128	328	2x12m8di
s3233	4x2xkr4de	81821033-3233	ok	0.438	0.424	0	4x2xkr4de
s7554	16jxr4du	81821033-7554	timeout	10.008	10.003	-1	16jxr4du
s7916	20jm8db	81821033-7916	timeout	10.003	9.999	-1	20jm8db
s2703	3x9r4di	81821033-2703	ok	1.115	1.114	388	3x9r4di
s2197	3x3xkmd4	81821033-2197	ok	0.004	0.003	0	3x3xkmd4
s8689	28jxa	81821033-8689	timeout	10.004	10.001	-1	28jxa
s7565	16jxmd2de	81821033-7565	timeout	10.034	9.972	-1	16jxmd2de
s7250	14x2xadb	81821033-7250	ok	3.734	3.733	367	14x2xadb
s4193	5x4xr4de	81821033-4193	ok	3.640	3.639	168	5x4xr4de
s6760	12jmd4da	81821033-6760	ok	0.051	0.051	46	12jmd4da
s1877	3x2kade	81821033-1877	ok	1.267	1.265	0	3x2kade
s708	2x5m4du	81821033-708	ok	1.015	1.014	44	2x5m4du
s2058	3x3md4du	81821033-2058	ok	0.179	0.179	28	3x3md4du
s3972	5x2m4du	81821033-3972	ok	0.042	0.042	40	5x2m4du
s1907	3x2km4de	81821033-1907	ok	0.518	0.518	0	3x2km4de
s5204	7x2m2db	81821033-5204	ok	0.008	0.008	84	7x2m2db
s4363	5x6m8	81821033-4363	ok	0.413	0.413	516	5x6m8
s634	2x4xkda	81821033-634	ok	0.038	0.038	0	2x4xkda
s6373	10x2md4	81821033-6373	ok	0.017	0.017	208	10x2md4
s8454	26jadu	81821033-8454	timeout	10.004	10.003	-1	26jadu
s2911	4jm4	81821033-2911	crash	0.000	0.000	-1	4jm4
s437	2x3xkade	81821033-437	ok	0.184	0.183	0	2x3xkade
s4322	5x6adb	81821033-4322	timeout	10.048	10.003	-1	5x6adb
s2953	4jkmd2	81821033-2953	ok	0.000	0.000	0	4jkmd2
s8531	26jxm4de	81821033-8531	timeout	10.052	10.012	-1	26jxm4de
s8174	23jr4db	81821033-8174	timeout	10.003	9.997	-1	23jr4db
s6765	12jm8di	81821033-6765	ok	3.494	3.480	44	12jm8di
s6720	11x2xm8du	81821033-6720	timeout	10.004	10.001	-1	11x2xm8du
s8567	27jm2de	81821033-8567	timeout	10.003	9.999	-1	27jm2de
s2582	3x7xmd4db	81821033-2582	ok	0.093	0.093	196	3x7xmd4db
s6595	11jxm2	81821033-6595	ok	4.689	4.687	42	11jxm2
s4543	6jxm4	81821033-4543	ok	0.005	0.005	8	6jxm4
s7873	20ja	81821033-7873	timeout	10.004	9.999	-1	20ja
s8181	23jm2di	81821033-8181	timeout	10.050	9.995	-1	23jm2di
s3630	4x6xmd2du	81821033-3630	timeout	10.055	9.971	-1	4x6xmd2du
s3468	4x5du	81821033-3468	timeout	10.001	9.996	-1	4x5du
s3349	4x3xmd4	81821033-3349	ok	0.002	0.002	56	4x3xmd4
s7739	18jxde	81821033-7739	timeout	10.008	10.003	-1	18jxde
s8743	29j	81821033-8743	timeout	10.008	10.001	-1	29j
s4881	6x4xm4di	81821033-4881	ok	0.631	0.630	260	6x4xm4di
s8465	26jr4de	81821033-8465	timeout	10.060	9.999	-1	26jr4de
s4660	6x2xada	81821033-4660	ok	0.096	0.096	43	6x2xada
s4838	6x4md4db	81821033-4838	ok	0.241	0.241	276	6x4md4db
s8468	26jm2db	81821033-8468	timeout	10.006	10.004	-1	26jm2db
s3764	5jm2db	81821033-3764	ok	0.001	0.001	6	5jm2db
s1041	2x8xm4di	81821033-1041	ok	0.039	0.039	104	2x8xm4di
s2397	3x5xm8di	81821033-2397	ok	0.048	0.048	84	3x5xm8di
s4458	6jmd4du	81821033-4458	ok	0.002	0.002	8	6jmd4du
s8805	29jxm2di	81821033-8805	timeout	10.020	10.004	-1	29jxm2di
s8307	24jxadi	81821033-8307	timeout	10.001	9.998	-1	24jxadi
s1005	2x8m8di	81821033-1005	ok	0.139	0.138	120	2x8m8di
s2696	3x9db	81821033-2696	ok	6.086	6.047	350	3x9db
s4444	6jmd2da	81821033-4444	ok	0.080	0.079	7	6jmd2da
s3517	4x5xr4	81821033-3517	ok	0.039	0.039	196	4x5xr4
s682	2x5da	81821033-682	ok	0.141	0.138	38	2x5da
s705	2x5m4di	81821033-705	ok	0.004	0.004	40	2x5m4di
s1706	2x15xmd2db	81821033-1706	ok	1.659	1.642	456	2x15xmd2db
s4942	6x5m8da	81821033-4942	timeout	10.001	9.999	-1	6x5m8da
s6444	10x3du	81821033-6444	timeout	10.008	10.002	-1	10x3du
s6825	12x2di	81821033-6825	ok	0.934	0.933	294	12x2di
s7851	19jxmd2di	81821033-7851	timeout	10.005	10.000	-1	19jxmd2di
s3921	5jxkm4di	81821033-3921	ok	0.245	0.244	0	5jxkm4di
s1816	3jkmd4da	81821033-1816	ok	0.000	0.000	0	3jkmd4da
s28	2jmd2da	81821033-28	ok	0.000	0.000	2	2jmd2da
s4299	5x5xmd2di	81821033-4299	ok	7.328	7.277	274	5x5xmd2di
s1298	2x11xadb	81821033-1298	ok	0.930	0.930	201	2x11xadb
s6271	10jm4	81821033-6271	ok	0.103	0.103	36	10jm4
s3029	4jxkade	81821033-3029	ok	0.023	0.022	0	4jxkade
s794	2x6md2db	81821033-794	ok	0.005	0.005	57	2x6md2db
s5307	7x3md2di	81821033-5307	ok	0.695	0.695	194	7x3md2di
s1525	2x13xmd4	81821033-1525	ok	0.085	0.085	368	2x13xmd4
s6034	9jxkm4da	81821033-6034	ok	6.199	6.198	0	9jxkm4da
s7374	15jxmd2du	81821033-7374	timeout	10.084	10.003	-1	15jxmd2du
s7781	19jade	81821033-7781	timeout	10.001	9.996	-1	19jade
s2267	3x4xde	81821033-2267	ok	0.240	0.240	44	3x4xde
s7077	13x2xm2di	81821033-7077	ok	9.285	9.282	330	13x2xm2di
s4190	5x4xr4db	81821033-4190	ok	0.069	0.069	168	5x4xr4db
s7991	21jm2de	81821033-7991	timeout	10.002	9.998	-1	21jm2de
s1881	3x2kdi	81821033-1881	ok	0.073	0.072	0	3x2kdi
s3123	4x2kadi	81821033-3123	ok	0.018	0.018	0	4x2kadi
s1904	3x2km4db	81821033-1904	ok	0.006	0.006	0	3x2km4db
s1510	2x13xm2da	81821033-1510	timeout	10.008	10.002	-1	2x13xm2da
s1798	3jkm2da	81821033-1798	ok	0.000	0.000	0	3jkm2da
s2811	3x10md2di	81821033-2811	timeout	10.043	9.972	-1	3x10md2di
s8047	21jxm4	81821033-8047	timeout	10.002	10.001	-1	21jxm4
s5790	8x3md2du	81821033-5790	timeout	10.003	10.000	-1	8x3md2du
s5058	7jkr4du	81821033-5058	ok	0.199	0.199	0	7jkr4du
s5828	8x3xm2db	81821033-5828	ok	0.423	0.423	262	8x3xm2db
s2103	3x3kmd4di	81821033-2103	ok	0.008	0.008	0	3x3kmd4di
s4510	6jkm8da	81821033-4510	ok	0.819	0.819	0	6jkm8da
s3329	4x3xr4de	81821033-3329	ok	0.041	0.041	44	4x3xr4de
s5879	9jm2de	81821033-5879	ok	0.017	0.017	23	9jm2de
s6284	10jm8db	81821033-6284	ok	0.341	0.341	44	10jm8db
s7762	18jxm4da	81821033-7762	timeout	10.003	9.996	-1	18jxm4da
s9015	31jxmd4di	81821033-9015	timeout	10.001	9.999	-1	31jxmd4di
s6011	9jxkde	81821033-6011	timeout	10.113	10.034	-1	9jxkde
s7688	18jdb	81821033-7688	timeout	10.001	9.998	-1	18jdb
s937	2x7xmd2	81821033-937	ok	0.006	0.006	83	2x7xmd2
s1398	2x12xadu	81821033-1398	timeout	10.012	10.007	-1	2x12xadu
s3288	4x3m2du	81821033-3288	ok	0.325	0.325	52	4x3m2du
s6239	9x3xm8de	81821033-6239	timeout	10.004	10.001	-1	9x3xm8de
s2711	3x9m2de	81821033-2711	timeout	10.060	9.992	-1	3x9m2de
s3531	4x5xmd2di	81821033-3531	ok	0.576	0.576	158	4x5xmd2di
s7777	19ja	81821033-7777	timeout	10.002	10.001	-1	19ja
s7772	18jxm8db	81821033-7772	timeout	10.003	9.997	-1	18jxm8db
s8425	25jxmd2	81821033-8425	timeout	10.048	9.984	-1	25jxmd2
s4554	6jxmd4du	81821033-4554	ok	0.009	0.009	8	6jxmd4du
s4480	6jkr4da	81821033-4480	ok	0.011	0.010	0	6jkr4da
s8560	27jr4da	81821033-8560	timeout	10.012	10.000	-1	27jr4da
s8994	31jxr4du	81821033-8994	timeout	10.004	10.003	-1	31jxr4du
s6894	12x2xmd2du	81821033-6894	timeout	10.008	10.002	-1	12x2xmd2du
s599	2x4xm2de	81821033-599	ok	0.006	0.006	16	2x4xm2de
s3767	5jm2de	81821033-3767	ok	0.005	0.005	6	5jm2de
s1034	2x8xmd2db	81821033-1034	ok	0.037	0.037	100	2x8xmd2db
s7531	16jm8	81821033-7531	timeout	10.060	9.996	-1	16jm8
s6185	9x3md4de	81821033-6185	timeout	10.004	10.001	-1	9x3md4de
s942	2x7xmd2du	81821033-942	timeout	10.004	10.003	-1	2x7xmd2du
s2003	3x2xkm4de	81821033-2003	ok	0.217	0.217	0	3x2xkm4de
s6862	12x2m8da	81821033-6862	ok	2.780	2.758	316	12x2m8da
s2404	3x6ada	81821033-2404	ok	5.965	5.962	121	3x6ada
s2910	4jmd2du	81821033-2910	ok	1.231	1.230	4	4jmd2du
s6027	9jxkmd2di	81821033-6027	ok	5.926	5.882	0	9jxkmd2di
s8692	28jxada	81821033-8692	timeout	10.004	10.002	-1	28jxada
s5938	9jkm4da	81821033-5938	ok	0.006	0.006	0	9jkm4da
s8604	27jxdu	81821033-8604	timeout	10.002	10.001	-1	27jxdu
s819	2x6xadi	81821033-819	ok	0.063	0.063	45	2x6xadi
s6890	12x2xmd2db	81821033-6890	ok	1.106	1.105	272	12x2xmd2db
s7393	15x2a	81821033-7393	ok	1.961	1.961	455	15x2a
s223	2x2xm4	81821033-223	ok	0.000	0.000	8	2x2xm4
s959	2x7xm8de	81821033-959	ok	0.317	0.317	76	2x7xm8de
s4584	6jxkm2du	81821033-4584	timeout	10.006	10.001	-1	6jxkm2du
s2516	3x7m2db	81821033-2516	ok	0.151	0.151	199	3x7m2db
s2579	3x7xm4de	81821033-2579	timeout	10.049	9.989	-1	3x7xm4de
s2009	3x2xkmd4de	81821033-2009	ok	0.105	0.102	0	3x2xkmd4de
s4023	5x2xmd4di	81821033-4023	ok	0.006	0.006	30	5x2xmd4di
s157	2x2kr4	81821033-157	ok	0.000	0.000	0	2x2kr4
s5711	8x2m8de	81821033-5711	ok	0.249	0.248	136	8x2m8de
s4558	6jxm8da	81821033-4558	timeout	10.004	10.002	-1	6jxm8da
s4645	6x2md4	81821033-4645	ok	0.001	0.001	62	6x2md4
s2532	3x7m4du	81821033-2532	timeout	10.002	9.999	-1	3x7m4du
s815	2x6m8de	81821033-815	ok	0.087	0.087	68	2x6m8de
s2067	3x3kadi	81821033-2067	ok	0.062	0.062	0	3x3kadi
s5816	8x3xdb	81821033-5816	ok	0.922	0.922	258	8x3xdb
s8304	24jm8du	81821033-8304	timeout	10.005	10.000	-1	24jm8du
s998	2x8md4db	81821033-998	ok	0.009	0.009	118	2x8md4db
s7795	19jm2	81821033-7795	timeout	10.034	9.963	-1	19jm2
s5842	8x3xm4da	81821033-5842	timeout	10.002	10.000	-1	8x3xm4da
s4792	6x3xmd4da	81821033-4792	ok	0.619	0.618	130	6x3xmd4da
s1452	2x13du	81821033-1452	timeout	10.004	10.001	-1	2x13du
s3824	5jkm4db	81821033-3824	ok	0.015	0.015	0	5jkm4db
s2423	3x6m2de	81821033-2423	ok	2.784	2.783	138	3x6m2de
s4329	5x6di	81821033-4329	timeout	10.006	10.001	-1	5x6di
s2149	3x3xmd4	81821033-2149	ok	0.001	0.000	30	3x3xmd4
s239	2x2xm8de	81821033-239	crash	0.000	0.000	-1	2x2xm8de
s739	2x5xm2	81821033-739	ok	0.006	0.006	32	2x5xm2
s1248	2x10xm8du	81821033-1248	timeout	10.036	9.979	-1	2x10xm8du
s42	2jmd4du	81821033-42	ok	0.000	0.000	2	2jmd4du
s8626	27jxm4da	81821033-8626	timeout	10.001	9.998	-1	27jxm4da
s3954	5x2r4du	81821033-3954	ok	0.793	0.793	40	5x2r4du
s1952	3x2xm4db	81821033-1952	ok	0.000	0.000	12	3x2xm4db
s7631	17jm8de	81821033-7631	timeout	10.000	10.000	-1	17jm8de
s1827	3x2adi	81821033-1827	ok	0.066	0.066	10	3x2adi
s7131	14jmd2di	81821033-7131	timeout	10.021	9.998	-1	14jmd2di
s9014	31jxmd4db	81821033-9014	timeout	10.039	9.977	-1	31jxmd4db
s4609	6x2a	81821033-4609	ok	0.003	0.003	54	6x2a
s1206	2x10xadu	81821033-1206	timeout	10.002	10.000	-1	2x10xadu
s2810	3x10md2db	81821033-2810	timeout	10.002	10.001	-1	3x10md2db
s7422	15x2md2du	81821033-7422	timeout	10.012	10.006	-1	15x2md2du
s7681	18ja	81821033-7681	timeout	10.104	10.019	-1	18ja
s6723	12jadi	81821033-6723	ok	0.766	0.762	38	12jadi
s1986	3x2xkr4du	81821033-1986	ok	0.004	0.004	0	3x2xkr4du
s2658	3x8xr4du	81821033-2658	timeout	10.004	10.001	-1	3x8xr4du
s4733	6x3md2de	81821033-4733	ok	1.238	1.237	140	6x3md2de
s8102	22jmd4db	81821033-8102	timeout	10.004	10.003	-1	22jmd4db
s6710	11x2xmd4db	81821033-6710	ok	0.071	0.071	246	11x2xmd4db
s2373	3x5xm2di	81821033-2373	ok	0.111	0.111	82	3x5xm2di
s2273	3x4xr4de	81821033-2273	ok	0.104	0.104	52	3x4xr4de
s7801	19jmd2	81821033-7801	timeout	10.008	10.002	-1	19jmd2
s2406	3x6adu	81821033-2406	timeout	10.065	10.006	-1	3x6adu
s186	2x2kmd4du	81821033-186	ok	0.001	0.000	0	2x2kmd4du
s6322	10jxm4da	81821033-6322	ok	8.210	8.207	24	10jxm4da
s5724	8x2xdu	81821033-5724	timeout	10.000	10.000	-1	8x2xdu
s4917	6x5m2di	81821033-4917	timeout	10.004	9.998	-1	6x5m2di
s7373	15jxmd2de	81821033-7373	timeout	10.067	10.003	-1	15jxmd2de
s4766	6x3xr4db	81821033-4766	ok	0.026	0.026	136	6x3xr4db
s1717	2x15xmd4	81821033-1717	ok	1.468	1.463	512	2x15xmd4
s4523	6jxde	81821033-4523	ok	0.048	0.048	6	6jxde
s817	2x6xa	81821033-817	ok	0.005	0.005	47	2x6xa
s7532	16jm8db	81821033-7532	timeout	10.004	9.997	-1	16jm8db
s6092	9x2m8db	81821033-6092	ok	0.011	0.011	168	9x2m8db
s3609	4x6xdi	81821033-3609	ok	1.612	1.611	240	4x6xdi
s182	2x2kmd4db	81821033-182	ok	0.001	0.000	0	2x2kmd4db
s1237	2x10xmd4	81821033-1237	ok	0.020	0.020	210	2x10xmd4
s5206	7x2m2da	81821033-5206	ok	0.065	0.065	84	7x2m2da
s8719	28jxm4	81821033-8719	timeout	10.004	10.001	-1	28jxm4
s4267	5x5m8	81821033-4267	ok	0.169	0.169	340	5x5m8
s6865	12x2xa	81821033-6865	ok	0.189	0.188	264	12x2xa
s8750	29jr4db	81821033-8750	timeout	10.008	10.002	-1	29jr4db
s6637	11x2r4	81821033-6637	ok	0.031	0.030	256	11x2r4
s4568	6jxkdb	81821033-4568	ok	0.178	0.177	0	6jxkdb
s1964	3x2xm8db	81821033-1964	ok	0.000	0.000	12	3x2xm8db
s3405	4x4m8di	81821033-3405	ok	0.249	0.249	112	4x4m8di
s1776	3jm8du	81821033-1776	ok	0.000	0.000	4	3jm8du
s4197	5x4xm2di	81821033-4197	ok	0.516	0.516	170	5x4xm2di
s4644	6x2m4du	81821033-4644	ok	0.211	0.211	56	6x2m4du
s2432	3x6m4db	81821033-2432	ok	0.026	0.026	152	3x6m4db
s361	2x3kmd2	81821033-361	ok	0.001	0.001	0	2x3kmd2
s3477	4x5m2di	81821033-3477	ok	0.344	0.344	174	4x5m2di
s953	2x7xmd4de	81821033-953	ok	0.447	0.447	76	2x7xmd4de
s8913	30jxm4di	81821033-8913	timeout	10.057	9.983	-1	30jxm4di
s3017	4jxmd4de	81821033-3017	timeout	10.002	9.997	-1	4jxmd4de
s8783	29jm8de	81821033-8783	timeout	10.001	9.998	-1	29jm8de
s5177	7jxkmd4de	81821033-5177	timeout	10.004	9.998	-1	7jxkmd4de
s1364	2x12m2db	81821033-1364	ok	0.398	0.398	296	2x12m2db
s6195	9x3xadi	81821033-6195	timeout	10.072	10.010	-1	9x3xadi
s199	2x2x	81821033-199	ok	0.000	0.000	4	2x2x
s1825	3x2a	81821033-1825	ok	0.000	0.000	11	3x2a
s1289	2x11md4de	81821033-1289	ok	8.522	8.520	244	2x11md4de
s8126	22jxr4db	81821033-8126	timeout	10.004	10.000	-1	22jxr4db
s7105	14ja	81821033-7105	timeout	10.001	9.995	-1	14ja
s4439	6jm2de	81821033-4439	ok	0.006	0.006	8	6jm2de
s5699	8x2m4de	81821033-5699	ok	0.380	0.379	112	8x2m4de
s7085	13x2xmd2de	81821033-7085	timeout	10.055	9.984	-1	13x2xmd2de
s7615	17jm4	81821033-7615	timeout	10.002	9.999	-1	17jm4
s4237	5x5r4	81821033-4237	ok	1.841	1.833	324	5x5r4
s8137	22jxmd2	81821033-8137	timeout	10.004	10.003	-1	22jxmd2
s6609	11jxm4di	81821033-6609	ok	5.965	5.965	36	11jxm4di
s5108	7jxm2db	81821033-5108	ok	0.007	0.006	11	7jxm2db
s8705	28jxr4de	81821033-8705	timeout	10.010	10.005	-1	28jxr4de
s2270	3x4xr4db	81821033-2270	ok	0.002	0.002	52	3x4xr4db
s5618	8jxkadb	81821033-5618	ok	0.339	0.338	0	8jxkadb
s8069	22jade	81821033-8069	timeout	10.031	9.957	-1	22jade
s4188	5x4xdu	81821033-4188	timeout	10.004	10.000	-1	5x4xdu
s8613	27jxm2di	81821033-8613	timeout	10.004	10.001	-1	27jxm2di
s6470	10x3md4db	81821033-6470	timeout	10.003	9.998	-1	10x3md4db
s1002	2x8md4du	81821033-1002	ok	2.383	2.381	112	2x8md4du
s7658	17jxmd2db	81821033-7658	timeout	10.060	9.995	-1	17jxmd2db
s3945	5x2di	81821033-3945	ok	0.010	0.010	38	5x2di
s1309	2x11xr4	81821033-1309	ok	0.034	0.033	256	2x11xr4
s2405	3x6ade	81821033-2405	ok	3.623	3.621	127	3x6ade
s295	2x3	81821033-295	ok	0.000	0.000	12	2x3
s2167	3x3xk	81821033-2167	ok	0.001	0.001	0	3x3xk
s7741	18jxr4	81821033-7741	timeout	10.008	10.003	-1	18jxr4
s5578	8jxda	81821033-5578	ok	0.205	0.205	12	8jxda
s3330	4x3xr4du	81821033-3330	ok	4.297	4.266	44	4x3xr4du
s7189	14jxmd4	81821033-7189	timeout	10.004	10.001	-1	14jxmd4
s3061	4jxkmd4	81821033-3061	ok	0.000	0.000	0	4jxkmd4
s2331	3x5md2di	81821033-2331	ok	0.047	0.047	89	3x5md2di
s911	2x7m8de	81821033-911	ok	0.359	0.359	84	2x7m8de
s1013	2x8xade	81821033-1013	ok	2.686	2.671	92	2x8xade
s3961	5x2md2	81821033-3961	ok	0.001	0.001	38	5x2md2
s4145	5x4r4de	81821033-4145	ok	3.402	3.401	176	5x4r4de
s8499	26jxadi	81821033-8499	timeout	10.005	9.999	-1	26jxadi
s6055	9x2	81821033-6055	ok	0.020	0.020	158	9x2
s7968	20jxm8du	81821033-7968	timeout	10.006	10.001	-1	20jxm8du
s6004	9jxkada	81821033-6004	ok	2.108	2.106	0	9jxkada
s2076	3x3kdu	81821033-2076	ok	0.130	0.130	0	3x3kdu
s7888	20jr4da	81821033-7888	timeout	10.096	10.019	-1	20jr4da
s3336	4x3xm2du	81821033-3336	ok	4.083	4.081	40	4x3xm2du
s6222	9x3xmd2du	81821033-6222	timeout	10.003	10.001	-1	9x3xmd2du
s3933	5jxkm8di	81821033-3933	ok	0.494	0.494	0	5jxkm8di
s3951	5x2r4di	81821033-3951	ok	0.002	0.002	40	5x2r4di
s2468	3x6xm2db	81821033-2468	ok	0.076	0.076	124	3x6xm2db
s4459	6jm8	81821033-4459	ok	0.000	0.000	16	6jm8
s5508	8jm4du	81821033-5508	ok	0.076	0.076	16	8jm4du
s2418	3x6r4du	81821033-2418	timeout	10.004	9.999	-1	3x6r4du
s62	2jkr4db	81821033-62	timeout	10.056	9.981	-1	2jkr4db
s8936	31jdb	81821033-8936	timeout	10.002	9.998	-1	31jdb
s3091	4x2m2	81821033-3091	ok	0.001	0.000	22	4x2m2
s306	2x3r4du	81821033-306	ok	0.107	0.107	16	2x3r4du
s3570	4x6r4du	81821033-3570	timeout	10.002	9.998	-1	4x6r4du
s5207	7x2m2de	81821033-5207	ok	0.298	0.298	80	7x2m2de
s3860	5jxm2db	81821033-3860	ok	0.000	0.000	5	5jxm2db
s3858	5jxr4du	81821033-3858	ok	0.114	0.114	4	5jxr4du
s5681	8x2r4de	81821033-5681	ok	0.167	0.167	120	8x2r4de
s5439	7x4xr4di	81821033-5439	ok	4.415	4.413	388	7x4xr4di
s3368	4x4db	81821033-3368	ok	0.024	0.024	100	4x4db
s6893	12x2xmd2de	81821033-6893	timeout	10.004	10.001	-1	12x2xmd2de
s5577	8jxdi	81821033-5577	ok	0.034	0.034	12	8jxdi
s3990	5x2xadu	81821033-3990	ok	0.489	0.489	23	5x2xadu
s401	2x3xr4de	81821033-401	ok	0.002	0.002	8	2x3xr4de
s5700	8x2m4du	81821033-5700	ok	0.627	0.627	120	8x2m4du
s1455	2x13r4di	81821033-1455	ok	3.240	3.239	364	2x13r4di
s4893	6x4xm8di	81821033-4893	ok	0.935	0.934	276	6x4xm8di
s406	2x3xm2da	81821033-406	ok	0.026	0.026	10	2x3xm2da
s2867	3x10xm4de	81821033-2867	timeout	10.080	9.998	-1	3x10xm4de
s2087	3x3km2de	81821033-2087	ok	2.692	2.691	0	3x3km2de
s5263	7x2xm4	81821033-5263	ok	0.003	0.002	84	7x2xm4
s8410	25jxda	81821033-8410	timeout	10.003	10.001	-1	25jxda
s403	2x3xm2	81821033-403	ok	0.000	0.000	10	2x3xm2
s1253	2x11ade	81821033-1253	timeout	10.003	10.000	-1	2x11ade
s6511	10x3xm4	81821033-6511	timeout	10.028	9.993	-1	10x3xm4
s7678	17jxm8da	81821033-7678	timeout	10.004	10.001	-1	17jxm8da
